timestamp,w_ifo001,w_ifo002
0.0059621334075927,0.5,0.5
0.0359621047973632,0.5000001192092896,0.49999988079071045
0.0769622325897216,0.5,0.5
0.1059613227844238,0.49999988079071045,0.5000001192092896
0.1409614086151123,0.49999988079071045,0.5000001192092896
0.1759612560272216,0.4999999403953552,0.5000000596046448
0.2059583663940429,0.49999988079071045,0.5000001192092896
0.2409584522247314,0.4999997019767761,0.5000002980232239
0.2623791694641113,0.5000001192092896,0.49999988079071045
0.2769584655761719,0.49999988079071045,0.5000001192092896
0.2893314361572265,0.5,0.5
0.3045594692230224,0.49999988079071045,0.5000001192092896
0.3089580535888672,0.49999964237213135,0.5000003576278687
0.313389778137207,0.4999998211860657,0.5000001788139343
0.3244619369506836,0.49999988079071045,0.5000001192092896
0.3369584083557129,0.5000000596046448,0.4999999403953552
0.3587937355041504,0.4999997019767761,0.5000002980232239
0.3639190196990967,0.4999998211860657,0.5000001788139343
0.3779580593109131,0.4999998211860657,0.5000001788139343
0.3999190330505371,0.4999995231628418,0.5000004768371582
0.4069573879241943,0.5000000596046448,0.4999999403953552
0.4359190464019775,0.4999997615814209,0.5000002384185791
0.4359574317932129,0.4999998211860657,0.5000001788139343
0.4396708011627197,0.003836208488792181,0.9961638450622559
0.453808069229126,0.07658348977565765,0.9234164953231812
0.4613406658172607,0.07608458399772644,0.923915445804596
0.4649171829223633,0.07584972679615021,0.924150288105011
0.4702143669128418,0.07550413906574249,0.9244958758354187
0.4779572486877441,0.0750039666891098,0.9249960780143738
0.5049171447753906,0.07330769300460815,0.9266923069953918
0.5069589614868164,0.07318215072154999,0.9268178343772888
0.5339171886444092,0.07156136631965637,0.928438663482666
0.5346622467041016,0.0044396184384822845,0.9955604076385498
0.5359587669372559,0.07646459341049194,0.9235354065895081
0.5437707901000977,0.07566608488559723,0.9243338704109192
0.568915843963623,0.07313251495361328,0.9268674254417419
0.5779590606689453,0.07223495095968246,0.9277650713920593
0.5797843933105469,0.07205479592084885,0.9279451966285706
0.6039159297943115,0.06969989836215973,0.9303001165390015
0.6059598922729492,0.06950291246175766,0.9304971098899841
0.634915828704834,0.0667528361082077,0.9332472085952759
0.6392498016357422,0.06634782999753952,0.9336521625518799
0.6419599056243896,0.06609548628330231,0.9339045286178589
0.6530487537384033,0.06507014483213425,0.9349299073219299
0.6640899181365967,0.06404975801706314,0.9359502792358398
0.6669144630432129,0.06377963721752167,0.9362203478813171
0.6769599914550781,0.06282470375299454,0.9371752738952637
0.682960033416748,0.0018197966273874044,0.9981801509857178
0.6949145793914795,0.04135080799460411,0.958649218082428
0.6989092826843262,0.04094011336565018,0.9590598940849304
0.705960750579834,0.04026179388165474,0.9597381949424744
0.7379145622253418,0.0371488556265831,0.9628511667251587
0.74178147315979,0.03675970807671547,0.9632402658462524
0.7439751625061035,0.03654024377465248,0.9634597301483154
0.7469606399536133,0.03624291718006134,0.9637570977210999
0.7551326751708984,0.0354374460875988,0.9645625948905945
0.7649133205413818,0.034489523619413376,0.9655104875564575
0.7681334018707275,0.03417321294546127,0.9658268094062805
0.7759604454040527,0.03341210260987282,0.9665879011154175
0.7812774181365967,0.03289242088794708,0.9671075940132141
0.7939133644104004,0.03167920559644699,0.9683208465576172
0.7951948642730713,0.03155786171555519,0.9684421420097351
0.8077247142791748,0.03038826771080494,0.9696117639541626
0.8109586238861084,0.030091287568211555,0.9699086546897888
0.8216371536254883,0.029124924913048744,0.970875084400177
0.8369133472442627,0.027780408039689064,0.9722195863723755
0.8459587097167969,0.027005139738321304,0.972994863986969
0.8467659950256348,0.0014969148905947804,0.9985030889511108
0.8557984828948975,0.028495565056800842,0.9715043902397156
0.8649117946624756,0.027474163100123405,0.9725258350372314
0.8669586181640625,0.02724841795861721,0.9727516174316406
0.86830735206604,0.02710038237273693,0.9728996157646179
0.8728229999542236,0.026608876883983612,0.9733911752700806
0.8797838687896729,0.025863828137516975,0.9741361737251282
0.8939118385314941,0.024398045614361763,0.9756019711494446
0.9020400047302246,0.023582732304930687,0.9764173030853271
0.9091224670410156,0.02288873679935932,0.977111279964447
0.9109578132629396,0.022711344063282013,0.9772886633872986
0.9248785972595216,0.021404460072517395,0.9785955548286438
0.9389119148254396,0.02017778903245926,0.9798222184181213
0.940039873123169,0.020081596449017525,0.9799184203147888
0.945957899093628,0.019582530483603477,0.9804174900054932
0.9647378921508788,0.018061773851513863,0.9819382429122925
0.9659090042114258,0.01797008141875267,0.9820299744606018
0.97896146774292,0.016972295939922333,0.9830276966094971
0.9799578189849854,0.01689794659614563,0.9831020832061768
0.9949090480804444,0.01585751585662365,0.9841424822807312
1.0079586505889893,0.015003694221377373,0.9849963188171387
1.0104081630706787,0.01484757848083973,0.9851524233818054
1.0300345420837402,0.013643058016896248,0.9863569736480713
1.0304648876190186,0.013617543503642082,0.9863824844360352
1.0359089374542236,0.013298217207193375,0.9867017865180969
1.0369584560394287,0.013237351551651955,0.9867626428604126
1.0659101009368896,0.011662531644105911,0.9883374571800232
1.0730345249176023,0.011309402994811535,0.9886906147003174
1.0743765830993652,0.9971912503242493,0.0028087892569601536
1.078958511352539,0.44236329197883606,0.5576366782188416
1.0892932415008545,0.029030850157141685,0.9709691405296326
1.0939099788665771,0.4749070107936859,0.5250929594039917
1.101032257080078,0.47341981530189514,0.5265801548957825
1.106959342956543,0.47215035557746887,0.5278496742248535
1.1099464893341064,0.47149962186813354,0.5285003781318665
1.1234886646270752,0.4684557616710663,0.5315442085266113
1.1237878799438477,0.9958704113960266,0.004129590932279825
1.1300320625305176,0.42090222239494324,0.5790978074073792
1.1359593868255615,0.4201699197292328,0.5798300504684448
1.1389100551605225,0.41979750990867615,0.5802024602890015
1.1526753902435305,0.9941849112510681,0.005815045442432165
1.1571457386016846,0.9921979308128357,0.007802105043083429
1.1659090518951416,0.28543564677238464,0.714564323425293
1.167051076889038,0.2854212820529938,0.7145787477493286
1.172032117843628,0.2853533923625946,0.7146466374397278
1.177311897277832,0.012746856547892094,0.9872531294822693
1.1789593696594238,0.2665759325027466,0.7334240674972534
1.1886529922485352,0.26341569423675537,0.7365843057632446
1.196418046951294,0.2608462870121002,0.7391536831855774
1.201032638549805,0.25930410623550415,0.7406959533691406
1.203908920288086,0.25833696126937866,0.7416630387306213
1.205960750579834,0.25764402747154236,0.74235600233078
1.2088580131530762,0.9883948564529419,0.011605176143348217
1.226057767868042,0.25816383957862854,0.7418361306190491
1.230032444000244,0.257438063621521,0.742561936378479
1.232595443725586,0.25696688890457153,0.7430331110954285
1.236938714981079,0.9894088506698608,0.010591160506010056
1.2399089336395264,0.23313161730766296,0.7668684124946594
1.2419607639312744,0.23304638266563416,0.7669535875320435
1.2448694705963137,0.23292453587055206,0.7670754790306091
1.2573142051696775,0.2330676019191742,0.7669323682785034
1.2679080963134766,0.2331080138683319,0.7668920159339905
1.2710330486297607,0.23311498761177063,0.766884982585907
1.2769606113433838,0.23312786221504211,0.7668721079826355
1.279233694076538,0.2331332415342331,0.7668667435646057
1.2823100090026855,0.23313988745212555,0.7668601274490356
1.2916970252990725,0.23316068947315216,0.766839325428009
1.30102801322937,0.2331814169883728,0.7668185830116272
1.304908037185669,0.23319034278392792,0.7668095827102661
1.3069603443145752,0.23319487273693085,0.766805112361908
1.3093822002410889,0.23319301009178162,0.7668070197105408
1.3269710540771484,0.23313197493553162,0.7668680548667908
1.3339080810546875,0.2331080138683319,0.7668920159339905
1.338294267654419,0.0036954348906874657,0.9963045716285706
1.3399603366851809,0.14083990454673767,0.8591601252555847
1.3420281410217283,0.14016152918338776,0.8598384857177734
1.3445632457733154,0.00502917030826211,0.9949708580970764
1.349050521850586,0.17287346720695496,0.8271265029907227
1.3544080257415771,0.0055559733882546425,0.9944440722465515
1.365307331085205,0.18051938712596893,0.8194806575775146
1.3689062595367432,0.17865391075611115,0.82134610414505
1.371028184890747,0.17755629122257233,0.8224437236785889
1.375960350036621,0.17501181364059448,0.8249881863594055
1.3763675689697266,0.17480206489562988,0.8251979351043701
1.3972954750061035,0.16412483155727386,0.8358751535415649
1.39874529838562,0.16339276731014252,0.8366072177886963
1.4010252952575684,0.16224363446235657,0.8377563953399658
1.4039061069488523,0.16079546511173248,0.8392045497894287
1.4091553688049316,0.15816788375377655,0.8418321013450623
1.4109632968902588,0.1572664976119995,0.8427335023880005
1.418621063232422,0.15346813201904297,0.8465318083763123
1.42702317237854,0.1493401676416397,0.8506598472595215
1.430025339126587,0.14787557721138,0.8521244525909424
1.4316706657409668,0.14707522094249725,0.8529247641563416
1.435906171798706,0.14502282440662384,0.8549771904945374
1.4399628639221191,0.14306817948818207,0.8569318652153015
1.4477324485778809,0.13977326452732086,0.8602267503738403
1.4592547416687012,0.13522835075855255,0.8647716641426086
1.4610073566436768,0.002522872295230627,0.997477114200592
1.463904857635498,0.12431974709033966,0.8756802678108215
1.4720253944396973,0.12092478573322296,0.8790752291679382
1.4773907661437988,0.0031395782716572285,0.9968604445457458
1.4804532527923584,0.12106506526470184,0.8789349794387817
1.4819631576538086,0.12040846049785614,0.8795915246009827
1.498455286026001,0.11325431615114212,0.8867456912994385
1.502023458480835,0.11165782809257507,0.8883421421051025
1.5059049129486084,0.10993503779172897,0.8900650143623352
1.5099091529846191,0.10817304253578186,0.8918269872665405
1.5109643936157229,0.1077113077044487,0.8922886252403259
1.519716739654541,0.10408172011375427,0.8959182500839233
1.52288818359375,0.10279054939746857,0.8972094655036926
1.5300233364105225,0.09991847723722458,0.90008145570755
1.5314340591430664,0.9881750345230103,0.011824999935925007
1.535904884338379,0.14493604004383087,0.8550639748573303
1.5459644794464111,0.1411343812942505,0.8588656783103943
1.546316385269165,0.14100413024425507,0.8589958548545837
1.5600907802581787,0.13595518469810486,0.8640448451042175
1.5649032592773438,0.13431191444396973,0.865688145160675
1.5679645538330078,0.13327717781066895,0.866722822189331
1.5720231533050537,0.13191133737564087,0.8680886626243591
1.5890798568725586,0.1260577142238617,0.8739422559738159
1.5971407890319824,0.12319900095462799,0.8768010139465332
1.6010220050811768,0.12183500826358795,0.8781650066375732
1.6049034595489502,0.12047883123159409,0.8795211911201477
1.611670732498169,0.11813385039567947,0.8818661570549011
1.612863540649414,0.11772309988737106,0.8822768330574036
1.6169664859771729,0.11631613224744797,0.8836839199066162
1.6242403984069824,0.9891934990882874,0.010806484147906303
1.630022048950195,0.28079941868782043,0.719200611114502
1.6359033584594729,0.27947694063186646,0.7205231189727783
1.6369664669036863,0.2792377173900604,0.720762312412262
1.638338327407837,0.2789291739463806,0.7210708260536194
1.653810977935791,0.27608799934387207,0.7239120006561279
1.6574811935424805,0.007859260775148869,0.9921407103538513
1.664899826049805,0.26058363914489746,0.7394163608551025
1.6710219383239746,0.2588760554790497,0.7411239147186279
1.6715126037597656,0.25873908400535583,0.7412609457969666
1.6763570308685305,0.2573840320110321,0.7426159977912903
1.6799664497375488,0.2563725411891937,0.7436274290084839
1.6886053085327148,0.2533596158027649,0.7466403841972351
1.7000222206115725,0.2491534799337387,0.7508465647697449
1.703927755355835,0.2477106899023056,0.7522892951965332
1.705899715423584,0.24698173999786377,0.753018319606781
1.7069673538208008,0.2465866655111313,0.7534133195877075
1.7108235359191897,0.9941165447235107,0.005883494392037392
1.7236707210540771,0.3326837718486786,0.667316198348999
1.728003978729248,0.010652376338839531,0.9893476366996765
1.7338998317718506,0.3044886291027069,0.6955113410949707
1.7359673976898191,0.30416175723075867,0.695838212966919
1.7360222339630127,0.30415305495262146,0.6958469152450562
1.741039514541626,0.3033566176891327,0.6966434121131897
1.7531280517578125,0.3014196753501892,0.6985803246498108
1.7628686428070068,0.9912394881248474,0.008760567754507065
1.764899969100952,0.3095925748348236,0.6904074549674988
1.766700267791748,0.3095013499259949,0.6904986500740051
1.77002215385437,0.3093326985836029,0.6906672716140747
1.7769672870635986,0.3089817762374878,0.691018283367157
1.782198190689087,0.9904035329818726,0.009596504271030426
1.797520637512207,0.9904740452766418,0.009525957517325878
1.7990212440490725,0.36461713910102844,0.635382890701294
1.7999000549316406,0.3645953834056854,0.635404646396637
1.8079681396484373,0.3644005358219147,0.6355994343757629
1.812109470367432,0.36430248618125916,0.6356975436210632
1.8174223899841309,0.014118271879851818,0.9858817458152771
1.8323867321014404,0.3097122311592102,0.6902878284454346
1.8330211639404297,0.3096523880958557,0.6903476119041443
1.835900068283081,0.3093812167644501,0.6906188130378723
1.835968017578125,0.30937522649765015,0.6906248331069946
1.8370921611785889,0.30926933884620667,0.690730631351471
1.846165895462036,0.9848728179931641,0.015127175487577915
1.862021207809448,0.34959855675697327,0.6504014730453491
1.8638956546783447,0.34952428936958313,0.6504757404327393
1.865842342376709,0.34944742918014526,0.6505525708198547
1.8713650703430176,0.34923073649406433,0.6507692337036133
1.8789680004119875,0.34893515706062317,0.6510648131370544
1.8838927745819087,0.9883590936660767,0.0116409407928586
1.893805265426636,0.38325396180152893,0.6167460680007935
1.8998956680297847,0.3833445608615875,0.6166554093360901
1.9030208587646484,0.383393257856369,0.6166067123413086
1.9079768657684328,0.38347408175468445,0.6165258884429932
1.907978057861328,0.38347408175468445,0.6165258884429932
1.9169952869415283,0.38361749053001404,0.6163824796676636
1.9202218055725095,0.3836493194103241,0.6163507103919983
1.9262306690216064,0.3837033212184906,0.6162967085838318
1.9338955879211424,0.3837803304195404,0.6162196397781372
1.936976671218872,0.3838138282299042,0.6161862015724182
1.9390208721160889,0.38383686542510986,0.6161631941795349
1.941946029663086,0.38387078046798706,0.6161292195320129
1.9565999507904053,0.384061723947525,0.6159382462501526
1.9590208530426023,0.38409659266471863,0.615903377532959
1.964895248413086,0.3841852843761444,0.615814745426178
1.9695570468902588,0.01139034703373909,0.9886096715927124
1.971461057662964,0.013208519667387009,0.9867914915084839
1.9789767265319824,0.2649659216403961,0.7350340485572815
1.98998498916626,0.2633172869682312,0.7366827726364136
1.994584560394287,0.01248111017048359,0.987518846988678
1.9998953342437744,0.22841237485408783,0.771587610244751
2.001020193099976,0.22822123765945435,0.7717787623405457
2.006974935531616,0.22720959782600403,0.7727903723716736
2.0293993949890137,0.22338682413101196,0.776613175868988
2.030020236968994,0.22328045964241028,0.7767195701599121
2.035895347595215,0.22227129340171814,0.7777286767959595
2.0409748554229736,0.22139804065227509,0.7786020040512085
2.0433852672576904,0.22098331153392792,0.7790167331695557
2.0590200424194336,0.2182897925376892,0.7817102074623108
2.063896894454956,0.21744850277900696,0.7825515270233154
2.0693254470825195,0.21651172637939453,0.7834882736206055
2.0736117362976074,0.21577122807502747,0.7842288017272949
2.076974868774414,0.21518971025943756,0.7848103046417236
2.08447265625,0.21411490440368652,0.7858850955963135
2.099343061447144,0.2123958319425583,0.7876041531562805
2.1010167598724365,0.21221019327640533,0.7877898216247559
2.105975866317749,0.2117513120174408,0.7882487177848816
2.1078970432281494,0.21159829199314117,0.78840172290802
2.1095149517059326,0.21146951615810394,0.7885304689407349
2.1260428428649902,0.2101648896932602,0.7898350954055786
2.129016876220703,0.2099321335554123,0.7900678515434265
2.133897066116333,0.20955133438110352,0.7904486656188965
2.13733983039856,0.2092837244272232,0.790716290473938
2.1399757862091064,0.20907917618751526,0.7909208536148071
2.1522347927093506,0.20813515782356262,0.7918648719787598
2.161198377609253,0.007073443848639727,0.9929265379905701
2.164900779724121,0.16422200202941895,0.8357779383659363
2.171639919281006,0.007907971739768982,0.9920920133590698
2.172016859054565,0.14977380633354187,0.8502262234687805
2.175975799560547,0.14925701916217804,0.8507429957389832
2.177276611328125,0.14908725023269653,0.8509126901626587
2.187643051147461,0.14760203659534454,0.8523979783058167
2.1959617137908936,0.14605602622032166,0.8539440035820007
2.199016571044922,0.1453331857919693,0.8546668291091919
2.203099012374878,0.14436864852905273,0.8556313514709473
2.2079007625579834,0.1430530995130539,0.8569469451904297
2.2119760513305664,0.14193186163902283,0.8580681681632996
2.2136871814727783,0.14146189391613007,0.8585381507873535
2.220296859741211,0.9694811701774597,0.03051885776221752
2.225595474243164,0.1803715080022812,0.8196285367012024
2.233931541442871,0.1794947385787964,0.8205052614212036
2.2340166568756104,0.1794857531785965,0.8205142617225647
2.234900712966919,0.17939291894435883,0.82060706615448
2.243018627166748,0.17857298254966736,0.821427047252655
2.246975898742676,0.17818643152713776,0.8218135833740234
2.2638988494873047,0.17629729211330414,0.8237026929855347
2.264319658279419,0.1762346476316452,0.8237653970718384
2.2679760456085205,0.1756904274225235,0.8243095874786377
2.270016670227051,0.1753828525543213,0.8246170878410339
2.280463933944702,0.17267291247844696,0.8273271322250366
2.301013469696045,0.16727805137634277,0.8327219486236572
2.3052978515625,0.1661595106124878,0.8338404893875122
2.306899070739746,0.16574208438396454,0.834257960319519
2.3109774589538574,0.1646801233291626,0.8353198766708374
2.3248322010040283,0.16108883917331696,0.8389111757278442
2.3289780616760254,0.9631576538085938,0.036842286586761475
2.3348987102508545,0.22252455353736877,0.7774754762649536
2.3379993438720703,0.22231663763523102,0.7776833772659302
2.342013359069824,0.22204898297786713,0.7779510617256165
2.345977306365967,0.22178666293621063,0.778213381767273
2.3504021167755127,0.011583060957491398,0.9884169697761536
2.3565073013305664,0.20215864479541779,0.7978413701057434
2.3648977279663086,0.20146895945072174,0.7985310554504395
2.3669774532318115,0.20129862427711487,0.7987014055252075
2.371013164520264,0.2009686976671219,0.7990313172340393
2.3727595806121826,0.20082631707191467,0.7991736531257629
2.3830132484436035,0.19966429471969604,0.800335705280304
2.3972113132476807,0.19623860716819763,0.8037614226341248
2.400012969970703,0.1955093890428543,0.8044906258583069
2.407897710800171,0.19345907866954803,0.8065409064292908
2.407977819442749,0.19343824684619904,0.8065617680549622
2.409644842147827,0.9772801399230957,0.022719912230968475
2.414734125137329,0.2650468945503235,0.7349531054496765
2.4300129413604736,0.2645816206932068,0.7354183793067932
2.435897827148437,0.26440975069999695,0.7355902791023254
2.436977863311768,0.2643786668777466,0.7356213331222534
2.439197063446045,0.015129946172237396,0.9848700761795044
2.4508402347564697,0.24692700803279877,0.75307297706604
2.4621076583862305,0.24618859589099884,0.7538114190101624
2.464895248413086,0.24600662291049957,0.7539933919906616
2.465977907180786,0.24593614041805267,0.7540639042854309
2.4707157611846924,0.9748286008834839,0.025171423330903053
2.473012924194336,0.27280882000923157,0.7271912097930908
2.479994058609009,0.27225208282470703,0.727747917175293
2.487588405609131,0.9747917056083679,0.025208324193954468
2.498895168304444,0.29823800921440125,0.7017619609832764
2.501009702682495,0.29806989431381226,0.7019301056861877
2.5026895999908447,0.9757969379425049,0.024203049018979073
2.506976842880249,0.32441699504852295,0.675583004951477
2.528562068939209,0.32270315289497375,0.6772968769073486
2.5290095806121826,0.32266756892204285,0.6773324012756348
2.53413987159729,0.023453231900930405,0.9765467643737793
2.535895109176636,0.2860041856765747,0.7139958739280701
2.536977052688598,0.2858772277832031,0.7141228318214417
2.546138048171997,0.28480175137519836,0.7151982188224792
2.566925525665283,0.2819722592830658,0.7180277705192566
2.5698933601379395,0.28159579634666443,0.718404233455658
2.571009874343872,0.2814544141292572,0.7185456156730652
2.579977035522461,0.280317097902298,0.7196828722953796
2.597970724105835,0.2752826511859894,0.7247173190116882
2.6010091304779053,0.27426016330718994,0.7257398366928101
2.604893445968628,0.27295196056365967,0.7270480394363403
2.606975793838501,0.27225008606910706,0.7277498841285706
2.607516050338745,0.2720679044723511,0.7279320955276489
2.6272993087768555,0.9702119827270508,0.029788073152303696
2.6276180744171143,0.33128368854522705,0.6687163710594177
2.630009174346924,0.3310829699039459,0.6689170002937317
2.6348934173583984,0.3306733965873718,0.669326663017273
2.6359758377075195,0.33058249950408936,0.6694175004959106
2.6387202739715576,0.9755062460899353,0.02449374832212925
2.6698925495147705,0.35497716069221497,0.6450228691101074
2.671009063720703,0.3548430800437927,0.6451569199562073
2.6759674549102783,0.3541587293148041,0.6458413004875183
2.678975820541382,0.35371658205986023,0.6462834477424622
2.68935489654541,0.3521888554096222,0.6478111743927002
2.7000086307525635,0.34939321875572205,0.6506068110466003
2.704843759536743,0.34766265749931335,0.6523373126983643
2.7052314281463623,0.34752368927001953,0.6524763107299805
2.705892562866211,0.3472866117954254,0.6527133584022522
2.7079763412475586,0.34653913974761963,0.6534608602523804
2.7338924407958984,0.3371947705745697,0.6628051996231079
2.735008716583252,0.3367910087108612,0.6632090210914612
2.735976219177246,0.33643218874931335,0.663567841053009
2.7384533882141118,0.33551251888275146,0.6644874811172485
2.7614097595214844,0.3271181881427765,0.6728817820549011
2.769892454147339,0.3240870535373688,0.6759129166603088
2.7700085639953613,0.32404571771621704,0.6759543418884277
2.7748305797576904,0.3223181664943695,0.6776818633079529
2.7799763679504395,0.32047155499458313,0.6795284152030945
2.789459466934204,0.015473893843591213,0.9845260977745056
2.7937731742858887,0.01851748116314411,0.9814825057983398
2.8000104427337646,0.22096310555934906,0.7790369391441345
2.8038926124572754,0.21940699219703674,0.7805929780006409
2.8069748878479004,0.2182062566280365,0.7817937731742859
2.811828374862671,0.21631814539432526,0.7836818695068359
2.813583850860596,0.0185177531093359,0.9814822673797607
2.8216774463653564,0.18306097388267517,0.8169390559196472
2.824892520904541,0.18191058933734894,0.8180894255638123
2.83147931098938,0.17956112325191498,0.8204389214515686
2.834010601043701,0.17866094410419464,0.8213390707969666
2.835974931716919,0.17796321213245392,0.8220368027687073
2.843423366546631,0.17532600462436676,0.8246740102767944
2.8579955101013184,0.17020590603351593,0.8297941088676453
2.866397857666016,0.16727814078330994,0.8327218890190125
2.866887331008911,0.16710816323757172,0.8328918218612671
2.872010469436645,0.1653331071138382,0.834666907787323
2.876173257827759,0.16389583051204681,0.836104154586792
2.8769750595092773,0.16361963748931885,0.8363803625106812
2.8935539722442627,0.15777276456356049,0.8422272801399231
2.8948874473571777,0.1573060154914856,0.8426939845085144
2.900813341140747,0.15523874759674072,0.844761312007904
2.9010119438171387,0.15516965091228485,0.8448303937911987
2.9069743156433105,0.15305019915103912,0.8469497561454773
2.922452926635742,0.1475869119167328,0.8524130582809448
2.930011987686157,0.14494957029819489,0.8550504446029663
2.937341690063477,0.14241209626197815,0.8575879335403442
2.937887191772461,0.14222416281700134,0.857775866985321
2.940974235534668,0.14116211235523224,0.858837902545929
2.9465153217315674,0.009468114003539085,0.9905319213867188
2.9519283771514893,0.01152003463357687,0.9884799718856812
2.959012031555176,0.11475971341133118,0.8852403163909912
2.9648854732513428,0.11293479055166245,0.8870652318000793
2.967316150665283,0.11218404024839401,0.8878159523010254
2.974181652069092,0.11007748544216156,0.8899224996566772
2.9759743213653564,0.10953089594841003,0.8904690742492676
2.983123779296875,0.10736550390720367,0.8926345109939575
2.992738485336304,0.10449010878801346,0.8955098986625671
2.9938855171203613,0.10414993017911911,0.8958500623703003
3.0009889602661133,0.10205674171447754,0.8979432582855225
3.001009941101074,0.10205069184303284,0.8979493379592896
3.0076491832733154,0.9469062089920044,0.05309378355741501
3.010974884033203,0.13148663938045502,0.8685133457183838
3.0144035816192627,0.13039498031139374,0.8696050047874451
3.024350643157959,0.12725387513637543,0.8727461099624634
3.0320098400115967,0.12486192584037781,0.8751380443572998
3.0368852615356445,0.12335173040628433,0.8766483068466187
3.0394253730773926,0.12256869673728943,0.877431333065033
3.045974969863892,0.12056182324886322,0.8794381618499756
3.054069995880127,0.1181059330701828,0.881894052028656
3.0590100288391118,0.11661246418952942,0.883387565612793
3.069974184036255,0.11318046599626541,0.8868195414543152
3.0738844871521,0.11197037994861603,0.8880296349525452
3.075974941253662,0.11132650077342987,0.8886735439300537
3.0805141925811768,0.10993575304746628,0.8900642395019531
3.092146396636963,0.9526594281196594,0.047340553253889084
3.0938844680786133,0.26667603850364685,0.7333239912986755
3.1010100841522217,0.26440510153770447,0.7355949282646179
3.106909990310669,0.26251617074012756,0.7374838590621948
3.111976385116577,0.260893315076828,0.7391067147254944
3.114443302154541,0.2601028084754944,0.7398971915245056
3.1288504600524902,0.02675902098417282,0.9732409715652466
3.13001012802124,0.2413676530122757,0.7586323618888855
3.1378843784332275,0.23872333765029907,0.7612766623497009
3.1442971229553223,0.23656931519508362,0.763430655002594
3.1479761600494385,0.235333651304245,0.7646663784980774
3.153230905532837,0.2335689514875412,0.7664310932159424
3.159010171890259,0.23162834346294403,0.7683716416358948
3.1648850440979004,0.22965598106384277,0.7703440189361572
3.165055990219116,0.22959880530834198,0.7704011797904968
3.1679763793945312,0.2286185473203659,0.7713814377784729
3.1800742149353027,0.2245607227087021,0.7754393219947815
3.191389560699463,0.9691720008850098,0.030828025192022324
3.19388484954834,0.3228735625743866,0.6771264672279358
3.1967995166778564,0.32264211773872375,0.6773579120635986
3.201007843017578,0.3223077654838562,0.6776922941207886
3.2045562267303467,0.038261521607637405,0.9617384672164917
3.2099740505218506,0.30852004885673523,0.6914799809455872
3.219193696975708,0.30773186683654785,0.6922681331634521
3.227139711380005,0.30705052614212036,0.6929494738578796
3.2290079593658447,0.30689018964767456,0.6931098103523254
3.23588490486145,0.30629876255989075,0.6937012076377869
3.237973928451538,0.30611884593963623,0.6938812136650085
3.2438106536865234,0.963697612285614,0.036302391439676285
3.2488224506378174,0.33168795704841614,0.6683120727539062
3.2648684978485107,0.9645264744758606,0.03547355532646179
3.265881299972534,0.35832318663597107,0.6416768431663513
3.2659740447998047,0.3583168685436249,0.6416831016540527
3.269397735595703,0.9653462767601013,0.03465374931693077
3.271007776260376,0.38385429978370667,0.616145670413971
3.278793334960937,0.38355156779289246,0.6164484620094299
3.2998814582824707,0.3827391266822815,0.6172608733177185
3.3010056018829346,0.38269636034965515,0.6173036694526672
3.3089754581451416,0.38239261507987976,0.6176074147224426
3.3114013671875,0.056143589317798615,0.943856418132782
3.3249943256378174,0.35376331210136414,0.6462367177009583
3.3327383995056152,0.353064626455307,0.6469354033470154
3.333881378173828,0.3529612123966217,0.6470388174057007
3.33400559425354,0.35295000672340393,0.6470500230789185
3.337975263595581,0.3525909185409546,0.6474090814590454
3.364880084991455,0.3500380516052246,0.6499619483947754
3.3700056076049805,0.3493954837322235,0.6506044864654541
3.3710720539093018,0.3492615520954132,0.6507384777069092
3.3712575435638428,0.9558603167533875,0.04413962364196777
3.380975246429444,0.3691712021827698,0.6308287978172302
3.3923418521881104,0.3677821457386017,0.6322178840637207
3.394384384155273,0.36753177642822266,0.6324682235717773
3.405005693435669,0.36622610688209534,0.633773922920227
3.406880140304565,0.3659948408603668,0.6340051293373108
3.4079742431640625,0.36586007475852966,0.6341399550437927
3.4157638549804688,0.9633057117462158,0.036694277077913284
3.427917718887329,0.38583120703697205,0.6141687631607056
3.4330055713653564,0.38528355956077576,0.6147164106369019
3.435880184173584,0.3849453628063202,0.6150546669960022
3.4367477893829346,0.3848276436328888,0.6151723265647888
3.436974048614502,0.38479679822921753,0.6152032613754272
3.449704885482788,0.3829488456249237,0.6170511245727539
3.458802461624145,0.38151121139526367,0.6184887886047363
3.464876890182495,0.38054683804512024,0.6194531917572021
3.469622850418091,0.37979117035865784,0.6202087998390198
3.470005512237549,0.3797300159931183,0.6202699542045593
3.476296901702881,0.3787246644496918,0.6212753057479858
3.479974269866944,0.3781353235244751,0.6218646764755249
3.491075277328491,0.3758363723754883,0.6241636276245117
3.502549648284912,0.04005021974444389,0.9599497318267822
3.5030038356781006,0.3280205726623535,0.6719794273376465
3.505877017974853,0.3269009590148926,0.6730990409851074
3.5116188526153564,0.04809920862317085,0.951900839805603
3.516974449157715,0.3093585669994354,0.6906414031982422
3.523982048034668,0.3066413402557373,0.6933586597442627
3.528064489364624,0.0479595810174942,0.952040433883667
3.531003713607788,0.27949222922325134,0.7205077409744263
3.534877061843872,0.2780892550945282,0.7219107747077942
3.535974740982056,0.27769148349761963,0.7223085165023804
3.539442777633667,0.2764342427253723,0.7235658168792725
3.554321050643921,0.2710311710834503,0.7289687991142273
3.565131187438965,0.26709747314453125,0.7329025864601135
3.569875955581665,0.2653689980506897,0.7346310615539551
3.5740036964416504,0.2638648450374603,0.7361351251602173
3.576422929763794,0.26298290491104126,0.7370170950889587
3.577974796295166,0.2624172270298004,0.737582802772522
3.586374044418335,0.259353369474411,0.7406466007232666
3.5967905521392822,0.255551815032959,0.7444482445716858
3.597876071929932,0.2551553547382355,0.7448446750640869
3.601003170013428,0.25401371717453003,0.74598628282547
3.605973958969116,0.2521987855434418,0.7478011846542358
3.6087920665740967,0.25116974115371704,0.748830258846283
3.610284566879273,0.2506248354911804,0.7493751645088196
3.618816614151001,0.2475096434354782,0.7524904012680054
3.6300034523010254,0.24345967173576355,0.7565402984619141
3.633876085281372,0.242149218916893,0.7578507661819458
3.635038137435913,0.24175602197647095,0.758243978023529
3.6409740447998047,0.2397475689649582,0.7602524161338806
3.64496374130249,0.0296662338078022,0.9703337550163269
3.6603829860687256,0.21827805042266846,0.7817219495773315
3.660787582397461,0.03376070037484169,0.9662392735481262
3.6620032787323,0.21051298081874847,0.7894870042800903
3.667874336242676,0.208384707570076,0.7916153073310852
3.676974058151245,0.20509180426597595,0.7949082255363464
3.682267904281616,0.20317959785461426,0.7968204021453857
3.693650960922241,0.19907765090465546,0.8009223937988281
3.6978745460510254,0.19755926728248596,0.8024407625198364
3.70400333404541,0.1953674703836441,0.8046325445175171
3.705973863601685,0.19470815360546112,0.8052918910980225
3.716300249099731,0.19122032821178436,0.8087797164916992
3.7212417125701904,0.18963783979415894,0.8103621602058411
3.731789350509644,0.9422255754470825,0.057774413377046585
3.7378745079040527,0.235795259475708,0.764204740524292
3.74190354347229,0.23452061414718628,0.7654794454574585
3.741973876953125,0.23449838161468506,0.7655016183853149
3.741996765136719,0.23449108004570007,0.7655089497566223
3.7491800785064697,0.23221975564956665,0.7677802443504333
3.769873857498169,0.22598659992218018,0.7740134000778198
3.769996881484986,0.22595082223415375,0.7740491032600403
3.7759740352630615,0.22421079874038696,0.775789201259613
3.7771964073181152,0.22385510802268982,0.7761449217796326
3.7874722480773926,0.22086668014526367,0.7791333794593811
3.8038740158081055,0.21605470776557922,0.7839453220367432
3.8059706687927246,0.21540194749832153,0.7845980525016785
3.806995868682861,0.2150827944278717,0.7849172353744507
3.80709171295166,0.21505297720432281,0.7849470376968384
3.815513849258423,0.2124347984790802,0.7875652313232422
3.8269996643066406,0.9454365372657776,0.0545634888112545
3.8339955806732178,0.36528924107551575,0.6347107887268066
3.839874029159546,0.36493512988090515,0.6350648403167725
3.8462984561920166,0.3645481765270233,0.6354518532752991
3.847970485687256,0.36444759368896484,0.6355524063110352
3.849231719970703,0.3643713891506195,0.6356286406517029
3.8550772666931152,0.06175924465060234,0.9382407665252686
3.867876052856445,0.34746256470680237,0.65253746509552
3.871995687484741,0.34715962409973145,0.6528403759002686
3.876970052719116,0.3467932641506195,0.6532067656517029
3.8817930221557617,0.3464377224445343,0.6535623073577881
3.888886213302612,0.34591320157051086,0.6540867686271667
3.898237466812134,0.3452202379703522,0.6547797918319702
3.903997659683228,0.34479209780693054,0.6552078723907471
3.9068760871887207,0.34457793831825256,0.655422031879425
3.90931248664856,0.3443965017795563,0.6556034684181213
3.9119699001312256,0.3441985547542572,0.6558014750480652
3.91978907585144,0.9552438259124756,0.0447562038898468
3.931997537612915,0.36361831426620483,0.6363816857337952
3.933876037597656,0.36356407403945923,0.6364359259605408
3.9414968490600586,0.36326006054878235,0.6367399096488953
3.948969841003418,0.3629629909992218,0.6370370388031006
3.953364849090576,0.06483805179595947,0.9351619482040405
3.964630126953125,0.34892168641090393,0.6510782837867737
3.96796989440918,0.3487078845500946,0.6512921452522278
3.968875408172608,0.348649799823761,0.651350200176239
3.9739975929260254,0.34823256731033325,0.6517674326896667
3.978994846343994,0.347811222076416,0.652188777923584
3.9864020347595215,0.9475979208946228,0.05240205302834511
3.997753858566284,0.37095531821250916,0.6290447115898132
4.000875473022461,0.3707510828971863,0.6292489171028137
4.002997875213623,0.370586633682251,0.629413366317749
4.009966373443604,0.3700456917285919,0.6299543380737305
4.015756130218506,0.9471458196640015,0.052854206413030624
4.018815040588379,0.9464120268821716,0.053588006645441055
4.033875465393066,0.4084058701992035,0.5915941596031189
4.037966251373291,0.4082406759262085,0.5917593836784363
4.038093566894531,0.4082355797290802,0.5917644500732422
4.039997577667236,0.4081588089466095,0.5918412208557129
4.058997869491577,0.4073163568973541,0.5926836133003235
4.062824964523315,0.08299800008535385,0.9170020222663879
4.068873643875122,0.3785798251628876,0.62142014503479
4.070447206497192,0.37846845388412476,0.6215315461158752
4.079343318939209,0.3778378367424011,0.6221621632575989
4.079966068267822,0.3777935802936554,0.622206449508667
4.094367265701294,0.9382264018058777,0.06177365779876709
4.100995779037476,0.42196419835090637,0.578035831451416
4.1048736572265625,0.42190927267074585,0.5780907273292542
4.108965873718262,0.42180052399635315,0.5781994462013245
4.109147071838379,0.42179569602012634,0.5782042741775513
4.111605167388916,0.42173051834106445,0.5782695412635803
4.127770662307739,0.9463781714439392,0.05362185090780258
4.131995916366577,0.43952274322509766,0.5604772567749023
4.133873701095581,0.4395647943019867,0.5604352355003357
4.135965824127197,0.4396118223667145,0.5603881478309631
4.1439478397369385,0.4397948384284973,0.5602052211761475
4.1534740924835205,0.4399440288543701,0.5600559711456299
4.164995908737183,0.4400249719619751,0.5599750280380249
4.168872594833374,0.4400542378425598,0.5599457621574402
4.171566486358643,0.4400295913219452,0.5599703788757324
4.175391912460327,0.439939945936203,0.5600600838661194
4.177965879440308,0.4398682415485382,0.5601317882537842
4.190872669219971,0.4393574297428131,0.5606426000595093
4.199992895126343,0.4389418363571167,0.5610581636428833
4.203872442245483,0.43875402212142944,0.5612459778785706
4.205962657928467,0.4386148154735565,0.5613851547241211
4.211797475814819,0.4382251799106598,0.5617748498916626
4.220598459243774,0.4376355707645416,0.5623644590377808
4.228992462158203,0.4370708167552948,0.5629292130470276
4.233872652053833,0.43674159049987793,0.5632584691047668
4.236989736557007,0.0942683070898056,0.9057316780090332
4.241962671279907,0.41840529441833496,0.581594705581665
4.255895137786865,0.41721251606941223,0.5827874541282654
4.2635931968688965,0.09644216299057007,0.9035578966140747
4.2688703536987305,0.3931290805339813,0.6068709492683411
4.271992444992065,0.39264097809791565,0.6073590517044067
4.274355411529541,0.39227059483528137,0.6077293753623962
4.2779624462127686,0.3917020559310913,0.6082980036735535
4.289252996444702,0.38987311720848083,0.6101268529891968
4.300990581512451,0.38592660427093506,0.6140733957290649
4.304870367050171,0.3845367729663849,0.6154631972312927
4.306140899658203,0.38408082723617554,0.6159192323684692
4.308963298797607,0.3830662667751312,0.6169337630271912
4.3210272789001465,0.37870681285858154,0.6212932467460632
4.329990386962891,0.37544378638267517,0.6245561838150024
4.33570408821106,0.3733532428741455,0.6266467571258545
4.335870265960693,0.3732922673225403,0.6267077326774597
4.341963291168213,0.3710537850856781,0.6289462447166443
4.351534366607666,0.3675195276737213,0.6324804425239563
4.361186027526856,0.3639335632324219,0.6360664367675781
4.363870859146118,0.3629322052001953,0.6370677947998047
4.3683130741119385,0.3612717390060425,0.6387283205986023
4.372990369796753,0.3595004975795746,0.6404995322227478
4.377963304519653,0.35766249895095825,0.6423375010490417
4.382541179656982,0.356209397315979,0.643790602684021
4.391350507736206,0.35340237617492676,0.6465976238250732
4.399989604949951,0.35063713788986206,0.6493628621101379
4.405871152877808,0.3487473726272583,0.6512526273727417
4.406964063644409,0.34839552640914917,0.6516044735908508
4.407793760299683,0.06024819239974022,0.9397518038749695
4.421932220458984,0.06863293051719666,0.931367039680481
4.42898964881897,0.3130517899990082,0.6869482398033142
4.430413007736206,0.31247133016586304,0.6875287294387817
4.434871196746826,0.31057512760162354,0.6894249320030212
4.436825037002564,0.3097287118434906,0.6902713179588318
4.439964056015015,0.30836793780326843,0.691632091999054
4.444670677185059,0.30632609128952026,0.6936739087104797
4.464868783950806,0.2974473237991333,0.7025526762008667
4.468912601470947,0.29564574360847473,0.7043542265892029
4.471989870071411,0.29427406191825867,0.7057259678840637
4.472734928131104,0.293941855430603,0.706058144569397
4.476964235305786,0.2920556664466858,0.7079443335533142
4.479868173599243,0.9338821172714233,0.06611790508031845
4.488471984863281,0.3347592353820801,0.6652407646179199
4.497868776321411,0.3311837613582611,0.6688162684440613
4.500986337661743,0.32986319065093994,0.6701368093490601
4.510965824127197,0.3255685567855835,0.6744314432144165
4.515823841094971,0.3234737515449524,0.6765262484550476
4.527859687805176,0.31827300786972046,0.6817269921302795
4.529986381530762,0.31735262274742126,0.6826474070549011
4.535868883132935,0.3148045539855957,0.6851954460144043
4.537915468215942,0.3139173090457916,0.686082661151886
4.546965837478638,0.30997636914253235,0.69002366065979
4.550808191299439,0.3082675039768219,0.6917324662208557
4.56147575378418,0.3035178780555725,0.6964821815490723
4.564868211746216,0.3020058572292328,0.6979941129684448
4.570986270904541,0.2992776930332184,0.7007222771644592
4.573227405548096,0.9215290546417236,0.07847097516059875
4.575965881347656,0.4083901643753052,0.5916098356246948
4.5826575756073,0.4072881042957306,0.5927119255065918
4.59346604347229,0.4054943323135376,0.5945057272911072
4.5989861488342285,0.4045715928077698,0.5954284071922302
4.600868225097656,0.4042561650276184,0.5957438349723816
4.60565996170044,0.09481725096702576,0.9051827788352966
4.6059675216674805,0.3939756751060486,0.6060243248939514
4.612843036651611,0.39162689447402954,0.6083731055259705
4.620118618011475,0.38909912109375,0.61090087890625
4.6302690505981445,0.38555097579956055,0.6144490242004395
4.633986234664917,0.38424500823020935,0.615755021572113
4.635868310928345,0.38358262181282043,0.616417407989502
4.645967245101929,0.3799667954444885,0.6200332045555115
4.6561830043792725,0.3762730658054352,0.6237269639968872
4.659749984741211,0.9425208568572998,0.05747917294502258
4.665598392486572,0.4362752139568329,0.5637247562408447
4.665865182876587,0.43625277280807495,0.563747227191925
4.666967868804932,0.43615972995758057,0.5638402700424194
4.669986009597778,0.4359041750431061,0.5640958547592163
4.681378364562988,0.11195971071720123,0.88804030418396
4.696825265884399,0.4248056709766388,0.5751942992210388
4.704865455627441,0.4238828122615814,0.5761171579360962
4.705042123794556,0.42385533452033997,0.5761446356773376
4.705986499786377,0.42370861768722534,0.5762913823127747
4.70996618270874,0.42308852076530457,0.5769115090370178
4.715824365615845,0.9322248101234436,0.06777521222829819
4.727539777755737,0.4348715543746948,0.56512850522995
4.7329864501953125,0.4340137541294098,0.5659862756729126
4.733865261077881,0.43387481570243835,0.566125214099884
4.737966060638428,0.4332251250743866,0.566774845123291
4.743793725967407,0.9317725896835327,0.06822740286588669
4.755948066711426,0.9316033124923706,0.06839673221111298
4.765966176986694,0.46305039525032043,0.536949634552002
4.768863677978516,0.46260008215904236,0.53739994764328
4.769986391067505,0.4624250531196594,0.5375749468803406
4.775224447250366,0.46160614490509033,0.5383939146995544
4.783645391464233,0.1362808346748352,0.8637191653251648
4.795523881912232,0.44923463463783264,0.550765335559845
4.8029866218566895,0.44817212224006653,0.5518279075622559
4.803067684173584,0.4481606185436249,0.5518393516540527
4.803863763809204,0.4480467736721039,0.5519532561302185
4.807967662811279,0.4474584758281708,0.5525415539741516
4.818500995635986,0.9187029004096985,0.08129706978797913
4.829431056976318,0.4617557227611542,0.5382442474365234
4.834863662719727,0.4609883725643158,0.5390115976333618
4.835692644119263,0.4608709216117859,0.5391290783882141
4.835967540740967,0.46083202958106995,0.5391680002212524
4.841986656188965,0.459975928068161,0.5400240421295166
4.848031044006348,0.9272003769874573,0.0727996751666069
4.860313892364502,0.47010084986686707,0.5298991799354553
4.866858720779419,0.46904775500297546,0.5309522151947021
4.869986534118652,0.46853500604629517,0.5314650535583496
4.872044324874878,0.4681967794895172,0.5318032503128052
4.877967596054077,0.4672190248966217,0.5327810049057007
4.879705667495728,0.46693095564842224,0.5330690741539001
4.8852598667144775,0.4660058319568634,0.533994197845459
4.894859075546265,0.4643908739089966,0.5356091260910034
4.899449825286865,0.4636128842830658,0.5363871455192566
4.905967712402344,0.46250173449516296,0.5374982953071594
4.905985832214356,0.4624986946582794,0.5375012755393982
4.932983875274658,0.45781615376472473,0.5421838760375977
4.936858892440796,0.45713332295417786,0.5428666472434998
4.940985918045044,0.4564032256603241,0.5435968041419983
4.947967767715454,0.45462989807128906,0.5453701615333557
4.956373453140259,0.4515906274318695,0.5484094023704529
4.964859008789063,0.44836392998695374,0.5516360402107239
4.967110872268677,0.10749286413192749,0.8925071954727173
4.967946767807007,0.12288245558738708,0.8771175146102905
4.971985816955566,0.42897236347198486,0.5710276365280151
4.975967884063721,0.42745086550712585,0.5725491642951965
4.980531692504883,0.4257006347179413,0.5742993354797363
4.989967584609985,0.12484417855739594,0.8751558065414429
5.000089883804321,0.4132377803325653,0.5867621898651123
5.004985809326172,0.41133061051368713,0.5886693596839905
5.005965948104858,0.4109479486942291,0.5890520811080933
5.006859064102173,0.4105989933013916,0.5894010066986084
5.011788845062256,0.4086686968803406,0.5913313627243042
5.027137517929077,0.4026118814945221,0.5973880887031555
5.029757261276245,0.40156692266464233,0.5984331369400024
5.032985925674439,0.40018826723098755,0.5998117327690125
5.03485918045044,0.3993835747241974,0.600616455078125
5.040152788162232,0.397103875875473,0.6028960943222046
5.040966033935547,0.3967527747154236,0.6032472252845764
5.050687551498413,0.39254263043403625,0.6074573993682861
5.069854259490967,0.3841628134250641,0.6158372163772583
5.0702760219573975,0.38397741317749023,0.6160225868225098
5.074084758758545,0.38229963183403015,0.6177003383636475
5.074985980987549,0.3819020688533783,0.6180979609489441
5.076966047286987,0.3810279667377472,0.6189720630645752
5.084716320037842,0.3775964081287384,0.6224035620689392
5.0955119132995605,0.3727908432483673,0.6272091269493103
5.103982448577881,0.36900004744529724,0.6309999823570251
5.104854106903076,0.3686089813709259,0.6313909888267517
5.104992151260376,0.0880306288599968,0.9119693636894226
5.105966806411743,0.3636220693588257,0.6363779306411743
5.118165731430054,0.09657691419124603,0.9034231305122375
5.125854253768921,0.35011619329452515,0.6498838067054749
5.129351854324341,0.3485480844974518,0.6514519453048706
5.139966726303101,0.3437749445438385,0.6562250256538391
5.139982461929321,0.34376779198646545,0.6562321782112122
5.147763729095459,0.3402557373046875,0.6597443222999573
5.158541679382324,0.33535465598106384,0.6646453142166138
5.159982442855835,0.334696501493454,0.6653034687042236
5.166069030761719,0.3319277763366699,0.6680722236633301
5.1678550243377686,0.33112117648124695,0.6688788533210754
5.174366235733032,0.3281762897968292,0.6718236804008484
5.178865432739258,0.9141913652420044,0.08580857515335083
5.179966449737549,0.35581594705581665,0.6441840529441833
5.188323736190796,0.35212692618370056,0.647873044013977
5.195854902267456,0.34879225492477417,0.6512077450752258
5.198806524276733,0.347482830286026,0.6525171399116516
5.200983047485352,0.3465164005756378,0.6534835696220398
5.205965757369995,0.34430116415023804,0.655698835849762
5.210201263427734,0.3424149751663208,0.6575850248336792
5.220503568649292,0.337816447019577,0.6621835827827454
5.229982852935791,0.3335723876953125,0.6664276123046875
5.230040550231934,0.33354660868644714,0.6664533615112305
5.23385500907898,0.3318416178226471,0.6681584119796753
5.235965728759766,0.33090701699256897,0.6690929532051086
5.23602032661438,0.3308827579021454,0.669117271900177
5.252873420715332,0.9070550203323364,0.09294500201940536
5.259983062744141,0.4562569558620453,0.5437430143356323
5.265577793121338,0.4553455412387848,0.5446544885635376
5.268854141235352,0.45480915904045105,0.5451908707618713
5.27469277381897,0.4538489580154419,0.5461510419845581
5.278965711593628,0.4531424343585968,0.5468575954437256
5.286052465438843,0.13811206817626953,0.8618879318237305
5.292696714401245,0.4465186893939972,0.5534812808036804
5.300982713699341,0.44512656331062317,0.5548734664916992
5.3019654750823975,0.44496068358421326,0.5550393462181091
5.305854320526123,0.44430267810821533,0.5556973218917847
5.306966066360474,0.444114089012146,0.555885910987854
5.313487768173218,0.4430033266544342,0.5569967031478882
5.321970462799072,0.4415475130081177,0.5584525465965271
5.328445196151733,0.9227864742279053,0.07721347361803055
5.331982851028442,0.4566376507282257,0.5433623790740967
5.3358540534973145,0.45599526166915894,0.5440047383308411
5.336327075958252,0.4559166133403778,0.5440834164619446
5.338966369628906,0.4554769694805145,0.5445230007171631
5.347328186035156,0.13809603452682495,0.861903965473175
5.364852666854858,0.44716280698776245,0.5528371930122375
5.365966320037842,0.4469619691371918,0.5530380606651306
5.370544195175171,0.44613417983055115,0.5538657903671265
5.372982740402222,0.4456915259361267,0.5543084740638733
5.383507966995239,0.4436977505683899,0.5563022494316101
5.388111352920532,0.913715660572052,0.08628435432910919
5.399981260299683,0.45882004499435425,0.5411800146102905
5.40006947517395,0.458802729845047,0.5411972999572754
5.405852794647217,0.45766979455947876,0.5423302054405212
5.406482458114624,0.9118028283119202,0.08819715678691864
5.410967350006104,0.4699878692626953,0.5300121307373047
5.416295289993286,0.9134650230407715,0.0865349993109703
5.434852600097656,0.47742143273353577,0.5225785374641418
5.440388202667236,0.1677388697862625,0.8322611451148987
5.443981409072876,0.4745044410228729,0.5254955887794495
5.444056987762451,0.4744924306869507,0.5255075693130493
5.445967197418213,0.47418323159217834,0.525816798210144
5.456095457077026,0.4725346267223358,0.5274654030799866
5.464855194091797,0.4710945785045624,0.52890545129776
5.465939998626709,0.4709155261516571,0.5290845036506653
5.471981525421143,0.46991363167762756,0.5300863981246948
5.4759674072265625,0.4692397117614746,0.5307603478431702
5.476792097091675,0.908424437046051,0.09157556295394897
5.4863996505737305,0.5145927667617798,0.485407292842865
5.4940032958984375,0.5138971209526062,0.4861029088497162
5.497855186462402,0.5135421752929688,0.48645779490470886
5.50097918510437,0.5132530927658081,0.4867469072341919
5.510892868041992,0.9216104745864868,0.07838954031467438
5.510966539382935,0.5248509645462036,0.4751490354537964
5.522956848144531,0.523931086063385,0.476068913936615
5.531930208206177,0.523036003112793,0.47696396708488464
5.533855199813843,0.522842526435852,0.47715744376182556
5.533979177474976,0.5228301286697388,0.4771699011325836
5.541842460632324,0.5220344066619873,0.4779655635356903
5.546966552734375,0.521511435508728,0.478488564491272
5.566966533660889,0.5194349884986877,0.48056504130363464
5.568855285644531,0.5192360281944275,0.4807640016078949
5.569530725479126,0.5191646218299866,0.48083534836769104
5.569979190826416,0.5191172957420349,0.48088276386260986
5.585172653198242,0.5174863338470459,0.4825136363506317
5.603855133056641,0.5151025056838989,0.4848974943161011
5.604242563247681,0.5150525569915771,0.4849475026130676
5.604977369308472,0.5149574279785156,0.485042542219162
5.610965728759766,0.5141788125038147,0.4858211576938629
5.616934537887573,0.5133965015411377,0.4866034686565399
5.627863645553589,0.16486872732639313,0.8351312875747681
5.632977247238159,0.5100483298301697,0.48995164036750793
5.63385534286499,0.509951114654541,0.490048885345459
5.634665250778198,0.18058659136295319,0.819413423538208
5.637965679168701,0.505243182182312,0.4947568476200104
5.647744655609131,0.5041542053222656,0.495845764875412
5.653438568115234,0.18900379538536072,0.8109962344169617
5.663099050521851,0.49984872341156006,0.5001512765884399
5.667852878570557,0.49928271770477295,0.500717282295227
5.669977426528931,0.4990260601043701,0.5009739398956299
5.677099704742432,0.49816057085990906,0.5018394589424133
5.686965465545654,0.4969494044780731,0.5030505657196045
5.695637464523315,0.49587252736091614,0.5041275024414062
5.696852922439575,0.4957207143306732,0.5042792558670044
5.704973936080933,0.4946031868457794,0.5053967833518982
5.705014944076538,0.49459680914878845,0.5054031610488892
5.70796537399292,0.4941387474536896,0.505861222743988
5.713304042816162,0.4933057725429535,0.5066941976547241
5.736965179443359,0.48951032757759094,0.5104896426200867
5.737853050231934,0.4893612563610077,0.5106387138366699
5.739322662353516,0.48911410570144653,0.5108858942985535
5.740973949432373,0.4888358414173126,0.5111641883850098
5.752713203430176,0.48684161901474,0.51315838098526
5.753484487533569,0.48670968413352966,0.513290286064148
5.765965461730957,0.48455610871315,0.5154439210891724
5.767604351043701,0.4842709004878998,0.5157291293144226
5.767851829528809,0.4842278063297272,0.5157721638679504
5.7699737548828125,0.48385751247406006,0.5161424875259399
5.778492450714111,0.4823618233203888,0.5176381468772888
5.783144950866699,0.1529904305934906,0.847009539604187
5.798067569732666,0.167646124958992,0.8323538899421692
5.798971891403198,0.4720441401004791,0.5279558897018433
5.801089763641357,0.4716653525829315,0.5283346176147461
5.80485200881958,0.47099021077156067,0.5290098190307617
5.807964086532593,0.4704294502735138,0.5295705795288086
5.819970846176148,0.4682469666004181,0.5317530035972595
5.825851917266846,0.46716687083244324,0.5328330993652344
5.828111171722412,0.46675005555152893,0.5332499742507935
5.833971738815308,0.4656636416912079,0.5343363881111145
5.836963891983032,0.4651060998439789,0.5348939299583435
5.839913368225098,0.4645547568798065,0.5354452729225159
5.851422309875488,0.46238547563552856,0.5376145839691162
5.858104467391968,0.9173709750175476,0.08262908458709717
5.8678505420684814,0.47196903824806213,0.5280309319496155
5.8699376583099365,0.47159430384635925,0.5284056663513184
5.8709716796875,0.4714084267616272,0.5285915732383728
5.878145456314087,0.4701123535633087,0.5298876762390137
5.879963874816895,0.46978235244750977,0.530217707157135
5.889397382736206,0.46767696738243103,0.5323230624198914
5.901970863342285,0.4628950357437134,0.5371050238609314
5.905210971832275,0.4616478979587555,0.5383521318435669
5.905850648880005,0.4613855183124542,0.5386144518852234
5.908963203430176,0.4601067006587982,0.5398933291435242
5.921205997467041,0.45504069328308105,0.544959306716919
5.924561262130737,0.45364221930503845,0.5463578104972839
5.929970741271973,0.45137840509414673,0.5486215949058533
5.9332497119903564,0.8986941576004028,0.10130584985017776
5.933850526809692,0.5111827254295349,0.4888173043727875
5.935963153839111,0.5109626650810242,0.4890373945236206
5.951985597610474,0.5092580318450928,0.49074193835258484
5.954668045043945,0.5089690685272217,0.4910309314727783
5.960920333862305,0.18730133771896362,0.8126986622810364
5.9648497104644775,0.5046564936637878,0.49534353613853455
5.970970869064331,0.5039920806884766,0.4960079789161682
5.976348638534546,0.503403902053833,0.4965960681438446
5.977963447570801,0.5032264590263367,0.49677351117134094
5.987515926361084,0.5021695494651794,0.49783048033714294
6.000341892242432,0.5005303621292114,0.4994696378707886
6.000970840454102,0.5004483461380005,0.4995516538619995
6.00596284866333,0.49979478120803833,0.5002052187919617
6.006849527359009,0.4996783137321472,0.5003216862678528
6.014670610427856,0.4986445903778076,0.5013554096221924
6.021454572677612,0.9235538244247437,0.07644617557525635
6.030971050262451,0.5197249054908752,0.48027509450912476
6.031927824020386,0.5197280049324036,0.48027199506759644
6.034849643707275,0.5197376012802124,0.4802623987197876
6.0409629344940186,0.5197574496269226,0.480242520570755
6.0507519245147705,0.19818437099456787,0.8018156290054321
6.0611326694488525,0.516619861125946,0.48338010907173157
6.063848257064819,0.516631007194519,0.48336899280548096
6.069029331207275,0.5166521668434143,0.48334789276123047
6.071970462799072,0.5166642665863037,0.4833357632160187
6.076962947845459,0.5166845321655273,0.48331546783447266
6.079838514328003,0.9133412837982178,0.08665873110294342
6.085561752319336,0.5206871628761292,0.47931283712387085
6.0961668491363525,0.911084771156311,0.08891521394252777
6.099971771240234,0.5244947671890259,0.4755052626132965
6.101207256317139,0.91185462474823,0.08814539015293121
6.105963706970215,0.528161883354187,0.4718380868434906
6.106848239898682,0.5281736254692078,0.4718264043331146
6.112933874130249,0.5282542109489441,0.4717458486557007
6.127033472061157,0.2158651202917099,0.7841349244117737
6.133848667144775,0.5289130210876465,0.47108694911003113
6.135971784591675,0.5289251804351807,0.4710748791694641
6.140963792800903,0.5289539098739624,0.4710460901260376
6.142108917236328,0.5289605855941772,0.47103947401046753
6.146135568618774,0.5289836525917053,0.4710163176059723
6.163870573043823,0.8980421423912048,0.10195782780647278
6.164848327636719,0.5307180285453796,0.46928197145462036
6.169971704483032,0.5308846831321716,0.46911534667015076
6.171253442764282,0.5309264063835144,0.469073623418808
6.172565460205078,0.5309694409370422,0.46903055906295776
6.177963733673096,0.5311466455459595,0.4688534140586853
6.183184385299683,0.9126535654067993,0.08734644949436188
6.19870400428772,0.5347171425819397,0.4652828276157379
6.198970794677734,0.5347260236740112,0.46527400612831116
6.205848217010498,0.5349546670913696,0.46504533290863037
6.206961393356323,0.5349918603897095,0.4650081694126129
6.219451189041138,0.5354119539260864,0.46458807587623596
6.221118450164795,0.535468578338623,0.46453145146369934
6.235848665237427,0.535971999168396,0.4640280604362488
6.237393856048584,0.5360252857208252,0.4639747142791748
6.240970849990845,0.536040186882019,0.46395984292030334
6.247961521148682,0.536068320274353,0.463931679725647
6.24862813949585,0.5360708832740784,0.463929146528244
6.263848066329956,0.5361317992210388,0.4638681709766388
6.268970727920532,0.5361008644104004,0.4638991057872772
6.275914192199707,0.5360093116760254,0.4639906883239746
6.276961326599121,0.5359954237937927,0.46400463581085205
6.286264896392822,0.5358695983886719,0.46413037180900574
6.299738883972168,0.19530197978019714,0.8046980500221252
6.304969549179077,0.5348173975944519,0.4651826024055481
6.305962085723877,0.5348243117332458,0.46517571806907654
6.306622743606567,0.21684202551841736,0.783158004283905
6.306848049163818,0.5320061445236206,0.4679938852787018
6.3182220458984375,0.5320918560028076,0.46790817379951477
6.332449436187744,0.2309371829032898,0.7690628170967102
6.333847999572754,0.5320454239845276,0.4679545760154724
6.333969593048096,0.5320422053337097,0.4679577648639679
6.345258951187134,0.5317428112030029,0.46825721859931946
6.347962141036987,0.5316702723503113,0.4683297574520111
6.359084129333496,0.531369149684906,0.4686308801174164
6.364846467971802,0.5308246612548828,0.4691753089427948
6.366911888122559,0.5306050777435303,0.46939489245414734
6.368969440460205,0.5303857326507568,0.46961426734924316
6.375962257385254,0.5296356081962585,0.47036436200141907
6.379531383514404,0.5292499661445618,0.47075003385543823
6.393192768096924,0.5277574062347412,0.4722426235675812
6.404971122741699,0.5264486074447632,0.4735514521598816
6.405847072601318,0.5263504385948181,0.4736495614051819
6.408282041549683,0.5260442495346069,0.4739557206630707
6.41196084022522,0.5255635380744934,0.474436491727829
6.4130260944366455,0.5254238247871399,0.4745761752128601
6.423291921615601,0.5240544080734253,0.4759455621242523
6.432275056838989,0.5228282809257507,0.47717177867889404
6.434846878051758,0.5224745273590088,0.4775255024433136
6.439970970153809,0.5217662453651428,0.4782337248325348
6.444895267486572,0.5210810899734497,0.4789188802242279
6.4459614753723145,0.5209321975708008,0.4790678322315216
6.454093456268311,0.1898624300956726,0.8101375699043274
6.463845729827881,0.5170344114303589,0.4829655587673187
6.467961072921753,0.5163421034812927,0.4836578667163849
6.468971014022827,0.5161718130111694,0.48382821679115295
6.474587678909302,0.20444424450397491,0.7955557703971863
6.486570358276367,0.5105979442596436,0.48940202593803406
6.4980628490448,0.508602499961853,0.491397500038147
6.503968238830566,0.507565975189209,0.4924340546131134
6.506845712661743,0.5070581436157227,0.49294185638427734
6.509960889816284,0.5065062642097473,0.4934937357902527
6.511514902114868,0.5062301754951477,0.4937698543071747
6.5317466259002686,0.502587616443634,0.49741244316101074
6.533845663070679,0.5022045969963074,0.497795432806015
6.540968179702759,0.500897228717804,0.49910277128219604
6.54363226890564,0.5004053115844727,0.49959468841552734
6.545960903167725,0.4999741315841675,0.5000258684158325
6.54899525642395,0.9096545577049255,0.09034543484449387
6.563844442367554,0.5128133296966553,0.4871867001056671
6.565891265869141,0.5124693512916565,0.4875306785106659
6.568968057632446,0.511950671672821,0.48804935812950134
6.579881906509399,0.5100958347320557,0.4899041950702667
6.580960988998413,0.5099111199378967,0.4900888502597809
6.601244211196899,0.506350576877594,0.4936493933200836
6.6039674282073975,0.5058646202087402,0.49413543939590454
6.605844736099243,0.5055286884307861,0.4944712817668915
6.608958721160889,0.5049696564674377,0.49503031373023987
6.61129903793335,0.5045483112335205,0.4954516887664795
6.62080979347229,0.5028237700462341,0.49717628955841064
6.632883071899414,0.500605583190918,0.49939441680908203
6.635844469070435,0.5000336170196533,0.4999663829803467
6.637958526611328,0.4996241331100464,0.5003758668899536
6.639967441558838,0.49923408031463623,0.5007659196853638
6.644680738449097,0.8929728865623474,0.10702714323997498
6.653827905654907,0.5291600823402405,0.47083988785743713
6.660405158996582,0.5293990969657898,0.470600962638855
6.668846130371094,0.5297077298164368,0.47029224038124084
6.668967247009277,0.5297121405601501,0.47028785943984985
6.669020652770996,0.2150920033454895,0.7849080562591553
6.67892861366272,0.5278353691101074,0.47216466069221497
6.679958581924439,0.5278419256210327,0.4721580445766449
6.68643045425415,0.5278834104537964,0.4721165895462036
6.694764137268066,0.5279369354248047,0.4720630347728729
6.697845935821533,0.5279567241668701,0.47204333543777466
6.70596718788147,0.528008759021759,0.47199130058288574
6.708071947097778,0.528022289276123,0.47197774052619934
6.708958864212036,0.5280280709266663,0.47197195887565613
6.718554258346558,0.9163109064102173,0.08368915319442749
6.725496530532837,0.5299340486526489,0.47006598114967346
6.731967449188232,0.5301737189292908,0.46982628107070923
6.733845949172974,0.5302435755729675,0.46975645422935486
6.735959053039551,0.5303223133087158,0.4696776866912842
6.738117694854736,0.22070932388305664,0.7792906761169434
6.753216028213501,0.5283539295196533,0.4716460704803467
6.76499605178833,0.528241753578186,0.47175824642181396
6.768967151641846,0.52820885181427,0.47179114818573
6.769408464431763,0.9038217067718506,0.09617827087640762
6.770846843719482,0.5303025245666504,0.4696974456310272
6.77653431892395,0.5304346084594727,0.46956539154052734
6.780959129333496,0.5305376648902893,0.4694623649120331
6.788014650344849,0.8994370102882385,0.10056296736001968
6.793963193893433,0.9020447134971619,0.09795534610748291
6.802967071533203,0.534709632396698,0.4652903974056244
6.80484676361084,0.5347512364387512,0.46524882316589355
6.806167602539063,0.5347805023193359,0.4652194678783417
6.807957410812378,0.5348202586174011,0.46517977118492126
6.814344644546509,0.23869198560714722,0.7613080143928528
6.830150127410889,0.5366750359535217,0.46332496404647827
6.830966949462891,0.5366816520690918,0.4633183181285858
6.835846900939941,0.536701500415802,0.4632985293865204
6.837064027786255,0.536663830280304,0.46333616971969604
6.837957382202148,0.5366362929344177,0.46336376667022705
6.856334447860718,0.8883155584335327,0.1116844117641449
6.86215877532959,0.5300927758216858,0.4699072241783142
6.866957426071167,0.5302508473396301,0.4697491228580475
6.868845701217651,0.5303133130073547,0.46968674659729004
6.868897914886475,0.5303149819374084,0.46968507766723633
6.872967004776001,0.5304498672485352,0.46955013275146484
6.8828041553497314,0.9035129547119141,0.09648708999156952
6.901967287063599,0.5334583520889282,0.4665416479110718
6.906845808029175,0.5336325764656067,0.4663674533367157
6.908956527709961,0.5336980223655701,0.4663020372390747
6.920239448547363,0.5339252352714539,0.46607473492622375
6.933199167251587,0.534187912940979,0.46581214666366577
6.934845685958862,0.5342215299606323,0.4657784700393677
6.936956644058228,0.5342645645141602,0.46573546528816223
6.939967155456543,0.5343258380889893,0.4656742215156555
6.942380666732788,0.5343751311302185,0.4656248986721039
6.953555583953857,0.534604012966156,0.46539604663848877
6.96343994140625,0.5348076224327087,0.46519237756729126
6.964844465255737,0.5348366498947144,0.46516337990760803
6.972967147827148,0.535004734992981,0.46499529480934143
6.980956554412842,0.53517085313797,0.46482914686203003
6.9946129322052,0.535456120967865,0.4645439088344574
7.000966787338257,0.5355895757675171,0.4644104540348053
7.004829406738281,0.21430812776088715,0.7856918573379517
7.006844520568848,0.5371661186218262,0.4628339111804962
7.008952856063843,0.5372576713562012,0.46274229884147644
7.01438045501709,0.5374945402145386,0.4625054597854614
7.028828144073486,0.2414645254611969,0.7585355043411255
7.029966592788696,0.539424479007721,0.46057549118995667
7.034844398498535,0.5396192669868469,0.46038079261779785
7.038474559783936,0.5397645235061646,0.46023544669151306
7.038953065872192,0.539783775806427,0.460216224193573
7.0529844760894775,0.5399618744850159,0.46003812551498413
7.06695294380188,0.5398275256156921,0.4601724445819855
7.069843530654907,0.5397192239761353,0.46028080582618713
7.070966720581055,0.5396770238876343,0.4603230059146881
7.075096845626831,0.5395194292068481,0.46048054099082947
7.0758607387542725,0.5394881963729858,0.46051183342933655
7.09365701675415,0.5384096503257751,0.46159034967422485
7.09996485710144,0.5379927754402161,0.46200722455978394
7.104843378067017,0.5376676917076111,0.4623323380947113
7.107722043991089,0.5374747514724731,0.46252527832984924
7.108954906463623,0.537391722202301,0.46260830760002136
7.114775657653809,0.5369983315467834,0.46300169825553894
7.118837356567383,0.5367216467857361,0.4632783830165863
7.132507801055908,0.5357843637466431,0.46421563625335693
7.134843587875366,0.5356236696243286,0.4643763601779938
7.13695502281189,0.5354745984077454,0.46452537178993225
7.140964984893799,0.5348226428031921,0.46517738699913025
7.144035339355469,0.5342663526535034,0.46573370695114136
7.149364709854126,0.21048659086227417,0.7895134091377258
7.164579391479492,0.22806183993816376,0.771938145160675
7.167843580245972,0.5295291543006897,0.4704708456993103
7.168964862823486,0.5293275713920593,0.47067245841026306
7.175679922103882,0.5281137824058533,0.47188621759414673
7.179955005645752,0.5273334383964539,0.4726666212081909
7.182173252105713,0.5269147753715515,0.4730851948261261
7.191648006439209,0.525069534778595,0.47493046522140503
7.196843385696411,0.5240479707717896,0.47595205903053284
7.20396614074707,0.5226360559463501,0.4773639142513275
7.20895504951477,0.5216392278671265,0.47836077213287354
7.215039968490601,0.908837080001831,0.09116295725107193
7.220972537994385,0.5362025499343872,0.4637974500656128
7.2369544506073,0.5346052646636963,0.4653947651386261
7.2388434410095215,0.5342718362808228,0.46572816371917725
7.238966226577759,0.5342500805854797,0.46574994921684265
7.239732503890991,0.5341147780418396,0.4658852517604828
7.247725963592529,0.5326931476593018,0.46730682253837585
7.258806943893433,0.5306985378265381,0.4693014919757843
7.267719030380249,0.529028058052063,0.4709719717502594
7.268841981887817,0.5288137793540955,0.47118625044822693
7.269966125488281,0.528598964214325,0.47140106558799744
7.278954744338989,0.5268700122833252,0.4731300473213196
7.291032314300537,0.524516224861145,0.47548380494117737
7.295841932296753,0.5235686898231506,0.47643131017684937
7.300217866897583,0.5227018594741821,0.47729814052581787
7.3049635887146,0.5217561721801758,0.47824379801750183
7.305560111999512,0.5216370224952698,0.4783629775047302
7.306951522827148,0.5213586688041687,0.4786413609981537
7.324993848800659,0.8815459609031677,0.11845403909683228
7.331681251525879,0.5354551672935486,0.4645448327064514
7.337841987609863,0.5356307029724121,0.4643692970275879
7.34096360206604,0.5357610583305359,0.4642389416694641
7.341951370239258,0.5357868671417236,0.46421319246292114
7.34618353843689,0.5358976125717163,0.4641023874282837
7.352293252944946,0.23247089982032776,0.7675291299819946
7.3615288734436035,0.5358997583389282,0.46410027146339417
7.3658387660980225,0.5360280275344849,0.4639720320701599
7.372341871261597,0.5359432101249695,0.4640567898750305
7.374963521957397,0.5358705520629883,0.46412941813468933
7.376951456069946,0.5358150601387024,0.4641849100589752
7.386767864227295,0.5355377793312073,0.4644622206687927
7.393838882446289,0.5353705883026123,0.4646293818950653
7.398910999298096,0.5352335572242737,0.4647664725780487
7.402963399887085,0.535078763961792,0.4649212658405304
7.406930446624756,0.9056928753852844,0.0943070724606514
7.407934665679932,0.5246483087539673,0.4753517210483551
7.412949800491333,0.524725615978241,0.47527435421943665
7.426561117172241,0.22742584347724915,0.7725741863250732
7.430963277816772,0.523774266242981,0.47622573375701904
7.436838865280151,0.5238456726074219,0.47615429759025574
7.4409499168396,0.5239169001579285,0.4760831594467163
7.458629608154297,0.5242252349853516,0.4757748246192932
7.46383786201477,0.5243168473243713,0.47568318247795105
7.468949794769287,0.5244069695472717,0.4755930006504059
7.469516277313232,0.5244171023368835,0.47558289766311646
7.473963260650635,0.5244957804679871,0.4755042493343353
7.474982500076294,0.8975223302841187,0.10247770696878433
7.487988233566284,0.5261337757110596,0.47386622428894043
7.498837947845459,0.5263141393661499,0.4736858904361725
7.50196385383606,0.5263662934303284,0.47363367676734924
7.50667667388916,0.893801748752594,0.1061982586979866
7.5089757442474365,0.8963817954063416,0.10361818969249725
7.509954452514648,0.5285317897796631,0.4714681804180145
7.525533676147461,0.5287668704986572,0.47123318910598755
7.528189659118652,0.24748075008392334,0.7525193095207214
7.530963659286499,0.5336400866508484,0.4663599133491516
7.535837888717651,0.5337642431259155,0.46623581647872925
7.545954465866089,0.5340229272842407,0.46597710251808167
7.548485040664673,0.5340879559516907,0.4659120738506317
7.556245565414429,0.53427654504776,0.4657234847545624
7.562834501266479,0.5343506932258606,0.4656493365764618
7.565954446792602,0.5343856811523438,0.46561431884765625
7.573963642120361,0.5344751477241516,0.4655248820781708
7.574511051177978,0.5344811677932739,0.4655188024044037
7.585698843002319,0.8831079006195068,0.11689212918281555
7.594019889831543,0.530917227268219,0.4690827429294586
7.599080324172974,0.5309426784515381,0.4690573513507843
7.601966619491577,0.5309571623802185,0.4690428674221039
7.60483455657959,0.5309711694717407,0.4690288305282593
7.607954502105713,0.530986487865448,0.4690135419368744
7.6104137897491455,0.8971939086914062,0.10280612111091614
7.622812986373901,0.5323427319526672,0.4676572382450104
7.631734371185303,0.532378613948822,0.46762141585350037
7.633834600448608,0.5323867201805115,0.46761325001716614
7.6369545459747314,0.5323987603187561,0.4676012098789215
7.639966726303101,0.5324101448059082,0.4675899147987366
7.658825874328613,0.5327358841896057,0.4672640860080719
7.660966634750366,0.5327764749526978,0.46722349524497986
7.663112163543701,0.5328173041343689,0.4671827256679535
7.66883373260498,0.532926082611084,0.46707388758659363
7.678954601287842,0.5331193804740906,0.46688058972358704
7.696069240570068,0.5334481000900269,0.46655192971229553
7.6970953941345215,0.5334678292274475,0.4665321409702301
7.703965902328491,0.5336005687713623,0.4663994014263153
7.704833745956421,0.5336174368858337,0.46638256311416626
7.706955194473267,0.5336585640907288,0.46634146571159363
7.7080628871917725,0.5336799025535583,0.46632009744644165
7.71767258644104,0.21930184960365295,0.7806981801986694
7.723095178604126,0.24330033361911774,0.7566996812820435
7.733245372772217,0.5402836799621582,0.4597163200378418
7.734833717346191,0.5403372049331665,0.4596627652645111
7.737955331802368,0.5404424071311951,0.4595576226711273
7.73896598815918,0.5404765009880066,0.4595235288143158
7.740864276885986,0.2519947588443756,0.748005211353302
7.749089956283569,0.5421636700630188,0.4578363001346588
7.759091854095459,0.5425463914871216,0.4574536681175232
7.76483154296875,0.542767345905304,0.4572327136993408
7.766955375671387,0.5428493618965149,0.4571506083011627
7.76896595954895,0.5429273247718811,0.4570727050304413
7.769676923751831,0.5429548025131226,0.45704516768455505
7.777874231338501,0.543273389339447,0.4567265808582306
7.7900426387786865,0.5437501072883606,0.4562498927116394
7.804965257644653,0.5436505675315857,0.4563494622707367
7.805131912231445,0.5436456203460693,0.45635440945625305
7.805831432342529,0.5436245799064636,0.456375390291214
7.808956861495972,0.5435302257537842,0.4564698040485382
7.810095071792602,0.5434957146644592,0.45650431513786316
7.820683240890503,0.5431712865829468,0.4568287134170532
7.828956127166748,0.5429134368896484,0.4570865333080292
7.833831548690796,0.5427597761154175,0.4572402536869049
7.836956739425659,0.5426604151725769,0.4573396146297455
7.839965343475342,0.542564332485199,0.45743563771247864
7.858767509460449,0.5419432520866394,0.45805680751800537
7.862228631973267,0.22266609966754913,0.7773339152336121
7.865956783294678,0.5436410307884216,0.456358939409256
7.86883020401001,0.5435001254081726,0.456499844789505
7.86896538734436,0.5434929132461548,0.4565070569515228
7.871716260910034,0.24295520782470703,0.757044792175293
7.879842758178711,0.54215008020401,0.4578499495983124
7.891000747680664,0.5413531064987183,0.4586469233036041
7.902965068817139,0.5401901006698608,0.4598098695278168
7.903830051422119,0.5401051044464111,0.45989495515823364
7.906313180923462,0.5398603081703186,0.4601396918296814
7.906958341598511,0.5397964715957642,0.4602035582065582
7.920528650283813,0.5384423732757568,0.46155765652656555
7.930965185165405,0.5365559458732605,0.4634440839290619
7.933086633682251,0.5361337065696716,0.46386632323265076
7.933281898498535,0.9019654393196106,0.0980345755815506
7.933830261230469,0.5426111817359924,0.45738884806632996
7.950416564941406,0.5416650176048279,0.45833495259284973
7.950958251953125,0.541633665561676,0.458366334438324
7.963045597076416,0.5406489372253418,0.4593510925769806
7.968828201293945,0.5400840640068054,0.45991596579551697
7.973965167999268,0.5395786166191101,0.4604213833808899
7.976880073547363,0.539290189743042,0.460709810256958
7.9799580574035645,0.5389844179153442,0.46101561188697815
7.984944105148315,0.5384864211082458,0.46151354908943176
7.996479988098144,0.5368051528930664,0.4631948471069336
7.997828006744385,0.5365427136421204,0.463457316160202
8.000964641571045,0.5359300971031189,0.4640698730945587
8.005080461502075,0.5351225733757019,0.4648774564266205
8.006957769393921,0.5347528457641602,0.46524718403816223
8.01938247680664,0.8769668340682983,0.12303315848112106
8.02862024307251,0.534367024898529,0.46563294529914856
8.03682804107666,0.5345747470855713,0.4654252827167511
8.038836240768433,0.5346257090568542,0.46537432074546814
8.03896450996399,0.5346289873123169,0.4653710722923279
8.040957927703857,0.534679651260376,0.4653204083442688
8.046483755111694,0.24017778038978577,0.7598221898078918
8.058444261550903,0.5351581573486328,0.4648418724536896
8.059964656829834,0.5352003574371338,0.464799702167511
8.063830852508545,0.5353077054023743,0.4646923542022705
8.065685272216797,0.5353593826293945,0.46464061737060547
8.076716184616089,0.5356679558753967,0.46433207392692566
8.076957941055298,0.5356747508049011,0.4643252193927765
8.090261936187744,0.5360110998153687,0.46398890018463135
8.101964473724365,0.5361708402633667,0.4638291299343109
8.102338552474976,0.9004543423652649,0.0995456725358963
8.105830907821655,0.5264500975608826,0.47354987263679504
8.106734275817871,0.5264518857002258,0.4735480844974518
8.106957912445068,0.5264522433280945,0.47354772686958313
8.129964351654053,0.526494562625885,0.4735054075717926
8.134830951690674,0.5265024900436401,0.47349750995635986
8.136247396469116,0.2350451946258545,0.7649548649787903
8.140957832336426,0.5261842012405396,0.47381582856178284
8.148664951324463,0.5262139439582825,0.4737860858440399
8.15802526473999,0.5262492299079895,0.4737507998943329
8.169829607009888,0.5262922048568726,0.47370782494544983
8.171964406967163,0.5262997150421143,0.47370031476020813
8.172173738479614,0.8940865993499756,0.10591340065002441
8.175957918167114,0.5259917974472046,0.4740082323551178
8.186131715774536,0.526001513004303,0.473998486995697
8.198747158050537,0.8919834494590759,0.10801654309034348
8.200963020324707,0.5255163908004761,0.4744836390018463
8.204829692840576,0.5255103707313538,0.47448962926864624
8.205002069473267,0.8912667632102966,0.10873329639434814
8.211959600448608,0.5254298448562622,0.4745701849460602
8.213378667831421,0.5254254341125488,0.47457459568977356
8.22173547744751,0.24853286147117615,0.7514671087265015
8.230962991714478,0.5310551524162292,0.46894487738609314
8.234829664230347,0.5311382412910461,0.46886175870895386
8.237157821655273,0.531188428401947,0.46881160140037537
8.245959520339966,0.5313785076141357,0.46862146258354187
8.250170230865479,0.5314700603485107,0.46852990984916687
8.262186050415039,0.8803415894508362,0.11965839564800262
8.267959594726562,0.5308128595352173,0.4691871106624603
8.268566846847534,0.5308160781860352,0.46918392181396484
8.268827676773071,0.5308175086975098,0.46918249130249023
8.271963119506836,0.5308338403701782,0.46916618943214417
8.280854225158691,0.530879557132721,0.46912044286727905
8.291743278503418,0.8942015767097473,0.10579842329025269
8.296827554702759,0.5314528346061707,0.46854713559150696
8.299964666366577,0.5314653515815735,0.4685346782207489
8.306488513946533,0.531490683555603,0.46850934624671936
8.309958934783936,0.5315039157867432,0.46849608421325684
8.318063259124756,0.5315338969230652,0.4684661328792572
8.334964275360107,0.5315930843353271,0.46840691566467285
8.335580110549927,0.5315950512886047,0.46840497851371765
8.337827682495117,0.5316025018692017,0.46839746832847595
8.338958978652954,0.5316063165664673,0.4683936536312103
8.348849534988403,0.5316379070281982,0.46836212277412415
8.36171817779541,0.5316762924194336,0.468323677778244
8.365826606750488,0.5316879749298096,0.4683120846748352
8.36595892906189,0.531688392162323,0.4683116674423218
8.369964361190796,0.5316994190216064,0.46830061078071594
8.374559879302979,0.5317116975784302,0.4682883024215698
8.388214588165283,0.5317461490631104,0.4682539105415344
8.394826650619507,0.5317614078521729,0.46823862195014954
8.399964094161987,0.531772792339325,0.46822720766067505
8.407957792282104,0.5317893624305725,0.46821069717407227
8.411548614501953,0.24630509316921234,0.7536948323249817
8.417333126068115,0.2266843616962433,0.7733156681060791
8.430569887161255,0.5378616452217102,0.4621383845806122
8.435964107513428,0.53797447681427,0.46202555298805237
8.436826467514038,0.5379889607429504,0.46201106905937195
8.436957836151123,0.5379911065101624,0.46200889348983765
8.452669143676758,0.2550477683544159,0.7449522614479065
8.465821266174316,0.5420156717300415,0.4579843580722809
8.467260122299194,0.5420694351196289,0.4579305946826935
8.470964193344116,0.542208194732666,0.45779183506965637
8.478957891464233,0.5425089001655579,0.45749109983444214
8.479262351989746,0.5425205230712891,0.45747947692871094
8.493589401245117,0.5430648922920227,0.4569350779056549
8.493821144104004,0.5430737733840942,0.4569261968135834
8.498411893844604,0.5432495474815369,0.45675045251846313
8.499961137771606,0.543309211730957,0.45669084787368774
8.506713390350342,0.5435692667961121,0.4564307630062103
8.507958889007568,0.5436172485351562,0.45638272166252136
8.522608041763306,0.5441872477531433,0.4558127522468567
8.532968759536743,0.5445944666862488,0.4554055631160736
8.533961057662964,0.5446336269378662,0.45536643266677856
8.539821147918701,0.544865608215332,0.45513442158699036
8.539958953857422,0.544870913028717,0.45512905716896057
8.548484802246094,0.5451977849006653,0.45480218529701233
8.56381893157959,0.5450537800788879,0.4549461901187897
8.56581997871399,0.5449884533882141,0.4550115168094635
8.568961143493652,0.5448856353759766,0.45511433482170105
8.57521677017212,0.5446792840957642,0.45532068610191345
8.580958843231201,0.5444279909133911,0.4555720090866089
8.58395004272461,0.2323225736618042,0.7676774263381958
8.59797739982605,0.2524683475494385,0.7475316524505615
8.604820013046265,0.5448241829872131,0.45517584681510925
8.604853391647339,0.5448229312896729,0.45517709851264954
8.604960441589355,0.5448184609413147,0.4551815688610077
8.607958316802979,0.5446938872337341,0.4553060829639435
8.616432189941406,0.5443321466445923,0.4556678831577301
8.62581992149353,0.5437811613082886,0.4562188386917114
8.627922058105469,0.5436567664146423,0.4563432037830353
8.635958671569824,0.5431774854660034,0.4568224847316742
8.637904644012451,0.5430604815483093,0.4569395184516907
8.639960765838623,0.5429365634918213,0.4570634067058563
8.648820400238037,0.5423983335494995,0.45760172605514526
8.65379524230957,0.904541552066803,0.09545846283435822
8.66781735420227,0.5448558926582336,0.45514407753944397
8.669960737228394,0.5447648167610168,0.45523524284362793
8.671573877334595,0.5446959137916565,0.4553040862083435
8.678958654403687,0.5443784594535828,0.4556215703487396
8.68147897720337,0.5442691445350647,0.4557308554649353
8.695817470550537,0.543574333190918,0.4564256966114044
8.702979564666748,0.5431442856788635,0.4568556845188141
8.704957246780396,0.5430248975753784,0.45697516202926636
8.707959651947021,0.5428426861763,0.45715728402137756
8.71831750869751,0.5422083735466003,0.45779165625572205
8.729689836502075,0.5415005683898926,0.4584994912147522
8.735959529876709,0.5411021709442139,0.4588978588581085
8.738573789596558,0.5408987402915955,0.4591013193130493
8.739817380905151,0.5408016443252563,0.45919838547706604
8.740957260131836,0.5407124757766724,0.45928749442100525
8.75183892250061,0.872439980506897,0.12756001949310303
8.76095724105835,0.5398775935173035,0.46012240648269653
8.769290447235107,0.539998471736908,0.46000152826309204
8.773815393447876,0.5400637984275818,0.4599362015724182
8.773958444595337,0.5400658249855042,0.45993420481681824
8.77795958518982,0.5401232838630676,0.45987668633461
8.784001111984253,0.24673858284950256,0.7532614469528198
8.792665958404541,0.5409161448478699,0.45908382534980774
8.795815467834473,0.5409737229347229,0.4590262770652771
8.803956270217896,0.5411221385002136,0.4588778614997864
8.805755853652954,0.5411549210548401,0.4588450491428375
8.805957555770874,0.5411585569381714,0.4588414430618286
8.819864511489868,0.5413827896118164,0.4586171805858612
8.830956220626831,0.5412660241127014,0.45873400568962097
8.83574914932251,0.5410184860229492,0.4589815139770508
8.837815284729004,0.5409111976623535,0.4590888023376465
8.840957641601562,0.5407472848892212,0.4592527449131012
8.850027799606323,0.5401855707168579,0.4598144590854645
8.851042032241821,0.8983570337295532,0.10164296627044678
8.866036653518677,0.23904401063919067,0.7609559893608093
8.866814374923706,0.5306456685066223,0.4693543612957001
8.872956275939941,0.5306832194328308,0.46931684017181396
8.875359058380127,0.530697762966156,0.46930229663848877
8.876957654953003,0.5307074785232544,0.4692925214767456
8.889167070388794,0.5307802557945251,0.46921971440315247
8.894814252853394,0.5308132767677307,0.4691866934299469
8.897139549255371,0.8930125832557678,0.10698742419481277
8.908782243728638,0.5310239195823669,0.46897614002227783
8.908955812454224,0.531024694442749,0.4689752757549286
8.91195797920227,0.5310381650924683,0.4689618647098541
8.928956031799316,0.5311115384101868,0.4688884913921356
8.931559801101685,0.8877896666526794,0.11221032589673996
8.936814069747925,0.5315304398536682,0.4684695303440094
8.938164710998535,0.8865452408790588,0.11345478147268295
8.947957992553711,0.532051682472229,0.4679483473300934
8.95176386833191,0.532059907913208,0.467940092086792
8.955548524856567,0.25829312205314636,0.7417068481445312
8.964810371398926,0.5397458672523499,0.46025410294532776
8.965602397918701,0.5397684574127197,0.46023157238960266
8.973516464233398,0.5399965643882751,0.46000343561172485
8.973955869674683,0.5400092601776123,0.4599907398223877
8.975958108901978,0.5400671362876892,0.45993292331695557
8.98495864868164,0.8777384757995605,0.12226149439811707
8.9933180809021,0.5354110598564148,0.4645889699459076
8.999810457229614,0.5354748964309692,0.4645250737667084
9.000437259674072,0.5354808568954468,0.4645191431045532
9.000955820083618,0.535486102104187,0.46451395750045776
9.011956214904783,0.5355927348136902,0.4644072353839874
9.029955863952637,0.5357644557952881,0.4642355740070343
9.030014753341677,0.8912004828453064,0.10879957675933838
9.035810470581056,0.5360651016235352,0.4639349579811096
9.043787002563477,0.5361326932907104,0.46386733651161194
9.045956373214722,0.5361509323120117,0.4638490676879883
9.060570240020752,0.5362716913223267,0.46372830867767334
9.069809675216677,0.536346435546875,0.4636536240577698
9.071955919265749,0.5363634824752808,0.46363651752471924
9.075956344604492,0.5363953709602356,0.463604599237442
9.080166101455688,0.5364285111427307,0.4635714888572693
9.094871282577516,0.5365422964096069,0.46345770359039307
9.101955890655518,0.5365960001945496,0.46340399980545044
9.104809761047363,0.5366172790527344,0.4633827209472656
9.105273008346558,0.5366206765174866,0.4633793532848358
9.109955072402954,0.5366555452346802,0.4633444845676422
9.114118099212646,0.5366859436035156,0.4633140563964844
9.129189729690552,0.5367940664291382,0.46320590376853943
9.129956007003784,0.5367995500564575,0.46320050954818726
9.133809566497805,0.5368264317512512,0.4631735682487488
9.137954950332642,0.5368552207946777,0.46314480900764465
9.141530513763428,0.23376519978046417,0.766234815120697
9.1512930393219,0.24902382493019104,0.7509761452674866
9.15654969215393,0.544498860836029,0.4555011987686157
9.168809175491331,0.5449379086494446,0.4550620913505554
9.171955823898315,0.5450513362884521,0.45494869351387024
9.178135395050049,0.2632931172847748,0.7367069125175476
9.179955005645752,0.548168957233429,0.45183107256889343
9.187575578689575,0.5484851598739624,0.45151486992836
9.200956106185911,0.5488621592521667,0.45113781094551086
9.204809188842772,0.548905611038208,0.45109444856643677
9.204848051071169,0.5489059090614319,0.4510940909385681
9.207739353179932,0.548928439617157,0.4510715901851654
9.207957744598389,0.5489301085472107,0.4510698616504669
9.225574493408203,0.5484179258346558,0.4515821039676666
9.229956150054932,0.5482425093650818,0.4517574608325958
9.233809471130373,0.548087477684021,0.4519125521183014
9.236957788467407,0.5479599237442017,0.4520401060581207
9.247845888137816,0.5475138425827026,0.45248618721961975
9.262567520141602,0.5468976497650146,0.4531024098396301
9.26547884941101,0.5467739105224609,0.45322608947753906
9.26880979537964,0.5465908050537109,0.45340922474861145
9.270956039428713,0.546465277671814,0.45353469252586365
9.27326512336731,0.5463298559188843,0.4536701440811157
9.27995777130127,0.5459344983100891,0.4540655016899109
9.289450407028198,0.5453671216964722,0.45463287830352783
9.299954652786257,0.5447295904159546,0.4552704393863678
9.303809642791748,0.5444930195808411,0.45550695061683655
9.306053876876833,0.5443546772003174,0.455645352602005
9.309957265853882,0.5441129803657532,0.4558870494365692
9.311176061630247,0.2336473912000656,0.766352653503418
9.322280645370483,0.25295576453208923,0.7470442056655884
9.328099250793455,0.5451802015304565,0.45481982827186584
9.333809852600098,0.5448482036590576,0.45515176653862
9.335954666137695,0.5447226762771606,0.45527729392051697
9.335957288742064,0.5447226166725159,0.4552774429321289
9.341843843460085,0.5443763136863708,0.45562371611595154
9.350255966186523,0.5438761115074158,0.45612388849258423
9.362063884735107,0.5430143475532532,0.4569856822490692
9.368808507919312,0.5422570705413818,0.45774295926094055
9.369954586029053,0.542127788066864,0.4578721821308136
9.373415470123293,0.5417080521583557,0.4582919180393219
9.378685474395752,0.8935222625732422,0.106477752327919
9.38095736503601,0.5431396961212158,0.4568603038787842
9.39631175994873,0.5421357750892639,0.4578641951084137
9.399954080581663,0.5417413711547852,0.45825859904289246
9.40380835533142,0.5413220524787903,0.4586779475212097
9.408956050872805,0.540643036365509,0.45935696363449097
9.41007661819458,0.5404813289642334,0.4595186412334442
9.42058253288269,0.5381414890289307,0.46185848116874695
9.432050943374634,0.5352903604507446,0.46470963954925537
9.434954166412354,0.5345620512962341,0.46543794870376587
9.4379563331604,0.5338063836097717,0.4661935865879059
9.43880844116211,0.5335914492607117,0.4664085805416107
9.441658735275269,0.5328707695007324,0.46712929010391235
9.448343992233276,0.5311706066131592,0.4688293933868408
9.458075761795044,0.8741294145584106,0.12587058544158936
9.466806888580322,0.5399985909461975,0.4600014090538025
9.46695637702942,0.5400028824806213,0.45999714732170105
9.469371795654297,0.5400719046592712,0.45992809534072876
9.471954107284546,0.5401458144187927,0.4598541855812073
9.484721422195436,0.5405128002166748,0.45948725938796997
9.489009141921995,0.24550896883010864,0.7544910311698914
9.49480676651001,0.5408766865730286,0.45912331342697144
9.496538877487184,0.5409306287765503,0.4590693712234497
9.499955415725708,0.5410369634628296,0.4589630663394928
9.509955644607544,0.5413496494293213,0.4586503505706787
9.522480487823486,0.5417442321777344,0.458255797624588
9.530096530914308,0.5419374108314514,0.4580625891685486
9.534955263137816,0.5420238971710205,0.4579761326313019
9.5368070602417,0.5420567989349365,0.4579432010650635
9.53695559501648,0.5420594811439514,0.45794057846069336
9.539669036865234,0.5421076416969299,0.45789238810539246
9.549078941345217,0.9004333019256592,0.09956670552492142
9.5658061504364,0.5394241213798523,0.4605758488178253
9.570955514907835,0.5394876003265381,0.4605124592781067
9.578446388244627,0.5395793318748474,0.4604206681251526
9.580955266952516,0.5396100282669067,0.46039000153541565
9.590309381484984,0.24729862809181213,0.7527013421058655
9.593806028366089,0.5401254296302795,0.45987454056739807
9.599954843521118,0.5402166247367859,0.4597834050655365
9.601350784301758,0.5402374267578125,0.4597625732421875
9.607952117919922,0.5403349995613098,0.4596649706363678
9.61001181602478,0.5403653979301453,0.45963460206985474
9.624199867248535,0.888898491859436,0.11110155284404755
9.631842851638794,0.5402073264122009,0.4597926437854767
9.6358060836792,0.5402587056159973,0.4597413241863251
9.63695478439331,0.5402736067771912,0.45972636342048645
9.637952089309692,0.5402864813804626,0.45971357822418213
9.641095399856567,0.8859383463859558,0.11406166851520538
9.65498685836792,0.8675898909568787,0.13241007924079895
9.66580605506897,0.5411921143531799,0.45880788564682007
9.666952133178713,0.5411681532859802,0.4588318467140198
9.670954942703249,0.5410836935043335,0.4589162766933441
9.677531242370604,0.5409433245658875,0.4590567350387573
9.688287734985352,0.36803263425827026,0.6319673657417297
9.693806171417236,0.5466038584709167,0.45339614152908325
9.69995379447937,0.5463438034057617,0.4536561965942383
9.70331048965454,0.5462008118629456,0.45379921793937683
9.708951711654665,0.5459587574005127,0.4540412127971649
9.734050512313845,0.5445723533630371,0.4554276764392853
9.735805988311768,0.5444684624671936,0.455531507730484
9.73695158958435,0.5444007515907288,0.45559927821159363
9.740953922271729,0.5441626906394958,0.45583730936050415
9.74510645866394,0.8641088604927063,0.1358911693096161
9.755536317825316,0.7770529985427856,0.22294700145721436
9.76480484008789,0.7711654305458069,0.2288346141576767
9.765951871871948,0.7710670828819275,0.22893284261226654
9.768917798995972,0.7708114981651306,0.22918854653835297
9.769953966140749,0.7707216143608093,0.22927841544151306
9.786123514175417,0.769105076789856,0.23089498281478882
9.798558712005615,0.7722287774085999,0.22777119278907776
9.804954051971436,0.7664510011672974,0.23354898393154144
9.805773258209229,0.7663608193397522,0.23363915085792542
9.807805061340332,0.7661362886428833,0.2338637262582779
9.80894947052002,0.7660092711448669,0.23399074375629425
9.815577030181885,0.7652654051780701,0.23473460972309113
9.824007987976074,0.7642990946769714,0.23570092022418976
9.8358051776886,0.7626796364784241,0.23732033371925354
9.837621450424194,0.7623658776283264,0.23763413727283478
9.838949203491213,0.7621281147003174,0.2378719002008438
9.839954137802124,0.761947512626648,0.23805245757102966
9.86010479927063,0.7581480741500854,0.24185191094875336
9.864804029464722,0.7571856379508972,0.24281442165374756
9.865949153900146,0.7569491863250732,0.24305084347724915
9.867868661880491,0.7565513253211975,0.24344868957996368
9.868954181671144,0.7563254237174988,0.2436746209859848
9.876810789108276,0.7546708583831787,0.24532917141914368
9.88718032836914,0.7281240224838257,0.2718760073184967
9.88969874382019,0.7433746457099915,0.25662535429000854
9.89880394935608,0.7946891188621521,0.2053108811378479
9.902951002120972,0.7943410873413086,0.2056588977575302
9.907263278961182,0.7939745783805847,0.20602545142173767
9.907950639724731,0.7939156889915466,0.20608431100845337
9.915317058563232,0.7705644965171814,0.2294355034828186
9.923081874847412,0.8204377293586731,0.17956233024597168
9.93195104598999,0.8201252818107605,0.1798747330904007
9.93580412864685,0.8199877738952637,0.18001222610473633
9.935950756072998,0.8199825286865234,0.18001753091812134
9.939842462539673,0.8198408484458923,0.18015918135643005
9.948881149291992,0.8195009827613831,0.18049898743629456
9.955668449401855,0.8192359209060669,0.1807641088962555
9.963801860809326,0.8189067244529724,0.1810932457447052
9.968683242797852,0.8187031149864197,0.18129687011241913
9.97295093536377,0.81852126121521,0.18147867918014526
9.97795057296753,0.8183037042617798,0.18169626593589783
9.981595754623411,0.8181419372558594,0.181858092546463
9.987173557281494,0.8178845047950745,0.18211551010608673
9.99837851524353,0.8173332810401917,0.18266671895980835
10.000947952270508,0.8172032237052917,0.18279680609703064
10.005801677703856,0.8169534802436829,0.18304656445980072
10.006952047348022,0.816893458366394,0.18310652673244476
10.011842966079712,0.8166353106498718,0.1833646297454834
10.028191328048706,0.8157134056091309,0.18428660929203033
10.029947996139526,0.8156098127365112,0.18439018726348877
10.034801721572876,0.8153198957443237,0.18468011915683746
10.042952060699465,0.8148203492164612,0.18517963588237762
10.044097900390623,0.7756782174110413,0.22432175278663635
10.05325412750244,0.78782057762146,0.21217939257621765
10.06101393699646,0.8386838436126709,0.1613161712884903
10.064799070358276,0.8386287689208984,0.16137127578258514
10.072431325912476,0.8385111689567566,0.16148889064788818
10.072947978973389,0.838502824306488,0.16149717569351196
10.0769522190094,0.8384373188018799,0.1615626960992813
10.081754446029665,0.8383553624153137,0.16164462268352509
10.099990844726562,0.8380118012428284,0.16198822855949402
10.100194454193115,0.8380076289176941,0.1619924008846283
10.100948333740234,0.8379923105239868,0.16200774908065796
10.106798887252808,0.8377535939216614,0.162246435880661
10.110353946685793,0.8317810893058777,0.16821888089179993
10.111953020095823,0.8269299864768982,0.1730700433254242
10.112271785736084,0.8269179463386536,0.17308206856250763
10.131662845611572,0.8261460065841675,0.1738540083169937
10.135798931121826,0.825965940952301,0.17403407394886017
10.139952898025513,0.8257783651351929,0.17422164976596832
10.141948223114014,0.8256868720054626,0.17431312799453735
10.144882917404177,0.8255507946014404,0.17444917559623718
10.158453702926636,0.824897050857544,0.17510294914245605
10.163796663284302,0.8246283531188965,0.17537164688110352
10.169735431671144,0.8243148326873779,0.17568518221378326
10.16994833946228,0.8243033289909363,0.17569668591022491
10.178604125976562,0.8238272070884705,0.17617283761501312
10.181952953338625,0.8236380219459534,0.17636196315288544
10.189074039459229,0.7946529984474182,0.20534701645374298
10.199947834014893,0.7887586355209351,0.21124136447906494
10.205796718597412,0.7881876826286316,0.2118123471736908
10.206008195877075,0.7881668210029602,0.21183320879936218
10.211951971054075,0.7875751852989197,0.21242481470108032
10.21840786933899,0.7869198322296143,0.21308015286922455
10.221957683563232,0.7366793155670166,0.2633207142353058
10.22880220413208,0.7909500598907471,0.2090499848127365
10.234796524047852,0.7904290556907654,0.20957091450691223
10.234947681427002,0.79041588306427,0.20958413183689117
10.23795199394226,0.790151059627533,0.20984895527362823
10.240736246109009,0.7898845076560974,0.21011553704738617
10.260935544967651,0.7877819538116455,0.2122180312871933
10.26695203781128,0.7871689200401306,0.2128310650587082
10.269792556762695,0.7869546413421631,0.2130453735589981
10.27184534072876,0.7867985367774963,0.21320146322250366
10.271947860717772,0.7867907285690308,0.21320927143096924
10.28260898590088,0.7648358345031738,0.23516418039798737
10.28939151763916,0.7651528120040894,0.23484723269939423
10.295789241790771,0.7122377753257751,0.28776225447654724
10.303946733474731,0.7671025395393372,0.23289747536182404
10.305792570114136,0.7669221758842468,0.23307783901691437
10.30795431137085,0.7667098045349121,0.2332901954650879
10.32579255104065,0.7648879289627075,0.23511210083961487
10.329046726226808,0.7645439505577087,0.23545607924461365
10.330946445465088,0.7643394470214844,0.235660582780838
10.336954355239868,0.7636857628822327,0.23631423711776733
10.33715534210205,0.7636637687683105,0.23633626103401184
10.343763589859009,0.7659144997596741,0.2340855598449707
10.352949142456056,0.7607505917549133,0.23924937844276428
10.360946655273438,0.7597525119781494,0.24024751782417297
10.368373394012451,0.7609310150146484,0.23906901478767395
10.369791746139526,0.7575563192367554,0.2424437403678894
10.3789541721344,0.7560582160949707,0.2439417690038681
10.389526844024658,0.7565537691116333,0.2434462606906891
10.394673109054564,0.7524644136428833,0.2475355565547943
10.396791696548462,0.7520521283149719,0.24794788658618927
10.402944803237917,0.7508418560028076,0.24915815889835358
10.404924392700195,0.7436443567276001,0.2563556432723999
10.406953573226929,0.7921990156173706,0.20780104398727417
10.415377378463743,0.7915135025978088,0.20848651230335236
10.425786018371582,0.7906404137611389,0.20935961604118347
10.435953378677368,0.7897591590881348,0.21024085581302643
10.43779182434082,0.789596676826477,0.21040329337120056
10.439311265945436,0.7784044146537781,0.2215956449508667
10.440944910049438,0.7759332060813904,0.2240668088197708
10.44607639312744,0.7753507494926453,0.22464929521083832
10.455337762832642,0.7743151187896729,0.22568489611148834
10.465790748596191,0.7731661200523376,0.22683385014533997
10.470933198928831,0.7748215198516846,0.22517850995063782
10.47795343399048,0.7714746594429016,0.22852540016174316
10.479944944381714,0.7713044881820679,0.22869549691677094
10.491739273071287,0.7702763676643372,0.22972360253334045
10.495790719985962,0.769914984703064,0.23008503019809723
10.5009446144104,0.7694490551948547,0.23055097460746765
10.506160497665403,0.7689613103866577,0.23103874921798706
10.507955074310305,0.7687698006629944,0.231230229139328
10.50962781906128,0.7685904502868652,0.23140957951545715
10.521962642669678,0.7672414779663086,0.2327585220336914
10.52479076385498,0.7669144868850708,0.2330855429172516
10.528944730758669,0.7664222121238708,0.23357780277729034
10.54195475578308,0.7648086547851562,0.23519131541252136
10.549814224243164,0.7637390494346619,0.23626093566417694
10.559520959854126,0.7622070908546448,0.23779292404651642
10.566790103912354,0.7610241174697876,0.23897594213485718
10.568139553070068,0.7330986857414246,0.26690128445625305
10.570944547653198,0.7991305589675903,0.20086941123008728
10.571104049682615,0.7481299638748169,0.2518700659275055
10.57795476913452,0.8015168905258179,0.19848310947418213
10.581432580947876,0.801270604133606,0.19872938096523285
10.595790147781372,0.800223708152771,0.1997763216495514
10.599942922592165,0.799911618232727,0.20008839666843414
10.601140975952148,0.7691972255706787,0.23080280423164368
10.606952905654907,0.8189029693603516,0.18109700083732605
10.610329866409302,0.8187732100486755,0.18122681975364685
10.6329607963562,0.8178204894065857,0.1821795105934143
10.63394284248352,0.8177763223648071,0.18222370743751526
10.636952877044678,0.8176394701004028,0.18236052989959717
10.637059450149536,0.8176345825195312,0.18236543238162994
10.638790130615234,0.8175550699234009,0.1824449598789215
10.641727685928345,0.8174186944961548,0.18258129060268402
10.657925128936768,0.816635251045227,0.18336474895477295
10.666789770126345,0.8161707520484924,0.18382923305034637
10.66994285583496,0.8160009384155273,0.18399907648563385
10.674484252929688,0.815752387046814,0.18424759805202484
10.676953077316284,0.8156154751777649,0.1843845397233963
10.68697452545166,0.8150461912155151,0.1849537491798401
10.6905357837677,0.81484454870224,0.1851554661989212
10.69478964805603,0.8145998120307922,0.18540018796920776
10.69894289970398,0.8143569827079773,0.1856430470943451
10.70695185661316,0.813877284526825,0.18612271547317505
10.708482265472412,0.8137839436531067,0.1862160712480545
10.719642162322998,0.8130864500999451,0.1869135946035385
10.725066661834717,0.775563657283783,0.22443631291389465
10.735942840576172,0.8367692232131958,0.1632307469844818
10.73678970336914,0.8367535471916199,0.1632464975118637
10.743175983428957,0.7866315245628357,0.21336844563484192
10.74895167350769,0.8377671837806702,0.16223278641700745
10.750022172927856,0.8377504348754883,0.1622495949268341
10.760986328125,0.8375690579414368,0.16243097186088562
10.765789270401,0.8374838829040527,0.16251614689826965
10.76994276046753,0.8374072909355164,0.16259270906448364
10.772289276123049,0.8373629450798035,0.16263709962368011
10.776951789855955,0.8372719883918762,0.16272801160812378
10.782963037490845,0.8371497392654419,0.16285023093223572
10.792582035064695,0.8369263410568237,0.16307371854782104
10.79478931427002,0.8368724584579468,0.16312755644321442
10.799941062927246,0.8367435336112976,0.16325652599334717
10.80171012878418,0.8296615481376648,0.1703384518623352
10.811239957809448,0.826801061630249,0.1731989085674286
10.812950611114502,0.8267258405685425,0.1732741743326187
10.817929983139038,0.8265032768249512,0.1734967678785324
10.827890396118164,0.8260356783866882,0.173964262008667
10.8357892036438,0.8256420493125916,0.17435799539089203
10.835819005966188,0.8256404995918274,0.17435947060585022
10.840950727462769,0.8253771066665649,0.17462290823459625
10.841941118240356,0.825325608253479,0.17467442154884338
10.862699270248411,0.8241927027702332,0.17580732703208923
10.86378812789917,0.824131429195404,0.17586861550807953
10.866591453552246,0.8239749073982239,0.17602509260177612
10.869940996170044,0.8237854242324829,0.17621451616287231
10.878950595855711,0.8232625126838684,0.1767374873161316
10.881718158721924,0.8086799383163452,0.19132007658481598
10.897754669189451,0.8010731935501099,0.19892682135105133
10.903939723968506,0.8004850149154663,0.19951502978801727
10.90595293045044,0.8002910017967224,0.1997089833021164
10.906470775604248,0.8002409338951111,0.1997591108083725
10.906788110733032,0.800210177898407,0.1997898519039154
10.911510229110718,0.7521846294403076,0.2478153556585312
10.916516065597534,0.8049031496047974,0.19509685039520264
10.933788061141968,0.8034906387329102,0.19650939106941223
10.938939809799194,0.8030537962913513,0.19694620370864868
10.946120738983154,0.8024327754974365,0.19756728410720825
10.956953048706056,0.8014686703681946,0.19853131473064423
10.958653450012209,0.8013143539428711,0.19868570566177368
10.969939708709717,0.8002686500549316,0.19973140954971313
10.970787048339844,0.8001886606216431,0.19981135427951813
10.972068786621094,0.8000672459602356,0.1999327540397644
10.975952863693236,0.7998033761978149,0.20019663870334625
10.985607385635376,0.7785820960998535,0.22141791880130768
10.985612869262695,0.7797718644142151,0.2202281802892685
11.00216579437256,0.7308350205421448,0.26916494965553284
11.002936124801636,0.7823126316070557,0.21768739819526672
11.0047869682312,0.7821817398071289,0.2178182601928711
11.012951850891112,0.7815871834754944,0.2184128612279892
11.017197370529177,0.7812721729278564,0.21872782707214355
11.026869535446169,0.78045254945755,0.21954745054244995
11.031936168670654,0.7799859046936035,0.22001409530639648
11.039671182632446,0.7814091444015503,0.2185908555984497
11.039951801300049,0.7778967022895813,0.2221033126115799
11.044818878173828,0.7773427367210388,0.22265726327896118
11.046786785125732,0.7770973443984985,0.22290264070034027
11.049273014068604,0.777645468711853,0.22235456109046936
11.056514501571655,0.7751510143280029,0.22484897077083588
11.06779432296753,0.7713187336921692,0.22868125140666962
11.076070308685305,0.7701671123504639,0.22983291745185852
11.080936193466188,0.7694289088249207,0.23057110607624054
11.080951690673828,0.7694265246391296,0.23057350516319275
11.08733606338501,0.7683889269828796,0.23161108791828156
11.09559154510498,0.7586222887039185,0.24137772619724274
11.100936651229858,0.8051691055297852,0.19483090937137604
11.106251239776611,0.8047473430633545,0.19525271654129028
11.115870475769045,0.8039738535881042,0.19602613151073456
11.122947692871094,0.803396463394165,0.19660350680351257
11.125725746154783,0.7929847836494446,0.2070152312517166
11.136947870254517,0.7894375920295715,0.21056246757507324
11.13979434967041,0.7891736626625061,0.21082636713981628
11.142102479934692,0.788957953453064,0.21104207634925842
11.142107248306274,0.7889574766159058,0.21104255318641663
11.155534267425535,0.7893582582473755,0.2106417715549469
11.161936521530151,0.7865003347396851,0.21349965035915375
11.165826559066772,0.7861045598983765,0.21389546990394592
11.171947717666626,0.7854723334312439,0.2145276516675949
11.17578935623169,0.785173773765564,0.21482622623443604
11.1759352684021,0.7851634621620178,0.21483655273914337
11.18677258491516,0.7843374013900757,0.21566256880760193
11.192731857299805,0.7838134765625,0.2161865383386612
11.200937509536743,0.7830765247344971,0.21692346036434174
11.202759981155396,0.7829104065895081,0.21708957850933075
11.215609073638916,0.7816707491874695,0.2183292806148529
11.224789381027222,0.7806656360626221,0.2193344235420227
11.225358486175535,0.7805942893028259,0.21940571069717407
11.22694444656372,0.7803948521614075,0.21960513293743134
11.233721017837524,0.7491358518600464,0.250864177942276
11.244388580322266,0.7611163854598999,0.2388835996389389
11.250937461853027,0.8122372627258301,0.18776272237300873
11.25594449043274,0.8119253516197205,0.18807466328144073
11.259786367416382,0.8116821050643921,0.1883179396390915
11.260355472564695,0.7826910614967346,0.2173089236021042
11.269691944122314,0.8320773243904114,0.16792269051074982
11.269937515258787,0.8320713639259338,0.16792865097522736
11.273175239562988,0.8319871425628662,0.1680128425359726
11.283332109451294,0.8317092657089233,0.16829070448875427
11.293038606643677,0.831427276134491,0.16857270896434784
11.304938077926636,0.8310592174530029,0.16894079744815826
11.30578637123108,0.8310320377349854,0.16896796226501465
11.30771517753601,0.8309697508811951,0.1690302938222885
11.32288646697998,0.8304505348205566,0.16954949498176575
11.32478666305542,0.8303804397583008,0.16961953043937683
11.327944040298462,0.8302625417709351,0.16973744332790375
11.335937976837158,0.8299553394317627,0.1700446754693985
11.337489604949951,0.8298941850662231,0.17010582983493805
11.35150671005249,0.8293207287788391,0.1706792712211609
11.360944032669067,0.8289121985435486,0.171087846159935
11.361783981323242,0.8288748860359192,0.1711251437664032
11.369419813156128,0.8285293579101562,0.17147061228752136
11.369937896728516,0.8285055160522461,0.1714945137500763
11.37765884399414,0.8281427621841431,0.17185725271701813
11.38067865371704,0.8279973864555359,0.1720026135444641
11.386389255523682,0.7827321887016296,0.21726785600185394
11.387784004211426,0.8447005748748779,0.15529939532279968
11.390944242477415,0.844660758972168,0.15533921122550964
11.405938148498535,0.8444388508796692,0.1555611789226532
11.412145376205444,0.8443318605422974,0.15566816926002502
11.414221048355104,0.7951294183731079,0.20487062633037567
11.418159246444702,0.8457966446876526,0.15420332551002502
11.424784183502195,0.8457045555114746,0.1542954444885254
11.429944276809692,0.8456190228462219,0.15438100695610046
11.433938264846802,0.8454726338386536,0.15452736616134644
11.434783458709717,0.8454412817955017,0.15455873310565948
11.447059392929075,0.8449711799621582,0.155028834939003
11.448571681976318,0.8449112772941589,0.15508870780467987
11.457563161849976,0.83822101354599,0.1617790162563324
11.458781003952026,0.8353396058082581,0.16466037929058075
11.460944175720217,0.8352594971656799,0.16474047303199768
11.46782898902893,0.8349985480308533,0.16500145196914673
11.470938205718994,0.8348775506019592,0.16512244939804077
11.475875854492188,0.8346814513206482,0.1653185784816742
11.488441467285156,0.834159791469574,0.1658402383327484
11.48894453048706,0.8341382145881653,0.1658618152141571
11.493780851364136,0.833928108215332,0.16607186198234558
11.49691653251648,0.8337892889976501,0.16621072590351105
11.503938674926758,0.8334707021713257,0.1665293276309967
11.511919021606444,0.8330956697463989,0.16690433025360107
11.516944408416748,0.8328523635864258,0.16714762151241302
11.518279314041138,0.8327867984771729,0.16721324622631073
11.529780864715576,0.8319926261901855,0.16800741851329803
11.534831047058104,0.8096426725387573,0.19035735726356506
11.539100646972656,0.8047529458999634,0.19524706900119781
11.53993844985962,0.8046771287918091,0.19532284140586853
11.549028158187866,0.803841233253479,0.19615881145000458
11.556778192520142,0.8031084537506104,0.19689157605171204
11.55994462966919,0.802803635597229,0.1971963793039322
11.560939073562622,0.8027072548866272,0.1972927451133728
11.566578149795532,0.7513756155967712,0.24862442910671234
11.576723337173462,0.8046118021011353,0.19538822770118713
11.582070112228394,0.804146409034729,0.1958536058664322
11.584778308868408,0.8039076924324036,0.19609233736991882
11.596940755844116,0.8028101921081543,0.1971898376941681
11.597273349761965,0.8027795553207397,0.19722042977809906
11.603937864303589,0.8021674752235413,0.19783250987529755
11.610144138336182,0.8015921711921692,0.1984078586101532
11.612937450408936,0.7843242287635803,0.21567575633525848
11.619738340377808,0.7853220701217651,0.21467790007591248
11.627778053283691,0.7844387292861938,0.21556128561496735
11.629940748214722,0.7841976284980774,0.21580243110656738
11.634941577911375,0.7334323525428772,0.2665676474571228
11.63993787765503,0.7858673334121704,0.21413269639015198
11.6536066532135,0.7847930788993835,0.21520690619945526
11.656776666641235,0.7845612168312073,0.21543878316879272
11.65894079208374,0.7843949794769287,0.2156050205230713
11.659937858581545,0.7843163013458252,0.21568366885185242
11.66331434249878,0.7840403914451599,0.21595962345600128
11.668526887893677,0.7842870950698853,0.21571289002895355
11.6819965839386,0.7806207537651062,0.219379261136055
11.684776544570925,0.780316174030304,0.21968385577201843
11.685941934585571,0.7801877856254578,0.21981222927570343
11.689841032028198,0.7808656692504883,0.21913433074951172
11.700613021850586,0.7794650793075562,0.22053490579128265
11.70193862915039,0.7773005366325378,0.22269947826862335
11.710936784744264,0.7761005759239197,0.22389940917491913
11.726490259170532,0.7592502236366272,0.24074974656105042
11.726776599884031,0.803081750869751,0.19691821932792664
11.727941989898682,0.8029804825782776,0.1970195174217224
11.73193860054016,0.8026304841041565,0.1973695009946823
11.735718250274658,0.802295446395874,0.19770453870296478
11.74620795249939,0.8013447523117065,0.19865526258945465
11.755775690078735,0.8004503846168518,0.1995495855808258
11.757941961288452,0.8002442121505737,0.19975580275058746
11.758938550949097,0.8001495599746704,0.1998504251241684
11.76075792312622,0.7835096120834351,0.21649038791656494
11.777881860733032,0.7804705500602722,0.2195294350385666
11.784278869628906,0.779861569404602,0.22013844549655914
11.785775661468506,0.7797415852546692,0.2202584594488144
11.78693985939026,0.7796477675437927,0.22035221755504608
11.791958570480348,0.7801914811134338,0.21980854868888855
11.800937175750732,0.7779334187507629,0.2220665067434311
11.806228876113892,0.777448296546936,0.22255174815654755
11.81490993499756,0.7765650749206543,0.2234349399805069
11.825775861740112,0.7754283547401428,0.22457164525985718
11.82893967628479,0.7750909328460693,0.22490909695625305
11.830307960510254,0.774944007396698,0.2250560224056244
11.83091926574707,0.7748780846595764,0.22512184083461761
11.830937147140505,0.7748761773109436,0.2251238077878952
11.840129852294922,0.7737813591957092,0.22621864080429077
11.853035926818848,0.7721452116966248,0.22785475850105286
11.854771375656128,0.7719138860702515,0.22808611392974854
11.855939865112305,0.7717472910881042,0.22825276851654053
11.85893726348877,0.7713176012039185,0.22868242859840393
11.866819381713867,0.7701566815376282,0.22984331846237183
11.881324052810667,0.7495881915092468,0.2504117786884308
11.882544755935667,0.7613192796707153,0.23868075013160706
11.886938571929932,0.8136448264122009,0.18635518848896027
11.889771461486816,0.8134728670120239,0.18652713298797607
11.900935411453249,0.812778115272522,0.1872219294309616
11.901572465896606,0.8127376437187195,0.1872624158859253
11.912646770477297,0.7812270522117615,0.2187729775905609
11.924771308898926,0.829584002494812,0.17041605710983276
11.928935527801514,0.8294433951377869,0.17055663466453552
11.928938627243042,0.8294432759284973,0.17055672407150269
11.930135250091553,0.8294023275375366,0.17059768736362457
11.941502332687378,0.8290004134178162,0.17099958658218384
11.95671033859253,0.8284256458282471,0.1715743988752365
11.95793867111206,0.828377366065979,0.17162269353866577
11.961770057678224,0.8282247185707092,0.17177531123161316
11.968428134918211,0.8279529213905334,0.17204710841178894
11.971935510635376,0.8278061747550964,0.17219385504722595
11.986979246139526,0.8271493315696716,0.17285063862800598
11.988770246505736,0.8270681500434875,0.17293184995651245
11.989936113357544,0.8270148634910583,0.17298510670661926
11.998933792114258,0.8265946507453918,0.17340539395809174
12.002177476882936,0.8264390230178833,0.17356102168560028
12.0089750289917,0.8261055946350098,0.17389442026615143
12.015936136245728,0.825753927230835,0.17424610257148743
12.016645669937134,0.8257174491882324,0.17428258061408997
12.024770259857178,0.8252923488616943,0.17470768094062805
12.033933877944946,0.8247952461242676,0.1752048134803772
12.035637378692629,0.8247007131576538,0.17529933154582977
12.04781699180603,0.8240056037902832,0.175994411110878
12.057936191558838,0.8234016299247742,0.17659837007522583
12.058537006378174,0.7836745381355286,0.21632549166679382
12.058767557144163,0.8423210978507996,0.15767893195152283
12.069933891296388,0.8420695066452026,0.15793052315711975
12.076626777648926,0.7943718433380127,0.20562812685966492
12.081544637680054,0.8431431651115417,0.15685686469078064
12.087936162948608,0.8430131077766418,0.15698692202568054
12.091930866241457,0.8429286479949951,0.15707138180732727
12.093767404556274,0.842887282371521,0.15711277723312378
12.10230827331543,0.842510998249054,0.15748900175094604
12.11229419708252,0.8420531153678894,0.15794692933559418
12.115767240524292,0.8418892621994019,0.15811079740524292
12.12521767616272,0.8414309620857239,0.15856900811195374
12.129040002822876,0.8412405252456665,0.15875951945781708
12.12993597984314,0.8411953449249268,0.15880465507507324
12.132930755615234,0.8410434126853943,0.1589566022157669
12.13542866706848,0.840049147605896,0.1599508672952652
12.141669273376465,0.8360922336578369,0.16390778124332428
12.156765937805176,0.8351070880889893,0.16489294171333313
12.162467956542969,0.834720253944397,0.16527971625328064
12.16593599319458,0.8344810009002686,0.16551896929740906
12.168930768966677,0.8342719674110413,0.16572803258895874
12.17733359336853,0.8336731195449829,0.16632689535617828
12.184765815734863,0.833128035068512,0.16687195003032684
12.188934803009031,0.832815945148468,0.16718408465385437
12.193346977233888,0.8324804902076721,0.16751952469348907
12.204928636550903,0.8315747380256653,0.1684253215789795
12.209342241287231,0.8312196731567383,0.1687803417444229
12.212772369384766,0.8309400677680969,0.16905996203422546
12.226216554641724,0.8091713190078735,0.19082866609096527
12.228765964508057,0.8019291758537292,0.19807088375091553
12.229934453964232,0.8018071055412292,0.19819292426109314
12.23192858695984,0.8015976548194885,0.19840233027935028
12.232685327529907,0.8015179634094238,0.19848205149173737
12.237958908081056,0.8009565472602844,0.1990434229373932
12.251717329025269,0.7551918029785156,0.24480818212032318
12.256762981414797,0.8060357570648193,0.19396425783634186
12.257844924926758,0.805939257144928,0.19406074285507202
12.257935047149658,0.8059312105178833,0.1940687894821167
12.260928630828856,0.8056623339653015,0.19433768093585968
12.281832218170166,0.8037140369415283,0.19628594815731049
12.287935733795166,0.8031180500984192,0.196881964802742
12.2967631816864,0.8024975657463074,0.19750241935253143
12.2992525100708,0.8023148775100708,0.197685107588768
12.30292510986328,0.8020246028900146,0.19797542691230774
12.307629585266112,0.8016477823257446,0.19835223257541656
12.31909155845642,0.7687551975250244,0.23124483227729797
12.32576298713684,0.770837128162384,0.22916288673877716
12.328343152999878,0.7705423831939697,0.22945760190486908
12.328935861587524,0.7704744338989258,0.22952555119991302
12.330925464630129,0.7702454328536987,0.22975459694862366
12.345659971237184,0.7210173010826111,0.27898266911506653
12.35376238822937,0.7723855972290039,0.2276143729686737
12.356935739517212,0.772050678730011,0.227949321269989
12.358924865722656,0.7718393802642822,0.22816066443920135
12.36649465560913,0.7709868550300598,0.22901314496994019
12.380466222763062,0.7692469358444214,0.230753093957901
12.384387254714966,0.7696020007133484,0.2303980141878128
12.38876223564148,0.7675129771232605,0.2324870377779007
12.39192008972168,0.7670917510986328,0.2329082190990448
12.391932010650637,0.7670902013778687,0.23290978372097015
12.400924921035768,0.765753448009491,0.23424647748470306
12.405218601226808,0.7659241557121277,0.2340758591890335
12.413643836975098,0.7640360593795776,0.23596392571926117
12.42435622215271,0.7602391839027405,0.23976081609725952
12.42576265335083,0.759990930557251,0.24000903964042664
12.428931951522827,0.7594282627105713,0.2405717521905899
12.435442447662354,0.7644281983375549,0.23557180166244507
12.43892502784729,0.7956225275993347,0.20437748730182648
12.453758001327516,0.7941089272499084,0.20589108765125275
12.455931901931764,0.7938815355300903,0.20611843466758728
12.458925008773804,0.793566107749939,0.20643393695354462
12.46078372001648,0.7933688163757324,0.20663121342658997
12.464428663253784,0.7929842472076416,0.2070157825946808
12.48258137702942,0.7782881855964661,0.22171185910701752
12.483109474182127,0.7766886353492737,0.2233113795518875
12.489933252334597,0.7760381698608398,0.22396181523799896
12.496757984161375,0.7753486633300781,0.22465136647224426
12.5014910697937,0.7748626470565796,0.2251373827457428
12.501924753189089,0.7748178243637085,0.2251821905374527
12.509779453277588,0.7738515734672546,0.22614847123622894
12.51793336868286,0.7713592648506165,0.22864075005054474
12.520127296447754,0.7711139917373657,0.22888599336147308
12.523757934570312,0.770704984664917,0.2292950600385666
12.528924465179443,0.7700608372688293,0.22993919253349304
12.534085035324097,0.7693917751312256,0.2306082397699356
12.5502028465271,0.767241358757019,0.23275865614414215
12.55083703994751,0.76715487241745,0.23284514248371124
12.559244155883787,0.7659400105476379,0.23405997455120087
12.559924602508543,0.7658318877220154,0.2341681271791458
12.559933185577393,0.7658305764198303,0.23416943848133087
12.561757564544678,0.7655397057533264,0.23446033895015717
12.585353136062622,0.761566162109375,0.238433837890625
12.587757349014282,0.7611094117164612,0.23889057338237762
12.589937448501589,0.7606927752494812,0.2393072545528412
12.596092224121094,0.759387731552124,0.24061219394207
12.601924180984495,0.7581232190132141,0.24187679588794708
12.612281560897827,0.7515251040458679,0.24847494065761566
12.614781856536863,0.7719921469688416,0.22800786793231964
12.615936994552612,0.8237817883491516,0.176218181848526
12.6167573928833,0.823747992515564,0.17625197768211365
12.630924224853516,0.8231439590454102,0.17685602605342865
12.634140253067017,0.8230013847351074,0.1769985854625702
12.638494491577148,0.782068133354187,0.21793188154697418
12.65325927734375,0.8304165601730347,0.16958345472812653
12.657752752304075,0.8302855491638184,0.16971448063850403
12.658937454223633,0.8302503824234009,0.16974961757659912
12.671924114227297,0.8298494815826416,0.1701505333185196
12.672707557678224,0.8298243880271912,0.17017564177513123
12.676302194595335,0.8297076225280762,0.17029234766960144
12.677346229553224,0.8296733498573303,0.17032669484615326
12.685752868652344,0.8293799757957458,0.17062005400657654
12.686935663223268,0.8293373584747314,0.17066261172294617
12.68703579902649,0.8293337821960449,0.17066624760627747
12.700139284133911,0.8288444876670837,0.17115549743175507
12.700924158096312,0.8288141489028931,0.17118583619594574
12.709368467330933,0.8284801244735718,0.17151987552642822
12.713796615600586,0.828299343585968,0.17170070111751556
12.725080013275146,0.827820897102356,0.17217907309532166
12.72893524169922,0.8276515007019043,0.1723484992980957
12.729752779006958,0.8276152610778809,0.17238478362560272
12.729924201965332,0.8276076316833496,0.17239238321781158
12.74021577835083,0.8271382451057434,0.1728617399930954
12.741429805755615,0.7725446820259094,0.2274552434682846
12.748975038528442,0.7927759885787964,0.20722399652004242
12.755751371383669,0.8450412750244141,0.1549587845802307
12.758935451507568,0.8450394868850708,0.15496055781841278
12.762997388839722,0.8450353145599365,0.15496467053890228
12.771924257278442,0.8450186252593994,0.15498140454292297
12.77562665939331,0.8450085520744324,0.15499146282672882
12.785751342773438,0.8449715375900269,0.15502840280532837
12.78847360610962,0.8449592590332031,0.15504075586795807
12.790931463241575,0.8449472188949585,0.1550527960062027
12.798584938049316,0.8449043035507202,0.1550956815481186
12.799923181533812,0.8448959589004517,0.15510404109954834
12.81626033782959,0.8447731733322144,0.15522682666778564
12.82123613357544,0.8500515818595886,0.14994847774505615
12.825751304626465,0.8419185876846313,0.15808147192001343
12.825931549072266,0.8419143557548523,0.1580856740474701
12.828923463821411,0.8418431878089905,0.15815679728984833
12.829702854156494,0.8418244123458862,0.15817561745643616
12.839909315109251,0.8415680527687073,0.15843196213245392
12.85098671913147,0.8412677049636841,0.1587323099374771
12.853747367858888,0.8411892056465149,0.1588107943534851
12.859660148620604,0.8409792184829712,0.15902075171470642
12.860931396484377,0.8409147262573242,0.1590852588415146
12.86846089363098,0.8405253887176514,0.15947464108467102
12.871923208236694,0.8403419852256775,0.1596580594778061
12.872746229171751,0.8402979373931885,0.1597020924091339
12.882559299468994,0.7841076850891113,0.21589232981204987
12.888747453689575,0.780877947807312,0.2191220223903656
12.895931959152222,0.7805784940719604,0.21942150592803955
12.899454593658447,0.7804278135299683,0.21957217156887054
12.899922847747805,0.7804075479507446,0.2195923775434494
12.912855863571169,0.7798312306404114,0.22016878426074982
12.919669389724731,0.7197785377502441,0.28022143244743347
12.923747539520264,0.7830298542976379,0.21697019040584564
12.93093204498291,0.7827967405319214,0.2172032594680786
12.933075189590454,0.7827244400978088,0.21727553009986877
12.935922861099243,0.782614529132843,0.21738547086715698
12.949663400650024,0.7820175290107727,0.2179824709892273
12.95874285697937,0.781455934047699,0.2185440957546234
12.958931922912598,0.7814434766769409,0.21855653822422028
12.9590585231781,0.7814351320266724,0.21856489777565002
12.9699227809906,0.7804698944091797,0.2195301204919815
12.975824356079102,0.7797930836677551,0.2202068418264389
12.986742973327637,0.7785106897354126,0.2214893251657486
12.986936330795288,0.7784876227378845,0.22151242196559906
12.993252754211426,0.7796761393547058,0.22032389044761658
12.999921560287476,0.7796504497528076,0.2203494757413864
13.001619815826416,0.7794348001480103,0.22056517004966736
13.014742851257324,0.7777329087257385,0.2222670614719391
13.018892526626589,0.7220502495765686,0.2779497802257538
13.02993631362915,0.7793042659759521,0.22069573402404785
13.03736138343811,0.7783902883529663,0.22160974144935608
13.039921522140505,0.778070867061615,0.2219291627407074
13.055724859237673,0.7762461304664612,0.2237538993358612
13.056936264038086,0.776133120059967,0.22386687994003296
13.058740377426147,0.775964081287384,0.22403588891029358
13.060933828353882,0.7709788084030151,0.22902116179466248
13.061995267868042,0.7679210901260376,0.2320789247751236
13.069921731948853,0.7670571804046631,0.2329428344964981
13.083010911941528,0.7682496905326843,0.23175032436847687
13.085980892181396,0.7666175365447998,0.2333824783563614
13.086740255355837,0.7631421685218811,0.2368578463792801
13.086934566497805,0.7631186842918396,0.2368813455104828
13.100265264511108,0.7613885998725891,0.2386114001274109
13.10391879081726,0.7608683109283447,0.23913174867630005
13.111831903457642,0.727793276309967,0.27220672369003296
13.128934621810911,0.7736973166465759,0.22630272805690765
13.129669427871704,0.7736266851425171,0.2263733595609665
13.129740238189695,0.7736198306083679,0.22638018429279327
13.131356000900269,0.7734640836715698,0.22653594613075256
13.140918731689451,0.7725352048873901,0.22746485471725464
13.14221215248108,0.743743360042572,0.2562566101551056
13.14945936203003,0.7342829704284668,0.2657170295715332
13.155837297439575,0.7345321774482727,0.2654678523540497
13.158934593200684,0.734653115272522,0.265346884727478
13.159918785095217,0.7346914410591125,0.26530858874320984
13.161739110946655,0.7347623705863953,0.26523759961128235
13.17043685913086,0.7470992207527161,0.25290074944496155
13.184298515319824,0.7382712364196777,0.2617287337779999
13.186935663223268,0.7382858395576477,0.2617141902446747
13.18773913383484,0.7382861971855164,0.26171377301216125
13.195139169692991,0.7380859851837158,0.2619139850139618
13.201918363571169,0.737284779548645,0.26271525025367737
13.20618772506714,0.7367733120918274,0.263226717710495
13.213223457336426,0.7358039617538452,0.2641960382461548
13.224739074707031,0.7341284155845642,0.2658715546131134
13.227935552597046,0.7336438894271851,0.26635614037513733
13.229918241500854,0.7333056330680847,0.2666943371295929
13.230227708816528,0.7332527041435242,0.2667473256587982
13.240157842636108,0.7315330505371094,0.268466979265213
13.249300003051758,0.7299765944480896,0.2700234353542328
13.258935451507568,0.7282951474189758,0.27170488238334656
13.259734869003296,0.7281493544578552,0.27185067534446716
13.264918327331545,0.7271973490715027,0.2728026509284973
13.267088651657104,0.7098791003227234,0.290120929479599
13.26920247077942,0.7281241416931152,0.27187591791152954
13.281147956848145,0.7869341969490051,0.21306581795215607
13.287734985351562,0.7866146564483643,0.21338538825511932
13.28981590270996,0.7410224676132202,0.2589775621891022
13.291935920715332,0.7998220324516296,0.20017796754837036
13.300916910171509,0.7992282509803772,0.2007717490196228
13.30164670944214,0.799179196357727,0.20082080364227295
13.310657739639282,0.7985641956329346,0.20143583416938782
13.31573486328125,0.7982097268104553,0.20179031789302826
13.327417373657228,0.7973716855049133,0.20262832939624786
13.327935934066772,0.7973337173461914,0.20266631245613098
13.330708980560305,0.7971289157867432,0.20287109911441803
13.334917068481444,0.7968088388442993,0.20319116115570068
13.34040093421936,0.7963853478431702,0.20361468195915222
13.357434034347534,0.7950222492218018,0.20497778058052063
13.360733032226562,0.7947537899017334,0.2052462249994278
13.362935781478882,0.7945745587348938,0.2054254561662674
13.369916915893556,0.7939984202384949,0.20600160956382751
13.37007474899292,0.7939853668212891,0.20601466298103333
13.373225927352903,0.7937226295471191,0.20627737045288086
13.381690502166748,0.7930086255073547,0.20699134469032288
13.387733459472656,0.792487382888794,0.20751266181468964
13.391931056976318,0.7921196222305298,0.2078803926706314
13.39713191986084,0.7916572690010071,0.2083427608013153
13.40202784538269,0.7407316565513611,0.2592684030532837
13.404916763305664,0.8065541982650757,0.1934458464384079
13.415287256240845,0.7392451763153076,0.26075485348701477
13.415732860565186,0.8065177798271179,0.19348223507404327
13.42343044281006,0.8062958717346191,0.19370412826538086
13.42793107032776,0.8061619997024536,0.1938380002975464
13.432916641235352,0.806009829044342,0.19399015605449677
13.44620680809021,0.8054601550102234,0.1945399045944214
13.457271814346312,0.8048946261405945,0.19510534405708313
13.457730054855348,0.8048707246780396,0.19512932002544403
13.462930917739868,0.804595947265625,0.19540409743785858
13.46683382987976,0.8043861985206604,0.1956138163805008
13.470916748046877,0.80416339635849,0.1958366483449936
13.475379467010498,0.803915798664093,0.1960841864347458
13.47909927368164,0.7827736735343933,0.21722634136676788
13.485730171203612,0.7774890661239624,0.22251096367835999
13.488883972167969,0.7774366736412048,0.22256329655647278
13.497931241989136,0.7772781848907471,0.22272178530693054
13.502917051315308,0.7771856784820557,0.22281436622142792
13.50321078300476,0.7771800756454468,0.2228199690580368
13.514642715454102,0.7767811417579651,0.22321882843971252
13.514729976654053,0.7767772078514099,0.2232227921485901
13.5276460647583,0.7756462097167969,0.22435380518436432
13.531931400299072,0.7751883268356323,0.22481170296669006
13.534916639328005,0.7748659253120422,0.22513405978679657
13.538897514343262,0.774431586265564,0.22556839883327484
13.540839433670044,0.7742179036140442,0.2257821261882782
13.553898334503174,0.7209222316741943,0.27907776832580566
13.556729793548584,0.6818855404853821,0.3181144893169403
13.562931537628174,0.6824732422828674,0.31752675771713257
13.565215110778809,0.6826894879341125,0.31731054186820984
13.569916725158691,0.6832224130630493,0.31677761673927307
13.575653791427612,0.6840243339538574,0.3159756660461426
13.58982801437378,0.6320396065711975,0.3679603934288025
13.591729879379272,0.7025901079177856,0.29740995168685913
13.596932649612429,0.7033217549324036,0.29667824506759644
13.60280418395996,0.7041516304016113,0.2958483397960663
13.60691785812378,0.7047356963157654,0.29526427388191223
13.610360860824583,0.7052198052406311,0.2947801947593689
13.618729829788208,0.7063897252082825,0.2936103045940399
13.619932651519775,0.7065585255622864,0.2934414744377136
13.630935907363892,0.7073973417282104,0.29260268807411194
13.633917808532717,0.7075213193893433,0.29247868061065674
13.646725416183472,0.7084457278251648,0.29155433177948
13.64812684059143,0.7085625529289246,0.29143744707107544
13.652081966400146,0.7268075942993164,0.273192435503006
13.661932468414308,0.7039539217948914,0.29604607820510864
13.662763118743896,0.7039989829063416,0.2960010766983032
13.67191767692566,0.7044951915740967,0.2955048084259033
13.678711414337158,0.6451771855354309,0.3548228442668915
13.690725564956663,0.7110617160797119,0.2889382839202881
13.690933465957642,0.7110762000083923,0.28892382979393005
13.691314458847046,0.7111025452613831,0.28889745473861694
13.703273057937622,0.7119364738464355,0.28806352615356445
13.703917264938354,0.7119815945625305,0.28801843523979187
13.708013534545898,0.7178080677986145,0.2821919620037079
13.7177255153656,0.6938098073005676,0.3061901926994324
13.717936277389526,0.6938186883926392,0.30618128180503845
13.73191785812378,0.6944162249565125,0.30558377504348755
13.73193335533142,0.694416880607605,0.3055831491947174
13.735270023345947,0.708606481552124,0.29139357805252075
13.746405124664308,0.6956831812858582,0.30431684851646423
13.752672672271729,0.6550995707511902,0.3449003994464874
13.758724212646484,0.6554195284843445,0.3445804715156555
13.758933305740356,0.6554304957389832,0.34456947445869446
13.759917259216309,0.65548175573349,0.3445182144641876
13.778201341629028,0.5677415728569031,0.4322584271430969
13.786724090576172,0.6541954874992371,0.34580451250076294
13.788933277130129,0.6544859409332275,0.3455140292644501
13.79004693031311,0.6546326279640198,0.34536734223365784
13.792847871780396,0.6550021767616272,0.3449977934360504
13.803919076919556,0.65647292137146,0.3435271084308624
13.804412126541138,0.6260724067687988,0.37392762303352356
13.814724206924438,0.5187628269195557,0.4812372028827667
13.826008796691896,0.5189855098724365,0.48101451992988586
13.830933332443236,0.5190905332565308,0.480909526348114
13.831418514251707,0.5191042423248291,0.4808957576751709
13.836678266525269,0.6089329123497009,0.3910670876502991
13.839918851852415,0.5007449984550476,0.49925506114959717
13.855533123016356,0.5003131031990051,0.4996868968009949
13.85772466659546,0.500264585018158,0.49973541498184204
13.85991907119751,0.500217854976654,0.4997822046279907
13.859933376312256,0.5002174973487854,0.4997825622558594
13.86953592300415,0.4999755620956421,0.5000244975090027
13.8746497631073,0.49985629320144653,0.5001437664031982
13.885724782943726,0.4996560513973236,0.5003439784049988
13.886932134628296,0.499622642993927,0.500377357006073
13.887080669403076,0.4996185302734375,0.5003814697265625
13.900915384292604,0.4992436170578003,0.5007563829421997
13.905948400497437,0.49912989139556885,0.5008701086044312
13.92286777496338,0.4988259971141815,0.5011740326881409
13.926724672317505,0.49876052141189575,0.5012394785881042
13.928932189941406,0.49872368574142456,0.5012763738632202
13.931915521621704,0.49867457151412964,0.5013254880905151
13.934657335281372,0.498630166053772,0.501369833946228
13.953855276107788,0.399250328540802,0.600749671459198
13.954724311828612,0.4764305651187897,0.5235694050788879
13.956932067871094,0.47667810320854187,0.5233219265937805
13.95860767364502,0.3873879015445709,0.6126121282577515
13.971915245056152,0.4177009165287018,0.5822990536689758
13.974725246429443,0.41797807812690735,0.582021951675415
13.97883367538452,0.388619601726532,0.6113804578781128
13.988465309143066,0.44521063566207886,0.5547893643379211
13.989724397659302,0.44539645314216614,0.5546035766601562
13.991931200027466,0.4457235038280487,0.5542765259742737
14.000915288925173,0.44707170128822327,0.5529282689094543
14.005296230316162,0.4477389454841614,0.5522610545158386
14.022428512573242,0.45041123032569885,0.5495887994766235
14.026261806488035,0.4510229527950287,0.5489770770072937
14.026724338531494,0.4510970711708069,0.5489029288291931
14.028915166854858,0.45144927501678467,0.5485507249832153
14.028931140899658,0.4514518678188324,0.5485481023788452
14.036218881607056,0.4526355266571045,0.5473644733428955
14.04572367668152,0.4542068839073181,0.5457931160926819
14.049234628677368,0.45479536056518555,0.5452046394348145
14.05448603630066,0.45568349957466125,0.5443165302276611
14.056931257247925,0.4561004340648651,0.5438995957374573
14.068664312362673,0.45813021063804626,0.5418698191642761
14.070915460586548,0.4585252106189728,0.5414747595787048
14.079460144042969,0.4600410461425781,0.5399589538574219
14.089723587036133,0.46191683411598206,0.5380831956863403
14.09193205833435,0.4623374044895172,0.5376626253128052
14.092098474502563,0.4623691737651825,0.5376308560371399
14.093622207641602,0.44330132007598877,0.556698739528656
14.100911855697632,0.5088997483253479,0.4911002814769745
14.113082647323608,0.45701998472213745,0.5429800152778625
14.119314193725586,0.5189008116722107,0.4810991883277893
14.123477458953856,0.5199112892150879,0.4800887405872345
14.125723600387571,0.5205504894256592,0.4794495105743408
14.128931999206545,0.5214675068855286,0.47853246331214905
14.14016318321228,0.5247156023979187,0.4752844274044037
14.14191198348999,0.5252265930175781,0.4747733771800995
14.154490232467651,0.5289381146430969,0.47106194496154785
14.158172845840454,0.5300365686416626,0.4699634909629822
14.158931970596312,0.5302637219429016,0.4697362780570984
14.159722805023192,0.5305007100105286,0.4694993197917938
14.16538405418396,0.5740323662757874,0.42596766352653503
14.169911861419678,0.5205938220024109,0.4794062376022339
14.178832530975342,0.5225961804389954,0.477403849363327
14.187930583953856,0.5247065424919128,0.47529348731040955
14.189722776412964,0.5251253843307495,0.4748745858669281
14.190911531448364,0.5254036784172058,0.4745962917804718
14.201568365097046,0.5278648734092712,0.47213512659072876
14.213998317718506,0.5307168960571289,0.4692830741405487
14.225722789764404,0.533450186252594,0.4665498435497284
14.225785732269289,0.5334649085998535,0.46653512120246887
14.228930711746216,0.5342052578926086,0.46579477190971375
14.23414707183838,0.5354397892951965,0.4645601809024811
14.239911556243896,0.5368139147758484,0.463186115026474
14.24923014640808,0.5381638407707214,0.46183615922927856
14.256930589675903,0.5389862060546875,0.4610138237476349
14.259722232818604,0.5392860174179077,0.4607139825820923
14.26623797416687,0.6197779178619385,0.3802220821380615
14.269911527633669,0.5709609985351562,0.42903900146484375
14.27357530593872,0.5709721446037292,0.42902785539627075
14.277983903884888,0.5709891319274902,0.42901089787483215
14.288596153259276,0.5461577773094177,0.4538421928882599
14.290722131729126,0.5065929889678955,0.4934070110321045
14.29190969467163,0.5066471695899963,0.49335283041000366
14.291932344436646,0.5066481828689575,0.4933517873287201
14.299816846847534,0.5070093870162964,0.492990642786026
14.313889265060425,0.5076608061790466,0.49233925342559814
14.324722051620483,0.5081766247749329,0.4918234050273895
14.325032472610474,0.5081849098205566,0.49181511998176575
14.327932119369509,0.5082747340202332,0.49172529578208923
14.333909511566162,0.5084603428840637,0.4915396571159363
14.344586372375488,0.48000505566596985,0.5199949741363525
14.349614143371582,0.4098716080188751,0.5901284217834473
14.35572099685669,0.40973711013793945,0.5902628898620605
14.3624165058136,0.40959039330482483,0.5904095768928528
14.3649320602417,0.4095522463321686,0.590447723865509
14.370909690856934,0.4094628393650055,0.5905371308326721
14.374992847442629,0.4446035623550415,0.5553964376449585
14.3907208442688,0.3416063189506531,0.6583936810493469
14.390929937362673,0.34160515666007996,0.6583948135375977
14.393539190292358,0.3415903151035309,0.6584096550941467
14.403011798858644,0.34153932332992554,0.6584606766700745
14.404908895492554,0.34152963757514954,0.6584703922271729
14.408527851104736,0.39575496315956116,0.6042450070381165
14.41758918762207,0.33653679490089417,0.6634631752967834
14.419721126556396,0.3363676965236664,0.663632333278656
14.41992998123169,0.33635106682777405,0.6636489033699036
14.43171238899231,0.38451704382896423,0.6154829859733582
14.43290877342224,0.3208155632019043,0.6791844367980957
14.435527563095093,0.3755641281604767,0.6244359016418457
14.455721139907835,0.30681660771369934,0.693183422088623
14.455738067626951,0.306814968585968,0.693185031414032
14.4619300365448,0.3062140643596649,0.6937859654426575
14.469908714294434,0.30543678998947144,0.6945632100105286
14.469914674758911,0.36644241213798523,0.6335576176643372
14.481175422668455,0.2688353955745697,0.7311646342277527
14.486645460128784,0.26880672574043274,0.7311933040618896
14.489928245544434,0.26879021525382996,0.7312098145484924
14.490720987319946,0.2687862813472748,0.7312137484550476
14.502019882202148,0.38858985900878906,0.6114101409912109
14.50390887260437,0.3707357347011566,0.629264235496521
14.516937255859377,0.3703196346759796,0.6296803951263428
14.524721145629885,0.3700713813304901,0.6299286484718323
14.524911880493164,0.37006527185440063,0.6299347281455994
14.530909061431885,0.36987417936325073,0.6301258206367493
14.532928228378296,0.3698098361492157,0.6301901936531067
14.53769850730896,0.42439547181129456,0.5756045579910278
14.551297426223757,0.43568629026412964,0.5643137097358704
14.554721355438232,0.435546338558197,0.564453661441803
14.560908794403076,0.4352932572364807,0.5647067427635193
14.560928106307983,0.43529248237609863,0.5647075176239014
14.565809965133669,0.43509262800216675,0.5649073719978333
14.57494616508484,0.4347182810306549,0.5652816891670227
14.586896657943726,0.43422794342041016,0.5657720565795898
14.595721244812012,0.434119313955307,0.5658806562423706
14.595924615859984,0.4341464042663574,0.5658536553382874
14.59687352180481,0.4342728853225708,0.5657271146774292
14.601908922195436,0.43494805693626404,0.5650519132614136
14.608850240707396,0.4358898103237152,0.5641101598739624
14.618069410324097,0.43705543875694275,0.5629445910453796
14.62472128868103,0.4381839334964752,0.5618160963058472
14.62966251373291,0.6383962035179138,0.36160382628440857
14.629908800125122,0.6327949166297913,0.36720511317253113
14.630924463272097,0.6328960657119751,0.3671039640903473
14.63815212249756,0.6178116798400879,0.3821883201599121
14.659722089767456,0.6237306594848633,0.3762693405151367
14.659924507141112,0.6237547397613525,0.37624526023864746
14.664643287658691,0.6243156790733337,0.37568435072898865
14.66490888595581,0.6243472099304199,0.3756527900695801
14.670629262924194,0.667553722858429,0.3324463367462158
14.68372654914856,0.6429699659347534,0.35703006386756897
14.686925888061523,0.6431260108947754,0.356874018907547
14.687722206115724,0.6431120038032532,0.3568880259990692
14.693554401397703,0.6430047750473022,0.35699528455734253
14.701908111572266,0.6428364515304565,0.35716360807418823
14.709085702896118,0.6426777243614197,0.3573223054409027
14.709774255752563,0.6426618099212646,0.35733821988105774
14.71572208404541,0.6425191760063171,0.35748085379600525
14.719835996627808,0.6422252058982849,0.3577747941017151
14.728732585906982,0.6411192417144775,0.35888075828552246
14.728925943374634,0.6410948634147644,0.3589051365852356
14.731908082962036,0.6407161355018616,0.3592838644981384
14.73809266090393,0.6399220824241638,0.3600779175758362
14.74146008491516,0.6396223902702332,0.36037757992744446
14.75249981880188,0.6386134028434753,0.36138659715652466
14.75692582130432,0.6381973028182983,0.3618026673793793
14.758721590042114,0.6380265951156616,0.3619734048843384
14.760908126831056,0.6378172636032104,0.36218276619911194
14.762038469314575,0.6377082467079163,0.36229172348976135
14.76897120475769,0.702567994594574,0.29743197560310364
14.782514333724976,0.6955952644348145,0.30440473556518555
14.790526866912842,0.7091336250305176,0.2908664047718048
14.79192304611206,0.708743155002594,0.291256844997406
14.794721603393556,0.7079558968544006,0.29204410314559937
14.798013687133787,0.7070217132568359,0.29297831654548645
14.802907705307009,0.7056167125701904,0.2943832576274872
14.813698530197144,0.7023288607597351,0.2976711690425873
14.813721656799316,0.7023200392723083,0.29767999053001404
14.8182053565979,0.700588047504425,0.29941198229789734
14.828922986984251,0.6963501572608948,0.3036498427391052
14.831326007843018,0.6953388452529907,0.3046611249446869
14.83689022064209,0.732330322265625,0.2676696479320526
14.84090781211853,0.7370402216911316,0.262959748506546
14.844974756240845,0.7372110486030579,0.26278892159461975
14.855720520019531,0.737654447555542,0.2623455822467804
14.857923030853271,0.7377438545227051,0.2622561752796173
14.861907720565796,0.7379043102264404,0.26209571957588196
14.864039421081545,0.7379893660545349,0.2620106041431427
14.88115906715393,0.7386554479598999,0.2613445520401001
14.885720491409302,0.7388275265693665,0.26117247343063354
14.886922359466553,0.7388725280761719,0.2611275315284729
14.889850616455078,0.7389813661575317,0.26101866364479065
14.903908014297484,0.739490270614624,0.26050975918769836
14.90550136566162,0.739546537399292,0.260453462600708
14.905624628067017,0.7395508289337158,0.2604491412639618
14.914201021194458,0.7333582043647766,0.266641765832901
14.927720546722412,0.7284765243530273,0.27152344584465027
14.928922176361084,0.7284728288650513,0.27152717113494873
14.931541442871094,0.7284643650054932,0.2715356647968292
14.931908130645752,0.7284631133079529,0.2715369462966919
14.934417009353638,0.728454053401947,0.271545946598053
14.940933465957642,0.8258082866668701,0.17419174313545227
14.94592833518982,0.7547465562820435,0.24525344371795654
14.951358556747437,0.7548239231109619,0.2451760619878769
14.955719470977783,0.7548848986625671,0.24511510133743286
14.957922220230104,0.7549152970314026,0.2450847327709198
14.959522724151611,0.7549372315406799,0.24506278336048126
14.960907936096191,0.754956066608429,0.24504399299621582
14.976667881011965,0.7551626563072205,0.24483735859394073
14.986719608306885,0.7552867531776428,0.24471326172351837
14.991919040679932,0.7553485631942749,0.24465149641036987
14.99313759803772,0.7057323455810547,0.2942676544189453
14.994453191757202,0.708449125289917,0.2915509045124054
15.003908157348633,0.7082206010818481,0.29177945852279663
15.009045362472534,0.810038685798645,0.18996132910251617
15.01971960067749,0.735734760761261,0.264265239238739
15.020822763442991,0.7357296347618103,0.2642703950405121
15.028918981552124,0.7356876730918884,0.2643123269081116
15.03190803527832,0.7356708645820618,0.26432910561561584
15.034292459487917,0.7356570959091187,0.2643429636955261
15.03907585144043,0.7047880291938782,0.2952119708061218
15.05135178565979,0.7156575918197632,0.2843424081802368
15.055718898773192,0.715573787689209,0.2844262421131134
15.05591893196106,0.7155698537826538,0.28443020582199097
15.06090807914734,0.7154712080955505,0.2845287621021271
15.062390804290771,0.6723971962928772,0.3276028633117676
15.07140064239502,0.6381174921989441,0.3618825078010559
15.08230972290039,0.6464443802833557,0.3535556495189667
15.086920022964478,0.6465334296226501,0.35346660017967224
15.08971905708313,0.6465872526168823,0.35341277718544006
15.090341567993164,0.7065908908843994,0.293409138917923
15.099467515945436,0.6623139977455139,0.33768603205680847
15.1029052734375,0.6624292731285095,0.33757075667381287
15.113883256912231,0.6627740263938904,0.337226003408432
15.1216938495636,0.6230466961860657,0.3769533038139343
15.12471890449524,0.6324979662895203,0.36750200390815735
15.128919839859009,0.6323903799057007,0.3676096200942993
15.13190531730652,0.6323127746582031,0.3676871955394745
15.134445428848268,0.6322461366653442,0.36775389313697815
15.144592523574827,0.6319735050201416,0.3680265545845032
15.15382480621338,0.5925866961479187,0.4074133336544037
15.155715703964232,0.5999027490615845,0.40009722113609314
15.156919956207275,0.5998494029045105,0.4001505970954895
15.16006636619568,0.599709153175354,0.40029090642929077
15.160905122756958,0.599671483039856,0.40032848715782166
15.170146942138672,0.5992512702941895,0.4007487893104553
15.17947554588318,0.5988158583641052,0.4011841118335724
15.185711860656738,0.5985186100006104,0.4014814496040344
15.190715789794922,0.5982763767242432,0.40172362327575684
15.191916942596436,0.5982176661491394,0.4017823040485382
15.198813199996948,0.5978773832321167,0.4021225869655609
15.203619718551636,0.5976364612579346,0.4023635685443878
15.203903436660768,0.5976221561431885,0.4023779034614563
15.217747449874878,0.5969104170799255,0.4030895531177521
15.22571587562561,0.5964890122413635,0.4035109579563141
15.227997064590454,0.6815597414970398,0.3184402883052826
15.228916883468628,0.663574755191803,0.3364253044128418
15.231729984283447,0.6525138020515442,0.3474861681461334
15.231903553009031,0.6844574213027954,0.315542608499527
15.249314069747925,0.6846998929977417,0.3153001666069031
15.25285506248474,0.7327207922935486,0.26727917790412903
15.25871753692627,0.7107057571411133,0.2892942428588867
15.260903358459473,0.7107773423194885,0.2892226576805115
15.262916803359984,0.710843026638031,0.289156973361969
15.2653169631958,0.710921049118042,0.2890789806842804
15.283869743347168,0.7115116119384766,0.28848838806152344
15.284242391586304,0.7115232944488525,0.28847673535346985
15.285717248916626,0.7115691900253296,0.288430780172348
15.29191780090332,0.7117608189582825,0.28823915123939514
15.300901412963867,0.7120010256767273,0.2879989743232727
15.30115818977356,0.7120076417922974,0.28799232840538025
15.30964732170105,0.7122241258621216,0.2877759039402008
15.319717407226562,0.7124735116958618,0.28752654790878296
15.324763059616089,0.7125861048698425,0.2874138653278351
15.32791781425476,0.7126508355140686,0.2873491644859314
15.329901456832886,0.7126910090446472,0.2873089909553528
15.333204746246338,0.7127572298049927,0.28724274039268494
15.344690799713137,0.7129794359207153,0.2870205342769623
15.354480504989624,0.7131590247154236,0.2868410050868988
15.355716466903688,0.7131810188293457,0.2868189513683319
15.362897396087646,0.7133058905601501,0.28669410943984985
15.36291790008545,0.713306188583374,0.286693811416626
15.371901273727415,0.7134483456611633,0.28655165433883667
15.378998041152954,0.7616232633590698,0.23837675154209137
15.390716552734377,0.7663028240203857,0.23369720578193665
15.390916109085085,0.7663179039955139,0.23368212580680847
15.391443967819214,0.7403423190116882,0.2596576511859894
15.399901390075684,0.7809215784072876,0.21907848119735718
15.406459331512451,0.7815030217170715,0.21849694848060608
15.41855812072754,0.7822614312171936,0.21773859858512878
15.41891622543335,0.7822479009628296,0.2177520990371704
15.426422595977783,0.7819597125053406,0.21804030239582062
15.426716566085815,0.7819482684135437,0.21805179119110107
15.429901361465454,0.7818224430084229,0.21817754209041595
15.433001518249512,0.7816978693008423,0.21830213069915771
15.448953866958618,0.7809184193611145,0.2190815955400467
15.458696126937866,0.7180997133255005,0.2819003164768219
15.458718061447144,0.7401397824287415,0.25986021757125854
15.461916208267212,0.7402589321136475,0.25974106788635254
15.462231397628784,0.7402706742286682,0.25972938537597656
15.464901447296144,0.7403693795204163,0.25963062047958374
15.473151206970217,0.7406704425811768,0.25932955741882324
15.485718250274658,0.7411174178123474,0.2588825821876526
15.487274408340454,0.7411718368530273,0.25882819294929504
15.496912717819214,0.7415034770965576,0.25849655270576477
15.499098777770996,0.7415775060653687,0.25842252373695374
15.500901699066162,0.74163818359375,0.25836181640625
15.511136054992676,0.7419769763946533,0.2580230236053467
15.51791286468506,0.742195725440979,0.2578042447566986
15.5188250541687,0.7422248125076294,0.257775217294693
15.526718378067017,0.7424733638763428,0.257526695728302
15.52990174293518,0.7425306439399719,0.25746938586235046
15.5384840965271,0.6915143728256226,0.30848562717437744
15.546438455581663,0.6932313442230225,0.3067686855792999
15.552230596542358,0.6930903792381287,0.30690959095954895
15.555720090866089,0.693002462387085,0.30699750781059265
15.55991244316101,0.692893922328949,0.3071061372756958
15.562373876571655,0.7729556560516357,0.22704437375068665
15.572901725769045,0.7472156882286072,0.2527843415737152
15.58062195777893,0.7477511763572693,0.2522487938404083
15.58572006225586,0.7481029629707336,0.25189700722694397
15.5878803730011,0.7482514977455139,0.2517484724521637
15.58891248703003,0.7483224868774414,0.2516775131225586
15.599902629852297,0.7490884065628052,0.2509116232395172
15.605359315872192,0.7494824528694153,0.2505175769329071
15.614720106124878,0.750154435634613,0.24984556436538696
15.615417003631592,0.7502042651176453,0.24979573488235474
15.629224061965942,0.709075391292572,0.290924608707428
15.63091254234314,0.7351985573768616,0.2648015022277832
15.633902788162231,0.7353561520576477,0.2646438777446747
15.63633131980896,0.7354835867881775,0.2645164132118225
15.646375894546509,0.7934567928314209,0.2065432220697403
15.65672206878662,0.7857069373130798,0.21429306268692017
15.658154249191284,0.7858685255050659,0.21413147449493408
15.658912658691406,0.7859540581703186,0.2140459567308426
15.668691873550417,0.7870542407035828,0.21294574439525604
15.670902729034424,0.7873023152351379,0.21269769966602325
15.678773164749146,0.7086058855056763,0.29139411449432373
15.684374570846558,0.768205463886261,0.23179447650909424
15.68572235107422,0.7683305144309998,0.23166953027248383
15.689912796020508,0.7687182426452637,0.23128178715705872
15.698902368545532,0.76954585313797,0.23045411705970764
15.707810163497925,0.7554288506507874,0.24457120895385742
15.718618631362917,0.7449154257774353,0.2550845742225647
15.727722406387327,0.7360672950744629,0.2639327049255371
15.730912446975708,0.736350953578949,0.2636490762233734
15.732499599456789,0.7364917397499084,0.26350826025009155
15.73390245437622,0.7366158366203308,0.2633841335773468
15.736258268356323,0.7351179718971252,0.26488202810287476
15.749387264251707,0.7495430707931519,0.25045695900917053
15.752209901809692,0.7498303055763245,0.25016966462135315
15.7557213306427,0.7501869797706604,0.2498130053281784
15.758912801742554,0.7505104541778564,0.24948954582214355
15.768902063369753,0.7515186667442322,0.24848133325576782
15.775688648223875,0.717454195022583,0.2825458347797394
15.777898788452148,0.7058233022689819,0.29417672753334045
15.782308578491213,0.7059799432754517,0.2940201163291931
15.78472137451172,0.7060647010803223,0.29393529891967773
15.785976648330688,0.6123328804969788,0.38766708970069885
15.78791117668152,0.5762449502944946,0.42375504970550537
15.806902170181274,0.5758375525474548,0.42416247725486755
15.815598011016846,0.5756462812423706,0.424353688955307
15.826721429824827,0.5753976702690125,0.42460235953330994
15.828045845031738,0.57536780834198,0.42463216185569763
15.829911470413208,0.575325608253479,0.4246744215488434
15.83990216255188,0.5750973224639893,0.42490270733833313
15.840577840805054,0.5750817656517029,0.4249182641506195
15.847316026687622,0.5749255418777466,0.4250744581222534
15.856720447540283,0.5747049450874329,0.4252951145172119
15.856884241104126,0.5747010111808777,0.4252989590167999
15.858911275863647,0.574653148651123,0.42534685134887695
15.859902143478394,0.5746296048164368,0.4253704249858856
15.868678331375122,0.5744199752807617,0.4255800247192383
15.885720491409302,0.5740053057670593,0.4259946644306183
15.88991117477417,0.573901891708374,0.42609813809394836
15.895133018493652,0.573772132396698,0.426227867603302
15.902901887893677,0.5735774636268616,0.42642250657081604
15.908169269561768,0.5612832903862,0.43871670961380005
15.916432857513428,0.5445167422294617,0.45548325777053833
15.916911363601685,0.6113149523735046,0.38868507742881775
15.92072057723999,0.61152583360672,0.38847416639328003
15.929901838302612,0.612041175365448,0.3879588544368744
15.93479061126709,0.6082882285118103,0.3917118012905121
15.93664526939392,0.6248415112495422,0.37515851855278015
15.950266599655151,0.6257584095001221,0.3742416501045227
15.955719470977783,0.6261323690414429,0.37386760115623474
15.95890188217163,0.6263522505760193,0.3736477494239807
15.962911128997805,0.626542866230011,0.3734571039676666
15.968416213989258,0.6265930533409119,0.37340691685676575
15.973299741744995,0.6266378164291382,0.3733622133731842
15.985719203948976,0.6267518997192383,0.37324807047843933
15.987727642059326,0.6267704963684082,0.3732295036315918
15.996912956237791,0.6268553137779236,0.3731447160243988
16.001901865005493,0.626901388168335,0.3730986416339874
16.007935285568237,0.6269572973251343,0.37304267287254333
16.017163515090942,0.6270426511764526,0.37295737862586975
16.020719289779663,0.6270755529403687,0.37292447686195374
16.027912855148315,0.6271421313285828,0.37285786867141724
16.029301404953003,0.6271550059318542,0.37284499406814575
16.030901670455933,0.6271697878837585,0.37283021211624146
16.035393476486206,0.6272111535072327,0.37278881669044495
16.04606008529663,0.6273095011711121,0.37269046902656555
16.055718183517456,0.6271890997886658,0.37281087040901184
16.059715270996094,0.6269921660423279,0.3730078339576721
16.061322927474976,0.6105248332023621,0.3894751965999603
16.062912940979004,0.6439465880393982,0.3560533821582794
16.07090187072754,0.6437934637069702,0.3562065660953522
16.071549892425537,0.6036586165428162,0.3963414132595062
16.079229831695557,0.6712935566902161,0.32870644330978394
16.08771824836731,0.6714592576026917,0.32854071259498596
16.089958667755127,0.671502947807312,0.328497052192688
16.097908973693848,0.6716576814651489,0.3283422887325287
16.100899696350098,0.6717156767845154,0.328284353017807
16.103694200515747,0.6717698574066162,0.3282301127910614
16.10634446144104,0.671821117401123,0.32817891240119934
16.115718364715576,0.6720203161239624,0.3279796838760376
16.118908882141113,0.6720905303955078,0.3279094696044922
16.123577117919922,0.672193169593811,0.32780683040618896
16.135899543762207,0.6724627614021301,0.32753726840019226
16.136389017105103,0.6539381742477417,0.3460618257522583
16.14728307723999,0.6731612682342529,0.32683876156806946
16.15771746635437,0.6729611754417419,0.32703885436058044
16.1613929271698,0.6728877425193787,0.3271122872829437
16.162909030914307,0.6728569865226746,0.32714301347732544
16.170899868011475,0.6726908683776855,0.32730910181999207
16.172266721725464,0.6726617813110352,0.32733824849128723
16.185225248336792,0.6723748445510864,0.32762518525123596
16.18771743774414,0.672317385673523,0.32768261432647705
16.189911603927612,0.6722663044929504,0.32773372530937195
16.191899061203003,0.672219455242157,0.327780544757843
16.199684619903564,0.6720314621925354,0.3279685378074646
16.20125126838684,0.6719927191734314,0.3280072808265686
16.20954203605652,0.6435778737068176,0.3564221262931824
16.21671724319458,0.6301325559616089,0.3698675036430359
16.219911575317383,0.6298715472221375,0.37012842297554016
16.227672338485718,0.6292286515235901,0.3707713186740875
16.228514671325684,0.6291582584381104,0.37084177136421204
16.23289918899536,0.6287887692451477,0.3712112307548523
16.236544847488403,0.6284785270690918,0.3715214729309082
16.245936393737793,0.7054901123046875,0.2945099472999573
16.25460386276245,0.6955441236495972,0.3044559061527252
16.2567138671875,0.6956644654273987,0.3043355643749237
16.260911464691162,0.6959035396575928,0.30409643054008484
16.26143789291382,0.6959335803985596,0.3040664494037628
16.2688992023468,0.6963571906089783,0.30364280939102173
16.27390742301941,0.6966404914855957,0.3033595085144043
16.28571391105652,0.6973166465759277,0.30268335342407227
16.288448572158813,0.6974847316741943,0.30251526832580566
16.290908336639404,0.6976357698440552,0.3023642599582672
16.297122955322266,0.6753756403923035,0.3246243894100189
16.302571535110474,0.7070647478103638,0.29293525218963623
16.303896188735962,0.7071160674095154,0.2928839325904846
16.31506061553955,0.6730656027793884,0.3269343674182892
16.320825815200806,0.7069982886314392,0.2930017411708832
16.329713821411133,0.7072228789329529,0.2927771508693695
16.33090853691101,0.7072524428367615,0.2927476167678833
16.33189606666565,0.7072767615318298,0.29272323846817017
16.33426022529602,0.7316368818283081,0.26836317777633667
16.343162059783936,0.7245115637779236,0.27548840641975403
16.355711936950684,0.725288987159729,0.2747110426425934
16.36008620262146,0.7255584597587585,0.27444151043891907
16.360896348953247,0.7256083488464355,0.27439165115356445
16.361908674240112,0.725670576095581,0.2743294835090637
16.365065574645996,0.7258644700050354,0.2741355895996094
16.36856460571289,0.6225127577781677,0.37748727202415466
16.382117748260498,0.7085046172142029,0.2914954423904419
16.385711908340454,0.6874263286590576,0.31257364153862
16.389907121658325,0.687389075756073,0.3126109540462494
16.3913516998291,0.7026324272155762,0.29736754298210144
16.40389585494995,0.6797618865966797,0.3202381730079651
16.404536247253418,0.6797494292259216,0.32025057077407837
16.410220861434937,0.6658825278282166,0.33411747217178345
16.418907165527344,0.7055038213729858,0.29449617862701416
16.420711994171143,0.7055897116661072,0.29441025853157043
16.424102067947388,0.7057509422302246,0.2942490577697754
16.42820405960083,0.7059454321861267,0.2940545380115509
16.43189573287964,0.7061200737953186,0.2938799560070038
16.439303874969482,0.6877598166465759,0.31224021315574646
16.451874256134033,0.678561270236969,0.3214386999607086
16.45288848876953,0.678577184677124,0.3214227855205536
16.456711292266846,0.678636372089386,0.3213636577129364
16.459895849227905,0.6786849498748779,0.32131505012512207
16.459907054901123,0.6786850690841675,0.32131490111351013
16.46796464920044,0.5889246463775635,0.4110753536224365
16.480716943740845,0.6034178733825684,0.39658209681510925
16.487711429595947,0.6036233305931091,0.39637666940689087
16.48790454864502,0.6036291122436523,0.39637091755867004
16.490233898162842,0.6036980152130127,0.3963019847869873
16.5001699924469,0.6039955615997314,0.39600446820259094
16.501895427703857,0.6040478348731995,0.39595216512680054
16.50221276283264,0.6040573716163635,0.3959425985813141
16.51143455505371,0.6043391227722168,0.3956609070301056
16.52649688720703,0.6046374440193176,0.3953625559806824
16.528711318969727,0.6046812534332275,0.3953187167644501
16.530895471572876,0.6047243475914001,0.39527562260627747
16.530904531478882,0.604724645614624,0.39527538418769836
16.54126739501953,0.6049317717552185,0.3950682282447815
16.55000400543213,0.5668885707855225,0.43311142921447754
16.55670952796936,0.6272041201591492,0.37279585003852844
16.5599045753479,0.6274291276931763,0.3725709319114685
16.571197032928467,0.5769815444946289,0.4230184853076935
16.57389545440674,0.6646755337715149,0.3353244364261627
16.5850088596344,0.632865309715271,0.3671346604824066
16.58570957183838,0.6808990836143494,0.31910088658332825
16.588904857635498,0.6813987493515015,0.31860122084617615
16.590229272842407,0.6816065907478333,0.31839343905448914
16.600893020629883,0.6832923293113708,0.31670767068862915
16.601179599761963,0.683337926864624,0.316662073135376
16.614476919174194,0.6854735016822815,0.3145265281200409
16.62484097480774,0.687080979347229,0.312919020652771
16.62770986557007,0.687386155128479,0.3126138150691986
16.628905057907104,0.6875134706497192,0.31248658895492554
16.635892868041992,0.6882613897323608,0.31173866987228394
16.6366765499115,0.6883455514907837,0.3116544187068939
16.64577555656433,0.6893279552459717,0.31067201495170593
16.65570878982544,0.6904103755950928,0.3095896542072296
16.656904935836792,0.6905413269996643,0.3094586431980133
16.661906242370605,0.6910909414291382,0.3089090883731842
16.667875051498413,0.6917501091957092,0.3082498610019684
16.671892881393433,0.6920998096466064,0.30790022015571594
16.681976318359375,0.6926645040512085,0.3073355257511139
16.687708854675293,0.6929858922958374,0.3070141077041626
16.691900491714478,0.6932211518287659,0.3067789077758789
16.699339151382446,0.6936158537864685,0.30638420581817627
16.701892614364624,0.6937329769134521,0.30626705288887024
16.71163272857666,0.6941782236099243,0.30582180619239807
16.71570873260498,0.6943640112876892,0.3056360185146332
16.719988584518433,0.6311550140380859,0.36884504556655884
16.726900577545166,0.702466607093811,0.29753339290618896
16.73572325706482,0.6369768977165222,0.3630231022834778
16.73589277267456,0.720861554145813,0.2791385054588318
16.73984456062317,0.7212479114532471,0.27875205874443054
16.75360679626465,0.722602128982544,0.27739790081977844
16.757707834243774,0.7230079174041748,0.2769920825958252
16.76390051841736,0.7236228585243225,0.2763771414756775
16.765885591506958,0.7238205671310425,0.2761794626712799
16.766892671585083,0.7239208817481995,0.2760791480541229
16.771754026412964,0.7244061827659607,0.2755937874317169
16.778960466384888,0.7251283526420593,0.27487167716026306
16.786510467529297,0.6769039630889893,0.32309603691101074
16.786707878112793,0.7052934765815735,0.2947065830230713
16.79689645767212,0.7058852910995483,0.29411476850509644
16.800892114639282,0.7060962319374084,0.29390379786491394
16.801437377929688,0.706125020980835,0.2938750088214874
16.813556909561157,0.7067742347717285,0.29322579503059387
16.815707683563232,0.7068890929222107,0.2931109070777893
16.818896770477295,0.7070591449737549,0.29294082522392273
16.827459812164307,0.7075144648551941,0.2924855649471283
16.830892086029053,0.7076963186264038,0.2923037111759186
16.836922645568848,0.708014965057373,0.29198503494262695
16.848604440689087,0.7086292505264282,0.2913707196712494
16.853217601776123,0.7088705897331238,0.2911294102668762
16.856706142425537,0.7090526819229126,0.2909473478794098
16.860896587371826,0.7092708349227905,0.2907291352748871
16.865074157714844,0.670513391494751,0.3294866383075714
16.86589217185974,0.6835104823112488,0.31648948788642883
16.874497413635254,0.6835658550262451,0.3164341449737549
16.87985372543335,0.683597207069397,0.3164028227329254
16.885706186294556,0.6835565567016602,0.31644344329833984
16.890898942947388,0.6835139989852905,0.3164860010147095
16.892322063446045,0.6930776834487915,0.3069223165512085
16.901891708374023,0.703392744064331,0.29660722613334656
16.903324842453003,0.7034664750099182,0.2965335249900818
16.909589290618896,0.7037885785102844,0.29621148109436035
16.919581413269043,0.7043014168739319,0.2956985831260681
16.928706169128418,0.7047687768936157,0.29523125290870667
16.928840398788452,0.7047755718231201,0.29522445797920227
16.930898904800415,0.7048808932304382,0.2951190769672394
16.931891679763794,0.7049316763877869,0.2950683534145355
16.94274353981018,0.6499589681625366,0.35004106163978577
16.94793391227722,0.696813702583313,0.3031863272190094
16.9557044506073,0.6971257328987122,0.30287426710128784
16.959898948669434,0.6972930431365967,0.3027069568634033
16.963964462280273,0.6989564299583435,0.3010435402393341
16.97189164161682,0.7010949850082397,0.29890498518943787
16.978726863861084,0.7015625238418579,0.2984374761581421
16.98470449447632,0.701931893825531,0.2980680763721466
16.9888973236084,0.7021726965904236,0.29782727360725403
16.989723443984985,0.7022201418876648,0.29777991771698
17.000889539718628,0.702859103679657,0.29714086651802063
17.005799293518066,0.5647605061531067,0.4352395236492157
17.008039474487305,0.5928952693939209,0.4071047604084015
17.017897367477417,0.5928221344947815,0.4071778953075409
17.023743152618408,0.6247026324272156,0.3752973973751068
17.02770447731018,0.5521570444107056,0.4478429853916168
17.032864570617676,0.608505129814148,0.39149489998817444
17.035889863967896,0.5247153043746948,0.4752846956253052
17.03946805000305,0.5243714451789856,0.4756285846233368
17.050116539001465,0.520584762096405,0.47941526770591736
17.057703018188477,0.5559903979301453,0.4440096318721771
17.06089735031128,0.5559287071228027,0.44407129287719727
17.06221604347229,0.5559033751487732,0.4440965950489044
17.069387197494507,0.5557663440704346,0.44423362612724304
17.070889711380005,0.5557377338409424,0.44426223635673523
17.084702968597412,0.5554783940315247,0.44452160596847534
17.086910486221313,0.6195637583732605,0.3804362416267395
17.091889142990112,0.5441676378250122,0.4558323919773102
17.09289860725403,0.5441432595252991,0.4558567702770233
17.108307361602783,0.5437735915184021,0.4562263786792755
17.108649730682373,0.5437654852867126,0.45623451471328735
17.1197030544281,0.5435023903846741,0.4564976096153259
17.122089862823486,0.5482305288314819,0.45176947116851807
17.126898765563965,0.5517618656158447,0.44823816418647766
17.12920045852661,0.5516572594642639,0.44834280014038086
17.134889125823975,0.5513982176780701,0.4486018121242523
17.14958381652832,0.5505363941192627,0.4494635760784149
17.155704021453857,0.550167441368103,0.44983258843421936
17.156898736953735,0.5500952005386353,0.44990476965904236
17.161627292633057,0.5498085618019104,0.450191468000412
17.1708824634552,0.5492441654205322,0.4507558345794678
17.171656847000122,0.5491967797279358,0.450803279876709
17.17288899421692,0.5491213202476501,0.45087870955467224
17.185703992843628,0.5483313798904419,0.4516685903072357
17.190898895263672,0.548008918762207,0.45199114084243774
17.191101551055908,0.5479962825775146,0.45200368762016296
17.19188904762268,0.5479472875595093,0.4520527124404907
17.211586952209473,0.5467111468315125,0.45328885316848755
17.219703912734985,0.5461960434913635,0.4538039267063141
17.226398944854736,0.5024666786193848,0.4975333511829376
17.227899074554443,0.5601080060005188,0.4398919939994812
17.228480577468872,0.49955570697784424,0.5004442930221558
17.235888957977295,0.5881642699241638,0.41183575987815857
17.24262046813965,0.5883747935295105,0.4116252362728119
17.246182441711426,0.559717059135437,0.4402829706668854
17.25578474998474,0.5995935201644897,0.40040650963783264
17.256702184677124,0.5996436476707458,0.40035632252693176
17.256898880004883,0.599654495716095,0.40034547448158264
17.269888877868652,0.6003274321556091,0.39967262744903564
17.271043300628662,0.6003842949867249,0.39961567521095276
17.285702228546143,0.6011229157447815,0.3988770842552185
17.286993265151978,0.6011894345283508,0.39881062507629395
17.291898488998413,0.6014195680618286,0.3985804319381714
17.29215431213379,0.6014304757118225,0.3985695242881775
17.298052549362183,0.6016834378242493,0.39831656217575073
17.300886392593384,0.6018065810203552,0.39819347858428955
17.31967782974243,0.6026473045349121,0.3973526954650879
17.326898336410522,0.6029817461967468,0.3970182538032532
17.328160047531128,0.6030409336090088,0.3969590365886688
17.328702211380005,0.6030664443969727,0.3969336152076721
17.335886240005493,0.6034072041511536,0.39659279584884644
17.33676552772522,0.6034494042396545,0.39655065536499023
17.345090866088867,0.6038531064987183,0.39614689350128174
17.355687141418457,0.6043794751167297,0.39562055468559265
17.355701208114624,0.604380190372467,0.39561977982521057
17.356898546218872,0.6044405102729797,0.39555948972702026
17.36465358734131,0.558128833770752,0.44187113642692566
17.371886253356934,0.6136034727096558,0.38639652729034424
17.377764463424683,0.5483936667442322,0.4516063630580902
17.385701179504395,0.6377779841423035,0.3622220456600189
17.391896724700928,0.6385140419006348,0.3614859879016876
17.392374753952026,0.6385712027549744,0.361428827047348
17.398266792297363,0.6392793655395508,0.3607206642627716
17.400885581970215,0.6395964622497559,0.36040353775024414
17.403862953186035,0.6399589776992798,0.3600410521030426
17.414764642715454,0.6413018703460693,0.35869812965393066
17.418415784835815,0.6417573690414429,0.3582426905632019
17.420701026916504,0.6420438885688782,0.3579561114311218
17.427896738052368,0.6429669260978699,0.3570331037044525
17.43655800819397,0.6440247893333435,0.3559752404689789
17.436885595321655,0.6440650224685669,0.3559349477291107
17.43789291381836,0.59156334400177,0.40843671560287476
17.446751832962036,0.5885792374610901,0.4114207327365875
17.456700086593628,0.5887017250061035,0.41129830479621887
17.45789670944214,0.5887144207954407,0.4112856090068817
17.46388554573059,0.5887784957885742,0.4112214744091034
17.463989973068237,0.588779628276825,0.41122034192085266
17.4727725982666,0.5888766646385193,0.4111233651638031
17.48269033432007,0.5889902710914612,0.4110097289085388
17.485700130462646,0.589025616645813,0.4109744131565094
17.486895322799683,0.5890397429466248,0.41096028685569763
17.490718126296997,0.5890852808952332,0.41091471910476685
17.500882863998413,0.5892097353935242,0.41079023480415344
17.503212213516235,0.6249833703041077,0.3750166594982147
17.513380765914917,0.5885989665985107,0.41140100359916687
17.51888155937195,0.5884755849838257,0.4115244150161743
17.52789545059204,0.5882720351219177,0.4117279648780823
17.52870011329651,0.5882537364959717,0.4117462635040283
17.52936291694641,0.6191627979278564,0.38083717226982117
17.53388285636902,0.6207266449928284,0.379273384809494
17.535992860794067,0.620830774307251,0.379169225692749
17.541000604629517,0.6210797429084778,0.3789202570915222
17.554638862609863,0.6217414736747742,0.37825849652290344
17.555699586868286,0.6217845678329468,0.37821540236473083
17.55789542198181,0.6218740940093994,0.3781258761882782
17.565878868103027,0.6222025156021118,0.3777974545955658
17.56988286972046,0.6223690509796143,0.37763094902038574
17.575273275375366,0.5988841652870178,0.4011158347129822
17.581562995910645,0.593670129776001,0.4063299000263214
17.584699869155884,0.5936626195907593,0.4063374102115631
17.585601806640625,0.6096766591072083,0.3903234004974365
17.591896057128906,0.6042413115501404,0.3957587480545044
17.597981452941895,0.6043863892555237,0.3956136107444763
17.604882955551147,0.6045454740524292,0.3954545557498932
17.60773801803589,0.6046120524406433,0.3953879475593567
17.624037265777588,0.5635908246040344,0.4364091455936432
17.626699686050415,0.585211455821991,0.41478851437568665
17.6286678314209,0.5851874947547913,0.41481253504753113
17.628896474838257,0.5851847529411316,0.4148152470588684
17.632883071899414,0.585136353969574,0.41486361622810364
17.647931337356567,0.6112279295921326,0.38877204060554504
17.64849305152893,0.5930582284927368,0.40694183111190796
17.655698776245117,0.5098230242729187,0.4901770055294037
17.656896352767944,0.5096814036369324,0.49031862616539
17.664041757583618,0.5088328719139099,0.4911671578884125
17.669883012771606,0.5081350207328796,0.49186497926712036
17.68126106262207,0.5231959223747253,0.47680413722991943
17.68689751625061,0.5452401638031006,0.4547598958015442
17.689698934555054,0.5451582074165344,0.45484182238578796
17.693645477294922,0.545042872428894,0.45495715737342834
17.70116114616394,0.5448238849639893,0.45517614483833313
17.703883171081543,0.5447447896003723,0.4552551805973053
17.71044659614563,0.642240583896637,0.35775941610336304
17.724698781967163,0.5530146360397339,0.4469853341579437
17.72889733314514,0.5528765320777893,0.4471234381198883
17.72983741760254,0.5528457164764404,0.4471542537212372
17.73088312149048,0.5528113842010498,0.4471886456012726
17.735272884368896,0.5526673793792725,0.44733262062072754
17.754581928253174,0.5700316429138184,0.42996835708618164
17.75789737701416,0.5563437938690186,0.44365620613098145
17.76069927215576,0.5561476349830627,0.44385233521461487
17.760883331298828,0.5561347603797913,0.44386523962020874
17.76880693435669,0.5555776953697205,0.44442233443260193
17.776662588119507,0.5550221800804138,0.4449778199195862
17.786473512649536,0.554323673248291,0.4456762969493866
17.786895990371704,0.5542936325073242,0.44570639729499817
17.787699460983276,0.554236114025116,0.44576385617256165
17.801883459091187,0.5532165169715881,0.44678351283073425
17.809340715408325,0.5526762008666992,0.4473237693309784
17.815699338912964,0.552213191986084,0.44778677821159363
17.828295707702637,0.5512899160385132,0.44871005415916443
17.828895807266235,0.5512457489967346,0.4487542510032654
17.829882860183716,0.5511729717254639,0.44882699847221375
17.832783460617065,0.550959050655365,0.4490409195423126
17.848104000091553,0.5498215556144714,0.45017844438552856
17.856895923614502,0.5491523146629333,0.45084768533706665
17.85769772529602,0.5490763187408447,0.45092374086380005
17.859535455703735,0.5261638164520264,0.47383618354797363
17.861042499542236,0.5021990537643433,0.49780091643333435
17.864883184432983,0.5860776305198669,0.41392233967781067
17.880608797073364,0.5863052606582642,0.41369470953941345
17.885697841644287,0.5863665342330933,0.41363343596458435
17.886894464492798,0.586381196975708,0.4136187732219696
17.88990569114685,0.5766696929931641,0.42333027720451355
17.900789260864258,0.5931413173675537,0.4068587124347687
17.901882886886597,0.5931686758995056,0.406831294298172
17.908862590789795,0.5933473706245422,0.40665262937545776
17.923537969589233,0.5937414169311523,0.40625855326652527
17.92869782447815,0.5938860774040222,0.40611395239830017
17.928894519805908,0.5938916206359863,0.40610840916633606
17.930882930755615,0.5939481854438782,0.4060518145561218
17.9322726726532,0.5939880609512329,0.4060119092464447
17.94387984275818,0.5943295955657959,0.4056704342365265
17.952664613723755,0.5945987701416016,0.40540122985839844
17.956697463989258,0.5947253704071045,0.4052746295928955
17.957894563674927,0.5947632789611816,0.40523672103881836
17.961026191711426,0.5948634147644043,0.4051365852355957
17.9673969745636,0.5950706005096436,0.40492939949035645
17.967882871627808,0.5950865745544434,0.4049134850502014
17.984440565109253,0.5956485271453857,0.40435150265693665
17.985697269439697,0.59569251537323,0.40430748462677
17.991890907287598,0.5959120988845825,0.40408796072006226
17.992321252822876,0.5959275364875793,0.40407249331474304
18.00188112258911,0.5962758660316467,0.40372413396835327
18.008595943450928,0.5631311535835266,0.436868816614151
18.015817880630493,0.5533010363578796,0.44669896364212036
18.020697355270386,0.6276755928993225,0.37232446670532227
18.02689099311829,0.6283052563667297,0.37169477343559265
18.03088116645813,0.6287150382995605,0.37128496170043945
18.03417158126831,0.6290552020072937,0.3709447681903839
18.04388117790222,0.6300721764564514,0.3699277937412262
18.055693864822388,0.6313351392745972,0.3686649203300476
18.0618908405304,0.632008969783783,0.36799100041389465
18.064239025115967,0.6322662830352783,0.3677337169647217
18.069230318069454,0.6328169703483582,0.36718305945396423
18.07188105583191,0.6331114172935486,0.3668886125087738
18.084243059158325,0.6345032453536987,0.36549678444862366
18.08769392967224,0.6348356008529663,0.3651643693447113
18.089893579483032,0.6349294185638428,0.3650705814361572
18.09206914901733,0.5713919997215271,0.4286080598831177
18.10088086128235,0.5930947661399841,0.4069052040576935
18.104663133621216,0.5932019352912903,0.4067980945110321
18.11216235160828,0.5934168100357056,0.4065832197666168
18.114693880081177,0.5934900641441345,0.4065099060535431
18.1178936958313,0.593583345413208,0.4064166843891144
18.13588094711304,0.5942119359970093,0.40578803420066833
18.136236667633057,0.5942406058311462,0.40575942397117615
18.150485038757324,0.595402717590332,0.40459728240966797
18.15669298171997,0.5958630442619324,0.40413698554039
18.16089367866516,0.5961269736289978,0.4038730561733246
18.169166326522827,0.596652626991272,0.40334734320640564
18.170880794525143,0.5967625379562378,0.4032374620437622
18.177343606948853,0.5971018075942993,0.40289822220802307
18.18569302558899,0.5970208644866943,0.4029791057109833
18.19435286521912,0.5798013210296631,0.4201987087726593
18.197888612747192,0.5758829712867737,0.4241170585155487
18.20087838172913,0.5758534669876099,0.4241465628147125
18.20547914505005,0.5758079290390015,0.42419204115867615
18.211019039154053,0.5757529735565186,0.42424702644348145
18.217889070510864,0.5756847858428955,0.4243152439594269
18.219692945480347,0.5756668448448181,0.4243331551551819
18.22642016410828,0.6545364260673523,0.3454635739326477
18.22922420501709,0.6563504934310913,0.3436495065689087
18.23587846755981,0.6572322249412537,0.3427678048610687
18.239984035491943,0.6577795147895813,0.3422205448150635
18.2491352558136,0.6587074398994446,0.3412925899028778
18.257689714431763,0.659336268901825,0.34066373109817505
18.2618887424469,0.6596462726593018,0.34035375714302063
18.264551877975464,0.6598432064056396,0.34015682339668274
18.27187824249268,0.660386860370636,0.339613139629364
18.2802152633667,0.6097774505615234,0.3902225196361542
18.28341746330261,0.6221200227737427,0.3778800070285797
18.28568959236145,0.6221970915794373,0.37780287861824036
18.296889543533325,0.6225812435150146,0.37741875648498535
18.300281047821045,0.6412515044212341,0.3587484657764435
18.300877809524536,0.6523993611335754,0.34760063886642456
18.310810089111328,0.6532081961631775,0.3467918038368225
18.318889379501343,0.6538733243942261,0.3461267054080963
18.327303409576416,0.6545728445053101,0.34542715549468994
18.32768964767456,0.6546052098274231,0.3453948199748993
18.335877895355225,0.6552929878234863,0.34470701217651367
18.33791971206665,0.6070653796195984,0.3929346203804016
18.340464115142822,0.6505002379417419,0.34949976205825806
18.35568737983704,0.6515082716941833,0.3484917879104614
18.360889434814453,0.6518563032150269,0.34814369678497314
18.36417388916016,0.6553844809532166,0.34461548924446106
18.36981201171875,0.6378616690635681,0.3621383309364319
18.371877908706665,0.5680677890777588,0.4319322407245636
18.380011320114136,0.567659318447113,0.4323406517505646
18.38838529586792,0.5620770454406738,0.43792298436164856
18.390687465667725,0.5798331499099731,0.42016685009002686
18.39689326286316,0.5797653794288635,0.4202346205711365
18.400876760482788,0.5797330141067505,0.4202669560909271
18.403680324554443,0.5797106623649597,0.42028936743736267
18.409932613372803,0.5796618461608887,0.42033815383911133
18.417893409729004,0.579602062702179,0.42039793729782104
18.4232017993927,0.6125979423522949,0.3874020576477051
18.425687313079838,0.5689960718154907,0.43100395798683167
18.43381094932556,0.5688196420669556,0.4311803877353668
18.43687677383423,0.5687539577484131,0.4312460124492645
18.43931221961975,0.5687018632888794,0.4312981367111206
18.458683252334595,0.5684507489204407,0.4315492808818817
18.461893320083615,0.5684167742729187,0.4315831959247589
18.464582443237305,0.5488817691802979,0.45111820101737976
18.47187685966492,0.5578627586364746,0.4421372413635254
18.47263884544373,0.5578405261039734,0.4421594440937042
18.48468351364136,0.5574875473976135,0.4425124526023865
18.488919019699097,0.5573629140853882,0.4426370859146118
18.495893239974976,0.5572134852409363,0.4427865445613861
18.50058388710022,0.5571280121803284,0.442872017621994
18.500874042510983,0.5571226477622986,0.4428773522377014
18.50547504425049,0.5570390820503235,0.4429609179496765
18.51689338684082,0.5567954778671265,0.44320449233055115
18.52131199836731,0.55666184425354,0.44333821535110474
18.526683568954468,0.5564864277839661,0.4435136020183563
18.533874034881592,0.5562289357185364,0.443771094083786
18.541825771331787,0.5558471083641052,0.44415292143821716
18.549947261810303,0.5554540753364563,0.4445459246635437
18.560893297195435,0.5549197196960449,0.44508031010627747
18.562682390213013,0.5548318028450012,0.4451681971549988
18.56893301010132,0.4714375436306,0.5285624861717224
18.569874048233032,0.5416481494903564,0.45835188031196594
18.57319688796997,0.4987459182739258,0.501254141330719
18.58968234062195,0.5656588077545166,0.434341162443161
18.594114065170288,0.5658261179924011,0.43417391180992126
18.59589457511902,0.5658940076828003,0.4341059923171997
18.60487365722656,0.5662413239479065,0.4337586462497711
18.60711979866028,0.5679640173912048,0.43203604221343994
18.616894721984863,0.5727739334106445,0.42722606658935547
18.61999011039734,0.5729344487190247,0.42706552147865295
18.624682664871216,0.5731799006462097,0.4268200695514679
18.63287377357483,0.5736151933670044,0.4263848066329956
18.633174180984497,0.5736313462257385,0.42636871337890625
18.644941568374637,0.5742722153663635,0.42572781443595886
18.653807640075684,0.5747668147087097,0.4252331554889679
18.65967845916748,0.5750999450683594,0.4249000549316406
18.66289448738098,0.5752843022346497,0.42471572756767273
18.66987371444702,0.5756889581680298,0.4243110716342926
18.67668128013611,0.5760935544967651,0.4239064157009125
18.687678337097168,0.5767688155174255,0.42323121428489685
18.68791604042053,0.5767835378646851,0.42321643233299255
18.696892976760864,0.5772087574005127,0.4227912127971649
18.69923186302185,0.5773125290870667,0.42268747091293335
18.703874111175537,0.5775197148323059,0.4224802553653717
18.71290946006775,0.5779290795326233,0.4220709800720215
18.72221302986145,0.5779175162315369,0.4220825135707855
18.725893020629883,0.5780336260795593,0.42196640372276306
18.73067831993103,0.5781858563423157,0.4218141734600067
18.73076105117798,0.5781884789466858,0.4218115508556366
18.733874082565308,0.5782884359359741,0.4217115640640259
18.737380027771,0.5280476212501526,0.4719523787498474
18.757676124572757,0.5936951637268066,0.40630483627319336
18.760874032974243,0.5937373042106628,0.40626269578933716
18.760892868041992,0.5937375426292419,0.40626242756843567
18.766121864318848,0.5938069224357605,0.4061931073665619
18.767322540283203,0.5513961315155029,0.44860386848449707
18.78128147125244,0.6096132397651672,0.39038676023483276
18.786675930023197,0.6099512577056885,0.39004871249198914
18.789443254470825,0.6101184487342834,0.38988158106803894
18.795893907547,0.6104110479354858,0.38958898186683655
18.80016303062439,0.6106284260749817,0.3893716335296631
18.80287218093872,0.6108035445213318,0.3891964852809906
18.81258344650269,0.611436665058136,0.3885633945465088
18.81567597389221,0.6117024421691895,0.38829752802848816
18.81789374351501,0.611965537071228,0.38803452253341675
18.819599866867065,0.5102869868278503,0.48971298336982727
18.83033585548401,0.5111711621284485,0.4888288378715515
18.83187222480774,0.5111305713653564,0.48886942863464355
18.841439723968502,0.5107324719429016,0.489267498254776
18.855844497680664,0.5100956559181213,0.48990434408187866
18.85867071151733,0.5099716186523438,0.49002841114997864
18.858893871307373,0.509961724281311,0.4900382459163666
18.86187219619751,0.5098312497138977,0.4901687800884247
18.8637113571167,0.5097508430480957,0.4902491867542267
18.8746919631958,0.509257972240448,0.4907420575618744
18.88007760047913,0.5089898705482483,0.4910101592540741
18.88467073440552,0.5087618231773376,0.49123820662498474
18.887892723083496,0.5086022019386292,0.49139782786369324
18.892016172409058,0.5218881964683533,0.47811177372932434
18.902872323989868,0.4666193425655365,0.5333806276321411
18.90341567993164,0.466545432806015,0.5334545373916626
18.913162231445312,0.46521466970443726,0.5347853302955627
18.91989278793335,0.4642893373966217,0.5357106924057007
18.92086935043335,0.563876211643219,0.436123788356781
18.92871928215027,0.5777037739753723,0.4222961962223053
18.93067073822021,0.5778337717056274,0.42216622829437256
18.93087220191956,0.5778471231460571,0.42215293645858765
18.944336652755737,0.5787524580955505,0.42124757170677185
18.95416498184204,0.5794234275817871,0.4205766022205353
18.95766806602478,0.5796645879745483,0.42033544182777405
18.959892749786377,0.5798413157463074,0.4201586842536926
18.964844465255737,0.5802450180053711,0.4197549819946289
18.966872215271,0.5804112553596497,0.41958871483802795
18.97445106506348,0.566417396068573,0.4335826337337494
18.97906446456909,0.5502806305885315,0.4497193396091461
18.985668182373047,0.5503671765327454,0.44963282346725464
18.98688817024231,0.5503832697868347,0.44961678981781006
18.997588396072388,0.5463363528251648,0.4536636471748352
19.001872062683105,0.5585446357727051,0.4414553642272949
19.01298403739929,0.5590030550956726,0.440996915102005
19.015668153762817,0.5591151714324951,0.44088488817214966
19.026381254196167,0.559567391872406,0.440432608127594
19.02988815307617,0.5597172975540161,0.4402827024459839
19.030871868133545,0.5597594976425171,0.4402405321598053
19.040580987930294,0.5250600576400757,0.4749400019645691
19.04738044738769,0.5391970276832581,0.46080300211906433
19.056888103485107,0.539214551448822,0.460785448551178
19.058664083480835,0.5392178297042847,0.4607822000980377
19.062098026275635,0.6035528182983398,0.39644718170166016
19.071871995925903,0.5323899984359741,0.4676100015640259
19.07568311691284,0.5985732078552246,0.401426762342453
19.087883472442627,0.5242198705673218,0.4757801592350006
19.08966398239136,0.5241695642471313,0.47583046555519104
19.09174680709839,0.5241106152534485,0.4758893847465515
19.1008734703064,0.52396160364151,0.4760384261608124
19.103025197982788,0.5331438183784485,0.4668562114238739
19.114350080490112,0.5611668229103088,0.4388331472873688
19.120184183120728,0.5615322589874268,0.43846777081489563
19.12466406822205,0.5618146061897278,0.438185453414917
19.126883268356323,0.5619549751281738,0.43804505467414856
19.13307905197144,0.5901104807853699,0.4098895788192749
19.135873317718502,0.5380002856254578,0.46199968457221985
19.142379999160767,0.5381162762641907,0.4618837237358093
19.15466284751892,0.5383355021476746,0.46166446805000305
19.156864643096924,0.5383748412132263,0.46162521839141846
19.15988326072693,0.5384287238121033,0.46157127618789673
19.16583633422852,0.5251811742782593,0.47481879591941833
19.17087316513061,0.5284339785575867,0.4715660512447357
19.18104386329651,0.5285464525222778,0.47145357728004456
19.18688488006592,0.5286105871200562,0.47138938307762146
19.18966293334961,0.5286408066749573,0.47135916352272034
19.190948963165283,0.5286548733711243,0.4713451564311981
19.191872358322144,0.5286710262298584,0.471329003572464
19.198750734329224,0.5288045406341553,0.4711955189704895
19.222744941711422,0.5292736887931824,0.47072634100914
19.22566294670105,0.5293312668800354,0.470668762922287
19.23088479042053,0.529434084892273,0.47056588530540466
19.235872507095337,0.5295330286026001,0.4704670011997223
19.236077785491943,0.5295370221138,0.47046294808387756
19.24127697944641,0.529640257358551,0.4703597128391266
19.25403571128845,0.5297517776489258,0.4702482521533966
19.254658460617065,0.5297569632530212,0.47024300694465637
19.26488184928894,0.4702087938785553,0.5297911763191223
19.266884803771973,0.5392094254493713,0.46079060435295105
19.269872665405277,0.5393584370613098,0.4606415629386902
19.27795672416687,0.47966909408569336,0.5203309059143066
19.28407621383667,0.5645475387573242,0.43545249104499817
19.287883520126343,0.5649689435958862,0.43503108620643616
19.289658546447757,0.5651663541793823,0.43483367562294006
19.29131484031677,0.5309314727783203,0.4690684974193573
19.291871070861816,0.5762367844581604,0.423763245344162
19.29893112182617,0.5771433115005493,0.4228566586971283
19.32088279724121,0.5800207257270813,0.4199793040752411
19.32465863227844,0.5805248022079468,0.4194752275943756
19.330883264541622,0.5813615322113037,0.4186384677886963
19.33287119865417,0.5816303491592407,0.41836968064308167
19.333661556243896,0.5817373394966125,0.41826269030570984
19.338767051696777,0.5824317336082458,0.41756829619407654
19.35243272781372,0.5843144059181213,0.41568565368652344
19.354656457901,0.5846240520477295,0.4153759479522705
19.359883546829224,0.5853556990623474,0.414644330739975
19.369044065475464,0.5867130160331726,0.413286954164505
19.374871253967285,0.587643563747406,0.412356436252594
19.37525415420532,0.5877049565315247,0.41229501366615295
19.383421659469604,0.5890225172042847,0.4109775125980377
19.38688445091248,0.5895854830741882,0.4104144871234894
19.39665651321411,0.5911885499954224,0.4088114798069
19.400079250335693,0.5917550325393677,0.4082449674606323
19.403871297836304,0.5921481847763062,0.40785184502601624
19.41301655769348,0.593090832233429,0.40690919756889343
19.419058561325077,0.5361686944961548,0.4638312757015228
19.42297077178955,0.5365251898765564,0.463474839925766
19.42565655708313,0.6179255247116089,0.3820744454860687
19.428648471832275,0.6183789372444153,0.3816210627555847
19.428884267807007,0.6184147596359253,0.3815852701663971
19.43187117576599,0.6188690662384033,0.38113096356391907
19.446016550064087,0.6210667490959167,0.37893325090408325
19.454651832580566,0.6224539875984192,0.3775460720062256
19.45644187927246,0.6227430701255798,0.37725695967674255
19.456884384155277,0.6228146553039551,0.3771854043006897
19.46187114715576,0.6236236691474915,0.37637633085250854
19.47585678100586,0.6259156465530396,0.37408432364463806
19.4851975440979,0.6274653673171997,0.3725346028804779
19.48965167999268,0.62820965051651,0.3717903196811676
19.49188542366028,0.6285840272903442,0.3714159429073334
19.49546456336975,0.6291860938072205,0.37081387639045715
19.497687816619877,0.5634108185768127,0.43658921122550964
19.50486850738525,0.5747764110565186,0.42522355914115906
19.50839400291443,0.575086772441864,0.4249132573604584
19.524651765823364,0.5765333771705627,0.42346665263175964
19.52888536453247,0.5769582390785217,0.42304179072380066
19.529890537261963,0.5770646929740906,0.42293527722358704
19.53286862373352,0.5773811340332031,0.42261889576911926
19.54109239578247,0.5782608389854431,0.4217391610145569
19.55445885658264,0.5797088742256165,0.42029115557670593
19.55465078353882,0.5797299146652222,0.42027005553245544
19.555885314941406,0.5798647999763489,0.4201352298259735
19.560868740081787,0.5804113745689392,0.4195885956287384
19.568763256073,0.580926775932312,0.419073224067688
19.583120584487915,0.5816594958305359,0.4183405041694641
19.59088635444641,0.5820614695549011,0.41793856024742126
19.592625379562374,0.5539844632148743,0.44601553678512573
19.59665060043335,0.5177646279335022,0.4822354316711426
19.6038670539856,0.517544686794281,0.4824552834033966
19.605499029159542,0.5174946188926697,0.4825053811073303
19.61726713180542,0.5433968901634216,0.45660313963890076
19.61876320838928,0.5487779974937439,0.4512220025062561
19.624650716781616,0.5489966869354248,0.45100337266921997
19.62688636779785,0.5490800738334656,0.4509199559688568
19.630879402160645,0.5492297410964966,0.45077022910118103
19.631867170333862,0.5492669343948364,0.4507330358028412
19.63661527633667,0.5494462251663208,0.4505538046360016
19.651285886764526,0.5500078201293945,0.44999223947525024
19.65588665008545,0.5501862168312073,0.44981375336647034
19.65964674949646,0.5503329038619995,0.4496670663356781
19.6608669757843,0.5503997802734375,0.4496002793312073
19.661487340927124,0.5504344701766968,0.449565589427948
19.67001819610596,0.5267009139060974,0.473299115896225
19.68964695930481,0.5193253755569458,0.4806745946407318
19.690885066986084,0.5193026661872864,0.4806973338127136
19.701862573623657,0.5190991759300232,0.4809008240699768
19.704777002334595,0.5330979228019714,0.46690210700035095
19.71711826324463,0.5320445895195007,0.46795541048049927
19.72464680671692,0.532117486000061,0.46788251399993896
19.727885246276852,0.5321494340896606,0.46785056591033936
19.730862379074097,0.532179057598114,0.467820942401886
19.733194589614868,0.5322026014328003,0.4677973985671997
19.74010753631592,0.5133785605430603,0.4866214692592621
19.75964426994324,0.518869161605835,0.4811308681964874
19.761885166168213,0.5188010334968567,0.4811989367008209
19.772862672805783,0.5184659361839294,0.48153406381607056
19.787644386291504,0.5180068612098694,0.4819931089878082
19.789885997772217,0.5179316401481628,0.48206835985183716
19.800863027572632,0.5175614356994629,0.4824385941028595
19.806811571121216,0.5173322558403015,0.4826677739620209
19.815029859542847,0.5639663934707642,0.4360336363315582
19.81564426422119,0.5077505111694336,0.4922495484352112
19.81948971748352,0.5714453458786011,0.4285546541213989
19.83041524887085,0.49974411725997925,0.5002558827400208
19.8308629989624,0.49970322847366333,0.5002967715263367
19.831885814666748,0.4996093511581421,0.5003906488418579
19.837159872055054,0.5177829265594482,0.48221707344055176
19.85508942604065,0.542361319065094,0.457638680934906
19.858639001846317,0.5424553155899048,0.4575447142124176
19.860885858535767,0.5425150394439697,0.45748502016067505
19.86586284637451,0.5426479578018188,0.45735201239585876
19.86792659759521,0.5427035093307495,0.45729655027389526
19.881863832473755,0.5543308258056641,0.44566917419433594
19.884639024734497,0.5037906169891357,0.49620941281318665
19.88888382911682,0.5036078095436096,0.49639222025871277
19.896128177642822,0.5032938122749329,0.49670615792274475
19.90186595916748,0.5030435919761658,0.4969564378261566
19.91317176818848,0.5025460720062256,0.4974539577960968
19.92558217048645,0.486352801322937,0.513647198677063
19.92763900756836,0.48312875628471375,0.5168712139129639
19.9308660030365,0.48285582661628723,0.5171441435813904
19.93088388442993,0.4828542172908783,0.5171457529067993
19.940744638442997,0.48201337456703186,0.5179866552352905
19.94985032081604,0.4812278747558594,0.5187721252441406
19.95563697814941,0.4807242751121521,0.5192757844924927
19.95988392829895,0.4803523123264313,0.5196476578712463
19.96304154396057,0.48007452487945557,0.5199254751205444
19.96556925773621,0.4798515737056732,0.5201484560966492
19.96686601638794,0.47973689436912537,0.520263135433197
19.973947048187256,0.4790705144405365,0.5209295153617859
19.98888397216797,0.4776711165904999,0.5223289132118225
19.98963689804077,0.4775998890399933,0.5224000811576843
19.994749546051025,0.4771149456501007,0.5228850841522217
20.001866102218628,0.4763948917388916,0.5236051678657532
20.008592128753666,0.4756390154361725,0.5243609547615051
20.02392864227295,0.4550987780094147,0.5449011921882629
20.026637077331543,0.48543331027030945,0.5145667195320129
20.030866146087646,0.48517733812332153,0.5148226618766785
20.03188395500183,0.48512670397758484,0.5148732662200928
20.033845901489254,0.4516667127609253,0.5483332872390747
20.04881858825684,0.5105594396591187,0.48944059014320374
20.057631254196167,0.5451780557632446,0.454821914434433
20.058107137680054,0.5452113151550293,0.4547887444496155
20.05988383293152,0.5453353524208069,0.4546646773815155
20.06894898414612,0.5459750890731812,0.45402491092681885
20.071866035461422,0.5461833477020264,0.45381662249565125
20.07974219322205,0.5467516183853149,0.45324835181236267
20.085631847381592,0.5471820831298828,0.4528179466724396
20.08988094329834,0.5474953651428223,0.45250463485717773
20.100866317749023,0.5482955574989319,0.4517044723033905
20.10223865509033,0.5483967065811157,0.4516032934188843
20.10408735275269,0.5485333204269409,0.4514666795730591
20.112494945526123,0.549160361289978,0.45083966851234436
20.123438596725464,0.5499910712242126,0.45000895857810974
20.12888097763061,0.5504077672958374,0.4495922327041626
20.129631519317627,0.5504647493362427,0.44953522086143494
20.135866403579712,0.5509415864944458,0.4490584433078766
20.139851808547974,0.5512489080429077,0.4487511217594147
20.154141664505005,0.5523688197135925,0.44763121008872986
20.156880855560303,0.5525866150856018,0.4474134147167206
20.15762972831726,0.5526463985443115,0.4473536014556885
20.170169591903687,0.5538086891174316,0.44619134068489075
20.17086625099182,0.553880512714386,0.4461195468902588
20.178439140319824,0.5546668767929077,0.4453331232070923
20.185157537460327,0.5164983868598938,0.483501672744751
20.18662977218628,0.5582679510116577,0.4417320489883423
20.18688559532165,0.5582836866378784,0.44171634316444397
20.19186472892761,0.5585899949073792,0.44141003489494324
20.20398092269897,0.5093132853507996,0.49068671464920044
20.20883584022522,0.5868546366691589,0.41314539313316345
20.22671794891357,0.5892078876495361,0.41079217195510864
20.22862982749939,0.5894718170166016,0.4105282425880432
20.22888565063477,0.5895076394081116,0.41049233078956604
20.234864711761475,0.5903518199920654,0.4096481502056122
20.242897272109985,0.5914968848228455,0.40850308537483215
20.252252101898197,0.5928462743759155,0.40715375542640686
20.257328033447266,0.5935855507850647,0.4064144492149353
20.25762414932251,0.5936289429664612,0.4063710570335388
20.257885694503784,0.5936671495437622,0.4063328206539154
20.26450610160828,0.5441204905509949,0.4558795392513275
20.27186489105225,0.5720468163490295,0.42795321345329285
20.28020000457764,0.5727133750915527,0.42728668451309204
20.282829761505127,0.5729246139526367,0.4270753860473633
20.2856240272522,0.5731495022773743,0.4268505573272705
20.28988265991211,0.5734931826591492,0.42650681734085083
20.291863441467285,0.5736533999443054,0.42634662985801697
20.29493546485901,0.5739023089408875,0.42609766125679016
20.306801795959476,0.574869692325592,0.42513033747673035
20.315444469451904,0.5755797028541565,0.4244202971458435
20.321284770965576,0.5760623216629028,0.42393767833709717
20.327624082565308,0.5765884518623352,0.4234115183353424
20.32988238334656,0.5767765045166016,0.42322349548339844
20.332863569259644,0.5770253539085388,0.4229746162891388
20.334184646606445,0.5485286116600037,0.45147138833999634
20.34678292274475,0.5132186412811279,0.4867813289165497
20.351136922836304,0.5131487250328064,0.4868512749671936
20.355623960494995,0.51307612657547,0.48692387342453003
20.358882665634155,0.5130230784416199,0.4869769513607025
20.36038064956665,0.546623170375824,0.453376829624176
20.36086344718933,0.5368096232414246,0.4631904065608978
20.363676071166992,0.5369030237197876,0.46309694647789
20.374757289886475,0.5372757315635681,0.4627242982387543
20.385624170303345,0.5376484990119934,0.4623514711856842
20.38765239715576,0.5377190113067627,0.4622810184955597
20.38788080215454,0.5377269387245178,0.46227309107780457
20.39186286926269,0.5378661155700684,0.4621339440345764
20.400033950805664,0.5381544828414917,0.4618454873561859
20.41952085494995,0.49462366104125977,0.505376398563385
20.424262046813965,0.4876522421836853,0.5123477578163147
20.42562413215637,0.48755231499671936,0.512447714805603
20.42988085746765,0.4872388541698456,0.5127611756324768
20.432862997055054,0.48701825737953186,0.5129817128181458
20.44888186454773,0.5166058540344238,0.48339417576789856
20.4536190032959,0.5034428238868713,0.49655717611312866
20.45788073539734,0.5032739043235779,0.49672606587409973
20.457926273345947,0.5032721161842346,0.496727854013443
20.461863040924072,0.5031157732009888,0.49688419699668884
20.469042778015137,0.5028294324874878,0.4971705377101898
20.4882550239563,0.4914986193180084,0.5085013508796692
20.488618850708008,0.4952729344367981,0.5047271251678467
20.48888254165649,0.49525561928749084,0.5047444105148315
20.491149187088013,0.49510785937309265,0.504892110824585
20.491860151290894,0.49506130814552307,0.5049387216567993
20.501098155975345,0.5569989681243896,0.44300103187561035
20.50534439086914,0.5522382259368896,0.44776180386543274
20.514912843704224,0.47960376739501953,0.5203962326049805
20.51588249206543,0.4794967770576477,0.5205032229423523
20.52461886405945,0.4784073531627655,0.5215926766395569
20.52606773376465,0.5060515999794006,0.493948370218277
20.53486013412476,0.5213151574134827,0.47868481278419495
20.538302659988403,0.5212731957435608,0.4787267744541168
20.548245191574097,0.5211507678031921,0.47884923219680786
20.554617404937744,0.5210715532302856,0.47892847657203674
20.55888247489929,0.5210159420967102,0.4789840281009674
20.559313535690308,0.5567628741264343,0.44323715567588806
20.569860219955444,0.49397557973861694,0.5060244202613831
20.570390224456787,0.49394577741622925,0.5060542225837708
20.58688259124756,0.4930109679698944,0.506989061832428
20.590444803237915,0.49280688166618347,0.5071931481361389
20.59186124801636,0.4927254021167755,0.5072746276855469
20.59461736679077,0.49256664514541626,0.5074333548545837
20.598604917526245,0.48324742913246155,0.5167526006698608
20.615617513656616,0.46549132466316223,0.5345086455345154
20.620003938674927,0.4650537073612213,0.5349462628364563
20.627882480621334,0.46424493193626404,0.5357550978660583
20.63286137580872,0.46371570229530334,0.5362842679023743
20.6362943649292,0.4633217751979828,0.5366782546043396
20.64390754699707,0.4624425768852234,0.5375574231147766
20.646716117858887,0.46211478114128113,0.5378852486610413
20.65961265563965,0.4605630934238434,0.539436936378479
20.666882514953613,0.4596785306930542,0.5403214693069458
20.669861555099487,0.4593140482902527,0.5406860113143921
20.67632460594177,0.45848432183265686,0.5415157079696655
20.685585260391235,0.4572210907936096,0.5427789092063904
20.686612606048584,0.45712998509407043,0.542870044708252
20.68687605857849,0.4571066200733185,0.5428934097290039
20.693992614746094,0.45647376775741577,0.5435262322425842
20.70385837554932,0.45559075474739075,0.5444092750549316
20.70949506759644,0.41491952538490295,0.5850804448127747
20.715612649917603,0.47457975149154663,0.5254202485084534
20.71812438964844,0.47172531485557556,0.528274655342102
20.729876041412357,0.4940854012966156,0.505914568901062
20.732858657836918,0.49400803446769714,0.5059919357299805
20.74012541770935,0.4938162863254547,0.5061837434768677
20.74548649787903,0.5026166439056396,0.4973834156990051
20.756754636764526,0.5188599228858948,0.4811401069164276
20.756876230239868,0.5188624262809753,0.48113760352134705
20.7576105594635,0.5188778042793274,0.4811221659183502
20.75985836982727,0.5189252495765686,0.481074720621109
20.76908707618713,0.5191242098808289,0.48087581992149353
20.781182765960693,0.5193947553634644,0.48060527443885803
20.78661060333252,0.5195197463035583,0.4804803133010864
20.786880493164062,0.519525945186615,0.4804740250110626
20.79170656204224,0.519639253616333,0.4803607165813446
20.804856061935425,0.519956648349762,0.48004335165023804
20.80612826347351,0.5199880599975586,0.480011910200119
20.818501949310303,0.520276665687561,0.47972336411476135
20.82688045501709,0.5205160975456238,0.4794839322566986
20.8276104927063,0.520544171333313,0.479455828666687
20.832449197769165,0.5207085609436035,0.4792914390563965
20.83285617828369,0.520720899105072,0.47927913069725037
20.84393191337585,0.5210548043251038,0.47894519567489624
20.854386568069454,0.5215172171592712,0.47848278284072876
20.85960865020752,0.5217529535293579,0.47824710607528687
20.862335205078125,0.5218772292137146,0.4781228005886078
20.86288046836853,0.5219021439552307,0.4780978858470917
20.87085604667664,0.5222707986831665,0.4777292311191559
20.880635738372803,0.42670804262161255,0.5732919573783875
20.88660836219788,0.49397820234298706,0.5060217976570129
20.886701583862305,0.4500163495540619,0.5499836802482605
20.89687728881836,0.5210103392601013,0.4789896309375763
20.903854608535767,0.521330714225769,0.47866934537887573
20.90845775604248,0.5215325951576233,0.4784674346446991
20.913074493408203,0.5217366218566895,0.47826337814331055
20.91560840606689,0.5218493938446045,0.4781506657600403
20.920230627059937,0.522055983543396,0.4779440462589264
20.930877447128296,0.5225377082824707,0.4774623513221741
20.93185448646545,0.5225823521614075,0.47741764783859253
20.940504789352417,0.5229800939559937,0.47701987624168396
20.9412305355072,0.5230137705802917,0.47698622941970825
20.94863605499268,0.482556015253067,0.5174439549446106
20.95687747001648,0.4766196310520172,0.5233803987503052
20.95722985267639,0.47660931944847107,0.5233907103538513
20.95860600471497,0.47656965255737305,0.523430347442627
20.960854530334476,0.47650855779647827,0.5234915018081665
20.97197461128235,0.4762131869792938,0.5237868428230286
20.980222463607788,0.4760867953300476,0.5239132642745972
20.98687720298767,0.47598394751548767,0.5240160822868347
20.99262404441833,0.47589436173439026,0.5241056084632874
20.994606018066406,0.47586074471473694,0.5241392850875854
21.0028555393219,0.47588515281677246,0.5241148471832275
21.00810742378235,0.47614866495132446,0.5238513350486755
21.013330459594727,0.4764137864112854,0.5235862135887146
21.01460599899292,0.47647908329963684,0.5235209465026855
21.0268771648407,0.47696658968925476,0.5230334401130676
21.03085565567017,0.4770905673503876,0.5229094624519348
21.04456186294556,0.4774531424045563,0.5225468277931213
21.04580903053284,0.4876555800437927,0.5123444199562073
21.056543111801147,0.43156471848487854,0.5684353113174438
21.059604167938232,0.4312358498573303,0.5687641501426697
21.059855461120605,0.43120884895324707,0.5687911510467529
21.061877250671387,0.43099090456962585,0.5690091252326965
21.06543493270874,0.43060609698295593,0.5693939328193665
21.081757068634037,0.4943762719631195,0.5056236982345581
21.086604118347168,0.5035462379455566,0.49645376205444336
21.09788203239441,0.5038661360740662,0.4961338937282562
21.097941160202023,0.5038678646087646,0.49613216519355774
21.10285520553589,0.5040088295936584,0.49599120020866394
21.10818314552307,0.5041625499725342,0.49583742022514343
21.114603996276852,0.5043492317199707,0.4956507384777069
21.12412405014038,0.5046336054801941,0.4953664243221283
21.126882076263428,0.5047175288200378,0.49528250098228455
21.129855394363403,0.5048083662986755,0.49519166350364685
21.132254600524902,0.49961423873901367,0.5003857612609863
21.133988618850708,0.48450571298599243,0.5154942870140076
21.154701471328732,0.48311713337898254,0.5168828368186951
21.156602144241333,0.5145012736320496,0.4854987561702728
21.16188216209412,0.5146810412406921,0.4853189289569855
21.167855262756348,0.5148854851722717,0.4851144850254059
21.17093586921692,0.5149912238121033,0.4850088059902191
21.18460202217102,0.5154825448989868,0.4845174551010132
21.18551111221313,0.5155162811279297,0.4844836890697479
21.190460920333862,0.4930134117603302,0.5069865584373474
21.19088387489319,0.49644070863723755,0.5035592913627625
21.201855421066284,0.4963621199131012,0.5036379098892212
21.207658052444454,0.4963190257549286,0.5036810040473938
21.21052408218384,0.5575490593910217,0.4424509108066559
21.22688364982605,0.4908396303653717,0.5091603994369507
21.227602005004883,0.4908255636692047,0.5091744661331177
21.230855464935303,0.49076154828071594,0.5092384219169617
21.24544477462769,0.5548229813575745,0.44517698884010315
21.247945070266724,0.4856404960155487,0.5143595337867737
21.25460124015808,0.4854685366153717,0.5145314335823059
21.257513999938965,0.4747590720653534,0.525240957736969
21.26188325881958,0.48920685052871704,0.510793149471283
21.27185535430908,0.4891810119152069,0.5108190178871155
21.27590394020081,0.4891412556171417,0.5108587145805359
21.28460144996643,0.4890166223049164,0.5109833478927612
21.28864574432373,0.48892277479171753,0.5110772848129272
21.29888272285461,0.4886627495288849,0.5113372802734375
21.30085301399231,0.48861247301101685,0.5113875269889832
21.3018217086792,0.5163318514823914,0.48366811871528625
21.310948848724365,0.4662388861179352,0.5337611436843872
21.318882942199707,0.465703547000885,0.534296452999115
21.31960129737854,0.4656547009944916,0.534345269203186
21.32067608833313,0.4655821621417999,0.5344178080558777
21.334852933883667,0.46463438868522644,0.535365641117096
21.335700750350952,0.4497857987880707,0.5502142310142517
21.3545994758606,0.45409414172172546,0.5459058284759521
21.359883069992065,0.45362967252731323,0.5463703274726868
21.37185311317444,0.45256367325782776,0.5474362969398499
21.373759269714355,0.45239222049713135,0.5476077795028687
21.37522315979004,0.45225998759269714,0.5477400422096252
21.381776571273804,0.45166540145874023,0.5483346581459045
21.38659954071045,0.45122402906417847,0.5487759709358215
21.391852855682373,0.4507368505001068,0.5492631793022156
21.393128633499146,0.45061352849006653,0.5493865013122559
21.39688444137573,0.4502490758895874,0.5497509241104126
21.406096935272217,0.44951391220092773,0.5504860877990723
21.418019771575928,0.4490305185317993,0.5509695410728455
21.42759943008423,0.44854241609573364,0.5514576435089111
21.431884050369263,0.44826823472976685,0.5517317652702332
21.432852745056152,0.4482060670852661,0.5517939329147339
21.437490224838257,0.4104117453098297,0.5895882844924927
21.43885612487793,0.4067729115486145,0.5932270884513855
21.45033311843872,0.4876600503921509,0.5123399496078491
21.457831859588623,0.483064740896225,0.5169352293014526
21.459599018096924,0.5097128748893738,0.4902871549129486
21.46085286140442,0.5097934007644653,0.49020659923553467
21.46088433265686,0.5097954273223877,0.4902045726776123
21.47370195388794,0.5106254816055298,0.4893744885921478
21.48165726661682,0.5111579895019531,0.48884204030036926
21.485599040985107,0.5114703178405762,0.48852965235710144
21.48888111114502,0.5117316842079163,0.48826834559440613
21.492048501968384,0.5119850635528564,0.48801496624946594
21.50226831436157,0.5127391219139099,0.4872609078884125
21.503851413726807,0.5128514170646667,0.48714861273765564
21.51559901237488,0.5136911273002625,0.4863089323043823
21.516880989074707,0.5137834548950195,0.4862165153026581
21.51889586448669,0.5139288306236267,0.48607122898101807
21.529866456985477,0.5142002701759338,0.48579975962638855
21.536993265151978,0.5145086646080017,0.48549139499664307
21.540851354599,0.5147104263305664,0.485289603471756
21.54523539543152,0.5149433016777039,0.48505666851997375
21.55559730529785,0.5155355334281921,0.4844644367694855
21.55988097190857,0.5157978534698486,0.48420217633247375
21.56004905700684,0.5158081650733948,0.4841918647289276
21.56085157394409,0.5158573389053345,0.4841426908969879
21.57188415527344,0.5165379047393799,0.4834620952606201
21.58522129058838,0.48137998580932617,0.5186200141906738
21.58659720420837,0.5113700032234192,0.4886299967765808
21.587881565093998,0.5115002393722534,0.4884997606277466
21.601810932159424,0.5131089091300964,0.48689115047454834
21.601850509643555,0.5131145119667053,0.48688554763793945
21.602041721343998,0.46731576323509216,0.5326842665672302
21.61754512786865,0.551493763923645,0.4485062062740326
21.62759685516357,0.5538149476051331,0.44618508219718933
21.628881454467773,0.5541136860847473,0.4458863437175751
21.63108706474304,0.5546277165412903,0.4453723132610321
21.631850481033325,0.5548058748245239,0.4451940953731537
21.6404721736908,0.5568305253982544,0.4431695342063904
21.64695715904236,0.5583672523498535,0.4416327178478241
21.655596494674683,0.5604085326194763,0.4395914673805237
21.657140254974365,0.5113255977630615,0.48867446184158325
21.657881259918213,0.5344957113265991,0.4655042886734009
21.660850524902344,0.5348864197731018,0.4651135504245758
21.66314458847046,0.5352365970611572,0.4647633731365204
21.677578449249268,0.5373917818069458,0.4626082479953766
21.68359637260437,0.5382711887359619,0.4617288410663605
21.689162254333496,0.5390883684158325,0.46091166138648987
21.691882133483887,0.5394889712333679,0.46051105856895447
21.697720050811768,0.5403518676757812,0.4596481919288635
21.70484972000122,0.5414111018180847,0.45858895778656006
21.70909285545349,0.5420442819595337,0.4579556882381439
21.71273636817932,0.5425898432731628,0.45741021633148193
21.72559666633606,0.5444506406784058,0.45554935932159424
21.725927352905277,0.5077052712440491,0.4922947585582733
21.726881980896,0.47178196907043457,0.5282180905342102
21.732849597930908,0.47149986028671265,0.5285001397132874
21.749314069747925,0.47071191668510437,0.529288113117218
21.753536462783813,0.47055068612098694,0.5294492840766907
21.755594491958615,0.47047150135040283,0.5295284986495972
21.761849641799927,0.4702276885509491,0.5297722816467285
21.76288199424744,0.47018709778785706,0.5298129320144653
21.766199350357056,0.5081925988197327,0.4918074309825897
21.76888918876648,0.5281702280044556,0.47182977199554443
21.77969264984131,0.5293670296669006,0.470632940530777
21.789594650268555,0.5305701494216919,0.4694298803806305
21.79072451591492,0.5307081341743469,0.46929189562797546
21.790884017944336,0.5307276844978333,0.46927234530448914
21.803849935531616,0.5323238968849182,0.4676761329174042
21.804043769836422,0.5323479771614075,0.46765202283859253
21.81425905227661,0.49767497181892395,0.5023250579833984
21.819884061813354,0.4872979521751404,0.5127020478248596
21.824594497680664,0.48737257719039917,0.5126274228096008
21.833849906921387,0.48751798272132874,0.5124820470809937
21.835484981536865,0.487543523311615,0.512456476688385
21.844997882843018,0.4771018624305725,0.5228981375694275
21.855183362960812,0.5067141056060791,0.4932858645915985
21.859884023666385,0.5069193243980408,0.493080735206604
21.860587120056152,0.5069501399993896,0.4930499196052551
21.86084985733032,0.5069615244865417,0.493038535118103
21.86970925331116,0.5073497295379639,0.49265027046203613
21.87574052810669,0.5028603672981262,0.49713966250419617
21.878158569335938,0.5049632787704468,0.49503669142723083
21.887587308883667,0.5051607489585876,0.49483925104141235
21.8888840675354,0.5051870942115784,0.494812935590744
21.89043235778809,0.5642896890640259,0.43571028113365173
21.90285086631775,0.49386826157569885,0.5061317682266235
21.912859439849854,0.5591128468513489,0.44088712334632874
21.916587114334103,0.486616313457489,0.5133837461471558
21.92405867576599,0.46844932436943054,0.5315507054328918
21.93088436126709,0.5084749460220337,0.4915250241756439
21.931851148605347,0.50849848985672,0.49150148034095764
21.934958457946777,0.5085741281509399,0.49142587184906006
21.94168496131897,0.5087372660636902,0.4912627339363098
21.94783616065979,0.50888592004776,0.4911141097545624
21.958585262298584,0.5091444253921509,0.4908555746078491
21.95888447761536,0.5091515183448792,0.49084848165512085
21.96185111999512,0.5092226266860962,0.4907773435115814
21.97078537940979,0.5492888689041138,0.4507111608982086
21.981953859329224,0.4924997091293335,0.5075003504753113
21.986424922943115,0.4924775958061218,0.507522463798523
21.98658514022827,0.49247685074806213,0.5075231790542603
21.98788380622864,0.4924701750278473,0.5075298547744751
21.99778532981873,0.4924165904521942,0.5075833797454834
22.00285124778748,0.49238714575767517,0.5076128244400024
22.01015520095825,0.485519677400589,0.5144802927970886
22.01908254623413,0.4762144386768341,0.5237855911254883
22.027883768081665,0.47592273354530334,0.5240772366523743
22.028585195541385,0.47589927911758423,0.5241007804870605
22.029040336608887,0.47588393092155457,0.5241160988807678
22.030851125717163,0.47582289576530457,0.5241771340370178
22.0380380153656,0.4755776822566986,0.5244223475456238
22.045827865600582,0.4753067195415497,0.5246933102607727
22.0556423664093,0.4748828411102295,0.5251171588897705
22.05588388442993,0.47487136721611023,0.5251286625862122
22.05658316612244,0.47483834624290466,0.525161623954773
22.06585144996643,0.47439661622047424,0.5256034135818481
22.066405057907104,0.4743708372116089,0.5256291627883911
22.079078197479248,0.473772794008255,0.5262272357940674
22.089879035949707,0.430959552526474,0.5690404176712036
22.09088444709778,0.4848804771900177,0.5151195526123047
22.091583013534542,0.4848773181438446,0.5151227116584778
22.101152658462524,0.4359138607978821,0.5640861988067627
22.10185146331787,0.520302414894104,0.47969764471054077
22.10737657546997,0.520668625831604,0.4793313443660736
22.11858320236206,0.5214191675186157,0.4785808324813843
22.12094759941101,0.4886389672756195,0.5113610029220581
22.12688446044922,0.5292080044746399,0.4707920551300049
22.13085126876831,0.5295171141624451,0.4704829156398773
22.130971908569336,0.5295264720916748,0.4704735279083252
22.145206451416016,0.5306490063667297,0.46935102343559265
22.15321397781372,0.5312893986701965,0.46871060132980347
22.155582904815677,0.5314800143241882,0.46852004528045654
22.160884380340576,0.5319086909294128,0.46809133887290955
22.163919925689697,0.5321555137634277,0.46784454584121704
22.17185115814209,0.5328046083450317,0.46719539165496826
22.17518663406372,0.5330795049667358,0.4669204652309418
22.18910789489746,0.5343104004859924,0.46568959951400757
22.190582752227783,0.534453809261322,0.46554622054100037
22.195883750915527,0.5349717140197754,0.4650282561779022
22.20085072517395,0.5354602336883545,0.4645397961139679
22.2087140083313,0.5362399816513062,0.46376001834869385
22.211658239364624,0.5365340113639832,0.4634660482406616
22.21888375282288,0.5372599959373474,0.4627400040626526
22.227582931518555,0.5380457639694214,0.461954265832901
22.22774910926819,0.5380530953407288,0.46194690465927124
22.235851049423218,0.5385043621063232,0.46149560809135437
22.23644113540649,0.5385397672653198,0.4614602327346802
22.246674060821533,0.49233564734458923,0.5076643824577332
22.25558185577393,0.5462730526924133,0.4537269175052643
22.259883880615234,0.5467047691345215,0.4532952308654785
22.26081204414368,0.4915677011013031,0.5084323287010193
22.270850658416748,0.5709773898124695,0.4290226101875305
22.273062467575077,0.5713021755218506,0.4286978840827942
22.275509357452396,0.5716626048088074,0.42833736538887024
22.283506393432617,0.5728479027748108,0.4271520674228668
22.290581464767456,0.573905885219574,0.4260941743850708
22.291850328445435,0.5740965604782104,0.42590346932411194
22.295883893966675,0.574800968170166,0.425199031829834
22.297155380249023,0.5750248432159424,0.42497518658638
22.30520439147949,0.5764777660369873,0.4235222637653351
22.316154718399048,0.5494269728660583,0.45057305693626404
22.31788396835327,0.5393937230110168,0.46060624718666077
22.319581508636475,0.5395327806472778,0.46046724915504456
22.323242902755737,0.5398334264755249,0.4601666033267975
22.332228183746334,0.5405750274658203,0.4594250023365021
22.33485054969788,0.5407924652099609,0.45920759439468384
22.34740900993347,0.5414723753929138,0.4585276246070862
22.35557770729065,0.541858434677124,0.45814159512519836
22.359236240386963,0.5420835018157959,0.4579165279865265
22.36088395118713,0.5422016978263855,0.4577983319759369
22.37185049057007,0.5429919958114624,0.4570080637931824
22.372430324554443,0.5430338978767395,0.4569661021232605
22.37874436378479,0.5434916615486145,0.4565083682537079
22.38911867141724,0.5707249641418457,0.4292750060558319
22.390577793121334,0.49893373250961304,0.501066267490387
22.391850233078003,0.49891525506973267,0.5010847449302673
22.39188432693481,0.49891483783721924,0.5010851621627808
22.39901328086853,0.4988095760345459,0.5011904239654541
22.405165433883667,0.4987163543701172,0.5012836456298828
22.410834550857544,0.5015568137168884,0.49844321608543396
22.42135500907898,0.5466567277908325,0.4533432722091675
22.42688465118408,0.5471135973930359,0.4528863728046417
22.427600860595703,0.5471729040145874,0.4528270959854126
22.42857766151428,0.5472538471221924,0.4527461528778076
22.432850122451782,0.5476087927818298,0.45239123702049255
22.4382905960083,0.5480626821517944,0.45193734765052795
22.456576347351078,0.5496032238006592,0.4503968060016632
22.456884384155277,0.549629271030426,0.450370728969574
22.4599392414093,0.5498891472816467,0.45011091232299805
22.46085023880005,0.5499666929244995,0.45003336668014526
22.463149309158325,0.5618680715560913,0.43813198804855347
22.47024965286255,0.547427773475647,0.4525722563266754
22.484204053878784,0.5176812410354614,0.4823187291622162
22.48457646369934,0.5767775774002075,0.4232224225997925
22.48888325691223,0.577350378036499,0.4226495921611786
22.49184846878052,0.5777461528778076,0.42225390672683716
22.495689392089844,0.5782599449157715,0.42174002528190613
22.51288652420044,0.5559597015380859,0.4440402686595917
22.51542592048645,0.5243539214134216,0.47564610838890076
22.518153190612797,0.5244295597076416,0.475570410490036
22.51957654953003,0.5244690775871277,0.4755309224128723
22.525675535202023,0.6003209352493286,0.3996790945529938
22.529528856277462,0.5965901613235474,0.403409868478775
22.53088355064392,0.5172486305236816,0.48275136947631836
22.532848358154297,0.5172807574272156,0.4827192723751068
22.535786628723145,0.5173288583755493,0.48267117142677307
22.549585342407227,0.4822126626968384,0.5177873373031616
22.55557465553284,0.5233839750289917,0.4766160547733307
22.559848308563232,0.5235269665718079,0.47647300362586975
22.55988359451294,0.5235282778739929,0.4764716923236847
22.56589436531067,0.5237303376197815,0.4762696921825409
22.58370566368103,0.5243334174156189,0.4756665527820587
22.58688235282898,0.5244415998458862,0.47555840015411377
22.590574502944943,0.5245677828788757,0.47543224692344666
22.599417448043823,0.5796896815299988,0.4203103482723236
22.601846933364868,0.49503251910209656,0.504967451095581
22.607637405395508,0.49493908882141113,0.5050609111785889
22.61503505706787,0.4948180615901947,0.5051819682121277
22.626574516296387,0.49462196230888367,0.5053780674934387
22.62710404396057,0.5183098316192627,0.4816901981830597
22.62888240814209,0.4634806513786316,0.5365193486213684
22.62984704971313,0.4634123146533966,0.5365877151489258
22.639551877975464,0.4627205729484558,0.5372794270515442
22.65557265281677,0.46156248450279236,0.5384374856948853
22.6568820476532,0.46146705746650696,0.5385329127311707
22.660754203796387,0.46118366718292236,0.5388163328170776
22.671846866607662,0.4603655934333801,0.5396344065666199
22.672895431518555,0.46028760075569153,0.5397124290466309
22.676361560821533,0.4600297808647156,0.5399702191352844
22.68799901008606,0.45915713906288147,0.5408428907394409
22.690572261810303,0.45896270871162415,0.5410373210906982
22.69188094139099,0.458863765001297,0.5411362648010254
22.701602935791016,0.45812347531318665,0.541876494884491
22.701844930648804,0.45810508728027344,0.5418949127197266
22.71169590950012,0.45734748244285583,0.5426525473594666
22.720768928527832,0.36556798219680786,0.6344320774078369
22.726572275161743,0.44811752438545227,0.5518825054168701
22.72788095474243,0.44805192947387695,0.5519481301307678
22.72984504699707,0.44795358180999756,0.5520464777946472
22.754274606704712,0.39355775713920593,0.6064422130584717
22.755570650100708,0.47411590814590454,0.5258841514587402
22.758054494857788,0.47412630915641785,0.5258737206459045
22.76288104057312,0.47414761781692505,0.525852382183075
22.772844791412357,0.47419673204421997,0.52580326795578
22.77545809745789,0.4444740116596222,0.5555260181427002
22.786816358566284,0.4799848198890686,0.5200152397155762
22.789570569992065,0.4800276756286621,0.5199723839759827
22.79188179969788,0.48006436228752136,0.519935667514801
22.79547119140625,0.48012202978134155,0.5198779702186584
22.800844192504883,0.4802103638648987,0.5197896957397461
22.80610227584839,0.4802992045879364,0.519700825214386
22.825432062149048,0.48060309886932373,0.519396960735321
22.82757067680359,0.4806363880634308,0.5193635821342468
22.83288168907165,0.48072075843811035,0.5192793011665344
22.837106943130493,0.4807891547679901,0.5192108154296875
22.83784437179565,0.4808013141155243,0.5191987156867981
22.849146366119385,0.4809921979904175,0.5190078020095825
22.855139017105103,0.48109737038612366,0.5189026594161987
22.86056685447693,0.4811949133872986,0.5188050866127014
22.861881732940677,0.4812189042568207,0.5187811255455017
22.864272117614743,0.48126283288002014,0.5187371969223022
22.86484432220459,0.4812735319137573,0.5187264680862427
22.875104188919067,0.48146751523017883,0.5185325145721436
22.887881755828857,0.48173603415489197,0.5182639956474304
22.888566970825195,0.48175159096717834,0.518248438835144
22.89240145683289,0.48183926939964294,0.5181607604026794
22.897165298461918,0.34610655903816223,0.6538934111595154
22.901844024658203,0.43890562653541565,0.5610944032669067
22.9063503742218,0.37184786796569824,0.6281521320343018
22.916566848754883,0.4372093081474304,0.5627906918525696
22.917755842208862,0.4372590482234955,0.5627409815788269
22.9221670627594,0.43744489550590515,0.5625550746917725
22.929881811141968,0.4377749264240265,0.5622251033782959
22.93584394454956,0.4380344748497009,0.5619655251502991
22.93759274482727,0.43811145424842834,0.5618885159492493
22.946568250656128,0.4385114312171936,0.5614885687828064
22.947141885757446,0.43853726983070374,0.5614627599716187
22.95196795463562,0.4387563467025757,0.5612437129020691
22.95776104927063,0.46393945813179016,0.5360605716705322
22.958881855010983,0.4232390820980072,0.5767609477043152
22.96584415435791,0.42316508293151855,0.5768349170684814
22.967527866363525,0.4231470227241516,0.5768530368804932
22.981209993362427,0.42299747467041016,0.5770025253295898
22.985881567001343,0.4229453504085541,0.5770546197891235
22.98856806755066,0.42291492223739624,0.5770850777626038
22.998803853988647,0.42279767990112305,0.577202320098877
23.00084376335144,0.4227481782436371,0.5772518515586853
23.008742332458496,0.4225480258464813,0.5774520039558411
23.01656818389893,0.42234620451927185,0.5776537656784058
23.0176842212677,0.42231714725494385,0.5776828527450562
23.028881549835205,0.4220213294029236,0.5779786705970764
23.030765771865845,0.42197078466415405,0.5780292749404907
23.03084373474121,0.4219686985015869,0.5780313014984131
23.047298908233643,0.47295355796813965,0.5270464420318604
23.05588126182556,0.4102776348590851,0.5897223949432373
23.06155776977539,0.40993788838386536,0.5900620818138123
23.063273906707764,0.40983447432518005,0.5901655554771423
23.0658438205719,0.40967893600463867,0.5903211236000061
23.06585025787353,0.40967848896980286,0.5903214812278748
23.07595944404602,0.45690658688545227,0.5430934429168701
23.084031343460083,0.442021906375885,0.557978093624115
23.08688259124756,0.44219982624053955,0.5578002333641052
23.087278366088867,0.44222456216812134,0.5577754378318787
23.08755779266357,0.442241907119751,0.557758092880249
23.096912145614624,0.4428287446498871,0.5571712851524353
23.10184359550476,0.4431396424770355,0.5568603873252869
23.10948944091797,0.4436238408088684,0.5563761591911316
23.1202974319458,0.46974366903305054,0.5302563905715942
23.12555766105652,0.4402115046977997,0.5597885251045227
23.12650418281555,0.4402411878108978,0.5597588419914246
23.12888264656067,0.44031572341918945,0.5596842765808105
23.13084363937378,0.44037702679634094,0.5596230030059814
23.1414155960083,0.4683122932910919,0.5316877365112305
23.15416955947876,0.4246094524860382,0.5753905773162842
23.15688252449036,0.4247854948043823,0.5752145051956177
23.16055393218994,0.425035685300827,0.5749643445014954
23.16784358024597,0.42561984062194824,0.5743801593780518
23.17114019393921,0.42589738965034485,0.5741025805473328
23.17389178276062,0.3813665807247162,0.6186334490776062
23.17915391921997,0.36825624108314514,0.6317437291145325
23.18874740600586,0.36772528290748596,0.6322747468948364
23.18955397605896,0.36768022179603577,0.6323197484016418
23.19188165664673,0.3675500452518463,0.6324499845504761
23.194518327713013,0.42573538422584534,0.5742645859718323
23.20184326171875,0.34631553292274475,0.6536844968795776
23.206313848495483,0.418611615896225,0.5813884139060974
23.215343713760376,0.3357715606689453,0.6642284393310547
23.22056794166565,0.3834850490093231,0.6165149807929993
23.226553916931152,0.37906554341316223,0.6209344863891602
23.22888159751892,0.37899383902549744,0.621006190776825
23.23084330558777,0.37893158197402954,0.6210684180259705
23.234931468963623,0.3787648379802704,0.621235191822052
23.25465512275696,0.37794366478919983,0.6220563650131226
23.255552768707275,0.37790563702583313,0.6220943927764893
23.26288151741028,0.37759366631507874,0.6224063634872437
23.26363039016724,0.4457634389400482,0.5542365908622742
23.271843194961548,0.37236177921295166,0.6276382207870483
23.27496290206909,0.3721960186958313,0.6278039813041687
23.285505533218384,0.38530558347702026,0.6146944165229797
23.28555274009705,0.35774314403533936,0.6422568559646606
23.29399347305298,0.3570561110973358,0.6429438591003418
23.296889066696167,0.35681837797164917,0.6431816220283508
23.30084204673767,0.3564920723438263,0.6435078978538513
23.30517673492432,0.3561322093009949,0.6438677906990051
23.31897354125977,0.3549707233905792,0.6450293064117432
23.327552556991577,0.35423654317855835,0.6457634568214417
23.33037066459656,0.3539957106113434,0.646004319190979
23.330888986587524,0.353951632976532,0.646048367023468
23.33584189414978,0.353528767824173,0.6464712023735046
23.34396386146545,0.3528289496898651,0.6471710801124573
23.34753918647766,0.3525182902812958,0.6474817395210266
23.356889009475708,0.35169851779937744,0.6483014822006226
23.35754871368408,0.35164016485214233,0.6483598351478577
23.35820484161377,0.3515821695327759,0.6484178304672241
23.3648419380188,0.35099247097969055,0.6490075588226318
23.377603769302368,0.3435894846916199,0.6564105153083801
23.3794264793396,0.3286133110523224,0.67138671875
23.3865487575531,0.3938853442668915,0.6061146259307861
23.38908672332764,0.39386701583862305,0.606132984161377
23.39789080619812,0.3938038945198059,0.6061961054801941
23.39827680587769,0.40967628359794617,0.5903237462043762
23.40083932876587,0.42971745133399963,0.5702825784683228
23.40984034538269,0.4301300644874573,0.5698699951171875
23.419053554534912,0.4305575489997864,0.5694424510002136
23.42689085006714,0.430925577878952,0.5690744519233704
23.429548740386963,0.4310512840747833,0.5689487457275391
23.43583941459656,0.43135058879852295,0.568649411201477
23.44608044624329,0.4318431615829468,0.568156898021698
23.45094037055969,0.43207913637161255,0.5679208636283875
23.46155095100403,0.43259966373443604,0.567400336265564
23.46189045906067,0.4326164424419403,0.5673835277557373
23.465399265289307,0.43279018998146057,0.567209780216217
23.471839427948,0.4331111013889313,0.5668889284133911
23.474007606506348,0.43321970105171204,0.5667803287506104
23.482924461364743,0.43366914987564087,0.5663308501243591
23.48755097389221,0.4339044690132141,0.5660955905914307
23.491838932037357,0.434123694896698,0.5658763647079468
23.4934024810791,0.43420377373695374,0.5657961964607239
23.49688720703125,0.43437832593917847,0.5656217336654663
23.50721383094788,0.43488258123397827,0.5651174187660217
23.51655077934265,0.4353434145450592,0.5646565556526184
23.51788711547852,0.43540969491004944,0.5645902752876282
23.520079374313354,0.43551865220069885,0.5644813179969788
23.525424003601078,0.40983811020851135,0.590161919593811
23.533838987350464,0.44126132130622864,0.5587387084960938
23.539692163467407,0.3946933150291443,0.6053067445755005
23.54670286178589,0.466092586517334,0.5339074730873108
23.559546947479248,0.46750757098197937,0.532492458820343
23.56183886528015,0.46776431798934937,0.5322356820106506
23.56188726425171,0.4677698016166687,0.5322301983833313
23.56431746482849,0.4680439233779907,0.5319560766220093
23.572014093399048,0.46899253129959106,0.5310075283050537
23.58371615409851,0.47048842906951904,0.529511570930481
23.588371753692627,0.47109273076057434,0.528907299041748
23.588546991348267,0.47111549973487854,0.5288845300674438
23.596888542175293,0.4722082018852234,0.5277917981147766
23.59720206260681,0.4558757543563843,0.5441242456436157
23.604838848114014,0.4321623146533966,0.567837655544281
23.624298334121704,0.43255099654197693,0.5674490332603455
23.626888513565063,0.43260258436203003,0.56739741563797
23.630547046661377,0.43267151713371277,0.5673285126686096
23.63283920288086,0.4327104389667511,0.5672895908355713
23.63592267036438,0.43276283144950867,0.5672371983528137
23.655357599258423,0.4330891966819763,0.5669108033180237
23.66154432296753,0.4331916868686676,0.56680828332901
23.66183924674988,0.4331966042518616,0.5668033957481384
23.661888360977173,0.4331974387168884,0.5668025612831116
23.668472051620483,0.43330568075180054,0.5666943192481995
23.67925500869751,0.433481365442276,0.5665186047554016
23.68754410743713,0.43361490964889526,0.5663851499557495
23.690885066986084,0.4336684048175812,0.5663316249847412
23.70483636856079,0.4338890612125397,0.5661109685897827
23.70892810821533,0.4339640140533447,0.5660359859466553
23.716544151306152,0.4341137409210205,0.5658863186836243
23.71888494491577,0.4341595768928528,0.5658404231071472
23.728357076644897,0.4343663156032562,0.5656336545944214
23.732688188552856,0.4344397783279419,0.5655602812767029
23.732703685760494,0.4633769094944,0.5366231203079224
23.732836484909058,0.4134126603603363,0.5865873694419861
23.7488009929657,0.4658648669719696,0.5341351628303528
23.753719329833984,0.43108931183815,0.5689107179641724
23.758541584014893,0.431061714887619,0.5689382553100586
23.760884761810303,0.43104809522628784,0.5689519047737122
23.764320135116577,0.43102768063545227,0.5689722895622253
23.77383637428284,0.4309695065021515,0.5690304636955261
23.775577783584595,0.43096455931663513,0.5690354704856873
23.78654170036316,0.4309353530406952,0.5690646171569824
23.787012577056885,0.4309341013431549,0.5690659284591675
23.788883924484253,0.4309287667274475,0.5690712332725525
23.80123805999756,0.44052770733833313,0.5594723224639893
23.80183506011963,0.41765865683555603,0.5823413729667664
23.807279348373413,0.4173353910446167,0.5826646089553833
23.81788396835327,0.416695773601532,0.583304226398468
23.82583785057068,0.47284117341041565,0.527158796787262
23.82954168319702,0.43457475304603577,0.5654252171516418
23.8318350315094,0.4345308840274811,0.5654690861701965
23.83760094642639,0.43441954255104065,0.5655804872512817
23.856539964675903,0.43400731682777405,0.5659926533699036
23.85710573196411,0.4339878559112549,0.5660121440887451
23.858010053634644,0.41337284445762634,0.5866271257400513
23.860835075378414,0.4074093997478485,0.5925905704498291
23.865615367889404,0.4069937765598297,0.5930062532424927
23.866883754730225,0.4068829119205475,0.5931171178817749
23.87561416625977,0.4644778072834015,0.5355221629142761
23.88453984260559,0.38608166575431824,0.6139183640480042
23.88627004623413,0.4535582363605499,0.5464417934417725
23.886884212493896,0.3746353089809418,0.6253646612167358
23.890161514282227,0.3741860091686249,0.6258140206336975
23.901832342147827,0.3725314140319824,0.6274686455726624
23.910719871521,0.42749178409576416,0.5725082159042358
23.921793460845947,0.4265897572040558,0.5734102129936218
23.9265398979187,0.4264237582683563,0.5735762715339661
23.92788410186768,0.4263765811920166,0.5736234188079834
23.929832220077515,0.4263078272342682,0.5736922025680542
23.931055545806885,0.42626479268074036,0.5737351775169373
23.94328284263611,0.4911481440067291,0.5088518857955933
23.955884218215942,0.4192509949207306,0.580748975276947
23.956536531448364,0.41921791434288025,0.5807821154594421
23.97006845474243,0.4185226559638977,0.5814773440361023
23.973832368850708,0.41832661628723145,0.5816733837127686
23.9835364818573,0.41781583428382874,0.5821841955184937
23.984145164489743,0.4177835285663605,0.5822164416313171
23.99088406562805,0.41742390394210815,0.5825760960578918
23.996824741363525,0.4273309111595154,0.5726690888404846
24.00083374977112,0.40864232182502747,0.5913576483726501
24.00247287750244,0.408502459526062,0.591497540473938
24.027884006500244,0.4063011407852173,0.5936989188194275
24.029536485672,0.4061391055583954,0.5938608646392822
24.03883385658264,0.4052077531814575,0.5947923064231873
24.04353165626526,0.4047277569770813,0.5952722430229187
24.05653476715088,0.4033431112766266,0.5966569185256958
24.059833765029907,0.40292710065841675,0.5970728993415833
24.059978008270264,0.4029088318347931,0.5970911979675293
24.062884092330933,0.40254050493240356,0.5974595546722412
24.07321286201477,0.4012182652950287,0.5987817645072937
24.07951855659485,0.40040096640586853,0.5995990037918091
24.08553504943848,0.39961427450180054,0.6003857254981995
24.09188222885132,0.3987766206264496,0.601223349571228
24.09610271453857,0.39821553230285645,0.6017844676971436
24.1018340587616,0.39744794368743896,0.602552056312561
24.1099214553833,0.38862863183021545,0.6113713383674622
24.11058187484741,0.4120261073112488,0.5879738926887512
24.126534461975098,0.4475339353084564,0.552466094493866
24.12680602073669,0.4475290775299072,0.5524709224700928
24.126882314682007,0.447527676820755,0.5524723529815674
24.129834175109863,0.44747450947761536,0.552525520324707
24.141314268112183,0.46729180216789246,0.5327081680297852
24.15453505516052,0.4743218719959259,0.5256781578063965
24.15497136116028,0.474339097738266,0.5256608724594116
24.159834146499637,0.47453102469444275,0.5254690051078796
24.16188240051269,0.4746123254299164,0.525387704372406
24.163750171661377,0.47468677163124084,0.5253132581710815
24.1755108833313,0.47515979409217834,0.524840235710144
24.189531326293945,0.4757344722747803,0.5242655277252197
24.189882040023804,0.47574907541275024,0.5242509841918945
24.190390586853027,0.47577008605003357,0.5242299437522888
24.20183205604553,0.4762483835220337,0.5237516164779663
24.202003002166748,0.4762555658817291,0.5237444043159485
24.21564126014709,0.4768413305282593,0.5231586694717407
24.219882249832157,0.4770457446575165,0.5229542255401611
24.224531412124637,0.4773148000240326,0.5226852297782898
24.23083233833313,0.4776824116706848,0.5223175883293152
24.233442783355716,0.4778355360031128,0.5221644639968872
24.23886275291443,0.4781130850315094,0.5218868851661682
24.25041103363037,0.47875791788101196,0.5212421417236328
24.258468866348267,0.4792197346687317,0.5207802653312683
24.25988221168518,0.47923198342323303,0.5207680463790894
24.26152968406677,0.4792462885379791,0.5207537412643433
24.27183222770691,0.4793337285518646,0.520666241645813
24.27658200263977,0.46342796087265015,0.5365720391273499
24.281834363937374,0.4483562707901001,0.5516437292098999
24.286495685577396,0.5200077891349792,0.47999224066734314
24.287883520126343,0.5201421976089478,0.47985777258872986
24.288529872894287,0.5202047824859619,0.4797951877117157
24.30083131790161,0.5215150117874146,0.47848498821258545
24.305578470230103,0.5220893621444702,0.47791069746017456
24.31688356399536,0.5234717130661011,0.4765283167362213
24.322293281555176,0.5241403579711914,0.4758596420288086
24.32452964782715,0.5244181752204895,0.4755818247795105
24.33583116531372,0.526123046875,0.4738770127296448
24.3367600440979,0.5262656807899475,0.4737343192100525
24.339305877685547,0.5266578197479248,0.47334223985671997
24.352713584899902,0.48000556230545044,0.5199944376945496
24.35852837562561,0.46428847312927246,0.5357115268707275
24.36288356781006,0.4641474783420563,0.5358525514602661
24.37083125114441,0.46388742327690125,0.5361125469207764
24.371889352798465,0.4638524353504181,0.5361475348472595
24.37921380996704,0.4636092782020569,0.5363907814025879
24.386528253555294,0.4633638560771942,0.5366361141204834
24.388883113861084,0.4632895290851593,0.5367105007171631
24.39728307723999,0.4630221426486969,0.5369778275489807
24.40583086013794,0.46264997124671936,0.537350058555603
24.406612873077396,0.4626103937625885,0.5373896360397339
24.41456651687622,0.4622049033641815,0.5377950668334961
24.419883012771606,0.4619308114051819,0.5380692481994629
24.424421787261963,0.4616946280002594,0.5383053421974182
24.42952823638916,0.46142682433128357,0.5385732054710388
24.43683099746704,0.46111181378364563,0.5388882160186768
24.437281370162964,0.5169438123703003,0.4830561876296997
24.442078113555908,0.4262382388114929,0.5737618207931519
24.45140647888184,0.4250338673591614,0.5749661922454834
24.459510803222656,0.48290419578552246,0.5170958042144775
24.460883140563965,0.43441829085350037,0.5655816793441772
24.46152687072754,0.4343508780002594,0.565649151802063
24.469830989837646,0.43347468972206116,0.5665252804756165
24.473344564437863,0.43310150504112244,0.5668985247612
24.47966980934143,0.43242567777633667,0.5675743222236633
24.487526893615723,0.4317491352558136,0.5682508945465088
24.48846864700317,0.43169963359832764,0.5683003664016724
24.488884449005127,0.43167784810066223,0.5683221817016602
24.5006639957428,0.43093523383140564,0.569064736366272
24.500829696655277,0.4309234321117401,0.5690765976905823
24.514249563217163,0.4421669840812683,0.5578330755233765
24.51883602142334,0.436309278011322,0.563690721988678
24.525526762008667,0.43573465943336487,0.5642653703689575
24.531317949295044,0.4955897033214569,0.5044102668762207
24.53188467025757,0.44410261511802673,0.5558973550796509
24.53582978248596,0.4438804090023041,0.5561196208000183
24.54453945159912,0.4434102773666382,0.5565897822380066
24.554607152938843,0.44282352924346924,0.5571764707565308
24.558884382247925,0.4425645172595978,0.5574354529380798
24.56052541732788,0.4424650967121124,0.55753493309021
24.56745147705078,0.4174741804599762,0.5825258493423462
24.572829723358154,0.4020981192588806,0.5979018807411194
24.577481985092163,0.40134724974632263,0.5986527800559998
24.58888292312622,0.39949530363082886,0.6005046963691711
24.5895254611969,0.3993903696537018,0.6006096601486206
24.595360040664676,0.45903754234313965,0.5409625172615051
24.59689712524414,0.44978082180023193,0.5502192378044128
24.600829362869263,0.36797118186950684,0.6320288181304932
24.616882801055908,0.36455267667770386,0.6354473829269409
24.620285987854004,0.36382248997688293,0.6361774802207947
24.62600159645081,0.4422391951084137,0.5577607750892639
24.62652540206909,0.43338823318481445,0.5666117668151855
24.636829376220703,0.4322146773338318,0.5677853226661682
24.6396324634552,0.4318932592868805,0.5681067109107971
24.65402746200561,0.43022769689559937,0.5697723031044006
24.65552353858948,0.4300532042980194,0.569946825504303
24.66088271141052,0.42942577600479126,0.5705742835998535
24.667661428451535,0.4966290295124054,0.5033709406852722
24.67182946205139,0.41900625824928284,0.5809937715530396
24.67705798149109,0.4183046221733093,0.5816953778266907
24.684871673583984,0.4172571003437042,0.5827429294586182
24.685523509979248,0.4171695411205292,0.5828304290771484
24.68688440322876,0.41698649525642395,0.5830134749412537
24.69856190681457,0.43120118975639343,0.568798840045929
24.70082902908325,0.40892940759658813,0.5910705924034119
24.70532774925232,0.4082154929637909,0.5917845368385315
24.725523471832275,0.40459710359573364,0.5954028964042664
24.72794771194458,0.40415626764297485,0.5958437919616699
24.72888445854187,0.4039854407310486,0.5960145592689514
24.733829021453857,0.40320318937301636,0.5967968106269836
24.73571920394897,0.4029593765735626,0.597040593624115
24.749980926513672,0.40110349655151367,0.5988965034484863
24.756521463394165,0.4001278579235077,0.5998721718788147
24.75888466835022,0.3997739553451538,0.6002260446548462
24.769051551818848,0.39824292063713074,0.6017571091651917
24.769829034805294,0.3981252610683441,0.6018747687339783
24.781656503677368,0.3963254988193512,0.6036745309829712
24.784521341323853,0.39588671922683716,0.6041132807731628
24.7878839969635,0.39537039399147034,0.6046295762062073
24.795148134231567,0.39421218633651733,0.6057878136634827
24.804826021194454,0.3926459848880768,0.6073540449142456
24.805586576461792,0.41212567687034607,0.5878742933273315
24.814728260040283,0.3869551718235016,0.613044798374176
24.825429677963257,0.4529140889644623,0.5470858812332153
24.82552146911621,0.4529084265232086,0.547091543674469
24.827884197235107,0.45276501774787903,0.5472350120544434
24.832826137542725,0.4524644613265991,0.5475355386734009
24.83361959457397,0.46591705083847046,0.5340829491615295
24.844372987747192,0.47084304690361023,0.5291569232940674
24.854520082473755,0.47062844038009644,0.5293715596199036
24.85875368118286,0.47051700949668884,0.5294830203056335
24.862884044647217,0.47040846943855286,0.5295915007591248
24.86560606956482,0.4703371822834015,0.5296628475189209
24.86982607841492,0.4702264964580536,0.529773473739624
24.872339248657227,0.47016093134880066,0.529839038848877
24.888739109039307,0.4697341024875641,0.5302658677101135
24.889520168304443,0.46971383690834045,0.5302861332893372
24.89188504219055,0.4696525037288666,0.530347466468811
24.89728164672852,0.46951302886009216,0.5304870009422302
24.903826236724854,0.4693441092967987,0.5306558609008789
24.909032106399536,0.4692099988460541,0.5307900309562683
24.916749477386475,0.46901735663414,0.5309826135635376
24.91988515853882,0.4689408540725708,0.5310591459274292
24.925520181655884,0.4688037931919098,0.5311961770057678
24.927969932556152,0.4687443673610687,0.5312556028366089
24.932826042175293,0.4686267077922821,0.5313733220100403
24.93976926803589,0.46854379773139954,0.5314561724662781
24.942482233047485,0.4488164782524109,0.5511835813522339
24.953378677368164,0.4306270182132721,0.5693730115890503
24.957515954971317,0.5051217675209045,0.49487823247909546
24.96082615852356,0.5053650140762329,0.49463504552841187
24.9608850479126,0.5053693056106567,0.49463075399398804
24.96815037727356,0.5059131979942322,0.49408677220344543
24.97459077835083,0.5064845681190491,0.4935154318809509
24.97974991798401,0.5069485902786255,0.4930514395236969
24.984516143798828,0.5073819756507874,0.49261802434921265
24.98471689224243,0.5074002742767334,0.4925997257232666
24.98888325691223,0.5077820420265198,0.4922179877758026
24.99401998519897,0.5082030892372131,0.49179694056510925
25.002827167510983,0.5088975429534912,0.4911024272441864
25.01084852218628,0.49579861760139465,0.504201352596283
25.0238835811615,0.4749550223350525,0.5250449776649475
25.02588677406311,0.47487518191337585,0.5251248478889465
25.02651596069336,0.47485002875328064,0.5251500010490417
25.030827045440677,0.4746774733066559,0.5253224968910217
25.0396728515625,0.4743206202983856,0.5256794095039368
25.051806449890137,0.4738248884677887,0.5261750817298889
25.05551528930664,0.47367197275161743,0.5263280272483826
25.05988359451294,0.4735167324542999,0.5264832973480225
25.06582713127136,0.4733388423919678,0.526661217212677
25.07532262802124,0.4730527698993683,0.5269472599029541
25.0835919380188,0.4728018045425415,0.5271981954574585
25.08451533317566,0.4727736711502075,0.5272263884544373
25.0878849029541,0.47267088294029236,0.52732914686203
25.09101104736328,0.47257521748542786,0.5274248123168945
25.09927654266357,0.5103541016578674,0.48964589834213257
25.101827383041385,0.459907203912735,0.5400928258895874
25.110679388046265,0.45923101902008057,0.5407689809799194
25.121878147125244,0.4584464132785797,0.5415535569190979
25.125515460968018,0.45836272835731506,0.5416373014450073
25.12982726097107,0.4582635462284088,0.5417364835739136
25.12988495826721,0.458262175321579,0.5417378544807434
25.13939499855041,0.5016130208969116,0.4983869791030884
25.15559983253479,0.4830200970172882,0.5169798731803894
25.156343698501587,0.48300686478614807,0.5169931054115295
25.156513452529907,0.4830038249492645,0.5169961452484131
25.159884929656982,0.48294392228126526,0.5170561075210571
25.16682744026184,0.4828208088874817,0.5171792507171631
25.17765164375305,0.48262980580329895,0.5173702239990234
25.18956160545349,0.48242101073265076,0.5175789594650269
25.189882040023804,0.4824153482913971,0.5175846219062805
25.190513372421265,0.48240435123443604,0.517595648765564
25.195457696914676,0.477729856967926,0.5222702026367188
25.19823837280273,0.464573472738266,0.5354264974594116
25.20182728767395,0.4645175039768219,0.5354825258255005
25.221835374832157,0.5052604079246521,0.4947396218776703
25.226513385772705,0.4790251553058624,0.5209748148918152
25.228882312774655,0.4789547622203827,0.5210452079772949
25.23082733154297,0.4788971543312073,0.5211029052734375
25.23397755622864,0.4788035452365875,0.5211964845657349
25.24188446998596,0.47884100675582886,0.5211589932441711
25.24963116645813,0.4447613060474396,0.5552387237548828
25.25194358825684,0.4413454830646515,0.5586544871330261
25.2555148601532,0.44110938906669617,0.5588906407356262
25.25788235664368,0.4409525692462921,0.5590474605560303
25.258633852005005,0.5030535459518433,0.4969464838504791
25.271827459335327,0.42079558968544006,0.5792044401168823
25.27259826660156,0.49308472871780396,0.5069153308868408
25.278807163238525,0.40722230076789856,0.592777669429779
25.285515069961548,0.40639424324035645,0.5936057567596436
25.289711713790894,0.43431898951530457,0.565680980682373
25.292882919311523,0.4432127773761749,0.5567871928215027
25.300827264785767,0.4424475431442261,0.5575525164604187
25.3131115436554,0.4410986006259918,0.5589013695716858
25.3183012008667,0.4405227303504944,0.5594772696495056
25.326514959335327,0.43960532546043396,0.5603947043418884
25.327882766723636,0.4394517242908478,0.5605482459068298
25.33010077476501,0.50520259141922,0.4947974383831024
25.33582711219788,0.43312081694602966,0.5668792128562927
25.349263429641724,0.4314798414707184,0.5685201287269592
25.35106134414673,0.4312584698200226,0.568741500377655
25.35651159286499,0.43058469891548157,0.569415271282196
25.364882946014404,0.42954233288764954,0.5704576373100281
25.370827198028564,0.4288724958896637,0.5711274743080139
25.374603748321533,0.4422536790370941,0.5577463507652283
25.3790225982666,0.4159115254878998,0.5840884447097778
25.389915943145752,0.4148629307746887,0.585137128829956
25.390511751174927,0.41480550169944763,0.58519446849823
25.391882181167603,0.4146728217601776,0.5853271484375
25.40082621574402,0.4138048589229584,0.586195170879364
25.406346559524536,0.41326645016670227,0.5867335200309753
25.409038066864014,0.4130032956600189,0.5869967341423035
25.42551159858704,0.411344438791275,0.5886555910110474
25.426893711090088,0.41117483377456665,0.5888251662254333
25.428882122039795,0.41089507937431335,0.589104950428009
25.435826063156128,0.4099135100841522,0.5900864601135254
25.43841290473938,0.4095078706741333,0.5904921293258667
25.44944477081299,0.4077661335468292,0.5922338962554932
25.460511207580566,0.40596064925193787,0.5940393805503845
25.462882041931152,0.40555280447006226,0.5944471955299377
25.468815326690677,0.3268926441669464,0.6731073260307312
25.47182607650757,0.38717755675315857,0.6128224730491638
25.473849534988403,0.34537747502326965,0.6546225547790527
25.48485517501831,0.3854898512363434,0.6145101189613342
25.489511251449585,0.3851991295814514,0.6148008704185486
25.49170684814453,0.4090435802936554,0.590956449508667
25.49288320541382,0.39390549063682556,0.6060945391654968
25.50265884399414,0.39311474561691284,0.6068852543830872
25.50582480430603,0.3929533064365387,0.6070467233657837
25.516757249832157,0.392396479845047,0.6076034903526306
25.52528190612793,0.3919632136821747,0.6080368161201477
25.525511264801025,0.3919515907764435,0.6080484390258789
25.527883052825928,0.39183124899864197,0.6081687808036804
25.53231382369995,0.3916064202785492,0.6083936095237732
25.5358247756958,0.3914284408092499,0.6085715293884277
25.54650902748108,0.39088764786720276,0.6091123223304749
25.547362089157104,0.39084452390670776,0.6091554760932922
25.5578830242157,0.3903122544288635,0.6096877455711365
25.561901807785038,0.39010632038116455,0.6098937392234802
25.569824934005737,0.3897005021572113,0.6102994680404663
25.571410655975345,0.3896193206310272,0.6103807091712952
25.57548451423645,0.38941100239753723,0.6105890274047852
25.58838891983032,0.3887275457382202,0.6112724542617798
25.58950924873352,0.388665109872818,0.6113349199295044
25.589879512786865,0.38864442706108093,0.6113556027412415
25.596019744873047,0.3883019685745239,0.6116980314254761
25.604824781417847,0.38781067728996277,0.6121892929077148
25.61176705360413,0.2984444797039032,0.7015555500984192
25.61732816696167,0.3164505362510681,0.6835494637489319
25.618879556655884,0.3271283209323883,0.6728717088699341
25.626509189605716,0.32683485746383667,0.6731651425361633
25.628028392791748,0.32679256796836853,0.6732074618339539
25.636375188827515,0.3265607953071594,0.6734392046928406
25.640824794769287,0.32643765211105347,0.6735623478889465
25.646511554718018,0.3263684809207916,0.673631489276886
25.65339493751526,0.326358824968338,0.6736411452293396
25.65806889533997,0.3265729248523712,0.6734271049499512
25.6608247756958,0.32670071721076965,0.673299252986908
25.661879539489743,0.32674989104270935,0.673250138759613
25.68401002883911,0.32794442772865295,0.6720555424690247
25.689117670059204,0.30989304184913635,0.6901069283485413
25.68988251686096,0.2889712154865265,0.7110288143157959
25.690511465072632,0.2889615297317505,0.7110384702682495
25.70382285118103,0.28876110911369324,0.7112389206886292
25.70858311653137,0.28869128227233887,0.7113087177276611
25.717511415481567,0.2885631024837494,0.711436927318573
25.71877694129944,0.2885451316833496,0.7114548683166504
25.71888256072998,0.2885437309741974,0.711456298828125
25.7408230304718,0.2882445156574249,0.7117555141448975
25.744158267974854,0.2881956100463867,0.7118043899536133
25.753052711486816,0.28806793689727783,0.7119320631027222
25.75951051712036,0.2879774272441864,0.7120225429534912
25.760823011398315,0.28795936703681946,0.7120406627655029
25.761882543563843,0.2879447638988495,0.7120552062988281
25.772750854492188,0.2878164052963257,0.7121836543083191
25.77296757698059,0.2878139913082123,0.7121859788894653
25.781655073165894,0.32666391134262085,0.6733361482620239
25.78751039505005,0.2800968587398529,0.7199031114578247
25.789878845214844,0.2800222635269165,0.7199777364730835
25.80182290077209,0.27964696288108826,0.7203530669212341
25.811547994613647,0.2793426215648651,0.7206573486328125
25.816510677337646,0.2791878581047058,0.7208121418952942
25.81787896156311,0.27914515137672424,0.7208548188209534
25.829822778701782,0.27884936332702637,0.7211506366729736
25.859512090682983,0.27828413248062134,0.7217158675193787
25.85987901687622,0.2782817482948303,0.7217182517051697
25.86482286453247,0.2782493829727173,0.7217506170272827
25.87810444831848,0.2781703472137451,0.7218297123908997
25.87983465194702,0.4125644266605377,0.5874355435371399
25.88651204109192,0.3698529303073883,0.6301470994949341
25.88788080215454,0.3698771297931671,0.6301229000091553
25.899888277053837,0.3700830638408661,0.6299169063568115
25.90082287788391,0.37009862065315247,0.6299014091491699
25.90507698059082,0.37016886472702026,0.6298311352729797
25.91551232337952,0.3703809082508087,0.6296191215515137
25.92288088798523,0.37059515714645386,0.6294048428535461
25.92353653907776,0.3706139922142029,0.6293860077857971
25.93402934074402,0.3709949553012848,0.6290050148963928
25.93582272529602,0.3710726797580719,0.6289273500442505
25.940642595291138,0.33289796113967896,0.667102038860321
25.950421810150143,0.3326219618320465,0.6673780679702759
25.9565110206604,0.33240801095962524,0.6675919890403748
25.95888090133667,0.3323357105255127,0.6676642894744873
25.961118936538696,0.39088016748428345,0.6091198325157166
25.96982288360596,0.3553275763988495,0.6446724534034729
25.973609447479248,0.35540202260017395,0.6445980072021484
25.986879587173465,0.35566049814224243,0.6443395018577576
25.988527059555054,0.3556922376155853,0.6443077325820923
25.99113821983337,0.3349263072013855,0.6650736927986145
25.99151086807251,0.33706656098365784,0.6629334688186646
26.00244379043579,0.33667004108428955,0.6633299589157104
26.00634717941284,0.3866182565689087,0.6133817434310913
26.00682306289673,0.32214120030403137,0.6778587698936462
26.01267886161804,0.38035139441490173,0.6196485757827759
26.02430534362793,0.31418001651763916,0.6858199834823608
26.0265109539032,0.314018189907074,0.685981810092926
26.029879570007324,0.3137696087360382,0.6862304210662842
26.032822847366333,0.3135509192943573,0.6864490509033203
26.03758978843689,0.3761608898639679,0.6238390803337097
26.051430463790894,0.3667803108692169,0.6332197189331055
26.05551385879517,0.36685267090797424,0.6331472992897034
26.05601215362549,0.36686137318611145,0.6331385970115662
26.05787944793701,0.36689430475234985,0.6331057548522949
26.0649516582489,0.4141745865345001,0.5858253836631775
26.070822954177856,0.3470802903175354,0.6529197096824646
26.079150199890137,0.3468841016292572,0.6531158685684204
26.08688187599182,0.3466963469982147,0.6533036231994629
26.089195251464844,0.3466390371322632,0.6533609628677368
26.090513706207275,0.3466062843799591,0.6533937454223633
26.09800338745117,0.3375518321990967,0.6624481678009033
26.10282278060913,0.30909183621406555,0.6909081935882568
26.125513792037964,0.30704551935195923,0.6929544806480408
26.128881454467773,0.30673545598983765,0.6932645440101624
26.1308228969574,0.30655598640441895,0.6934440732002258
26.137126445770264,0.30596932768821716,0.6940306425094604
26.146512031555176,0.30508530139923096,0.694914698600769
26.147971391677856,0.304946631193161,0.6950533986091614
26.154528379440308,0.3043198883533478,0.6956800818443298
26.158881664276123,0.30390027165412903,0.6960997581481934
26.159822463989254,0.303809255361557,0.6961907148361206
26.161912202835083,0.30360284447669983,0.6963971853256226
26.17314624786377,0.30248215794563293,0.6975178718566895
26.1836051940918,0.3014216125011444,0.6985783576965332
26.18687844276428,0.3010864853858948,0.69891357421875
26.18951201438904,0.3008154630661011,0.6991845369338989
26.191206455230716,0.3006398379802704,0.699360191822052
26.19965386390686,0.11835093051195145,0.8816490769386292
26.201822996139526,0.12000235915184021,0.8799976706504822
26.218512058258057,0.1197599321603775,0.8802400827407837
26.21973729133606,0.1338868886232376,0.8661131262779236
26.22774982452393,0.10308676958084106,0.8969132304191589
26.22965431213379,0.18446789681911469,0.8155320882797241
26.229878664016724,0.11423290520906448,0.8857671022415161
26.230823040008545,0.11423198878765106,0.8857680559158325
26.24399757385254,0.11420400440692902,0.8857960104942322
26.25687885284424,0.1141761988401413,0.8858237862586975
26.256994247436523,0.11417590826749802,0.8858240842819214
26.259514093399048,0.11417073011398315,0.8858292698860168
26.26926732063293,0.11415266990661621,0.8858473896980286
26.271823167800903,0.11414997279644012,0.8858500123023987
26.27492666244507,0.11414683610200882,0.8858531713485718
26.281853437423703,0.11414027959108353,0.8858597278594971
26.286879301071167,0.11413594335317612,0.8858640789985657
26.28951406478882,0.1141338050365448,0.8858661651611328
26.294600248336792,0.1141299307346344,0.885870099067688
26.2998206615448,0.11412636935710907,0.8858736753463745
26.31048560142517,0.11412009596824646,0.8858799338340759
26.320651292800903,0.11411549896001816,0.8858845233917236
26.32551407814026,0.11411383748054504,0.8858861327171326
26.327879190444943,0.11411313712596893,0.8858868479728699
26.33221244812012,0.1141119971871376,0.8858879804611206
26.33482050895691,0.11411145329475403,0.8858885765075684
26.345005750656128,0.11411014199256897,0.8858898282051086
26.355512380599976,0.11411020904779434,0.8858897686004639
26.359973669052124,0.14238126575946808,0.8576187491416931
26.362879276275635,0.13695058226585388,0.8630493879318237
26.3698205947876,0.13707193732261658,0.8629280924797058
26.38642168045044,0.175552636384964,0.8244473934173584
26.387122631073,0.1511393040418625,0.8488607406616211
26.390512466430664,0.1512431651353836,0.8487568497657776
26.3908793926239,0.15125450491905212,0.8487454652786255
26.39182186126709,0.15128356218338013,0.8487164378166199
26.395581245422363,0.15140005946159363,0.8485999703407288
26.41433978080749,0.15199628472328186,0.8480037450790405
26.42267155647278,0.15230605006217957,0.847693920135498
26.426512479782104,0.1524636298418045,0.8475363850593567
26.426879405975345,0.15247869491577148,0.8475213050842285
26.430795192718502,0.1526409089565277,0.8473591208457947
26.434718370437626,0.14482995867729187,0.8551700115203857
26.435821533203125,0.14036861062049866,0.859631359577179
26.44650673866272,0.14032641053199768,0.8596735596656799
26.45060133934021,0.14030992984771729,0.8596900701522827
26.45210838317871,0.14030377566814423,0.8596962094306946
26.46187925338745,0.1402636468410492,0.8597363233566284
26.46211290359497,0.1402626931667328,0.8597372770309448
26.46982145309448,0.14023028314113617,0.8597697019577026
26.485454082489014,0.14016281068325043,0.8598372340202332
26.489506721496586,0.14014491438865662,0.8598551154136658
26.48987984657288,0.14014321565628052,0.8598567843437195
26.49955439567566,0.14009979367256165,0.8599002361297607
26.4998197555542,0.14009860157966614,0.8599014282226562
26.501860857009888,0.1400892436504364,0.859910786151886
26.513559818267822,0.15715408325195312,0.8428459167480469
26.519879817962646,0.12791144847869873,0.8720884919166565
26.52493190765381,0.12775376439094543,0.872246265411377
26.525506734848022,0.12773574888706207,0.8722642660140991
26.53381967544556,0.1274738758802414,0.8725261688232422
26.535908460617065,0.27422571182250977,0.7257742881774902
26.536428928375244,0.14244993031024933,0.8575500845909119
26.54503417015076,0.14260369539260864,0.8573963642120361
26.546505451202396,0.14263004064559937,0.8573699593544006
26.55422425270081,0.1427687257528305,0.8572312593460083
26.559879779815677,0.1428707242012024,0.8571293354034424
26.56220555305481,0.14291274547576904,0.857087254524231
26.568819761276245,0.1430324912071228,0.8569675087928772
26.580562353134155,0.14324632287025452,0.8567537069320679
26.585405111312863,0.14734357595443726,0.8526564240455627
26.58787727355957,0.145918071269989,0.854081928730011
26.58950543403625,0.1459447592496872,0.8540552258491516
26.596141576766968,0.1460597962141037,0.8539401888847351
26.603243827819824,0.2983161509037018,0.7016838788986206
26.60481905937195,0.1635657697916031,0.8364342451095581
26.612727403640747,0.1638679802417755,0.8361319899559021
26.61750555038452,0.16405212879180908,0.8359478712081909
26.62269425392151,0.16425342857837677,0.8357465863227844
26.62916660308838,0.1420871466398239,0.8579128384590149
26.630877256393436,0.1286042332649231,0.8713957667350769
26.639818906784058,0.12828081846237183,0.8717191815376282
26.63985514640808,0.12827950716018677,0.8717204928398132
26.656185388565063,0.17270396649837494,0.8272960186004639
26.657877206802368,0.12851552665233612,0.8714844584465027
26.659505128860477,0.12844619154930115,0.8715538382530212
26.66466164588928,0.16768202185630798,0.8323180079460144
26.66880965232849,0.12787699699401855,0.8721230626106262
26.669818878173828,0.1278294026851654,0.872170627117157
26.673140048980716,0.24540452659130096,0.7545955181121826
26.68309259414673,0.1761540025472641,0.8238459825515747
26.68750500679016,0.17603252828121185,0.8239675164222717
26.691816568374637,0.17591224610805511,0.8240877389907837
26.692875862121586,0.175882488489151,0.8241174817085266
26.70103907585144,0.17565035820007324,0.8243496417999268
26.715505123138428,0.175226092338562,0.824773907661438
26.719318389892575,0.2217320054769516,0.7782679796218872
26.726381540298465,0.17100870609283447,0.8289913535118103
26.72787594795227,0.17094388604164124,0.8290561437606812
26.732053995132446,0.17076146602630615,0.8292385935783386
26.733816623687744,0.17068396508693695,0.8293160200119019
26.743419885635376,0.1735226809978485,0.8264773488044739
26.757503509521484,0.15217214822769165,0.8478278517723083
26.76287603378296,0.1517971009016037,0.8482028841972351
26.768816709518436,0.1513793021440506,0.8486207127571106
26.774795055389404,0.15095552802085876,0.8490445017814636
26.78550338745117,0.150188148021698,0.849811851978302
26.7859365940094,0.1501569002866745,0.8498430848121643
26.7908718585968,0.14979946613311768,0.8502005338668823
26.797844171524048,0.14929062128067017,0.8507093787193298
26.80481505393982,0.14877748489379883,0.8512225151062012
26.809004545211792,0.14846685528755188,0.8515331745147705
26.81450343132019,0.14805680513381958,0.8519431352615356
26.81887125968933,0.14772914350032806,0.8522708415985107
26.83008646965027,0.14687970280647278,0.8531202673912048
26.831815004348755,0.14674781262874603,0.8532521724700928
26.839518785476685,0.146220400929451,0.8537796139717102
26.85217547416687,0.14562922716140747,0.8543707728385925
26.85650324821472,0.14542436599731445,0.8545756340026855
26.860815048217773,0.14521948993206024,0.8547804951667786
26.86087155342102,0.14521676301956177,0.854783296585083
26.86419105529785,0.213687926530838,0.7863121032714844
26.87472486495972,0.22379933297634125,0.7762006521224976
26.88550329208374,0.21023014187812805,0.7897698879241943
26.88887333869934,0.210127055644989,0.789872944355011
26.8914258480072,0.31830349564552307,0.6816965341567993
26.899380207061768,0.2565731406211853,0.7434268593788147
26.90181517601013,0.2566012442111969,0.7433987855911255
26.903923511505127,0.2566254734992981,0.7433745265007019
26.91643500328064,0.25676771998405457,0.7432323098182678
26.922929763793945,0.25684022903442383,0.7431597709655762
26.92750334739685,0.25689074397087097,0.7431092858314514
26.929855346679688,0.2569166123867035,0.7430834174156189
26.93081545829773,0.25692710280418396,0.7430729269981384
26.93087339401245,0.2569277286529541,0.7430723309516907
26.94747567176819,0.25710609555244446,0.7428939342498779
26.955501794815063,0.2571854889392853,0.7428145408630371
26.95987343788147,0.2572278380393982,0.7427721619606018
26.96055507659912,0.2572343945503235,0.7427656650543213
26.97281503677368,0.25735002756118774,0.7426499724388123
26.976691722869877,0.2573857009410858,0.7426143288612366
26.97762417793274,0.2573941946029663,0.7426058053970337
26.98809266090393,0.2574877440929413,0.7425122857093811
26.98887062072754,0.2574945092201233,0.7425054907798767
26.990501642227173,0.2575087547302246,0.7424912452697754
27.00163316726685,0.2576034963130951,0.7423965334892273
27.001813888549805,0.25760501623153687,0.7423950433731079
27.011232137680054,0.2920064330101013,0.7079935669898987
27.02017593383789,0.2946762144565582,0.7053238153457642
27.02550172805786,0.31168943643569946,0.6883105635643005
27.027641534805294,0.31180906295776367,0.6881909370422363
27.02981376647949,0.311930775642395,0.688069224357605
27.0318706035614,0.312046080827713,0.6879538893699646
27.035601139068604,0.31225597858428955,0.6877440214157104
27.048773050308228,0.3130033016204834,0.6869967579841614
27.054505825042725,0.31333133578300476,0.6866686940193176
27.06166887283325,0.31372323632240295,0.6862767934799194
27.06387066841125,0.31384357810020447,0.6861564517021179
27.06481385231018,0.31389525532722473,0.6861047744750977
27.06535077095032,0.3139247000217438,0.6860752701759338
27.067323446273804,0.32052332162857056,0.6794766783714294
27.076791524887085,0.2894604206085205,0.7105396389961243
27.08450579643249,0.28933072090148926,0.7106692790985107
27.090869665145878,0.28922176361083984,0.7107782363891602
27.092617511749268,0.28919336199760437,0.710806667804718
27.10181450843811,0.28903934359550476,0.7109606862068176
27.104682445526123,0.28898972272872925,0.7110102772712708
27.112962007522583,0.28884148597717285,0.7111585736274719
27.126505851745605,0.2885841727256775,0.7114158272743225
27.12786984443665,0.2885573208332062,0.7114427089691162
27.13575053215027,0.28839781880378723,0.7116021513938904
27.135814666748047,0.288396418094635,0.711603581905365
27.13689398765564,0.288374125957489,0.7116259336471558
27.146849870681763,0.33642783761024475,0.6635721325874329
27.154502391815186,0.28157392144203186,0.7184261083602905
27.155590534210205,0.281529039144516,0.7184709310531616
27.162869691848755,0.2812248766422272,0.7187751531600952
27.165814638137817,0.2810996174812317,0.7189003825187683
27.16724848747253,0.2810381352901459,0.7189618349075317
27.17102551460266,0.38159894943237305,0.618401050567627
27.18242597579956,0.30142742395401,0.6985726356506348
27.18756651878357,0.30130937695503235,0.6986905932426453
27.189502477645878,0.30126428604125977,0.6987357139587402
27.19186854362488,0.3012087643146515,0.6987912654876709
27.20081329345703,0.30099400877952576,0.6990060210227966
27.202651262283325,0.3009489178657532,0.6990510821342468
27.21438789367676,0.3006537854671478,0.6993461847305298
27.218868494033813,0.3005376160144806,0.6994624137878418
27.22584724426269,0.30981409549713135,0.6901859045028687
27.22650265693665,0.287377268075943,0.7126227021217346
27.2308132648468,0.2871277630329132,0.7128722071647644
27.24650478363037,0.28619837760925293,0.7138016223907471
27.25114893913269,0.39314398169517517,0.6068560481071472
27.25176739692688,0.3057451546192169,0.6942548155784607
27.26386857032776,0.3051775395870209,0.6948224306106567
27.26668739318848,0.39214184880256653,0.6078581809997559
27.27181339263916,0.31928935647010803,0.6807106733322144
27.28058266639709,0.3189355134963989,0.6810644865036011
27.289504766464237,0.31856870651245117,0.6814312934875488
27.2905068397522,0.3185272216796875,0.6814728379249573
27.29086971282959,0.31851208209991455,0.6814879179000854
27.300811529159542,0.31810516119003296,0.681894838809967
27.305935859680176,0.2959437668323517,0.7040562033653259
27.311418533325195,0.2949054539203644,0.7050945162773132
27.3175048828125,0.2943667471408844,0.7056332230567932
27.324164628982544,0.3332839906215668,0.6667159795761108
27.32786989212036,0.26881563663482666,0.7311843633651733
27.335811853408813,0.2678084671497345,0.7321915626525879
27.336060047149655,0.32525908946990967,0.6747409105300903
27.35201644897461,0.2556188702583313,0.7443811297416687
27.359504222869877,0.25453776121139526,0.7454622983932495
27.36206817626953,0.35562554001808167,0.644374430179596
27.36286973953247,0.31327322125434875,0.6867268085479736
27.370811462402344,0.312747597694397,0.6872524619102478
27.37314796447754,0.3125917911529541,0.6874082684516907
27.381011962890625,0.3120625615119934,0.6879374384880066
27.38750433921814,0.3116205632686615,0.6883794069290161
27.39180970191956,0.3113250434398651,0.6886749863624573
27.39186930656433,0.3113209307193756,0.6886790990829468
27.40145301818848,0.31065547466278076,0.6893445253372192
27.41093277931213,0.3650948405265808,0.6349051594734192
27.41650438308716,0.30426710844039917,0.6957328915596008
27.42786931991577,0.3033229410648346,0.6966770887374878
27.433078050613403,0.30288439989089966,0.6971156001091003
27.43418574333191,0.3027906119823456,0.6972094178199768
27.4368097782135,0.3025679588317871,0.6974320411682129
27.44257092475891,0.3019999563694,0.6980000734329224
27.459503412246704,0.28169700503349304,0.7183029651641846
27.46334433555603,0.281228244304657,0.718771755695343
27.46386933326721,0.2811640202999115,0.7188360095024109
27.469809770584103,0.2804339826107025,0.7195660471916199
27.48207664489746,0.2789086103439331,0.7210913896560669
27.48650360107422,0.27835237979888916,0.7216476202011108
27.486804723739624,0.2783144414424896,0.721685528755188
27.490869283676147,0.2778007984161377,0.7221992015838623
27.49180817604065,0.27768179774284363,0.7223182320594788
27.49865865707397,0.2768091559410095,0.7231908440589905
27.51238489151001,0.27503854036331177,0.7249614596366882
27.515503406524655,0.27463218569755554,0.7253678441047668
27.51986932754517,0.27406060695648193,0.7259393930435181
27.52587866783142,0.27326926589012146,0.7267307639122009
27.53280806541443,0.2723465859889984,0.727653443813324
27.542569160461422,0.2709878385066986,0.729012131690979
27.5532009601593,0.22249874472618103,0.7775012850761414
27.557501792907715,0.22874785959720612,0.7712521553039551
27.56080818176269,0.22851347923278809,0.7714865803718567
27.561869144439697,0.2284381091594696,0.7715619206428528
27.565203428268436,0.2697562277317047,0.7302437424659729
27.57941246032715,0.2502236068248749,0.7497764229774475
27.58145833015442,0.3502064347267151,0.6497936248779297
27.5855016708374,0.26911959052085876,0.7308804392814636
27.5898699760437,0.268902450799942,0.7310975193977356
27.59066891670227,0.26886269450187683,0.7311372756958008
27.599313020706177,0.26842987537384033,0.7315701246261597
27.60380816459656,0.26820334792137146,0.7317966222763062
27.6096453666687,0.26790785789489746,0.7320922017097473
27.61986994743347,0.267385870218277,0.7326141595840454
27.621042728424072,0.26732566952705383,0.7326743602752686
27.621501684188843,0.2673020660877228,0.7326979041099548
27.63029956817627,0.266834557056427,0.733165442943573
27.6318097114563,0.2667527496814728,0.7332472801208496
27.65076184272766,0.2656567692756653,0.7343432307243347
27.65550446510315,0.2653716802597046,0.7346283197402954
27.66087007522583,0.26504743099212646,0.7349526286125183
27.663190841674805,0.26490652561187744,0.7350935339927673
27.670666217803955,0.2644501328468323,0.7355498671531677
27.67380976676941,0.2642570436000824,0.73574298620224
27.678200721740723,0.2639893889427185,0.7360106110572815
27.68844079971313,0.26338502764701843,0.7366149425506592
27.689868927001957,0.2633001506328583,0.7366998791694641
27.690504789352417,0.2632623612880707,0.7367376089096069
27.7008056640625,0.3345181941986084,0.6654818058013916
27.701807260513306,0.28886598348617554,0.7111340165138245
27.70854759216309,0.3192819058895111,0.6807181239128113
27.71786904335022,0.3355754017829895,0.6644245982170105
27.71823477745056,0.3356018364429474,0.664398193359375
27.725504875183105,0.33612802624702454,0.6638720035552979
27.729807138442997,0.33644184470176697,0.6635581851005554
27.73393440246582,0.33674460649490356,0.6632554531097412
27.74202585220337,0.3373427391052246,0.6626573204994202
27.74650359153748,0.33773699402809143,0.6622629761695862
27.750488996505737,0.3380916118621826,0.6619083881378174
27.76086902618408,0.3390241861343384,0.6609758138656616
27.771807193756104,0.3401044011116028,0.6598955988883972
27.778048753738403,0.34071972966194153,0.6592803001403809
27.78360939025879,0.32467296719551086,0.6753270030021667
27.78786993026733,0.31624430418014526,0.6837557554244995
27.789503574371334,0.3162311315536499,0.6837688684463501
27.800806999206543,0.31613466143608093,0.6838653087615967
27.814782857894897,0.3160404860973358,0.6839595437049866
27.819218158721924,0.3160107135772705,0.6839892864227295
27.82550358772278,0.31596800684928894,0.6840319633483887
27.83287000656128,0.31600505113601685,0.6839949488639832
27.837806940078732,0.31603872776031494,0.6839612722396851
27.846022605896,0.31609225273132324,0.6839077472686768
27.846498012542725,0.3160953223705292,0.6839047074317932
27.853912591934204,0.31614065170288086,0.6838593482971191
27.85986995697021,0.316175252199173,0.6838247776031494
27.86380696296692,0.3161972761154175,0.6838027834892273
27.888498067855835,0.31576868891716003,0.6842313408851624
27.88886857032776,0.31575652956962585,0.6842434406280518
27.892802000045776,0.31569215655326843,0.684307873249054
27.9164981842041,0.3152942955493927,0.6847057342529297
27.9178683757782,0.31526967883110046,0.6847303509712219
27.93380212783813,0.31497111916542053,0.6850289106369019
27.95849704742432,0.31524422764778137,0.6847557425498962
27.959868669509888,0.3152884542942047,0.6847115755081177
27.976802110672,0.31575626134872437,0.6842437386512756
27.986496925354004,0.316007524728775,0.6839924454689026
27.98729181289673,0.30908557772636414,0.6909144520759583
27.98886799812317,0.29847434163093567,0.7015256285667419
27.995110511779785,0.2981770932674408,0.7018228769302368
28.00156569480896,0.2979833483695984,0.7020166516304016
28.00580191612244,0.2978534698486328,0.7021465301513672
28.01066827774048,0.4360644221305847,0.5639355778694153
28.015496730804443,0.34592679142951965,0.6540732383728027
28.017868041992188,0.34604594111442566,0.653954029083252
28.02183198928833,0.34624531865119934,0.653754711151123
28.0299391746521,0.34667661786079407,0.6533234119415283
28.03280186653137,0.34684547781944275,0.6531544923782349
28.04810214042664,0.3479641079902649,0.6520358920097351
28.057497262954712,0.3486979305744171,0.6513020992279053
28.06086802482605,0.3489628732204437,0.6510371565818787
28.0621349811554,0.34906259179115295,0.6509374380111694
28.069154739379883,0.3020819425582886,0.6979180574417114
28.07080173492432,0.327200710773468,0.6727993488311768
28.08176589012146,0.3274323344230652,0.6725676655769348
28.08549737930298,0.3275408148765564,0.6724591851234436
28.08886742591858,0.32763880491256714,0.6723612546920776
28.09170866012573,0.4501897096633911,0.5498103499412537
28.10280156135559,0.36635836958885193,0.6336416602134705
28.115037202835083,0.3673965632915497,0.6326034069061279
28.11549735069275,0.36743584275245667,0.6325641870498657
28.1178674697876,0.3676384687423706,0.6323615312576294
28.12592649459839,0.3683311641216278,0.6316688060760498
28.13080143928528,0.3687528073787689,0.6312472224235535
28.13823866844177,0.2830086946487427,0.7169913649559021
28.15308284759521,0.2878698706626892,0.7121301293373108
28.1554958820343,0.28771069645881653,0.7122892737388611
28.158867359161377,0.2874877154827118,0.7125122547149658
28.16680145263672,0.28696000576019287,0.7130399942398071
28.17010736465454,0.32864418625831604,0.6713558435440063
28.173773527145386,0.3328128159046173,0.6671871542930603
28.1857693195343,0.2734645903110504,0.726535439491272
28.189865350723267,0.2730872631072998,0.7269127368927002
28.19049572944641,0.27303412556648254,0.7269658446311951
28.19747805595398,0.3742409646511078,0.6257590651512146
28.201801300048828,0.3305279314517975,0.6694720387458801
28.212799549102783,0.3298305869102478,0.6701694130897522
28.22380208969116,0.32911112904548645,0.6708889007568359
28.2254958152771,0.3289993107318878,0.6710006594657898
28.22986531257629,0.3287094831466675,0.6712905764579773
28.230801343917847,0.3286471664905548,0.6713528037071228
28.243507146835327,0.34523239731788635,0.654767632484436
28.24649739265442,0.3127049207687378,0.6872950792312622
28.24916625022888,0.3124595284461975,0.6875404715538025
28.25477147102356,0.3119412362575531,0.6880587339401245
28.25786542892456,0.3116534948348999,0.6883465051651001
28.260324239730835,0.31142398715019226,0.6885759830474854
28.269655466079712,0.31054604053497314,0.6894539594650269
28.271801471710205,0.3103358745574951,0.6896641254425049
28.280377864837646,0.2794196903705597,0.7205802798271179
28.28644633293152,0.26223400235176086,0.7377660274505615
28.28849744796753,0.2618900239467621,0.7381099462509155
28.292866230010983,0.26135408878326416,0.7386459112167358
28.300801753997803,0.2604241371154785,0.7395758628845215
28.30300998687744,0.2601645588874817,0.7398354411125183
28.311304807662964,0.2591857314109802,0.7408143281936646
28.316497325897217,0.2585703730583191,0.7414296865463257
28.31681203842163,0.25853297114372253,0.7414670586585999
28.327866077423096,0.2572159171104431,0.7427841424942017
28.330743074417114,0.25687164068222046,0.7431283593177795
28.33580183982849,0.2562647759914398,0.7437352538108826
28.346500873565677,0.25497499108314514,0.7450249791145325
28.35849475860596,0.2536208927631378,0.7463790774345398
28.36274456977844,0.2533465027809143,0.7466534972190857
28.362866163253784,0.25333866477012634,0.746661365032196
28.37080192565918,0.25282660126686096,0.7471733689308167
28.371734142303467,0.20304866135120392,0.7969513535499573
28.380522966384888,0.23385551571846008,0.7661445140838623
28.387494802474976,0.1767217516899109,0.8232783079147339
28.391801595687863,0.17644305527210236,0.8235569596290588
28.391866207122803,0.17643886804580688,0.8235610723495483
28.39538884162903,0.17621071636676788,0.8237892985343933
28.398587703704838,0.2801598608493805,0.7198401689529419
28.408580780029297,0.19248853623867035,0.8075114488601685
28.421773433685303,0.19220289587974548,0.8077971339225769
28.427866220474243,0.1920742392539978,0.807925820350647
28.428494453430176,0.19206105172634125,0.8079389333724976
28.4358012676239,0.19190539419651031,0.8080946207046509
28.443018674850464,0.19173841178417206,0.8082615733146667
28.448249578475952,0.1916191577911377,0.8083808422088623
28.45649266242981,0.1914258897304535,0.8085741400718689
28.457268714904785,0.1914072334766388,0.8085927963256836
28.462866067886356,0.19127415120601654,0.8087258338928223
28.469801664352417,0.19111137092113495,0.8088885545730591
28.47215867042541,0.19105665385723114,0.8089433312416077
28.483239889144897,0.19081629812717438,0.8091837167739868
28.488797187805176,0.1907043755054474,0.8092955946922302
28.49086546897888,0.1906631737947464,0.8093368411064148
28.49149250984192,0.19065074622631073,0.8093492388725281
28.50079894065857,0.19046862423419952,0.8095313906669617
28.50388526916504,0.190409317612648,0.8095906972885132
28.51886534690857,0.1901552528142929,0.8098447918891907
28.519550323486328,0.19014404714107513,0.8098559975624084
28.52418637275696,0.22303466498851776,0.776965320110321
28.526492595672607,0.21817973256111145,0.7818202972412109
28.535799026489254,0.2181043028831482,0.7818956971168518
28.545430898666385,0.21803095936775208,0.7819690108299255
28.54726767539978,0.23586857318878174,0.7641314268112183
28.55648970603943,0.17831921577453613,0.8216807842254639
28.56086540222168,0.17831788957118988,0.8216821551322937
28.564286708831787,0.17831753194332123,0.8216824531555176
28.570798873901367,0.17837224900722504,0.8216277360916138
28.57266640663147,0.17838940024375916,0.8216105699539185
28.58112120628357,0.17851464450359344,0.8214854001998901
28.589489698410038,0.1786685734987259,0.8213314414024353
28.59010505676269,0.17870230972766876,0.8212977051734924
28.590864181518555,0.17874397337436676,0.8212560415267944
28.60056185722351,0.16763363778591156,0.8323663473129272
28.601796865463257,0.1699296236038208,0.8300703763961792
28.61206865310669,0.1699324995279312,0.83006751537323
28.61748957633972,0.16995717585086823,0.830042839050293
28.63079714775085,0.17003080248832703,0.8299692273139954
28.630864143371586,0.17003121972084045,0.8299688100814819
28.63950204849243,0.17009656131267548,0.8299034237861633
28.65082144737244,0.17018824815750122,0.8298118114471436
28.65886425971985,0.17025762796401978,0.8297423720359802
28.660487174987797,0.1702720671892166,0.8297279477119446
28.6605122089386,0.17027226090431213,0.8297277688980103
28.660797119140625,0.17027485370635986,0.8297252058982849
28.68222737312317,0.1701253056526184,0.8298747539520264
28.684566974639893,0.17010293900966644,0.8298971056938171
28.68748712539673,0.17007511854171753,0.8299249410629272
28.68786382675171,0.170071542263031,0.829928457736969
28.698699712753296,0.17702579498291016,0.8229742050170898
28.70379376411438,0.15689098834991455,0.8431090712547302
28.710108518600464,0.15676167607307434,0.8432382941246033
28.716487169265747,0.15663430094718933,0.8433657288551331
28.7228639125824,0.1565074920654297,0.8434925079345703
28.73107099533081,0.1563452184200287,0.8436548113822937
28.731793880462646,0.15633095800876617,0.843669056892395
28.74130249023437,0.31140249967575073,0.6885975003242493
28.7503764629364,0.18648025393486023,0.8135197758674622
28.754818439483643,0.1865074336528778,0.8134925365447998
28.75786399841309,0.18652629852294922,0.8134737014770508
28.75948405265808,0.18653631210327148,0.8134637475013733
28.760793924331665,0.18654435873031616,0.8134557008743286
28.767500400543213,0.1865856647491455,0.8134143352508545
28.77830219268799,0.1867198348045349,0.8132801055908203
28.78748393058777,0.18685120344161987,0.8131487965583801
28.7928626537323,0.18692858517169952,0.8130714297294617
28.803792476654053,0.18708693981170654,0.8129130005836487
28.80408453941345,0.17189079523086548,0.8281092047691345
28.805713891983032,0.17891676723957062,0.8210832476615906
28.815484046936035,0.1788180023431778,0.8211820125579834
28.8184072971344,0.31368711590766907,0.6863128542900085
28.82786250114441,0.17242473363876343,0.8275753259658813
28.83179259300232,0.17252030968666077,0.8274797201156616
28.83403730392456,0.17257508635520935,0.8274248838424683
28.842606782913208,0.17278540134429932,0.8272145986557007
28.85170555114746,0.13339006900787354,0.8666099309921265
28.857482194900516,0.12262991070747375,0.8773700594902039
28.860792636871334,0.12246222794055939,0.8775377869606018
28.862862586975098,0.12235729396343231,0.8776426911354065
28.86832022666931,0.15513581037521362,0.8448642492294312
28.869064569473267,0.11856287717819214,0.8814371228218079
28.88548231124878,0.11760160326957703,0.8823984265327454
28.890419006347656,0.15110372006893158,0.8488962650299072
28.89086318016052,0.11458770185709,0.885412335395813
28.900793075561523,0.11395600438117981,0.8860439658164978
28.90327286720276,0.11379766464233398,0.886202335357666
28.91321992874145,0.2317323237657547,0.7682676911354065
28.91886305809021,0.14985887706279755,0.850141167640686
28.92048215866089,0.14979441463947296,0.8502056002616882
28.924129962921143,0.14964886009693146,0.8503511548042297
28.92879319190979,0.14946238696575165,0.8505376577377319
28.93627333641052,0.14916227757930756,0.8508377075195312
28.951488256454468,0.18336470425128937,0.8166353106498718
28.956479787826535,0.14480499923229218,0.8551950454711914
28.96086311340332,0.14460067451000214,0.8553993701934814
28.96489286422729,0.1444145143032074,0.8555854558944702
28.972792863845825,0.1440483033657074,0.8559516668319702
28.97493267059326,0.1439487487077713,0.8560512661933899
28.985479593276978,0.14345623552799225,0.856543779373169
28.9871563911438,0.14750510454177856,0.8524948954582214
28.9888653755188,0.13368023931980133,0.8663197755813599
28.992806673049927,0.13342833518981934,0.8665716648101807
28.99979448318481,0.1329803317785263,0.8670197129249573
29.00375199317932,0.13272586464881897,0.8672741055488586
29.011553049087524,0.13222263753414154,0.867777407169342
29.02101993560791,0.13160908222198486,0.8683909773826599
29.027479648590088,0.13118863105773926,0.8688113689422607
29.03086543083191,0.13096773624420166,0.8690323233604431
29.03379440307617,0.1307762861251831,0.8692237138748169
29.038938999176025,0.1304394006729126,0.8695605397224426
29.040525197982788,0.13033533096313477,0.8696646690368652
29.05547785758972,0.1293504536151886,0.8706495761871338
29.0588653087616,0.12912628054618835,0.870873749256134
29.05901312828064,0.12911653518676758,0.8708834648132324
29.06947231292725,0.20086349546909332,0.7991365194320679
29.06979465484619,0.14673107862472534,0.8532689213752747
29.077229261398315,0.19295230507850647,0.8070477247238159
29.085477590560917,0.1830490231513977,0.8169509768486023
29.089776515960693,0.18276755511760712,0.8172324299812317
29.091710090637207,0.28442999720573425,0.7155699729919434
29.093867540359497,0.21974489092826843,0.7802550792694092
29.104793071746823,0.21930983662605286,0.7806901931762695
29.104793310165405,0.21930980682373047,0.7806901931762695
29.119833946228027,0.218703031539917,0.7812970280647278
29.1204776763916,0.2186768501996994,0.7813231348991394
29.128867387771606,0.21834297478199005,0.7816570401191711
29.13034224510193,0.21828429400920868,0.7817157506942749
29.134793281555176,0.2181062251329422,0.781893789768219
29.13909387588501,0.2179335206747055,0.7820664048194885
29.14761066436768,0.21757791936397552,0.7824221253395081
29.14986753463745,0.21748150885105133,0.7825185060501099
29.15647554397583,0.21719762682914734,0.782802402973175
29.159948348999023,0.21704772114753723,0.7829523086547852
29.168793439865112,0.2166631668806076,0.783336877822876
29.173049688339237,0.21647673845291138,0.7835232615470886
29.173763036727905,0.21644540131092072,0.7835546135902405
29.18547558784485,0.2159273773431778,0.7840726375579834
29.18781876564026,0.21582292020320892,0.7841770648956299
29.19186854362488,0.2156417965888977,0.7843582630157471
29.19727897644043,0.2153983861207962,0.784601628780365
29.204793453216556,0.215057834982872,0.7849421501159668
29.20845675468445,0.28098174929618835,0.719018280506134
29.219868659973145,0.24273459613323212,0.7572654485702515
29.22563052177429,0.2537565231323242,0.7462434768676758
29.22847557067871,0.2710806429386139,0.7289193272590637
29.230326652526852,0.27108892798423767,0.7289110422134399
29.233793258666992,0.2711046636104584,0.728895366191864
29.2482225894928,0.27114424109458923,0.7288557887077332
29.255472660064697,0.27116167545318604,0.728838324546814
29.261185884475708,0.27117547392845154,0.7288245558738708
29.26186847686768,0.27117720246315,0.7288228273391724
29.271719694137573,0.27120158076286316,0.7287984490394592
29.27179336547852,0.2712016999721527,0.7287982702255249
29.276001453399655,0.27121222019195557,0.7287877798080444
29.287015438079838,0.2747670114040375,0.7252330183982849
29.28979206085205,0.24662481248378754,0.7533751726150513
29.29086661338806,0.24656395614147186,0.7534359693527222
29.291472673416138,0.24652960896492004,0.7534703612327576
29.29489660263061,0.2463349550962448,0.7536650896072388
29.305564641952515,0.2457210272550583,0.7542789578437805
29.317866802215576,0.2449992150068283,0.7550007700920105
29.32547259330749,0.2445453703403473,0.7554545998573303
29.329786777496334,0.24428534507751465,0.7557146549224854
29.33179211616516,0.24416384100914001,0.7558361291885376
29.34393048286438,0.24341975152492523,0.7565801739692688
29.35555577278137,0.2426932007074356,0.7573068141937256
29.35979199409485,0.24242480099201202,0.7575752139091492
29.359866619110107,0.24242010712623596,0.7575799226760864
29.36047124862671,0.24238163232803345,0.7576183676719666
29.36404013633728,0.24215391278266907,0.7578461170196533
29.37662124633789,0.275553822517395,0.724446177482605
29.38786745071411,0.23311345279216766,0.7668865323066711
29.389471530914307,0.23297330737113953,0.7670266628265381
29.389682054519653,0.2329549938440323,0.7670450210571289
29.394402027130127,0.23254051804542542,0.7674594521522522
29.395222663879395,0.3605131208896637,0.6394868493080139
29.40178942680359,0.2654034495353699,0.7345965504646301
29.404072999954224,0.26527974009513855,0.7347202897071838
29.410441875457764,0.2649323642253876,0.7350676655769348
29.425471544265747,0.2640987038612366,0.7359012961387634
29.427622079849243,0.2639777660369873,0.7360222339630127
29.429789543151852,0.26385557651519775,0.7361444234848022
29.429867267608643,0.2638511061668396,0.7361488938331604
29.442656993865967,0.263110876083374,0.736889123916626
29.454652547836304,0.27895787358283997,0.7210421562194824
29.45902895927429,0.2625955641269684,0.7374044060707092
29.459789514541622,0.26253658533096313,0.7374634146690369
29.459867477416992,0.2625305652618408,0.7374694347381592
29.46046781539917,0.26248398423194885,0.7375159859657288
29.485885858535767,0.3846645951271057,0.6153354048728943
29.48846793174744,0.2955248951911926,0.7044751048088074
29.49286460876465,0.29531416296958923,0.7046858072280884
29.499126195907596,0.29501116275787354,0.7049888372421265
29.50078797340393,0.29493021965026855,0.7050697803497314
29.507349014282227,0.29460811614990234,0.7053918838500977
29.516467809677124,0.29415425658226013,0.7058457136154175
29.52707862854004,0.265040785074234,0.7349591851234436
29.52731394767761,0.2563321590423584,0.7436679005622864
29.52786445617676,0.2562672197818756,0.7437328100204468
29.5287880897522,0.25615835189819336,0.7438416481018066
29.542248249053955,0.3079017102718353,0.6920983195304871
29.54476046562195,0.3033086657524109,0.6966913342475891
29.55946707725525,0.23609589040279388,0.7639040946960449
29.5638644695282,0.23543843626976013,0.7645615935325623
29.569257974624637,0.3308616876602173,0.6691383123397827
29.5705623626709,0.28620249032974243,0.7137975096702576
29.57278800010681,0.2860125005245209,0.7139875292778015
29.577289581298828,0.2856268882751465,0.7143731117248535
29.58883118629456,0.28462743759155273,0.7153725624084473
29.590864181518555,0.28444987535476685,0.7155501246452332
29.59546685218811,0.28404587507247925,0.7159541249275208
29.599786520004272,0.28366461396217346,0.7163353562355042
29.60304045677185,0.341271311044693,0.6587287187576294
29.615467071533203,0.2786349058151245,0.7213651537895203
29.61801767349243,0.27839335799217224,0.7216066718101501
29.61894679069519,0.27830520272254944,0.721694827079773
29.627864122390747,0.27745354175567627,0.7225464582443237
29.63378643989563,0.27688226103782654,0.7231177091598511
29.637131690979004,0.2890453338623047,0.7109546661376953
29.642955780029297,0.27171918749809265,0.7282808423042297
29.657466173172,0.2698858082294464,0.7301141619682312
29.65805387496948,0.26980921626091003,0.7301908135414124
29.660864114761356,0.2694418728351593,0.7305580973625183
29.66978645324707,0.2682681679725647,0.7317318320274353
29.68315386772156,0.2664869427680969,0.7335130572319031
29.685056447982788,0.26623114943504333,0.733768880367279
29.686466217041016,0.2660413086414337,0.7339587211608887
29.688862800598145,0.2657179832458496,0.7342820167541504
29.69178366661072,0.26532256603240967,0.7346774339675903
29.696718215942383,0.264651358127594,0.735348641872406
29.706568717956543,0.26328521966934204,0.736714780330658
29.714109420776367,0.26222941279411316,0.7377706170082092
29.71546602249145,0.2620384991168976,0.7379615306854248
29.723331689834595,0.26092633605003357,0.7390736937522888
29.73086285591125,0.2598462998867035,0.7401536703109741
29.736251831054688,0.21430854499340057,0.785691499710083
29.74078369140625,0.2057337909936905,0.7942662239074707
29.746082544326782,0.2625729441642761,0.7374270558357239
29.755093336105347,0.23631246387958527,0.7636875510215759
29.75646448135376,0.23619967699050903,0.763800323009491
29.75709104537964,0.3415162265300751,0.6584838032722473
29.75886297225952,0.25382304191589355,0.7461769580841064
29.760783672332764,0.25368234515190125,0.7463176250457764
29.770177602767944,0.25299063324928284,0.7470093369483948
29.784911155700684,0.2518412172794342,0.7481588125228882
29.78546452522278,0.2517973780632019,0.7482026219367981
29.787856101989743,0.25160765647888184,0.7483923435211182
29.800148248672485,0.25064077973365784,0.7493591904640198
29.80378246307373,0.2503540515899658,0.7496459484100342
29.805485248565677,0.2502193748950958,0.7497806549072266
29.816057920455933,0.24937811493873596,0.7506219148635864
29.82146453857422,0.24894462525844574,0.7510553598403931
29.828169345855716,0.24840399622917175,0.7515960335731506
29.828856229782104,0.24834845960140228,0.7516515851020813
29.83378267288208,0.24794870615005493,0.7520512938499451
29.841264009475708,0.2473382204771042,0.7526617646217346
29.84239745140076,0.24724529683589935,0.7527546882629395
29.85085606575012,0.2465490996837616,0.7534509301185608
29.85546278953552,0.24616754055023193,0.7538324594497681
29.8578360080719,0.24597030878067017,0.7540297508239746
29.8689558506012,0.24504032731056213,0.7549597024917603
29.87228107452393,0.26319465041160583,0.7368053793907166
29.87378239631653,0.2770659625530243,0.7229340076446533
29.891462802886963,0.2766866683959961,0.7233133912086487
29.891857385635376,0.27667808532714844,0.7233219146728516
29.892377853393555,0.30565983057022095,0.694340169429779
29.901238441467285,0.2923777103424072,0.7076223492622375
29.90478205680847,0.2923499345779419,0.7076500654220581
29.907536506652832,0.2923283874988556,0.7076716423034668
29.92371702194214,0.29230448603630066,0.7076955437660217
29.92646288871765,0.29231497645378113,0.7076849937438965
29.928857564926147,0.29232436418533325,0.7076756358146667
29.929190635681152,0.2923256456851959,0.7076743245124817
29.931782245635983,0.29233601689338684,0.7076640129089355
29.93385410308838,0.29234442114830017,0.7076556086540222
29.944361686706543,0.29588982462882996,0.7041101455688477
29.955461263656616,0.27534547448158264,0.724654495716095
29.963857412338257,0.274684339761734,0.7253156900405884
29.96462059020996,0.2746238708496094,0.7253761291503906
29.96510076522827,0.2745857834815979,0.7254142165184021
29.96978235244751,0.27423223853111267,0.7257677316665649
29.97676515579224,0.27373382449150085,0.7262661457061768
29.98566436767578,0.2731449007987976,0.7268550992012024
29.989461183547974,0.2729059159755707,0.7270941138267517
29.991856575012207,0.27275407314300537,0.7272459268569946
30.00184845924377,0.27206674218177795,0.7279332876205444
30.002782344818115,0.27200204133987427,0.7279979586601257
30.01987886428833,0.27080345153808594,0.7291965484619141
30.02546119689941,0.2704062759876251,0.7295936942100525
30.02785634994507,0.27023497223854065,0.729764997959137
30.030782461166385,0.27002501487731934,0.7299749851226807
30.03515839576721,0.29387158155441284,0.7061284184455872
30.042048454284668,0.2597825229167938,0.7402175068855286
30.0458402633667,0.2597137689590454,0.7402862310409546
30.055023908615112,0.4115850627422333,0.5884149670600891
30.06045746803284,0.3514334559440613,0.6485665440559387
30.061856508255005,0.35151228308677673,0.6484877467155457
30.06662678718567,0.35178104043006897,0.6482189297676086
30.073782444000244,0.3521972596645355,0.6478027701377869
30.084473848342896,0.3528346121311188,0.6471653580665588
30.088457345962524,0.35307204723358154,0.6469280123710632
30.091856479644772,0.3532746434211731,0.6467254161834717
30.09836769104004,0.35366278886795044,0.6463372111320496
30.10178256034851,0.3538663387298584,0.6461337208747864
30.11645746231079,0.35474076867103577,0.6452592611312866
30.117064952850345,0.3547770380973816,0.6452230215072632
30.12755584716797,0.3560108542442322,0.6439891457557678
30.128856658935547,0.3472847044467926,0.652715265750885
30.13529372215271,0.3475363552570343,0.6524636745452881
30.139782667160038,0.3477104902267456,0.6522895693778992
30.1454553604126,0.34792885184288025,0.6520711779594421
30.149762868881226,0.4276703894138336,0.572329580783844
30.16178250312805,0.35197022557258606,0.6480297446250916
30.164856672286987,0.3520902991294861,0.6479097604751587
30.168794631958008,0.35212191939353943,0.647878110408783
30.1785147190094,0.3521929085254669,0.6478070616722107
30.18845534324646,0.35231196880340576,0.6476880311965942
30.19185423851013,0.3523998558521271,0.6476001143455505
30.192035675048828,0.3024619221687317,0.6975380778312683
30.199397325515747,0.2985760569572449,0.7014239430427551
30.20378279685974,0.29830846190452576,0.7016915678977966
30.212142944335938,0.3419213593006134,0.6580786108970642
30.217119455337524,0.33367720246315,0.6663228273391724
30.22545528411865,0.263506144285202,0.7364938259124756
30.22785425186157,0.2632335424423218,0.7367664575576782
30.231782913208008,0.2627851665019989,0.7372148036956787
30.233564615249637,0.2625809609889984,0.737419068813324
30.248167276382446,0.3520730435848236,0.6479269862174988
30.260453701019287,0.3185102641582489,0.6814897656440735
30.260782957077023,0.3184961676597595,0.6815038323402405
30.26185417175293,0.31845012307167053,0.6815498471260071
30.268282175064087,0.3181716799736023,0.6818283796310425
30.271661281585693,0.3180234134197235,0.6819766163825989
30.284969329833984,0.37442776560783386,0.6255722641944885
30.28845357894897,0.31321877241134644,0.6867812275886536
30.289858102798465,0.3131466209888458,0.6868534088134766
30.30050778388977,0.31258344650268555,0.6874165534973145
30.30278182029724,0.3124588429927826,0.687541127204895
30.31073784828186,0.3120175898075104,0.6879823803901672
30.317764043807983,0.3181944787502289,0.6818055510520935
30.319858074188232,0.29614466428756714,0.7038553357124329
30.32445359230041,0.2957671582698822,0.7042328119277954
30.32611203193665,0.2956300377845764,0.7043699622154236
30.340781927108765,0.2943984866142273,0.7056015133857727
30.345451831817627,0.29399946331977844,0.7060005068778992
30.34577178955078,0.2939719557762146,0.7060280442237854
30.348792552948,0.29371151328086853,0.7062884569168091
30.35446047782898,0.2932167053222656,0.7067833542823792
30.36085796356201,0.29264235496520996,0.70735764503479
30.362781763076782,0.29246559739112854,0.7075344324111938
30.378657341003414,0.29098278284072876,0.7090172171592712
30.380342960357662,0.29082292318344116,0.7091770768165588
30.3869366645813,0.29019278287887573,0.7098072171211243
30.38845181465149,0.2900469899177551,0.7099530100822449
30.3898561000824,0.28991153836250305,0.7100884318351746
30.403781175613403,0.28855016827583313,0.7114498019218445
30.404873847961422,0.30528122186660767,0.6947187781333923
30.405520915985107,0.28136008977890015,0.7186399698257446
30.42445182800293,0.32784852385520935,0.6721514463424683
30.42471671104431,0.32784390449523926,0.6721561551094055
30.4301278591156,0.3657803535461426,0.6342196464538574
30.43178105354309,0.3473130762577057,0.6526869535446167
30.431856155395508,0.3473127484321594,0.6526872515678406
30.44361138343811,0.3471924960613251,0.6528075337409973
30.455633401870728,0.34705179929733276,0.6529482007026672
30.45985627174377,0.3470010757446289,0.6529989242553711
30.46045207977295,0.34699371457099915,0.6530063152313232
30.46078085899353,0.34698987007141113,0.6530101895332336
30.472038745880127,0.34685036540031433,0.6531496047973633
30.47276735305786,0.3468412160873413,0.6531587839126587
30.487438201904297,0.3466508388519287,0.6533491611480713
30.48785805702209,0.34664520621299744,0.653354823589325
30.48845195770264,0.3466372489929199,0.6533627510070801
30.501782178878784,0.3464552164077759,0.6535447835922241
30.512521266937256,0.34630247950553894,0.6536974906921387
30.517858028411865,0.34622448682785034,0.6537755131721497
30.51832938194275,0.3462175130844116,0.6537824869155884
30.52445197105408,0.3461262285709381,0.6538737416267395
30.52518582344055,0.34611499309539795,0.653885006904602
30.531782150268555,0.3460142910480499,0.6539857387542725
30.53662085533142,0.3459390103816986,0.654060959815979
30.544013261795044,0.34582147002220154,0.6541785001754761
30.5557234287262,0.2061937153339386,0.793806254863739
30.55944967269897,0.20712047815322876,0.7928795218467712
30.559858083724976,0.20712414383888245,0.7928758859634399
30.57278203964233,0.20723789930343628,0.7927621006965637
30.574952840805054,0.23529984056949615,0.764700174331665
30.58683824539185,0.2052939087152481,0.7947061061859131
30.588449716567997,0.20533159375190735,0.794668436050415
30.589855432510376,0.20536448061466217,0.794635534286499
30.595632791519165,0.20553405582904816,0.794465959072113
30.60178232192993,0.20573483407497406,0.79426509141922
30.60502862930298,0.205848827958107,0.7941511869430542
30.617855548858643,0.20631110668182373,0.7936888933181763
30.624449729919437,0.20656444132328033,0.7934355735778809
30.62596726417541,0.20662400126457214,0.7933760285377502
30.62771487236023,0.2066926807165146,0.793307363986969
30.63078236579895,0.20681354403495789,0.7931864261627197
30.63850736618042,0.19622154533863068,0.8037784695625305
30.659518241882324,0.18508568406105042,0.8149142861366272
30.66044783592224,0.18505771458148956,0.8149423003196716
30.660855531692505,0.18504539132118225,0.8149546384811401
30.67278265953064,0.18467935919761658,0.815320611000061
30.68672132492065,0.18423624336719513,0.8157637715339661
30.688447952270508,0.184181347489357,0.8158186674118042
30.68885445594788,0.18416908383369446,0.8158309459686279
30.70177912712097,0.18411089479923248,0.8158891201019287
30.702821254730225,0.18411949276924133,0.815880537033081
30.711671590805054,0.18421334028244019,0.8157866597175598
30.72444796562195,0.1844497174024582,0.8155502676963806
30.72977900505066,0.1845492273569107,0.8154507875442505
30.73038005828857,0.18456047773361206,0.8154395222663879
30.730854749679565,0.1845693588256836,0.8154306411743164
30.740499258041385,0.20900514721870422,0.7909948825836182
30.749662160873413,0.18476629257202148,0.8152337074279785
30.758854627609253,0.18476712703704834,0.8152329325675964
30.75944566726685,0.18477042019367218,0.815229594707489
30.76228809356689,0.18478631973266602,0.8152137398719788
30.76523470878601,0.30392858386039734,0.696071445941925
30.770267248153687,0.18257367610931396,0.817426323890686
30.77177906036377,0.1826472282409668,0.817352831363678
30.786036729812626,0.183120459318161,0.8168795704841614
30.788445711135864,0.18316946923732758,0.816830575466156
30.78885507583618,0.18317776918411255,0.8168222308158875
30.799188375473022,0.1833847016096115,0.8166152834892273
30.801778078079224,0.1834358125925064,0.8165642023086548
30.81065845489502,0.18360835313796997,0.81639164686203
30.819064617156982,0.1854582130908966,0.8145418167114258
30.82285499572754,0.18807682394981384,0.8119231462478638
30.825445652008057,0.18810248374938965,0.8118975162506104
30.829763174057007,0.18814416229724884,0.8118558526039124
30.830777883529663,0.18815377354621887,0.8118462562561035
30.84707856178284,0.3236071467399597,0.6763928532600403
30.854445457458496,0.18707232177257538,0.8129276633262634
30.85598134994507,0.18713423609733582,0.8128657341003418
30.85885500907898,0.18724998831748962,0.812749981880188
30.86577796936035,0.18764838576316833,0.8123515844345093
30.868300914764404,0.1878330111503601,0.8121669888496399
30.879376649856567,0.15545597672462463,0.8445440530776978
30.884445428848267,0.15331228077411652,0.8466877341270447
30.88940644264221,0.15334072709083557,0.8466593027114868
30.889853954315186,0.1533432900905609,0.8466567397117615
30.899019241333008,0.17953169345855713,0.8204683065414429
30.90177655220032,0.13767299056053162,0.862326979637146
30.906561136245728,0.171278178691864,0.828721821308136
30.92544531822205,0.12718850374221802,0.872811496257782
30.93077635765076,0.12696650624275208,0.8730335235595703
30.930853843688965,0.126963272690773,0.8730367422103882
30.947443962097168,0.12626363337039948,0.8737363815307617
30.95885396003723,0.12577494978904724,0.8742250800132751
30.961488008499146,0.2492959350347519,0.7507040500640869
30.97027993202209,0.17132344841957092,0.8286765217781067
30.972776651382446,0.17125695943832397,0.828743040561676
30.98289728164673,0.17098286747932434,0.829017162322998
30.9894437789917,0.17080166935920715,0.8291983008384705
30.993852615356445,0.17067797482013702,0.8293220400810242
30.999669551849365,0.2056279331445694,0.7943720817565918
31.00077772140503,0.16767188906669617,0.8323280811309814
31.007708311080933,0.16743768751621246,0.8325623273849487
31.01922631263733,0.16703684628009796,0.8329631686210632
31.02544379234314,0.1668146699666977,0.8331853151321411
31.028852462768555,0.16669143736362457,0.8333085775375366
31.0307776927948,0.16662132740020752,0.8333786725997925
31.03665423393249,0.16703958809375763,0.8329604268074036
31.05338764190674,0.15590237081050873,0.8440976738929749
31.057852506637573,0.15566064417362213,0.8443393707275391
31.061443567276,0.1554647982120514,0.844535231590271
31.06303977966309,0.1553773581981659,0.8446226716041565
31.06577777862549,0.15522673726081848,0.8447732925415039
31.077343940734863,0.15458206832408905,0.8454179167747498
31.07953906059265,0.15445813536643982,0.8455418944358826
31.089849948883057,0.1538684070110321,0.8461316227912903
31.0904438495636,0.15383397042751312,0.8461660146713257
31.092021942138672,0.15374232828617096,0.8462576866149902
31.101778030395508,0.15317022800445557,0.8468297123908997
31.110374450683597,0.1526581197977066,0.8473418951034546
31.117443561553955,0.15226852893829346,0.8477314710617065
31.118849992752075,0.15222883224487305,0.8477712273597717
31.12475538253784,0.15206138789653778,0.8479386568069458
31.130778074264526,0.15188902616500854,0.8481109738349915
31.13604164123535,0.16394565999507904,0.8360543251037598
31.13958191871643,0.20357944071292877,0.7964205741882324
31.14560556411743,0.19285574555397034,0.8071442246437073
31.151979684829712,0.29721972346305847,0.7027802467346191
31.15944266319275,0.220782071352005,0.7792178988456726
31.16285014152527,0.2208176851272583,0.7791823148727417
31.16577792167664,0.22084812819957733,0.7791519165039062
31.17079854011536,0.31729310750961304,0.682706892490387
31.183358907699585,0.24589863419532776,0.7541013360023499
31.18744206428528,0.24597622454166412,0.7540237903594971
31.18985199928284,0.24602173268795013,0.7539782524108887
31.197633743286133,0.2461681365966797,0.7538318634033203
31.20177817344665,0.24624553322792053,0.7537544369697571
31.207454442977905,0.2463509440422058,0.7536490559577942
31.214488983154297,0.2464805543422699,0.7535194754600525
31.218852043151852,0.24656032025814056,0.753439724445343
31.22444558143616,0.246661975979805,0.7533380389213562
31.229442358016968,0.24675197899341583,0.7532480359077454
31.230778217315677,0.2467760294675827,0.7532239556312561
31.23625946044922,0.24687384068965912,0.7531261444091797
31.245059967041016,0.24709393084049225,0.752906084060669
31.24910688400269,0.24720320105552673,0.7527968287467957
31.25743770599365,0.24742761254310608,0.7525723576545715
31.259806394577023,0.24749137461185455,0.7525086402893066
31.26185202598572,0.24754634499549866,0.7524536848068237
31.266778230667114,0.24767862260341644,0.7523214221000671
31.26922583580017,0.24774421751499176,0.7522557973861694
31.2819082736969,0.28464052081108093,0.7153594493865967
31.28543782234192,0.25569984316825867,0.7443001866340637
31.289848566055294,0.25597354769706726,0.7440264821052551
31.30125212669373,0.2827244699001312,0.7172755599021912
31.301776885986328,0.29164740443229675,0.7083526253700256
31.303788661956787,0.2918427288532257,0.7081573009490967
31.31884860992432,0.2933197319507599,0.7066802978515625
31.32122254371643,0.2935551404953003,0.7064449191093445
31.32743787765503,0.2939336597919464,0.7060663104057312
31.330776929855347,0.29410940408706665,0.7058906555175781
31.331328630447388,0.29414060711860657,0.705859363079071
31.346446752548218,0.295036256313324,0.704963743686676
31.355436086654663,0.29560527205467224,0.7043947577476501
31.35993385314941,0.2958908975124359,0.7041091322898865
31.36184859275818,0.29601266980171204,0.7039873600006104
31.36618065834045,0.2678302526473999,0.7321697473526001
31.371777057647705,0.27004340291023254,0.7299566268920898
31.38984990119934,0.27005407214164734,0.729945957660675
31.390681266784668,0.2700541317462921,0.7299458980560303
31.397436141967773,0.2700526714324951,0.7299473285675049
31.397852897644043,0.2700525224208832,0.7299475073814392
31.400777339935303,0.27005094289779663,0.7299490571022034
31.40935444831848,0.27004340291023254,0.7299566268920898
31.42007851600647,0.2700275778770447,0.7299724221229553
31.42543625831604,0.2700169086456299,0.7299830913543701
31.427849769592285,0.2700115144252777,0.7299885153770447
31.435303449630737,0.2700051963329315,0.7299948334693909
31.43535184860229,0.2700052261352539,0.7299947738647461
31.436777114868164,0.2700054347515106,0.729994535446167
31.447211265563965,0.2833302319049835,0.7166697382926941
31.44984984397888,0.2533203661441803,0.7466796040534973
31.45743083953857,0.25295478105545044,0.7470452189445496
31.46108293533325,0.25277242064476013,0.7472276091575623
31.46795463562012,0.25242453813552856,0.7475754618644714
31.471777200698853,0.2522282600402832,0.7477717399597168
31.4796679019928,0.3782849907875061,0.6217150092124939
31.48443102836609,0.2553541660308838,0.7446458339691162
31.491692543029785,0.25513583421707153,0.7448641657829285
31.49185156822205,0.25513094663619995,0.7448690533638
31.500776052474976,0.2548571825027466,0.7451428174972534
31.501898765563965,0.254822313785553,0.745177686214447
31.51375913619995,0.25444844365119934,0.745551586151123
31.524439811706543,0.25412043929100037,0.745879590511322
31.52643084526062,0.2540607452392578,0.7459392547607422
31.527851581573486,0.25401797890663147,0.7459820508956909
31.535775899887085,0.25377681851387024,0.7462231516838074
31.542283058166504,0.23569008708000183,0.7643099427223206
31.554680347442627,0.23986881971359253,0.7601311802864075
31.55543088912964,0.23982563614845276,0.7601743936538696
31.56172204017639,0.3914671242237091,0.6085329055786133
31.56285166740417,0.2545969486236572,0.7454030513763428
31.570775985717773,0.25424471497535706,0.7457553148269653
31.57539391517639,0.2540243864059448,0.7459756135940552
31.58526849746704,0.25354745984077454,0.7464525699615479
31.58543086051941,0.25353947281837463,0.746460497379303
31.59177589416504,0.2532288432121277,0.7467711567878723
31.59717631340027,0.2193601280450821,0.7806398868560791
31.597848892211918,0.21279825270175934,0.7872017621994019
31.603906869888306,0.21203792095184326,0.7879620790481567
31.619430780410767,0.21021726727485657,0.7897827625274658
31.61984872817993,0.21018505096435547,0.7898149490356445
31.62083649635315,0.25616174936294556,0.7438383102416992
31.63008499145508,0.24899174273014069,0.7510082721710205
31.6347758769989,0.19094163179397583,0.809058427810669
31.64215040206909,0.19016548991203308,0.8098345398902893
31.64550018310547,0.3231579065322876,0.6768420934677124
31.65442585945129,0.25688549876213074,0.7431145310401917
31.657878398895264,0.2566066086292267,0.7433934211730957
31.66184878349304,0.25628402829170227,0.7437160015106201
31.66977596282959,0.2556343078613281,0.7443656921386719
31.67563796043396,0.25514891743659973,0.7448511123657227
31.68940234184265,0.30341967940330505,0.6965802907943726
31.689425706863403,0.2507905066013336,0.749209463596344
31.69177484512329,0.2505766749382019,0.7494233250617981
31.696520805358887,0.25014227628707886,0.7498577237129211
31.697851419448853,0.250019907951355,0.749980092048645
31.69996190071106,0.2498254030942917,0.7501745820045471
31.70782971382141,0.2582339346408844,0.741766095161438
31.72399091720581,0.2360628843307495,0.7639371156692505
31.72442579269409,0.23601363599300385,0.763986349105835
31.731804370880127,0.23517313599586487,0.7648268342018127
31.73185133934021,0.2351677268743515,0.7648322582244873
31.740774869918823,0.23414064943790436,0.7658593654632568
31.74198794364929,0.23400016129016876,0.7659998536109924
31.750793933868408,0.2329738289117813,0.7670261859893799
31.759424209594727,0.23195718228816986,0.768042802810669
31.75985145568848,0.23190656304359436,0.7680934071540833
31.760774850845337,0.23179714381694794,0.7682029008865356
31.763831853866577,0.2314338982105255,0.7685660719871521
31.775779962539676,0.2300013154745102,0.7699986696243286
31.78407621383667,0.2289947122335434,0.7710053324699402
31.788424253463745,0.22846320271492004,0.7715368270874023
31.788853406906128,0.22841058671474457,0.7715893983840942
31.79552245140076,0.17546600103378296,0.824533998966217
31.803771257400516,0.17042413353919983,0.8295758366584778
31.81985330581665,0.16965456306934357,0.8303454518318176
31.825130224227905,0.16939780116081238,0.83060222864151
31.825424194335938,0.16938333213329315,0.8306166529655457
31.83277153968811,0.16902077198028564,0.8309792280197144
31.8368501663208,0.28520482778549194,0.7147952318191528
31.848446130752563,0.19935445487499237,0.8006455302238464
31.85852837562561,0.1990165263414383,0.8009834885597229
31.85885334014893,0.1990056335926056,0.8009943962097168
31.859418869018555,0.19898657500743866,0.8010134100914001
31.86778998374939,0.19870182871818542,0.801298201084137
31.87377166748047,0.19849619269371033,0.8015038371086121
31.878187894821167,0.19834324717521667,0.8016567230224609
31.889418840408325,0.19794967770576477,0.8020502924919128
31.889671802520752,0.19794073700904846,0.8020592927932739
31.893855333328247,0.19779232144355774,0.8022077083587646
31.899597883224487,0.1975921392440796,0.8024079203605652
31.90477180480957,0.19741331040859222,0.8025866746902466
31.91631865501404,0.1970091462135315,0.8029908537864685
31.9212064743042,0.1968359649181366,0.803164005279541
31.924418926239014,0.19674183428287506,0.8032581806182861
31.92796206474304,0.19664232432842255,0.8033576011657715
31.928855419158936,0.19661720097064972,0.8033828139305115
31.93277192115784,0.1965065896511078,0.8034934401512146
31.938352584838867,0.19634774327278137,0.8036522269248962
31.94895601272583,0.1960427165031433,0.8039573431015015
31.95441770553589,0.1959179788827896,0.8040820360183716
31.9576895236969,0.2360585331916809,0.7639415264129639
31.963855266571045,0.24008812010288239,0.7599118947982788
31.968282222747803,0.25829747319221497,0.7417025566101074
31.97077178955078,0.25073620676994324,0.7492637634277344
31.9738609790802,0.25087571144104004,0.74912428855896
31.985780715942383,0.25141987204551697,0.7485800981521606
31.989417791366577,0.2515878975391388,0.7484120726585388
31.99321746826172,0.2517644762992859,0.7482355237007141
31.998854637146,0.2520281970500946,0.7479718327522278
32.00277376174927,0.2522127330303192,0.7477872371673584
32.00549602508545,0.2523415982723236,0.7476584315299988
32.01858186721802,0.25296786427497864,0.747032105922699
32.0240581035614,0.23968461155891418,0.7603154182434082
32.02541780471802,0.2297591120004654,0.7702409029006958
32.02785444259644,0.22968049347400665,0.7703195214271545
32.030773639678955,0.2295856475830078,0.7704143524169922
32.043911933898926,0.2291894406080246,0.7708105444908142
32.052125692367554,0.2289915829896927,0.7710084319114685
32.05941319465637,0.22882157564163208,0.7711784839630127
32.0628547668457,0.2287401705980301,0.7712598443031311
32.0667736530304,0.22864672541618347,0.7713532447814941
32.06820344924927,0.2286122888326645,0.7713876962661743
32.077890396118164,0.2283763289451599,0.7716236710548401
32.08741307258606,0.2281387746334076,0.7718612551689148
32.08879566192627,0.22810381650924683,0.7718961834907532
32.090853691101074,0.22805146872997284,0.771948516368866
32.096662759780884,0.2279025763273239,0.7720974683761597
32.101773738861084,0.22776976227760315,0.7722302675247192
32.10800552368164,0.24675530195236206,0.7532447576522827
32.11885356903076,0.21530647575855255,0.7846935391426086
32.12161111831665,0.21515241265296936,0.784847617149353
32.125511169433594,0.21493318676948547,0.7850668430328369
32.13041305541992,0.21465538442134857,0.7853446006774902
32.13077354431152,0.21463482081890106,0.7853651642799377
32.134931564331055,0.3474818170070648,0.6525181531906128
32.14678144454956,0.2255043089389801,0.7744957208633423
32.15741276741028,0.2255372852087021,0.7744626998901367
32.162853717803955,0.22555243968963623,0.7744475603103638
32.16577386856079,0.22556015849113464,0.7744398713111877
32.18147253990173,0.22559525072574615,0.774404764175415
32.18641304969788,0.22560423612594604,0.774395763874054
32.193665742874146,0.22561553120613098,0.7743844389915466
32.197853803634644,0.2256210446357727,0.7743789553642273
32.20177245140076,0.22551964223384857,0.7744803428649902
32.20494031906128,0.22539755702018738,0.7746024131774902
32.21257185935974,0.20028114318847656,0.7997188568115234
32.2174129486084,0.20914530754089355,0.7908546924591064
32.220680952072144,0.2090434432029724,0.7909566164016724
32.22785401344299,0.20881657302379608,0.7911834716796875
32.230772733688354,0.20872285962104797,0.7912771105766296
32.25015926361084,0.3567703068256378,0.6432297229766846
32.25741195678711,0.21937625110149384,0.7806236743927002
32.2628538608551,0.21929076313972473,0.7807092666625977
32.26594305038452,0.21916723251342773,0.7808327674865723
32.266772508621216,0.21912264823913574,0.7808773517608643
32.277085065841675,0.21894244849681854,0.7810575366020203
32.28169107437134,0.18607434630393982,0.8139256238937378
32.2854118347168,0.18303534388542175,0.8169646859169006
32.289154052734375,0.1828455626964569,0.8171544075012207
32.29084849357605,0.18275943398475647,0.8172405958175659
32.29869484901428,0.220558300614357,0.7794417142868042
32.30177307128906,0.17497745156288147,0.8250225782394409
32.30604386329651,0.21343353390693665,0.7865664958953857
32.31884860992432,0.16803136467933655,0.8319686651229858
32.3195526599884,0.1679808646440506,0.8320191502571106
32.32141184806824,0.16784732043743134,0.8321526646614075
32.326796770095825,0.3039843738079071,0.6960156559944153
32.3307728767395,0.22450706362724304,0.7754929661750793
32.337671518325806,0.322903037071228,0.677096962928772
32.3487446308136,0.25856539607048035,0.7414345741271973
32.355366945266724,0.2583354711532593,0.7416645288467407
32.356407165527344,0.2582990229129791,0.7417009472846985
32.36284852027893,0.2580795884132385,0.7419204115867615
32.367785692214966,0.3012125790119171,0.6987874507904053
32.37177276611328,0.24852946400642395,0.7514705061912537
32.38540744781494,0.24784362316131592,0.7521564364433289
32.385555267333984,0.2478361874818802,0.752163827419281
32.39084815979004,0.24756620824337006,0.7524338364601135
32.39790606498718,0.24720166623592377,0.752798318862915
32.39977288246155,0.2471044510602951,0.7528955340385437
32.40929126739502,0.23962123692035675,0.7603787779808044
32.41940712928772,0.22494833171367645,0.7750516533851624
32.42084836959839,0.22482068836688995,0.7751793265342712
32.42479872703552,0.2244694083929062,0.7755305767059326
32.43577289581299,0.2234746664762497,0.7765253186225891
32.43579339981079,0.2234727144241333,0.7765272855758667
32.44534635543823,0.222581148147583,0.7774189114570618
32.45740485191345,0.22143910825252533,0.7785609364509583
32.4584014415741,0.22134260833263397,0.7786573767662048
32.46284818649292,0.22091075778007507,0.7790892124176025
32.46694898605347,0.22051027417182922,0.7794897556304932
32.47077298164368,0.220134899020195,0.7798650860786438
32.48540139198303,0.2186824381351471,0.7813175916671753
32.49184894561768,0.2180337905883789,0.7819662094116211
32.49227786064148,0.2179904580116272,0.7820095419883728
32.50076985359192,0.21712569892406464,0.7828742265701294
32.505152463912964,0.21667511761188507,0.7833248972892761
32.52116179466248,0.20458051562309265,0.795419454574585
32.52140140533447,0.20398515462875366,0.7960148453712463
32.52411675453186,0.2496156394481659,0.7503843903541565
32.52784895896912,0.22191642224788666,0.7780836224555969
32.5353307723999,0.22150558233261108,0.7784944176673889
32.5376033782959,0.3274059593677521,0.6725940704345703
32.540769815444946,0.240622416138649,0.7593775987625122
32.55198073387146,0.24000291526317596,0.7599971294403076
32.55639839172363,0.23975703120231628,0.7602429986000061
32.564165115356445,0.23933137953281403,0.7606686353683472
32.56484913825989,0.2392938882112503,0.7607061266899109
32.568769693374634,0.23907896876335144,0.7609210014343262
32.58539819717407,0.23815838992595673,0.7618415951728821
32.58976984024048,0.23791402578353882,0.7620859742164612
32.59012055397034,0.23789438605308533,0.7621056437492371
32.59180998802185,0.23779955506324768,0.7622004151344299
32.591848373413086,0.23779743909835815,0.7622025609016418
32.61064648628235,0.23673264682292938,0.7632673382759094
32.61939835548401,0.2362302541732788,0.7637697458267212
32.62068247795105,0.23615612089633942,0.7638438940048218
32.626052379608154,0.23584535717964172,0.7641546130180359
32.627848386764526,0.23574107885360718,0.7642589807510376
32.638988971710205,0.23508988320827484,0.764910101890564
32.63976979255676,0.23504392802715302,0.764955997467041
32.647393465042114,0.23459377884864807,0.7654061913490295
32.65176725387573,0.23433400690555573,0.7656660079956055
32.661848068237305,0.23373068869113922,0.766269326210022
32.66277194023132,0.23367509245872498,0.7663249373435974
32.66856408119202,0.25531741976737976,0.7446826100349426
32.66876983642578,0.2603578567504883,0.7396421432495117
32.68692970275879,0.30279818177223206,0.6972017884254456
32.689393281936646,0.2836064398288727,0.7163935303688049
32.68984913825989,0.2836103141307831,0.7163896560668945
32.70117449760437,0.2837074100971222,0.7162926197052002
32.70176696777344,0.2837127149105072,0.7162873148918152
32.70184397697449,0.2837132513523102,0.7162867784500122
32.71739315986633,0.28385457396507263,0.7161454558372498
32.718421459198,0.28386417031288147,0.7161358594894409
32.71884894371033,0.2838682234287262,0.7161318063735962
32.729766845703125,0.2839728891849518,0.7160270810127258
32.73659038543701,0.28404027223587036,0.7159597277641296
32.74384784698486,0.28422561287879944,0.7157743573188782
32.75008773803711,0.2669859826564789,0.7330140471458435
32.75502276420593,0.2526873052120209,0.7473126649856567
32.755391120910645,0.252659410238266,0.7473406195640564
32.76084899902344,0.2522437274456024,0.74775630235672
32.76970314979553,0.25156253576278687,0.7484375238418579
32.771766901016235,0.2514025866985321,0.7485973834991455
32.778929471969604,0.25084376335144043,0.7491562366485596
32.78728413581848,0.2501850128173828,0.7498149871826172
32.78884935379028,0.2500607669353485,0.7499392032623291
32.79039120674133,0.24993805587291718,0.7500619292259216
32.80007743835449,0.24916139245033264,0.7508386373519897
32.800766468048096,0.249105766415596,0.7508942484855652
32.80248475074768,0.24896679818630219,0.7510331869125366
32.81528663635254,0.27803078293800354,0.7219692468643188
32.8178493976593,0.23968234658241272,0.7603176236152649
32.82539105415344,0.23891644179821014,0.7610835433006287
32.82786154747009,0.2386637032032013,0.7613362669944763
32.82976675033569,0.23846839368343353,0.7615315914154053
32.833988904953,0.23808908462524414,0.7619109153747559
32.84215307235718,0.3917213976383209,0.6082786321640015
32.852877378463745,0.33455395698547363,0.6654461026191711
32.85984945297241,0.33492571115493774,0.6650742888450623
32.86038160324097,0.3349541127681732,0.6650458574295044
32.86038565635681,0.3349543809890747,0.6650456786155701
32.871766805648804,0.33564889430999756,0.6643511056900024
32.8789176940918,0.3361356556415558,0.6638643145561218
32.887850522994995,0.3367648422718048,0.6632351875305176
32.88938570022583,0.3368745446205139,0.6631254553794861
32.892863035202026,0.3371233344078064,0.6628767251968384
32.90005040168762,0.3298098146915436,0.6701902151107788
32.90076804161072,0.3291839063167572,0.6708160638809204
32.914862871170044,0.32981446385383606,0.6701855659484863
32.91574239730835,0.40721315145492554,0.5927868485450745
32.92438578605652,0.34829553961753845,0.6517044305801392
32.93285059928894,0.3489029109477997,0.6510970592498779
32.935768127441406,0.34911254048347473,0.6508874893188477
32.937254667282104,0.34921935200691223,0.6507806777954102
32.94905471801758,0.3500680923461914,0.6499319672584534
32.95281934738159,0.31109756231307983,0.6889024376869202
32.95932984352112,0.3043174147605896,0.6956826448440552
32.95938539505005,0.3043157160282135,0.6956842541694641
32.95985054969788,0.30430155992507935,0.6956984400749207
32.969768047332764,0.3039919137954712,0.6960081458091736
32.97691631317139,0.3513002395629883,0.6486997604370117
32.9840452671051,0.34363067150115967,0.6563693284988403
32.987385511398315,0.2740352749824524,0.7259647250175476
32.98924946784973,0.27388206124305725,0.7261179685592651
32.98984694480896,0.2738328278064728,0.7261672019958496
32.99618673324585,0.33655470609664917,0.6634452939033508
33.00476837158203,0.3100110590457916,0.689988911151886
33.015385389328,0.3096441328525543,0.6903558373451233
33.01884698867798,0.3095221221446991,0.6904779076576233
33.02492666244507,0.3093050420284271,0.6906949281692505
33.03166079521179,0.3090604245662689,0.6909396052360535
33.03376817703247,0.30898284912109375,0.6910171508789062
33.04552245140076,0.36952945590019226,0.6304705739021301
33.053420066833496,0.3047400712966919,0.6952599287033081
33.05838060379028,0.30451512336730957,0.6954848766326904
33.06084704399109,0.3044022023677826,0.695597767829895
33.06126403808594,0.3043830096721649,0.6956170201301575
33.06976819038391,0.3039875626564026,0.6960124373435974
33.08370399475098,0.31032052636146545,0.6896795034408569
33.08538055419922,0.29391583800315857,0.706084132194519
33.08885073661804,0.2936755120754242,0.7063245177268982
33.091991662979126,0.2934562861919403,0.7065436840057373
33.10325598716736,0.29265883564949036,0.707341194152832
33.105767250061035,0.29247841238975525,0.7075215578079224
33.11438059806824,0.2918527126312256,0.7081472873687744
33.11519002914429,0.29179325699806213,0.7082067728042603
33.11885094642639,0.29152369499206543,0.7084763050079346
33.13375663757324,0.2904050350189209,0.7095949649810791
33.13376712799072,0.29040420055389404,0.7095958590507507
33.142009258270264,0.2897713780403137,0.7102286219596863
33.15324878692627,0.28889191150665283,0.7111080884933472
33.155378580093384,0.28872326016426086,0.7112767696380615
33.15985107421875,0.2883665859699249,0.7116334438323975
33.16258263587952,0.28814730048179626,0.7118527293205261
33.170767307281494,0.2874833047389984,0.712516725063324
33.17423343658447,0.22100268304347992,0.7789973616600037
33.17648935317993,0.26981040835380554,0.7301896214485168
33.18885111808777,0.2655825912952423,0.7344173789024353
33.19037866592407,0.2655690312385559,0.7344310283660889
33.19348168373108,0.2655409872531891,0.7344589829444885
33.19837999343872,0.3410186469554901,0.6589813232421875
33.203766107559204,0.285916268825531,0.714083731174469
33.20737385749817,0.2859145700931549,0.7140854597091675
33.22385120391846,0.28586545586586,0.7141345739364624
33.22537851333618,0.2858583927154541,0.7141416072845459
33.23015594482422,0.28582656383514404,0.7141734957695007
33.23176622390747,0.28581568598747253,0.7141842842102051
33.24157404899597,0.28574755787849426,0.7142524719238281
33.245065450668335,0.28572240471839905,0.7142775654792786
33.25249743461609,0.2856674790382385,0.7143325209617615
33.25437378883362,0.28565314412117004,0.7143468856811523
33.258851051330566,0.28561869263648987,0.7143812775611877
33.26076626777649,0.28560373187065125,0.7143962383270264
33.265684843063354,0.2855645418167114,0.7144355177879333
33.271727323532104,0.2855149805545807,0.7144849896430969
33.278053760528564,0.2854616641998291,0.7145383358001709
33.28937387466431,0.2853940427303314,0.714605987071991
33.29285192489624,0.28537341952323914,0.7146265506744385
33.30126404762268,0.2853216230869293,0.7146783471107483
33.303765058517456,0.2853056788444519,0.7146943211555481
33.31193256378174,0.2852714955806732,0.7147284746170044
33.32537364959717,0.2852114737033844,0.7147884964942932
33.32711863517761,0.3176250159740448,0.6823749542236328
33.32785177230835,0.26963281631469727,0.7303671836853027
33.332977056503296,0.3147948384284973,0.6852051615715027
33.3397650718689,0.3160887062549591,0.6839112639427185
33.34233617782593,0.3162795305252075,0.6837204694747925
33.345858573913574,0.3165419101715088,0.6834580898284912
33.35437226295471,0.3172636926174164,0.682736337184906
33.35491347312927,0.317311555147171,0.6826884746551514
33.35785174369812,0.31757208704948425,0.6824279427528381
33.35976505279541,0.3177421987056732,0.6822577714920044
33.363199949264526,0.31804877519607544,0.6819512248039246
33.36802864074707,0.3184818923473358,0.6815180778503418
33.37991499900818,0.30896297097206116,0.6910370588302612
33.38937211036682,0.2873575687408447,0.7126424312591553
33.38959002494812,0.28735482692718506,0.7126452326774597
33.39285612106323,0.28731200098991394,0.7126880288124084
33.39491844177246,0.2872845232486725,0.7127154469490051
33.40176486968994,0.28719115257263184,0.7128088474273682
33.41626596450806,0.2869817614555359,0.7130182385444641
33.42457890510559,0.28685450553894043,0.7131454944610596
33.42537212371826,0.2868420481681824,0.7131579518318176
33.429765462875366,0.2867724597454071,0.7132275700569153
33.429856061935425,0.28677091002464294,0.7132290601730347
33.435970067977905,0.2866712808609009,0.7133287787437439
33.44603204727173,0.2865006625652313,0.7134993672370911
33.45436930656433,0.28637272119522095,0.713627278804779
33.45785617828369,0.28632059693336487,0.7136794328689575
33.458765268325806,0.28630682826042175,0.7136932015419006
33.4605450630188,0.31541213393211365,0.6845878958702087
33.46370553970337,0.27374157309532166,0.726258397102356
33.47028303146362,0.27340343594551086,0.7265965938568115
33.47808218002319,0.3740379512310028,0.6259620785713196
33.48936939239502,0.3025926947593689,0.6974073052406311
33.49231147766113,0.3026433289051056,0.697356641292572
33.49385714530945,0.30266985297203064,0.697330117225647
33.496819257736206,0.3027202785015106,0.6972797513008118
33.49976420402527,0.3027699887752533,0.6972299814224243
33.50615620613098,0.30287864804267883,0.6971213221549988
33.51931619644165,0.30313336849212646,0.6968666911125183
33.521857261657715,0.3031816780567169,0.6968182921409607
33.52436923980713,0.3032290041446686,0.696770966053009
33.52653288841248,0.29864874482154846,0.7013512849807739
33.53002858161926,0.2918219566345215,0.7081780433654785
33.53576421737671,0.29177528619766235,0.7082247138023376
33.542710065841675,0.3795033395290375,0.6204966902732849
33.552669048309326,0.29975762963294983,0.7002423405647278
33.554367542266846,0.2997812032699585,0.7002187967300415
33.557857275009155,0.2998291552066803,0.7001708149909973
33.561158657073975,0.2998795509338379,0.7001204490661621
33.56948518753052,0.2901943325996399,0.7098057270050049
33.57076406478882,0.28306522965431213,0.7169348001480103
33.577099323272705,0.28283748030662537,0.7171624898910522
33.5883674621582,0.2824215590953827,0.7175784111022949
33.58929467201233,0.3359872102737427,0.6640127897262573
33.59169840812683,0.33304110169410706,0.6669588685035706
33.59176325798035,0.27157461643218994,0.7284253835678101
33.59286284446716,0.2715144455432892,0.7284855246543884
33.601603984832764,0.2710304260253906,0.7289695739746094
33.61436104774475,0.3648205101490021,0.6351795196533203
33.624367475509644,0.31981953978538513,0.6801804900169373
33.629862785339355,0.31982874870300293,0.6801712512969971
33.6331832408905,0.3198333978652954,0.6801666021347046
33.63376307487488,0.3198341131210327,0.6801658868789673
33.634883880615234,0.31983545422554016,0.6801645159721375
33.645363330841064,0.31984370946884155,0.6801562905311584
33.65886306762695,0.319843053817749,0.6801570057868958
33.660680055618286,0.3629954159259796,0.6370046138763428
33.66121244430542,0.307608038187027,0.6923919916152954
33.661747455596924,0.3075956404209137,0.6924043893814087
33.66976284980774,0.30740609765052795,0.6925938725471497
33.67841863632202,0.29523375630378723,0.7047662138938904
33.68709063529968,0.27610844373703003,0.72389155626297
33.68786382675171,0.2760520577430725,0.7239479422569275
33.68836331367493,0.2760154604911804,0.7239845991134644
33.69176244735718,0.2757661044597626,0.724233865737915
33.70001411437988,0.2751584053039551,0.7248415946960449
33.71381449699402,0.27413082122802734,0.7258691787719727
33.716363191604614,0.27393823862075806,0.7260617613792419
33.7228639125824,0.2734430134296417,0.7265569567680359
33.72482633590698,0.2732923924922943,0.7267075777053833
33.73376274108887,0.27259984612464905,0.7274001240730286
33.735310316085815,0.272478848695755,0.7275211811065674
33.74647784233093,0.27159565687179565,0.7284044027328491
33.75836634635925,0.27063658833503723,0.7293633818626404
33.75886392593384,0.2705959975719452,0.7294040322303772
33.762579679489136,0.2702920436859131,0.7297079563140869
33.76976275444031,0.26969894766807556,0.7303010821342468
33.7718939781189,0.3173379898071289,0.6826620101928711
33.77965307235718,0.3118126392364502,0.6881874203681946
33.78636622428894,0.35805824398994446,0.6419417858123779
33.79369020462036,0.38615691661834717,0.6138430833816528
33.79386329650879,0.37956222891807556,0.6204378008842468
33.80351400375366,0.3799706697463989,0.6200293898582458
33.804762840271,0.38002362847328186,0.6199764013290405
33.805094957351685,0.3800378441810608,0.619962215423584
33.82060623168945,0.38069984316825867,0.6193001866340637
33.82136631011963,0.3807324469089508,0.6192675828933716
33.82986330986023,0.38109779357910156,0.6189022064208984
33.83001399040222,0.38110435009002686,0.6188956499099731
33.83176279067993,0.38117966055870056,0.618820309638977
33.84033179283142,0.38153591752052307,0.6184640526771545
33.85736131668091,0.3822265565395355,0.6177734732627869
33.857863426208496,0.38224679231643677,0.6177532076835632
33.8687629699707,0.38268598914146423,0.6173140406608582
33.86938667297363,0.38271117210388184,0.6172888278961182
33.88002324104309,0.3831411898136139,0.6168588399887085
33.891361474990845,0.38360050320625305,0.6163995265960693
33.89286398887634,0.3836614191532135,0.6163385510444641
33.89811730384827,0.3838747441768646,0.6161252856254578
33.9037606716156,0.3841039538383484,0.6158960461616516
33.913562536239624,0.3845025897026062,0.6154974102973938
33.926361322402954,0.3850320279598236,0.6149680018424988
33.92694926261902,0.3850582540035248,0.6149417757987976
33.93186378479004,0.38527747988700867,0.6147225499153137
33.93376040458679,0.3853622078895569,0.6146377921104431
33.94668245315552,0.38594016432762146,0.6140598058700562
33.947359561920166,0.38597235083580017,0.6140276789665222
33.95416975021362,0.37579968571662903,0.6242003440856934
33.95786380767822,0.40450459718704224,0.5954954028129578
33.96076035499573,0.40472859144210815,0.5952714681625366
33.96372365951538,0.3726547062397003,0.6273453235626221
33.9697949886322,0.4334511160850525,0.5665488839149475
33.981269121170044,0.43492457270622253,0.5650754570960999
33.99135971069336,0.4362647235393524,0.56373530626297
33.99186444282532,0.43633222579956055,0.5636677742004395
33.99444556236267,0.4366781413555145,0.5633218288421631
34.001760959625244,0.43766486644744873,0.5623351335525513
34.01421880722046,0.43933191895484924,0.5606680512428284
34.014564990997314,0.4393644630908966,0.5606355667114258
34.01735973358154,0.43962737917900085,0.5603726506233215
34.019864559173584,0.4398635923862457,0.5601364374160767
34.03689455986023,0.41222313046455383,0.5877768993377686
34.03876090049744,0.42423972487449646,0.5757603049278259
34.042776107788086,0.42456167936325073,0.5754383206367493
34.0576114654541,0.4258335828781128,0.574166476726532
34.05935788154602,0.42598390579223633,0.5740160942077637
34.061864614486694,0.4261998236179352,0.5738001465797424
34.06476092338562,0.4263184666633606,0.5736815333366394
34.06984114646912,0.4265008270740509,0.5734991431236267
34.07926893234253,0.42683544754981995,0.5731645822525024
34.08735775947571,0.4271182119846344,0.572881817817688
34.0904438495636,0.4272250831127167,0.5727748870849609
34.09409546852112,0.42736488580703735,0.5726351737976074
34.097864866256714,0.42756780982017517,0.5724322199821472
34.10176086425781,0.42777708172798157,0.5722229480743408
34.107675313949585,0.4375911056995392,0.5624089241027832
34.11635780334473,0.388164222240448,0.611835777759552
34.11786484718323,0.38813865184783936,0.6118613481521606
34.12608480453491,0.3879950940608978,0.6120048761367798
34.12976145744324,0.38792863488197327,0.6120713353157043
34.133556842803955,0.38785865902900696,0.6121413707733154
34.138190507888794,0.42544421553611755,0.5745557546615601
34.15170407295227,0.43767884373664856,0.5623211860656738
34.15838980674744,0.4381411671638489,0.5618588328361511
34.15935778617859,0.4382081925868988,0.5617918372154236
34.15976119041443,0.4382360875606537,0.5617639422416687
34.15986514091492,0.4382432997226715,0.5617567300796509
34.16907525062561,0.43903064727783203,0.560969352722168
34.17851185798645,0.4399154484272003,0.5600845813751221
34.1878662109375,0.44079914689064026,0.5592008829116821
34.19035792350769,0.4410356283187866,0.5589644312858582
34.2017617225647,0.4418332278728485,0.5581667423248291
34.21124339103699,0.4211777150630951,0.5788223147392273
34.22286605834961,0.4418119788169861,0.5581880807876587
34.2253577709198,0.4418735206127167,0.5581265091896057
34.22560906410217,0.4418797791004181,0.5581201910972595
34.23876166343689,0.4423972964286804,0.5576027035713196
34.240434646606445,0.47585558891296387,0.5241444110870361
34.252394676208496,0.47752609848976135,0.522473931312561
34.25535440444946,0.4778435230255127,0.5221564769744873
34.25886607170105,0.47822073101997375,0.5217792391777039
34.259761571884155,0.47831717133522034,0.521682858467102
34.26053023338318,0.4783998429775238,0.5216001868247986
34.28420066833496,0.40316715836524963,0.5968328714370728
34.28786659240723,0.3743470311164856,0.6256529688835144
34.28803825378418,0.37433257699012756,0.6256674528121948
34.2893545627594,0.3742217421531677,0.6257782578468323
34.301000118255615,0.45755407214164734,0.5424458980560303
34.3027606010437,0.37812983989715576,0.6218701601028442
34.30559730529785,0.4588257968425751,0.5411742329597473
34.31757664680481,0.3781299293041229,0.6218701004981995
34.31835460662842,0.37804892659187317,0.6219511032104492
34.33076047897339,0.37674370408058167,0.6232563257217407
34.33086705207825,0.37673234939575195,0.623267650604248
34.33612513542175,0.39615127444267273,0.6038487553596497
34.35235238075256,0.39263832569122314,0.6073617339134216
34.358866453170776,0.39210620522499084,0.6078937649726868
34.35935139656067,0.3920663893222809,0.6079336404800415
34.363762617111206,0.39170339703559875,0.6082965731620789
34.36776065826416,0.39137259125709534,0.608627438545227
34.378913164138794,0.442404180765152,0.5575957894325256
34.38428568840027,0.37009480595588684,0.6299052238464355
34.3888680934906,0.36957067251205444,0.6304293274879456
34.39035153388977,0.36940041184425354,0.6305996179580688
34.39203977584839,0.36920633912086487,0.6307936310768127
34.40175914764404,0.3680815100669861,0.6319184899330139
34.40433144569397,0.3863734304904938,0.6136265993118286
34.41400599479675,0.3527895510196686,0.6472104787826538
34.42413806915283,0.351213276386261,0.6487867832183838
34.42535138130188,0.3510235846042633,0.6489763855934143
34.42886805534363,0.3504720628261566,0.6495279669761658
34.42975902557373,0.350332111120224,0.6496679186820984
34.441067934036255,0.3485433757305145,0.6514565944671631
34.44226956367493,0.34834858775138855,0.6516514420509338
34.4513840675354,0.34685781598091125,0.6531421542167664
34.45186805725098,0.34677791595458984,0.6532221436500549
34.455347299575806,0.3462022542953491,0.6537977457046509
34.46875357627869,0.34396591782569885,0.6560341119766235
34.47275900840759,0.3432920575141907,0.6567079424858093
34.47884798049927,0.3422628939151764,0.6577370762825012
34.491347312927246,0.3401317596435547,0.6598682403564453
34.491867542266846,0.34004244208335876,0.6599575877189636
34.49488139152527,0.20412300527095795,0.7958769798278809
34.50086760520935,0.24712693691253662,0.7528730630874634
34.50175929069519,0.25744932889938354,0.7425506711006165
34.51263785362244,0.25664040446281433,0.7433596253395081
34.51453733444214,0.3049285113811493,0.6950715184211731
34.527867555618286,0.27752888202667236,0.7224711179733276
34.52834725379944,0.2774959206581116,0.7225040793418884
34.529221057891846,0.27743592858314514,0.7225641012191772
34.52975940704346,0.2773987948894501,0.7226012349128723
34.5401451587677,0.2766816318035126,0.723318338394165
34.55634617805481,0.27555203437805176,0.7244479656219482
34.55880331993103,0.2753795087337494,0.7246204614639282
34.5603084564209,0.2752736508846283,0.7247263193130493
34.56386756896973,0.27502310276031494,0.7249769568443298
34.57175946235657,0.2744646668434143,0.7255353331565857
34.57290697097778,0.27438315749168396,0.7256168127059937
34.58170485496521,0.27375608682632446,0.7262439131736755
34.58534598350525,0.2734953463077545,0.7265046834945679
34.5922794342041,0.2729967534542084,0.7270032167434692
34.597761392593384,0.27260076999664307,0.7273992300033569
34.5978684425354,0.2725929915904999,0.7274070382118225
34.60175704956055,0.27231088280677795,0.7276890873908997
34.60595965385437,0.2720051407814026,0.7279949188232422
34.61534595489502,0.2713184058666229,0.7286815643310547
34.62074875831604,0.2709207236766815,0.7290793061256409
34.62786865234375,0.27039408683776855,0.7296059727668762
34.62975645065308,0.27025389671325684,0.7297461032867432
34.63617515563965,0.29194268584251404,0.7080573439598083
34.64121079444885,0.28019198775291443,0.7198079824447632
34.64529895782471,0.32674649357795715,0.6732535362243652
34.65634512901306,0.3266330063343048,0.6733670234680176
34.660868406295776,0.32658758759498596,0.6734123826026917
34.671756744384766,0.3264806866645813,0.6735193133354187
34.671826124191284,0.3264799416065216,0.6735200881958008
34.68107986450195,0.32639172673225403,0.6736082434654236
34.68634486198425,0.32634249329566956,0.6736575365066528
34.68798899650574,0.326327383518219,0.673672616481781
34.68886971473694,0.32631921768188477,0.6736807823181152
34.693971157073975,0.326272577047348,0.6737274527549744
34.70475554466248,0.3261566460132599,0.6738433241844177
34.70758390426636,0.34566792845726013,0.6543321013450623
34.71954917907715,0.29694461822509766,0.7030553817749023
34.72034502029419,0.29687678813934326,0.7031232118606567
34.727975606918335,0.2962222397327423,0.7037777900695801
34.73086977005005,0.29597237706184387,0.7040276527404785
34.74075555801392,0.29511192440986633,0.704888105392456
34.74101781845093,0.2950889766216278,0.7049109935760498
34.75004172325134,0.29429396986961365,0.7057060599327087
34.755343198776245,0.2938227653503418,0.7061772346496582
34.758869886398315,0.2935076057910919,0.7064924240112305
34.762075662612915,0.2932198643684387,0.7067801356315613
34.769755363464355,0.292525976896286,0.7074740529060364
34.77695679664612,0.2918694317340851,0.7081305980682373
34.78887104988098,0.29077038168907166,0.7092296481132507
34.790343284606934,0.2906334102153778,0.7093665599822998
34.79075574874878,0.29059508442878723,0.7094049453735352
34.79313635826111,0.34603312611579895,0.6539668440818787
34.799570083618164,0.28156670928001404,0.7184332609176636
34.81934332847595,0.279237300157547,0.7207626700401306
34.82287096977234,0.27881550788879395,0.7211845517158508
34.82649064064026,0.27838072180747986,0.7216193079948425
34.828019857406616,0.36587050557136536,0.634129524230957
34.83275580406189,0.3231993615627289,0.6768006086349487
34.83953499794006,0.32282981276512146,0.6771701574325562
34.846179723739624,0.3224646747112274,0.6775352954864502
34.85368490219116,0.3220485746860504,0.6779513955116272
34.85534119606018,0.3219561278820038,0.6780439019203186
34.85987114906311,0.3217025101184845,0.6782974600791931
34.86075568199158,0.3216527998447418,0.6783471703529358
34.87740755081177,0.32069677114486694,0.6793032288551331
34.88748073577881,0.34255415201187134,0.6574458479881287
34.88787245750427,0.30705299973487854,0.6929470300674438
34.88934111595154,0.3069179058074951,0.6930821537971497
34.90013003349304,0.30591702461242676,0.6940829753875732
34.904141664505005,0.37749969959259033,0.6225003600120544
34.90475606918335,0.33968785405158997,0.6603121757507324
34.91515684127808,0.33923405408859253,0.6607660055160522
34.927340507507324,0.33861544728279114,0.6613845229148865
34.92734146118164,0.33861544728279114,0.6613845825195312
34.92987251281738,0.3384856879711151,0.6615142822265625
34.932756185531616,0.33833739161491394,0.6616626381874084
34.94347357749939,0.35236823558807373,0.6476317644119263
34.9571430683136,0.33159196376800537,0.6684080362319946
34.95987248420715,0.3313882350921631,0.6686117649078369
34.96034049987793,0.3313533067703247,0.6686467528343201
34.961756229400635,0.3312471807003021,0.6687528491020203
34.97079062461853,0.38843202590942383,0.611568033695221
34.97606325149536,0.3766327500343323,0.6233673095703125
34.98207688331604,0.30417367815971375,0.6958263516426086
34.98987054824829,0.3032582998275757,0.6967417001724243
34.9903404712677,0.30320295691490173,0.6967970728874207
34.99307680130005,0.34557536244392395,0.6544246077537537
35.00275182723999,0.332444429397583,0.667555570602417
35.01942849159241,0.331363320350647,0.668636679649353
35.02133655548096,0.33123841881752014,0.6687615513801575
35.02534031867981,0.3309752941131592,0.6690247058868408
35.028870582580566,0.33074238896369934,0.6692575812339783
35.03075194358826,0.33061784505844116,0.6693821549415588
35.0349907875061,0.4014923870563507,0.5985075831413269
35.05533838272095,0.3240385353565216,0.675961434841156
35.06087064743042,0.32361161708831787,0.6763883829116821
35.0667519569397,0.323154479265213,0.6768455505371094
35.085904121398926,0.32156142592430115,0.6784385442733765
35.086440086364746,0.32151398062705994,0.6784860491752625
35.087871074676514,0.32138708233833313,0.6786128878593445
35.09033846855164,0.32116755843162537,0.6788324117660522
35.101752042770386,0.3201436400413513,0.6798563599586487
35.10434317588806,0.3452216684818268,0.6547783017158508
35.117419719696045,0.3167124390602112,0.6832875609397888
35.12599325180054,0.3158179521560669,0.6841821074485779
35.12633848190308,0.31578174233436584,0.6842182278633118
35.130752086639404,0.3153170943260193,0.6846829056739807
35.13287091255188,0.3150932192802429,0.6849067807197571
35.13827204704285,0.3145194351673126,0.6854805946350098
35.14716386795044,0.31357795000076294,0.6864220499992371
35.15533447265625,0.31267794966697693,0.6873220801353455
35.159870862960815,0.3121713697910309,0.6878286004066467
35.161752223968506,0.31196045875549316,0.6880395412445068
35.16808247566223,0.31124696135520935,0.688753068447113
35.16961884498596,0.31107297539711,0.6889270544052124
35.180073976516724,0.3098798394203186,0.6901201605796814
35.18886852264404,0.30890145897865295,0.6910985708236694
35.189183950424194,0.29956668615341187,0.7004333138465881
35.19033455848694,0.29783570766448975,0.7021642923355103
35.20074105262756,0.3152584731578827,0.6847414970397949
35.20375156402588,0.3596959412097931,0.6403040885925293
35.21012806892395,0.35977450013160706,0.6402255296707153
35.2228684425354,0.3599335253238678,0.6400665044784546
35.224976539611816,0.39281126856803894,0.6071887612342834
35.22633457183838,0.3783237040042877,0.6216763257980347
35.23470759391785,0.3785994350910187,0.6214005351066589
35.23475170135498,0.37860092520713806,0.6213991045951843
35.254088401794434,0.3794395923614502,0.6205604076385498
35.255332946777344,0.3794991970062256,0.6205008029937744
35.25986838340759,0.379717618227005,0.6202823519706726
35.26715421676636,0.3800722062587738,0.6199277639389038
35.27075171470642,0.38024887442588806,0.6197511553764343
35.28750538825989,0.38108623027801514,0.6189137697219849
35.28786849975586,0.3811046779155731,0.6188952922821045
35.29033303260803,0.381229966878891,0.6187700033187866
35.29175066947937,0.38130223751068115,0.6186977624893188
35.306095123291016,0.3820430338382721,0.6179569959640503
35.31596684455872,0.3825695812702179,0.6174303889274597
35.327332973480225,0.38276147842407227,0.6172385215759277
35.332868576049805,0.38285547494888306,0.6171445250511169
35.33475065231323,0.38288742303848267,0.6171125769615173
35.338324546813965,0.3829483091831207,0.6170516610145569
35.34540009498596,0.38306915760040283,0.6169308423995972
35.35303378105164,0.3832814693450928,0.6167185306549072
35.35633206367493,0.3833710253238678,0.6166290044784546
35.36086845397949,0.38356050848960876,0.6164394617080688
35.367886781692505,0.38400256633758545,0.6159974336624146
35.36975026130676,0.38415613770484924,0.6158438920974731
35.385332345962524,0.38610103726387024,0.6138989925384521
35.39039158821106,0.4222918748855591,0.5777081251144409
35.39255475997925,0.40225452184677124,0.5977454781532288
35.396867513656616,0.4380413591861725,0.5619586110115051
35.39974808692932,0.43854543566703796,0.5614545941352844
35.40721368789673,0.43993625044822693,0.5600637197494507
35.415332317352295,0.4416449964046478,0.5583550333976746
35.41635060310364,0.44186100363731384,0.5581389665603638
35.41686725616455,0.44197067618370056,0.558029294013977
35.42781925201416,0.4443182647228241,0.5556817054748535
35.43474793434143,0.4458253085613251,0.5541746616363525
35.43808364868164,0.4465569257736206,0.5534431338310242
35.446099042892456,0.44833093881607056,0.5516690611839294
35.45733046531677,0.45085498690605164,0.5491450428962708
35.45886754989624,0.4512038230895996,0.5487961769104004
35.46105194091797,0.40461084246635437,0.5953891277313232
35.47065329551697,0.3790687918663025,0.6209312081336975
35.4717481136322,0.3791258633136749,0.6208741068840027
35.48375177383423,0.37974250316619873,0.6202574968338013
35.48633050918579,0.37974992394447327,0.6202500462532043
35.48786926269531,0.3797543942928314,0.620245635509491
35.49174737930298,0.3797655403614044,0.620234489440918
35.49304699897766,0.37977135181427,0.62022864818573
35.509132862091064,0.38027212023735046,0.6197279095649719
35.51633048057556,0.3805270195007324,0.6194729804992676
35.52360486984253,0.38078761100769043,0.6192123889923096
35.52986931800842,0.3810146749019623,0.6189853549003601
35.535852909088135,0.38123369216918945,0.6187663078308105
35.53974747657776,0.38140949606895447,0.6185904741287231
35.545329332351685,0.3818536698818207,0.6181463599205017
35.54921865463257,0.39714357256889343,0.602856457233429
35.55786919593811,0.33950427174568176,0.6604957580566406
35.560747385025024,0.3394041657447815,0.6605958342552185
35.56603693962097,0.3392256200313568,0.6607743501663208
35.5661416053772,0.33922210335731506,0.6607779264450073
35.577316999435425,0.4483758509159088,0.5516241788864136
35.589865922927856,0.4265916645526886,0.5734083652496338
35.59032940864563,0.4266146123409271,0.5733854174613953
35.593228578567505,0.42675796151161194,0.5732420682907104
35.60374569892883,0.42727985978126526,0.5727201700210571
35.60441184043884,0.4273129999637604,0.572687029838562
35.62532925605774,0.4282911717891693,0.5717087984085083
35.627538204193115,0.42831623554229736,0.5716837644577026
35.629865884780884,0.42834222316741943,0.5716577768325806
35.6317458152771,0.42836305499076843,0.5716369152069092
35.639222383499146,0.42844414710998535,0.5715559124946594
35.64928913116455,0.4284638464450836,0.571536123752594
35.65532612800598,0.40586891770362854,0.5941311120986938
35.655425786972046,0.4058677852153778,0.5941321849822998
35.65786600112915,0.4058409631252289,0.5941590666770935
35.67274570465088,0.4056681990623474,0.5943318009376526
35.67506217956543,0.4627006947994232,0.5372993350028992
35.68757200241089,0.4563058912754059,0.5436941385269165
35.69032597541809,0.45650729537010193,0.5434926748275757
35.69286584854126,0.45669320225715637,0.543306827545166
35.69716787338257,0.4570089876651764,0.542991042137146
35.703744649887085,0.4574931263923645,0.5425069332122803
35.70438313484192,0.4596042335033417,0.5403957366943359
35.71033525466919,0.4474087059497833,0.5525913238525391
35.72632598876953,0.4477991759777069,0.5522008538246155
35.72786593437195,0.4478362500667572,0.5521637797355652
35.72995448112488,0.5244743227958679,0.47552570700645447
35.73359298706055,0.5152026414871216,0.4847973883152008
35.73374438285828,0.44095173478126526,0.5590482354164124
35.749757289886475,0.4409315884113312,0.5590683817863464
35.75532102584839,0.4409193694591522,0.5590806007385254
35.76074457168579,0.44095417857170105,0.5590458512306213
35.76086735725403,0.4494550824165344,0.5505449175834656
35.76286602020264,0.46193504333496094,0.5380649566650391
35.775874614715576,0.4627245366573334,0.5372754335403442
35.78212380409241,0.46310609579086304,0.536893904209137
35.790449380874634,0.5155367851257324,0.48446324467658997
35.790865659713745,0.45578035712242126,0.5442196726799011
35.79132103919983,0.4557999074459076,0.54420006275177
35.801825284957886,0.4561481177806854,0.543851912021637
35.80274319648743,0.4561762809753418,0.5438237190246582
35.81599307060242,0.4565328359603882,0.5434671640396118
35.81886577606201,0.45660534501075745,0.5433946251869202
35.81932091712952,0.45661672949790955,0.5433833003044128
35.82977867126465,0.45538467168807983,0.5446153879165649
35.830743074417114,0.45222097635269165,0.5477790236473083
35.845847606658936,0.45177409052848816,0.5482259392738342
35.856316804885864,0.45144549012184143,0.548554539680481
35.858126640319824,0.4513871669769287,0.5486128926277161
35.86086559295654,0.4512978792190552,0.5487021207809448
35.8657431602478,0.45113635063171387,0.5488636493682861
35.87275409698486,0.450898140668869,0.5491018891334534
35.88078999519348,0.45076948404312134,0.5492305159568787
35.88986539840698,0.4506453573703766,0.5493546724319458
35.8903169631958,0.45063892006874084,0.5493610501289368
35.89987087249756,0.4507106840610504,0.5492892861366272
35.90174579620361,0.4507494568824768,0.5492505431175232
35.912612199783325,0.45103204250335693,0.5489680171012878
35.91786551475525,0.4511675238609314,0.5488325357437134
35.928317070007324,0.45143428444862366,0.5485657453536987
35.93074584007263,0.4515228271484375,0.5484771728515625
35.93548035621643,0.4519387185573578,0.5480613112449646
35.94770526885986,0.4634205996990204,0.536579430103302
35.94850182533264,0.4505026340484619,0.5494973659515381
35.95630979537964,0.5209099650382996,0.47909000515937805
35.96086525917053,0.521649181842804,0.47835084795951843
35.96674585342407,0.5226930975914001,0.47730687260627747
35.97358822822571,0.523979127407074,0.4760209023952484
35.97872543334961,0.5205429792404175,0.4794570505619049
35.98630976676941,0.5431222319602966,0.456877738237381
35.98886799812317,0.5436580777168274,0.4563418924808502
35.992626667022705,0.5444483160972595,0.4555516541004181
36.001744747161865,0.5463790893554688,0.45362094044685364
36.007514238357544,0.5476108193397522,0.4523891806602478
36.01530981063843,0.5492878556251526,0.4507121741771698
36.01786804199219,0.5498412251472473,0.4501587450504303
36.03440999984741,0.553456723690033,0.44654330611228943
36.03584623336792,0.5537736415863037,0.4462263584136963
36.03974461555481,0.5546363592147827,0.4453636407852173
36.046284198760986,0.5560916066169739,0.4439083933830261
36.05731058120728,0.5585678815841675,0.44143208861351013
36.05886793136597,0.5589200258255005,0.4410800337791443
36.06174445152283,0.5595716834068298,0.44042834639549255
36.06339907646179,0.5599474310874939,0.4400526285171509
36.07818031311035,0.5633323788642883,0.43666765093803406
36.08631038665772,0.5652138590812683,0.4347861707210541
36.08846664428711,0.5656850337982178,0.434315025806427
36.0938720703125,0.5668704509735107,0.43312954902648926
36.09882545471192,0.5679619908332825,0.4320380389690399
36.10374474525452,0.5690509676933289,0.43094906210899353
36.11220574378967,0.5708972215652466,0.4291028082370758
36.11531066894531,0.57155442237854,0.4284455478191376
36.12226176261902,0.5577022433280945,0.4422977864742279
36.12987208366394,0.5802251696586609,0.4197748303413391
36.13174462318421,0.5806651711463928,0.41933485865592957
36.139158964157104,0.582414984703064,0.41758501529693604
36.139800786972046,0.5490002036094666,0.45099982619285583
36.14878606796265,0.6157824397087097,0.38421759009361267
36.15787196159363,0.6185881495475769,0.3814118504524231
36.159305572509766,0.6190329194068909,0.3809671103954315
36.16074466705322,0.619479775428772,0.3805202543735504
36.17266583442688,0.6232030391693115,0.37679702043533325
36.18526768684387,0.6270080804824829,0.3729919493198395
36.18730568885803,0.6275142431259155,0.37248578667640686
36.19287300109863,0.6288443207740784,0.37115567922592163
36.19812917709351,0.4856623113155365,0.5143377184867859
36.20274496078491,0.4712198078632355,0.5287802219390869
36.21022701263428,0.47106584906578064,0.5289341807365417
36.21630573272705,0.47067320346832275,0.5293267965316772
36.22887301445007,0.4699881076812744,0.5300118923187256
36.22910475730896,0.46997591853141785,0.5300241112709045
36.239744901657104,0.4694637060165405,0.5305362939834595
36.24574851989746,0.4694710373878479,0.5305289626121521
36.25423002243042,0.469468891620636,0.5305311679840088
36.25730514526367,0.46946799755096436,0.5305320024490356
36.25787305831909,0.46946778893470764,0.5305322408676147
36.25974488258362,0.46946725249290466,0.530532717704773
36.26650834083557,0.4695097506046295,0.5304902195930481
36.27278351783752,0.4696400761604309,0.5303599834442139
36.28160214424133,0.482597678899765,0.5174023509025574
36.28630518913269,0.407527357339859,0.5924726724624634
36.29187035560608,0.40693098306655884,0.5930690169334412
36.29630088806152,0.4064534604549408,0.5935465097427368
36.30274438858032,0.40575477480888367,0.594245195388794
36.30515193939209,0.4054924547672272,0.5945075750350952
36.31110143661499,0.46694016456604004,0.5330598950386047
36.31630516052246,0.43620434403419495,0.5637956857681274
36.31987023353577,0.43582430481910706,0.5641756653785706
36.32348418235779,0.43559810519218445,0.5644018650054932
36.32919335365296,0.4352799355983734,0.5647200345993042
36.33174467086792,0.4351373612880707,0.5648626685142517
36.33996844291687,0.4346763789653778,0.5653236508369446
36.34910106658936,0.4341835081577301,0.5658165216445923
36.35930585861206,0.4337240755558014,0.566275954246521
36.35974454879761,0.43370428681373596,0.5662957429885864
36.36287021636963,0.43356335163116455,0.5664367079734802
36.37194347381592,0.46436014771461487,0.5356398820877075
36.3883056640625,0.4126543402671814,0.5873457193374634
36.38940405845642,0.41254472732543945,0.5874552726745605
36.38987135887146,0.41249802708625793,0.5875019431114197
36.39426898956299,0.46754422783851624,0.5324557423591614
36.40174317359924,0.43070080876350403,0.5692991614341736
36.405173778533936,0.43046003580093384,0.5695399641990662
36.41360640525818,0.42986562848091125,0.5701344013214111
36.41630554199219,0.4296746253967285,0.5703253746032715
36.41887140274048,0.4294928014278412,0.5705072283744812
36.421966552734375,0.45420217514038086,0.5457978248596191
36.42974328994751,0.40265020728111267,0.5973498225212097
36.44611048698425,0.400581955909729,0.599418044090271
36.45322036743164,0.4751642644405365,0.5248357653617859
36.459303855896,0.39327701926231384,0.6067230105400085
36.46187138557434,0.3929224908351898,0.6070775389671326
36.46322679519653,0.4719112515449524,0.5280888080596924
36.46474313735962,0.38825201988220215,0.6117479801177979
36.47872233390808,0.38622674345970154,0.6137732267379761
36.48730373382568,0.3849693238735199,0.6150306463241577
36.490872859954834,0.3844434320926666,0.6155565977096558
36.4919056892395,0.4309488534927368,0.5690511465072632
36.49962019920349,0.4230727553367615,0.5769273042678833
36.50174188613892,0.42289066314697266,0.5771093368530273
36.5163037776947,0.4216333031654358,0.5783666968345642
36.51787304878235,0.4215013086795807,0.5784986615180969
36.51850724220276,0.42144790291786194,0.5785521268844604
36.53059244155884,0.48374509811401367,0.5162549018859863
36.530741930007935,0.3980806767940521,0.6019193530082703
36.55453586578369,0.39519092440605164,0.6048091053962708
36.55930018424988,0.39460495114326477,0.6053950190544128
36.55985116958618,0.3945370018482208,0.6054630279541016
36.55987286567688,0.3945343494415283,0.6054656505584717
36.57059144973755,0.42990460991859436,0.570095419883728
36.571741819381714,0.37713029980659485,0.6228697299957275
36.579789876937866,0.3759216368198395,0.6240783333778381
36.58630013465881,0.37493765354156494,0.6250623464584351
36.58787178993225,0.3746994137763977,0.6253005862236023
36.58889579772949,0.3745439648628235,0.6254560351371765
36.60174298286438,0.3724275529384613,0.6275724768638611
36.60552310943604,0.3717699348926544,0.628230094909668
36.60907888412476,0.37114933133125305,0.6288506388664246
36.61630034446716,0.36988285183906555,0.6301171183586121
36.62137627601624,0.3689877688884735,0.6310122013092041
36.62287187576294,0.3687233030796051,0.6312767267227173
36.63174295425415,0.36714744567871094,0.6328526139259338
36.63483214378357,0.3665958642959595,0.6334041357040405
36.64766526222229,0.36428871750831604,0.6357113122940063
36.659297704696655,0.36217570304870605,0.637824296951294
36.65987181663513,0.36207085847854614,0.6379291415214539
36.66462850570679,0.3357781767845154,0.6642218828201294
36.6670708656311,0.3169758915901184,0.6830241084098816
36.67274284362793,0.3637906312942505,0.6362093687057495
36.68729758262634,0.36266496777534485,0.6373350024223328
36.68787574768066,0.3626202344894409,0.6373797655105591
36.692564964294434,0.40264084935188293,0.5973591804504395
36.69605422019959,0.36444342136383057,0.6355565786361694
36.70173978805542,0.3640488386154175,0.6359511613845825
36.705037355422974,0.3638264536857605,0.6361735463142395
36.71529769897461,0.36313995718955994,0.6368600130081177
36.72252178192139,0.36265745759010315,0.6373425126075745
36.730875730514526,0.3621003031730652,0.6378996968269348
36.73573994636536,0.3617762327194214,0.6382237672805786
36.74593448638916,0.36112454533576965,0.638875424861908
36.75342679023743,0.3607148230075836,0.639285147190094
36.75629639625549,0.3605583608150482,0.6394416689872742
36.75787568092346,0.36047235131263733,0.6395276188850403
36.76659512519837,0.3599994480609894,0.640000581741333
36.77273988723755,0.35963836312294006,0.6403616070747375
36.779287576675415,0.35924431681632996,0.6407556533813477
36.78529644012451,0.3588838279247284,0.6411161422729492
36.7918758392334,0.35849007964134216,0.6415099501609802
36.79514455795288,0.3582950234413147,0.6417050361633301
36.79772996902466,0.35814088582992554,0.6418591141700745
36.80073857307434,0.3579616844654083,0.6420382857322693
36.812562227249146,0.35726025700569153,0.6427397727966309
36.81429648399353,0.35715773701667786,0.6428422927856445
36.82110834121704,0.35675564408302307,0.6432443261146545
36.82787585258484,0.3562884032726288,0.6437116265296936
36.83773851394653,0.35538843274116516,0.6446115970611572
36.8411226272583,0.38036805391311646,0.6196319460868835
36.85529541969299,0.41848698258399963,0.5815130472183228
36.85987591743469,0.41856861114501953,0.5814313888549805
36.86141467094421,0.38700923323631287,0.6129907965660095
36.86777186393738,0.4320432245731354,0.567956805229187
36.87073850631714,0.43218809366226196,0.567811906337738
36.88429546356201,0.4332655370235443,0.5667344927787781
36.886879205703735,0.43353548645973206,0.5664645433425903
36.89310789108277,0.43419331312179565,0.5658067464828491
36.89973783493042,0.43489769101142883,0.5651023387908936
36.906489849090576,0.4355928301811218,0.5644071698188782
36.922602891922,0.4373569190502167,0.5626430511474609
36.927295446395874,0.4380043148994446,0.5619957447052002
36.928879261016846,0.4382242262363434,0.5617757439613342
36.93473792076111,0.4390448331832886,0.5609551668167114
36.93858003616333,0.43958887457847595,0.5604110956192017
36.94041609764099,0.44041141867637634,0.559588611125946
36.954604148864746,0.41484758257865906,0.5851524472236633
36.955294370651245,0.4148659110069275,0.5851340889930725
36.95787930488586,0.41493508219718933,0.5850648880004883
36.96140742301941,0.41503024101257324,0.5849697589874268
36.96973776817322,0.41525810956954956,0.5847418904304504
36.9763879776001,0.4155169427394867,0.5844830870628357
36.985294342041016,0.41600266098976135,0.583997368812561
36.98555755615234,0.4160171151161194,0.5839829444885254
36.98887801170349,0.41620072722435,0.5837992429733276
36.996742963790894,0.4166407883167267,0.5833592414855957
37.00270485877991,0.4169794023036957,0.5830205678939819
37.00573801994324,0.41715335845947266,0.5828466415405273
37.01158547401428,0.47729095816612244,0.5227090120315552
37.02167510986328,0.3925064504146576,0.60749351978302
37.02529406547546,0.3921070098876953,0.6078929901123047
37.02887797355652,0.39169034361839294,0.6083096861839294
37.033738136291504,0.39114564657211304,0.608854353427887
37.03617525100708,0.5278216004371643,0.4721784293651581
37.03648972511292,0.5042726397514343,0.4957273304462433
37.04882287979126,0.505260169506073,0.4947398602962494
37.05610013008118,0.5058475136756897,0.4941525459289551
37.05629324913025,0.5058631896972656,0.49413684010505676
37.056877851486206,0.5059105157852173,0.4940895140171051
37.06562232971192,0.5066214203834534,0.49337857961654663
37.07173800468445,0.5071215033531189,0.4928785264492035
37.07680654525757,0.5075379014015198,0.4924621284008026
37.08529353141785,0.5081539154052734,0.4918460547924042
37.08973407745361,0.5084758996963501,0.4915241003036499
37.09049105644226,0.5129455327987671,0.4870544373989105
37.091877460479736,0.48561522364616394,0.5143848061561584
37.09849214553833,0.4855474531650543,0.5144525766372681
37.116865158081055,0.5166305303573608,0.48336946964263916
37.12542223930359,0.5012344717979431,0.49876558780670166
37.126877307891846,0.5013051629066467,0.49869489669799805
37.12929368019104,0.5014225840568542,0.4985774755477905
37.13173389434815,0.501541256904602,0.49845877289772034
37.13697266578674,0.5017967224121094,0.4982032775878906
37.15132284164429,0.5023273229598999,0.4976726472377777
37.15583372116089,0.4722011983394623,0.5277988314628601
37.15628933906555,0.4537971317768097,0.5462028980255127
37.15973401069641,0.45371052622795105,0.5462895035743713
37.16287684440613,0.45363131165504456,0.5463686585426331
37.16845798492432,0.5090197324752808,0.4909802973270416
37.17509317398071,0.4989789128303528,0.5010210871696472
37.18528914451599,0.41045624017715454,0.5895438194274902
37.19087624549866,0.4098350703716278,0.5901649594306946
37.191956758499146,0.4445476830005646,0.555452287197113
37.19268345832825,0.45562440156936646,0.5443755984306335
37.20022940635681,0.45509833097457886,0.5449016690254211
37.20273399353027,0.45492228865623474,0.5450777411460876
37.21087980270386,0.4543617069721222,0.5456382632255554
37.21428918838501,0.4541473984718323,0.5458526015281677
37.21871066093445,0.5383663773536682,0.4616336226463318
37.22787618637085,0.4440385401248932,0.5559614896774292
37.22982406616211,0.44386419653892517,0.5561358332633972
37.236980676651,0.4432195723056793,0.5567803978919983
37.23973393440247,0.44296956062316895,0.557030439376831
37.24714112281799,0.468824565410614,0.531175434589386
37.25628614425659,0.4367399513721466,0.5632600784301758
37.25837206840515,0.43649905920028687,0.5635009407997131
37.25973391532898,0.43634170293807983,0.5636582970619202
37.260876178741455,0.4362092614173889,0.5637907981872559
37.27186703681946,0.43492522835731506,0.5650748014450073
37.28528618812561,0.4334026575088501,0.5665974020957947
37.28543567657471,0.43338584899902344,0.5666141510009766
37.286972761154175,0.4332132339477539,0.5667868256568909
37.29187607765198,0.43266046047210693,0.5673395991325378
37.300731897354126,0.43171802163124084,0.5682820081710815
37.30805659294128,0.430946946144104,0.569053053855896
37.31542420387268,0.4304043650627136,0.5695956349372864
37.32504677772522,0.42969146370887756,0.5703085660934448
37.326876163482666,0.4295552670955658,0.5704447031021118
37.32828617095947,0.42945027351379395,0.570549726486206
37.32873201370239,0.42941707372665405,0.570582926273346
37.34586954116821,0.39292749762535095,0.6070724725723267
37.355284452438354,0.44620054960250854,0.5537995100021362
37.3567373752594,0.4042190909385681,0.5957809090614319
37.36187624931336,0.46821433305740356,0.5317857265472412
37.36730480194092,0.46801990270614624,0.5319800972938538
37.36853647232056,0.4640521705150604,0.535947859287262
37.37073183059693,0.4769579768180847,0.5230420231819153
37.383665323257446,0.47662606835365295,0.5233739614486694
37.385284662246704,0.4765823185443878,0.5234176516532898
37.39087414741516,0.47643163800239563,0.523568332195282
37.39213252067566,0.476397842168808,0.5236021876335144
37.401731967926025,0.47614026069641113,0.5238597393035889
37.41017699241638,0.475914865732193,0.5240851044654846
37.41420412063599,0.47580763697624207,0.5241923928260803
37.42628455162048,0.4754801094532013,0.5245198607444763
37.427491903305054,0.4754467308521271,0.5245532393455505
37.42787408828735,0.4754362106323242,0.5245637893676758
37.42973184585571,0.47538474202156067,0.5246152877807617
37.44545292854309,0.4753724932670593,0.5246275067329407
37.45628237724304,0.4758157730102539,0.5241842865943909
37.45713376998901,0.4758513867855072,0.5241485834121704
37.460731983184814,0.4760029911994934,0.5239970088005066
37.46187400817871,0.47605153918266296,0.5239484310150146
37.47893238067627,0.4765426814556122,0.5234572887420654
37.49028205871582,0.4768574833869934,0.5231425166130066
37.491759300231934,0.4768995940685272,0.5231003761291504
37.49187541007996,0.47690287232398987,0.5230971574783325
37.5027289390564,0.47725245356559753,0.5227475762367249
37.50416421890259,0.47730204463005066,0.522697925567627
37.50971555709839,0.4424758851528168,0.5575240850448608
37.52628231048584,0.49957770109176636,0.5004222989082336
37.52687525749207,0.4996003806591034,0.500399649143219
37.52728152275085,0.49961599707603455,0.5003840327262878
37.53172874450684,0.4997881054878235,0.5002119541168213
37.5335705280304,0.454572856426239,0.5454272031784058
37.535460233688354,0.5138258934020996,0.4861741364002228
37.545323848724365,0.5142566561698914,0.48574337363243103
37.55619621276856,0.5148255228996277,0.4851744771003723
37.556875467300415,0.5148606300354004,0.4851393699645996
37.560728788375854,0.5150608420372009,0.4849391579627991
37.56128072738648,0.5150896906852722,0.48491033911705017
37.56464099884033,0.5152656435966492,0.48473432660102844
37.57268977165222,0.4913053810596466,0.5086946487426758
37.58252787590027,0.49441784620285034,0.5055822134017944
37.58928084373474,0.49468693137168884,0.5053130388259888
37.59187340736389,0.4947830140590668,0.5052169561386108
37.5989363193512,0.4949488043785095,0.5050512552261353
37.60372972488403,0.4950632154941559,0.5049368143081665
37.6172571182251,0.4953944981098175,0.5046055316925049
37.62528085708618,0.49565553665161133,0.5043444633483887
37.62787342071533,0.4957638680934906,0.5042361617088318
37.63172960281372,0.4959261119365692,0.5040739178657532
37.64402151107788,0.49645665287971497,0.5035433769226074
37.65548396110535,0.49636194109916687,0.5036380887031555
37.65687346458435,0.49634578824043274,0.5036542415618896
37.65699505805969,0.49634435772895813,0.5036556720733643
37.66027736663818,0.49630603194236755,0.5036939978599548
37.66072964668274,0.49630066752433777,0.5036993622779846
37.67329096794128,0.5480859875679016,0.45191407203674316
37.68281245231629,0.4609661400318146,0.5390338897705078
37.68827724456787,0.46057191491127014,0.5394281148910522
37.69187307357788,0.4603114426136017,0.5396885871887207
37.69826865196228,0.45984601974487305,0.540153980255127
37.70172786712647,0.45957958698272705,0.540420413017273
37.70304846763611,0.552177369594574,0.447822630405426
37.71980023384094,0.5272219181060791,0.4727780818939209
37.7223379611969,0.5273414254188538,0.47265857458114624
37.72427725791931,0.527432918548584,0.47256705164909363
37.72787284851074,0.5276030898094177,0.47239696979522705
37.73124861717224,0.5277631878852844,0.4722368121147156
37.73572754859924,0.5279765129089355,0.47202345728874207
37.746007442474365,0.528636634349823,0.4713633954524994
37.75109601020813,0.5185176730155945,0.48148229718208313
37.75687289237976,0.5445266962051392,0.45547327399253845
37.76127600669861,0.5445998907089233,0.45540016889572144
37.763166189193726,0.5446319580078125,0.4553680717945099
37.772727251052856,0.5447936058044434,0.45520642399787903
37.78393912315369,0.584976315498352,0.41502365469932556
37.78727602958679,0.5503330826759338,0.44966694712638855
37.791871786117554,0.5505816340446472,0.44941839575767517
37.79627823829651,0.5508213043212891,0.44917866587638855
37.8007287979126,0.5510648488998413,0.4489351212978363
37.810356855392456,0.5515546798706055,0.4484453499317169
37.815951108932495,0.5023574829101562,0.49764251708984375
37.81627583503723,0.5449549555778503,0.45504501461982727
37.82987189292908,0.5444978475570679,0.45550215244293213
37.83072876930237,0.5444686412811279,0.45553135871887207
37.83332085609436,0.5443804860115051,0.4556194841861725
37.83791947364807,0.5613988041877747,0.43860122561454773
37.847249269485474,0.5470203757286072,0.4529796540737152
37.85727262496948,0.4774787425994873,0.5225213170051575
37.85752892494202,0.47743913531303406,0.5225608348846436
37.858871936798096,0.4772244393825531,0.5227755904197693
37.86472892761231,0.47628292441368103,0.5237171053886414
37.87271595001221,0.5188781023025513,0.48112189769744873
37.88527250289917,0.53095942735672,0.4690406024456024
37.887871742248535,0.5308799147605896,0.469120055437088
37.90172600746155,0.5304539203643799,0.4695460796356201
37.90364146232605,0.5303946733474731,0.46960532665252686
37.90581560134888,0.530327320098877,0.46967270970344543
37.91836261749268,0.5728724002838135,0.4271276295185089
37.92265701293945,0.5203410983085632,0.47965890169143677
37.92872595787048,0.5199372172355652,0.4800628125667572
37.928871870040894,0.5199275612831116,0.4800724685192108
37.92927265167236,0.5199007391929626,0.48009929060935974
37.93777823448181,0.5193284749984741,0.4806714951992035
37.953686237335205,0.48796236515045166,0.5120376348495483
37.955270528793335,0.5100122094154358,0.489987850189209
37.95787191390991,0.5097780823707581,0.49022188782691956
37.965726137161255,0.5090658664703369,0.4909341037273407
37.97619199752808,0.5081048607826233,0.4918951690196991
37.98527050018311,0.5072599649429321,0.49274006485939026
37.98573875427246,0.5072159767150879,0.4927840530872345
37.98886942863464,0.5069221258163452,0.49307793378829956
37.99744892120361,0.5060588717460632,0.49394118785858154
37.99872589111328,0.5059235692024231,0.4940764009952545
38.00815439224243,0.5049176216125488,0.49508240818977356
38.019782066345215,0.5036584734916687,0.4963414967060089
38.02286958694458,0.5033207535743713,0.49667930603027344
38.02527046203613,0.503057062625885,0.49694299697875977
38.03185820579529,0.5023290514945984,0.497670978307724
38.03372573852539,0.5021215081214905,0.4978785216808319
38.03974008560181,0.5014493465423584,0.498550683259964
38.05627131462097,0.49957340955734253,0.5004266500473022
38.05786943435669,0.4993898272514343,0.5006101727485657
38.05851531028748,0.4993155598640442,0.5006844997406006
38.069738149642944,0.4883675277233124,0.51163250207901
38.071725845336914,0.516250729560852,0.48374924063682556
38.07315325737,0.47790634632110596,0.522093653678894
38.08614754676819,0.5446329712867737,0.4553670287132263
38.08972644805908,0.5446388721466064,0.45536112785339355
38.09027147293091,0.5446398854255676,0.45536014437675476
38.09178805351257,0.5525412559509277,0.4474587142467499
38.09286975860596,0.5617625713348389,0.4382374584674835
38.10495734214783,0.5620933175086975,0.4379067122936249
38.116427421569824,0.5624195337295532,0.4375804364681244
38.12527132034302,0.5626792907714844,0.4373207092285156
38.126734018325806,0.5627229809761047,0.4372769892215729
38.127869844436646,0.5627570748329163,0.43724289536476135
38.13172650337219,0.5628735423088074,0.43712642788887024
38.13206386566162,0.5628837943077087,0.43711617588996887
38.14079928398132,0.563153088092804,0.43684694170951843
38.15071177482605,0.5634669661521912,0.43653300404548645
38.15426993370056,0.5635820031166077,0.43641796708106995
38.15972661972046,0.5637664794921875,0.4362335801124573
38.16286969184876,0.5638743042945862,0.4361257255077362
38.16577935218811,0.5639748573303223,0.43602514266967773
38.17249917984009,0.5642103552818298,0.43578967452049255
38.1838972568512,0.5645872950553894,0.4354127049446106
38.18927001953125,0.564695417881012,0.43530458211898804
38.19086718559265,0.5647279024124146,0.4352721571922302
38.19331789016724,0.5647779703140259,0.4352220296859741
38.201725244522095,0.5649527907371521,0.4350472390651703
38.204652547836304,0.5586444139480591,0.44135555624961853
38.21362662315369,0.5300042629241943,0.46999573707580566
38.22427010536194,0.6030280590057373,0.3969719707965851
38.22786712646485,0.6034089922904968,0.3965909779071808
38.23072552680969,0.6037135124206543,0.3962864875793457
38.23236060142517,0.6038882732391357,0.39611169695854187
38.23826217651367,0.6045231819152832,0.3954768478870392
38.24793601036072,0.6055777072906494,0.3944222927093506
38.24886727333069,0.6056800484657288,0.39431992173194885
38.25726771354675,0.606617271900177,0.3933827579021454
38.2687258720398,0.6079196333885193,0.3920803666114807
38.26887035369873,0.6079361438751221,0.3920639157295227
38.2840838432312,0.5296574831008911,0.4703424870967865
38.28426766395569,0.5491039156913757,0.45089611411094666
38.29086685180664,0.5491307377815247,0.45086926221847534
38.29172444343567,0.5491344332695007,0.45086559653282166
38.304107427597046,0.549187421798706,0.45081257820129395
38.32252383232117,0.5492722392082214,0.45072776079177856
38.32686686515808,0.5492927432060242,0.4507072865962982
38.329267740249634,0.5492963194847107,0.4507037103176117
38.33594489097595,0.5493068099021912,0.45069316029548645
38.33972477912903,0.5492616295814514,0.4507383406162262
38.35626792907715,0.5489818453788757,0.45101815462112427
38.35931968688965,0.5489295125007629,0.4510704576969147
38.35972476005554,0.548922598361969,0.4510774314403534
38.36186695098877,0.5488856434822083,0.45111435651779175
38.368980884552,0.548762321472168,0.45123767852783203
38.38172554969788,0.548538327217102,0.45146170258522034
38.38526797294617,0.5484752655029297,0.4515247344970703
38.38987064361572,0.5483929514884949,0.4516070485115051
38.39049291610718,0.5348672866821289,0.46513277292251587
38.40272355079651,0.516724169254303,0.4832758605480194
38.40665674209595,0.5166093111038208,0.4833907186985016
38.41426801681519,0.5163858532905579,0.48361414670944214
38.41544222831726,0.5163513422012329,0.4836486876010895
38.41787052154541,0.5162798762321472,0.4837201237678528
38.41996216773987,0.5680550932884216,0.43194493651390076
38.4259181022644,0.5334179401397705,0.4665820896625519
38.42972326278687,0.5332555770874023,0.46674442291259766
38.43659806251526,0.5329609513282776,0.4670390784740448
38.4469165802002,0.5329792499542236,0.46702080965042114
38.45726037025452,0.5330901145935059,0.46690991520881653
38.46087050437927,0.5331307053565979,0.4668692946434021
38.46472358703613,0.533174991607666,0.46682503819465637
38.467869997024536,0.533211886882782,0.46678808331489563
38.47529339790344,0.4770153760910034,0.5229846835136414
38.48426032066345,0.5040950179100037,0.4959050118923187
38.48455238342285,0.5040748119354248,0.4959251880645752
38.48887133598328,0.5037881135940552,0.4962118864059448
38.49390125274658,0.5654258131980896,0.4345741868019104
38.5007209777832,0.5184153318405151,0.48158469796180725
38.503196477890015,0.5183865427970886,0.481613427400589
38.51504278182984,0.5181503295898438,0.48184970021247864
38.517871379852295,0.5180463790893555,0.48195362091064453
38.525381326675415,0.4541533291339874,0.5458466410636902
38.5292603969574,0.4797089099884033,0.5202910900115967
38.52972102165222,0.4796536862850189,0.5203463435173035
38.53327465057373,0.47922685742378235,0.52077317237854
38.54359412193298,0.5158485770225525,0.4841514527797699
38.549423933029175,0.5061241984367371,0.4938758313655853
38.556259870529175,0.4315265715122223,0.5684733986854553
38.55887126922608,0.43101826310157776,0.5689817667007446
38.56110119819641,0.43058326840400696,0.5694167017936707
38.5696165561676,0.4912651479244232,0.5087348222732544
38.57272100448608,0.5033434629440308,0.49665653705596924
38.585259675979614,0.5026272535324097,0.4973727762699127
38.58617520332336,0.5025747418403625,0.49742528796195984
38.58687210083008,0.5025345683097839,0.49746546149253845
38.59040093421936,0.5023312568664551,0.4976687729358673
38.59971904754639,0.5017911791801453,0.4982088506221771
38.61302900314331,0.5331916213035583,0.46680834889411926
38.61425971984863,0.49224424362182617,0.5077558159828186
38.6239869594574,0.49144601821899414,0.5085539817810059
38.62887215614319,0.4910413920879364,0.508958637714386
38.62971878051758,0.49097105860710144,0.509028971195221
38.632956981658936,0.4907011389732361,0.5092988610267639
38.65413165092468,0.4661291241645813,0.5338709354400635
38.65625715255737,0.47538623213768005,0.5246137976646423
38.65687203407288,0.4753234088420868,0.5246766209602356
38.66471886634827,0.47451844811439514,0.5254815220832825
38.68169569969177,0.47274869680404663,0.5272513628005981
38.68425726890564,0.4724782705307007,0.5275217294692993
38.69405245780945,0.4714362919330597,0.5285637378692627
38.69887185096741,0.4709189236164093,0.5290811061859131
38.70071339607239,0.47072046995162964,0.5292795896530151
38.70852732658386,0.4698728919029236,0.5301271080970764
38.70866966247559,0.46985748410224915,0.5301425457000732
38.71921491622925,0.46898353099823,0.5310165286064148
38.727871894836426,0.4681905210018158,0.5318094491958618
38.72925734519959,0.4680608808994293,0.5319390892982483
38.72934365272522,0.4680528938770294,0.531947135925293
38.7357132434845,0.4674544036388397,0.5325455665588379
38.74574398994446,0.46650397777557373,0.5334960222244263
38.75625371932984,0.4654974341392517,0.5345026254653931
38.75687193870544,0.4654378890991211,0.5345621705055237
38.76096224784851,0.488882452249527,0.5111175179481506
38.76852798461914,0.42924579977989197,0.5707542300224304
38.769713401794434,0.5018877387046814,0.498112291097641
38.777822971344,0.5018673539161682,0.4981326758861542
38.78525376319885,0.5019271373748779,0.49807286262512207
38.78687381744385,0.5019405484199524,0.49805948138237
38.790783166885376,0.5276159048080444,0.47238409519195557
38.803064584732056,0.5579145550727844,0.4420854151248932
38.805715560913086,0.5582236051559448,0.44177642464637756
38.82464194297791,0.5604648590087891,0.43953511118888855
38.82725358009338,0.5607792139053345,0.43922075629234314
38.82887387275696,0.5609748959541321,0.43902507424354553
38.83271551132202,0.5614405870437622,0.4385594129562378
38.8358371257782,0.561833918094635,0.4381661117076874
38.85317039489746,0.5641735792160034,0.43582645058631897
38.85624957084656,0.5645955801010132,0.4354044497013092
38.85887384414673,0.5649567246437073,0.4350432753562927
38.87071585655213,0.5666041374206543,0.4333959221839905
38.87182116508484,0.5667594075202942,0.4332406222820282
38.88601016998291,0.5687742233276367,0.43122580647468567
38.88687038421631,0.5688976645469666,0.43110233545303345
38.890249252319336,0.5693840980529785,0.4306159019470215
38.89510917663574,0.5700879693031311,0.4299120604991913
38.89708614349365,0.5703756809234619,0.4296243190765381
38.90271520614624,0.5711972713470459,0.4288027286529541
38.90864706039429,0.57206791639328,0.42793208360671997
38.92272663116455,0.574280858039856,0.42571911215782166
38.9252495765686,0.5746870040893555,0.4253130257129669
38.92987036705017,0.5751990079879761,0.4248009920120239
38.93107891082764,0.4958595633506775,0.5041404962539673
38.934715270996094,0.5700410008430481,0.4299590587615967
38.94530725479126,0.506403386592865,0.4935966432094574
38.95296239852905,0.5853853225708008,0.4146146774291992
38.95687031745911,0.5859328508377075,0.41406717896461487
38.96124649047852,0.5865486264228821,0.4134513735771179
38.96415305137634,0.5869594216346741,0.4130405783653259
38.96971535682678,0.5877493023872375,0.4122507572174072
38.9818229675293,0.5894928574562073,0.4105071723461151
38.98787045478821,0.5904110670089722,0.4095889627933502
38.98824644088745,0.5904682874679565,0.40953171253204346
38.99788093566895,0.5919444561004639,0.40805554389953613
38.99971604347229,0.5922273993492126,0.40777260065078735
39.00033259391785,0.5923227071762085,0.4076773226261139
39.008381843566895,0.5153290033340454,0.4846709668636322
39.01624655723572,0.5124199986457825,0.48758000135421753
39.02640295028687,0.5125617980957031,0.48743826150894165
39.02687048912048,0.5125683546066284,0.48743167519569397
39.03471636772156,0.5126780867576599,0.4873219430446625
39.04179286956787,0.5127772688865662,0.48722270131111145
39.0513927936554,0.5130393505096436,0.48696061968803406
39.05824637413025,0.5132483839988708,0.48675161600112915
39.06187057495117,0.5133596658706665,0.4866403639316559
39.06413459777832,0.5134294033050537,0.4865706264972687
39.07171630859375,0.5136699676513672,0.4863300323486328
39.07348585128784,0.5137273669242859,0.4862726330757141
39.081907510757446,0.5140023231506348,0.48599773645401
39.08624649047852,0.5141451358795166,0.4858548939228058
39.09787130355835,0.514531672000885,0.4854683578014374
39.09876990318298,0.5377951264381409,0.4622049033641815
39.09971618652344,0.4951833486557007,0.5048167109489441
39.11301159858704,0.494747132062912,0.5052528977394104
39.11787128448486,0.49451813101768494,0.5054818987846375
39.12244939804077,0.4943040907382965,0.5056959390640259
39.12924647331238,0.4940919578075409,0.5059080719947815
39.13248014450073,0.540327787399292,0.4596721827983856
39.13571619987488,0.5170427560806274,0.48295724391937256
39.138872385025024,0.5171588063240051,0.4828411936759949
39.14474844932556,0.5173765420913696,0.48262348771095276
39.156245470047,0.5178082585334778,0.4821917712688446
39.15987133979797,0.5179461240768433,0.4820539057254791
39.16128373146057,0.5179999470710754,0.48200011253356934
39.169716358184814,0.518324077129364,0.4816758930683136
39.18032145500183,0.5187278389930725,0.4812721610069275
39.185245513916016,0.5189048647880554,0.48109516501426697
39.18887090682984,0.5190359354019165,0.48096412420272827
39.19231843948364,0.48248228430747986,0.5175177454948425
39.19917035102844,0.48520949482917786,0.5147905349731445
39.19971466064453,0.48517581820487976,0.5148241519927979
39.22174644470215,0.5320616364479065,0.4679383635520935
39.227245569229126,0.4919120967388153,0.5080878734588623
39.22987079620361,0.4918055534362793,0.5081945061683655
39.235533714294434,0.4915745258331299,0.5084254741668701
39.24071455001831,0.4913618862628937,0.5086380839347839
39.25225234031677,0.4910273849964142,0.5089726448059082
39.2545018196106,0.44819241762161255,0.5518075823783875
39.256245374679565,0.4594157636165619,0.5405842661857605
39.25987076759338,0.4590565264225006,0.540943443775177
39.26071453094482,0.458972692489624,0.541027307510376
39.27695059776306,0.4577908217906952,0.5422092080116272
39.28087878227234,0.5178737640380859,0.48212626576423645
39.28623557090759,0.4466218054294586,0.5533782243728638
39.28687047958374,0.4465756118297577,0.5534244179725647
39.29843544960022,0.44581326842308044,0.5541867017745972
39.30371451377869,0.4454420804977417,0.5545579195022583
39.30462956428528,0.5098170638084412,0.4901829659938812
39.30982780456543,0.48343148827552795,0.5165684819221497
39.32887053489685,0.4719734489917755,0.5280265808105469
39.329235553741455,0.47195565700531006,0.5280444025993347
39.33227276802063,0.4718076288700104,0.528192400932312
39.33971452713013,0.4714418649673462,0.5285581350326538
39.342692136764526,0.47129425406455994,0.5287057757377625
39.35279560089111,0.4869593381881714,0.5130406618118286
39.35723376274109,0.4510628283023834,0.548937201499939
39.35887050628662,0.4509121775627136,0.5490878224372864
39.36846685409546,0.45001575350761414,0.5499842166900635
39.36881232261658,0.44998201727867126,0.5500180125236511
39.3697144985199,0.44989386200904846,0.5501061081886292
39.379356145858765,0.4342542588710785,0.5657457113265991
39.38623356819153,0.4398514926433563,0.5601484775543213
39.38787007331848,0.43966397643089294,0.5603359937667847
39.39223265647888,0.43916192650794983,0.5608381032943726
39.40471267700195,0.4377068877220154,0.5622931122779846
39.40668940544128,0.43751490116119385,0.5624850988388062
39.41877627372742,0.43672746419906616,0.5632725954055786
39.42123365402222,0.4365658462047577,0.5634341239929199
39.42306971549988,0.4364449381828308,0.563555121421814
39.42787003517151,0.43613240122795105,0.5638675689697266
39.43171238899231,0.435843825340271,0.564156174659729
39.43796372413635,0.43537160754203796,0.5646284222602844
39.451910972595215,0.43430519104003906,0.5656948089599609
39.45623159408569,0.4339713752269745,0.5660286545753479
39.45687007904053,0.433921754360199,0.566078245639801
39.459712505340576,0.4337009787559509,0.5662990212440491
39.45999479293823,0.4336790144443512,0.5663209557533264
39.47419834136963,0.4060359001159668,0.593964159488678
39.475717067718506,0.3103012144565582,0.6896987557411194
39.48523187637329,0.3619231879711151,0.6380768418312073
39.49987006187439,0.3618191182613373,0.6381808519363403
39.503708600997925,0.3618154227733612,0.6381845474243164
39.5087034702301,0.42330604791641235,0.5766940116882324
39.5202317237854,0.3715059459209442,0.6284940838813782
39.526870250701904,0.37208229303359985,0.6279177665710449
39.52884387969971,0.3722580075263977,0.6277419924736023
39.53170871734619,0.37251362204551697,0.6274863481521606
39.5333456993103,0.37265992164611816,0.6273400783538818
39.54035711288452,0.3733055889606476,0.6266944408416748
39.55622982978821,0.3748197853565216,0.6251802444458008
39.56070852279663,0.37513476610183716,0.6248652338981628
39.56123208999634,0.37515974044799805,0.624840259552002
39.5638701915741,0.3752855956554413,0.6247144341468811
39.57266092300415,0.3757046163082123,0.6242953538894653
39.58522987365723,0.3765445947647095,0.6234554648399353
39.58906388282776,0.3768139183521271,0.6231861114501953
39.590869665145874,0.37694093585014343,0.623059093952179
39.60170602798462,0.37770557403564453,0.6222944855690002
39.60299372673035,0.3777966797351837,0.6222033500671387
39.61455178260803,0.3787391185760498,0.6212608814239502
39.62370705604553,0.37959834933280945,0.6204016804695129
39.626229763031006,0.37983617186546326,0.6201637983322144
39.627869844436646,0.3799911439418793,0.6200088858604431
39.629706144332886,0.38016477227211,0.6198351979255676
39.63285732269287,0.38046345114707947,0.6195365786552429
39.64517116546631,0.38163766264915466,0.6183623671531677
39.6472282409668,0.38183489441871643,0.6181650757789612
39.653141260147095,0.3005104064941406,0.6994895935058594
39.661869764328,0.31365785002708435,0.686342179775238
39.664705991745,0.31406575441360474,0.68593430519104
39.66554665565491,0.2491023987531662,0.7508975863456726
39.67603158950806,0.1932959258556366,0.806704044342041
39.68661451339722,0.1945897787809372,0.8054102063179016
39.68922805786133,0.1949126422405243,0.8050873875617981
39.69187045097351,0.19524036347866058,0.8047596216201782
39.6999454498291,0.19625046849250793,0.8037495017051697
39.70070266723633,0.19634582102298737,0.8036541938781738
39.71385598182678,0.19808489084243774,0.8019151091575623
39.71794271469116,0.19869570434093475,0.801304280757904
39.72412610054016,0.16632279753684998,0.8336771726608276
39.72522830963135,0.1893109679222107,0.8106890320777893
39.72687077522278,0.189450204372406,0.810549795627594
39.73470306396485,0.19011640548706055,0.8098835945129395
39.73760938644409,0.19036975502967834,0.809630274772644
39.74242091178894,0.1908094882965088,0.8091905117034912
39.76022911071777,0.19297125935554504,0.8070287704467773
39.76187086105347,0.19320560991764069,0.8067944049835205
39.76278591156006,0.19333647191524506,0.8066635727882385
39.76970267295837,0.1943320631980896,0.8056679368019104
39.77363920211792,0.19490361213684082,0.805096447467804
39.78673505783081,0.1968308985233307,0.8031690716743469
39.78822898864746,0.19705331325531006,0.8029466867446899
39.79086947441101,0.19744773209095,0.8025522828102112
39.79445219039917,0.19798552989959717,0.8020144701004028
39.80570459365845,0.19969093799591064,0.8003090620040894
39.80584979057312,0.15419359505176544,0.8458064198493958
39.8132791519165,0.1592014878988266,0.8407984972000122
39.81622886657715,0.1593131422996521,0.8406868577003479
39.82028555870056,0.15946698188781738,0.8405330181121826
39.827869176864624,0.15982142090797424,0.8401785492897034
39.83270454406738,0.16006112098693848,0.8399388790130615
39.85922527313232,0.1613958775997162,0.8386041522026062
39.86186933517456,0.16153086721897125,0.8384691476821899
39.870704650878906,0.16198459267616272,0.8380154371261597
39.88722515106201,0.1629330813884735,0.8370669484138489
39.89187026023865,0.16324937343597412,0.8367506265640259
39.90270495414734,0.1639947146177292,0.8360052704811096
39.926870346069336,0.16572041809558868,0.8342795968055725
39.92922520637512,0.16590742766857147,0.8340925574302673
39.93470501899719,0.16634511947631836,0.8336548805236816
39.95687031745911,0.16815230250358582,0.8318476676940918
39.95722341537476,0.16818156838417053,0.8318184614181519
39.971704959869385,0.16939550638198853,0.8306044936180115
39.986223459243774,0.17063918709754944,0.8293607831001282
39.990869998931885,0.1710430383682251,0.8289569616317749
40.00070524215698,0.1719071865081787,0.8280928730964661
40.02122354507446,0.1737518310546875,0.8262482285499573
40.02786993980408,0.17436377704143524,0.8256362676620483
40.029705286026,0.17462235689163208,0.8253777027130127
40.05428981781006,0.17817889153957367,0.8218210935592651
40.0572190284729,0.17861437797546387,0.8213855624198914
40.05970525741577,0.17898595333099365,0.8210139870643616
40.061870098114014,0.17931105196475983,0.8206889629364014
40.06275248527527,0.17944392561912537,0.820556104183197
40.071717739105225,0.18080750107765198,0.8191924691200256
40.08521914482117,0.18287213146686554,0.8171278834342957
40.0854868888855,0.12571881711483002,0.8742811679840088
40.08843779563904,0.17026442289352417,0.8297355771064758
40.089871406555176,0.17041386663913727,0.8295861482620239
40.1017050743103,0.1716606467962265,0.8283393383026123
40.11521911621094,0.17311370372772217,0.8268863558769226
40.11712694168091,0.4112143814563751,0.5887855887413025
40.13200497627258,0.19747769832611084,0.8025223612785339
40.13387131690979,0.19768956303596497,0.8023104667663574
40.13970494270325,0.19835518300533295,0.8016448616981506
40.141515016555786,0.19856269657611847,0.8014373183250427
40.15721797943115,0.200383722782135,0.799616277217865
40.15726137161255,0.09085091948509216,0.9091491103172302
40.15987133979797,0.09488938748836517,0.9051106572151184
40.166297912597656,0.09456685185432434,0.9054331183433533
40.16921925544739,0.11193551123142242,0.8880645036697388
40.173704862594604,0.08761900663375854,0.9123809933662415
40.18621802330017,0.08687734603881836,0.9131225943565369
40.18809986114502,0.10712175816297531,0.8928782343864441
40.18987202644348,0.08317288756370544,0.9168271422386169
40.19622707366944,0.08277574181556702,0.9172242283821106
40.20170307159424,0.0824328362941742,0.9175671339035034
40.20620894432068,0.23921889066696167,0.7607811689376831
40.21521806716919,0.1369180828332901,0.8630819320678711
40.22124862670898,0.1367655098438263,0.8632345199584961
40.22287201881409,0.1367240697145462,0.863275945186615
40.22836256027222,0.13658301532268524,0.8634169697761536
40.22970271110535,0.13654831051826477,0.8634517192840576
40.240946531295776,0.16026636958122253,0.8397336602210999
40.25757455825806,0.13300520181655884,0.8669947981834412
40.257872104644775,0.1329958736896515,0.8670040965080261
40.25821757316589,0.1329851746559143,0.8670148253440857
40.26070284843445,0.13290756940841675,0.8670923709869385
40.26187467575073,0.13287091255187988,0.8671291470527649
40.26914358139038,0.13264133036136627,0.8673586845397949
40.28314471244812,0.1321898102760315,0.8678101897239685
40.28521752357483,0.13212192058563232,0.8678781390190125
40.28687286376953,0.13206753134727478,0.8679324984550476
40.293292760849,0.12955385446548462,0.8704461455345154
40.29970192909241,0.12339720875024796,0.8766027688980103
40.301586389541626,0.12331125885248184,0.8766887187957764
40.31287956237793,0.12279078364372253,0.8772092461585999
40.32221746444702,0.12235379964113235,0.8776462078094482
40.32887315750122,0.12203864008188248,0.8779613375663757
40.3341064453125,0.12184254825115204,0.8781574964523315
40.33570194244385,0.12180532515048981,0.8781946897506714
40.336588859558105,0.12178466469049454,0.8782153725624084
40.34708285331726,0.12153834849596024,0.8784616589546204
40.35622000694275,0.12132169306278229,0.8786783218383789
40.35687303543091,0.12130612879991531,0.8786938786506653
40.36714839935303,0.12105991691350937,0.8789401054382324
40.369701862335205,0.1209983229637146,0.8790016770362854
40.38522005081177,0.12062069773674011,0.8793792724609375
40.385751247406006,0.1206076517701149,0.8793923258781433
40.39170145988464,0.12045735120773315,0.8795426487922668
40.3918719291687,0.12045280635356903,0.8795471787452698
40.396764039993286,0.17135882377624512,0.8286411762237549
40.40574765205383,0.08268725872039795,0.9173128008842468
40.426220178604126,0.09248825162649155,0.9075117707252502
40.42687177658081,0.09249503910541534,0.9075049757957458
40.43270111083984,0.09255629777908325,0.9074437022209167
40.43612265586853,0.09259272366762161,0.907407283782959
40.440600633621216,0.19607672095298767,0.8039232492446899
40.455323934555054,0.10236413031816483,0.8976358771324158
40.45821404457092,0.10243017226457596,0.8975698351860046
40.4618718624115,0.10251437872648239,0.897485613822937
40.46624517440796,0.10261596739292145,0.8973840475082397
40.46870112419128,0.10267343372106552,0.8973265886306763
40.4806227684021,0.10296973586082458,0.897030234336853
40.48521423339844,0.10309018939733505,0.8969098329544067
40.49006795883179,0.10321887582540512,0.8967811465263367
40.49687004089356,0.10340151190757751,0.8965985178947449
40.49933385848999,0.10346832126379013,0.8965317010879517
40.50370168685913,0.10359448939561844,0.8964054584503174
40.51783347129822,0.10405734181404114,0.8959426879882812
40.5178701877594,0.10405859351158142,0.895941436290741
40.5192141532898,0.10410334169864655,0.8958966732025146
40.52571725845337,0.10432185977697372,0.8956781625747681
40.5317018032074,0.10452574491500854,0.8954743146896362
40.5437798500061,0.10494529455900192,0.8950547575950623
40.55621337890625,0.10538863390684128,0.8946113586425781
40.55987024307251,0.10552126169204712,0.8944786787033081
40.56324338912964,0.10564453154802322,0.8943554759025574
40.57270169258118,0.10599484294652939,0.8940051794052124
40.58103656768799,0.10634218901395798,0.8936578631401062
40.58887219429016,0.10660620778799057,0.8933938145637512
40.58953475952149,0.16367974877357483,0.8363202214241028
40.59121346473694,0.12460756301879883,0.8753924369812012
40.5963716506958,0.18055173754692078,0.8194482922554016
40.60170221328735,0.14831510186195374,0.8516849279403687
40.61921334266663,0.14909012615680695,0.8509098887443542
40.62287211418152,0.1492546647787094,0.8507453799247742
40.62664556503296,0.1494532823562622,0.8505467176437378
40.62970232963562,0.14963267743587494,0.8503673076629639
40.63451337814331,0.14997300505638123,0.8500270247459412
40.63879942893982,0.15028494596481323,0.8497150540351868
40.651095390319824,0.1516057401895523,0.8483942747116089
40.65621685981751,0.1521894484758377,0.8478105664253235
40.65787196159363,0.15237948298454285,0.8476205468177795
40.659435510635376,0.15255960822105408,0.8474403619766235
40.66370224952698,0.153054341673851,0.8469456434249878
40.66496992111206,0.15320222079753876,0.8467977643013
40.67692303657532,0.13088908791542053,0.8691109418869019
40.68988585472107,0.13200202584266663,0.8679980039596558
40.69021677970886,0.1320136934518814,0.8679863214492798
40.69087767601013,0.13203710317611694,0.8679628968238831
40.69601225852966,0.13221919536590576,0.8677808046340942
40.70069932937622,0.13238640129566193,0.8676136136054993
40.70512413978577,0.13254514336585999,0.8674548864364624
40.713151931762695,0.1327255517244339,0.8672744631767273
40.71687769889832,0.13279303908348083,0.8672069311141968
40.724913120269775,0.13296015560626984,0.8670398592948914
40.72521686553955,0.13296647369861603,0.8670335412025452
40.733699321746826,0.13316555321216583,0.8668344616889954
40.73405385017395,0.13317513465881348,0.8668249249458313
40.7496771812439,0.13855943083763123,0.8614405989646912
40.75338578224182,0.12990069389343262,0.8700993061065674
40.75521898269653,0.1299143135547638,0.8700857162475586
40.75816345214844,0.12993600964546204,0.8700640201568604
40.76087784767151,0.12997090816497803,0.870029091835022
40.76713013648987,0.30348989367485046,0.6965100765228271
40.76869940757752,0.1451224982738495,0.8548775315284729
40.77078413963318,0.14518466591835022,0.8548153638839722
40.783458948135376,0.1455615907907486,0.8544384241104126
40.78887701034546,0.1457221359014511,0.8542778491973877
40.79021906852722,0.14579357206821442,0.8542064428329468
40.79851055145264,0.1463565081357956,0.853643536567688
40.805699586868286,0.1469375044107437,0.8530625104904175
40.8113112449646,0.1473955363035202,0.8526044487953186
40.81764531135559,0.14072784781455994,0.8592721819877625
40.81787705421448,0.14312002062797546,0.8568799495697021
40.81921911239624,0.14317883551120758,0.8568211793899536
40.82333326339722,0.14335954189300537,0.8566404581069946
40.83969974517822,0.14424386620521545,0.8557561635971069
40.85214805603027,0.33143818378448486,0.6685618162155151
40.85522246360779,0.15663911402225494,0.8433609008789062
40.85887694358826,0.156937375664711,0.8430626392364502
40.86169958114624,0.15716896951198578,0.842831015586853
40.86468315124512,0.15741494297981262,0.8425850868225098
40.87601184844971,0.1583595871925354,0.8416404128074646
40.87912940979004,0.12869814038276672,0.8713018894195557
40.890222787857056,0.13730770349502563,0.8626922369003296
40.89087247848511,0.1373225599527359,0.8626774549484253
40.89916658401489,0.1375006139278412,0.8624994158744812
40.90084624290466,0.14614994823932648,0.8538500666618347
40.901700019836426,0.11445843428373337,0.8855414986610413
40.912171363830566,0.1388293206691742,0.8611707091331482
40.925222635269165,0.10613744705915451,0.8938626050949097
40.92798447608948,0.1060534194111824,0.8939465880393982
40.92969989776611,0.1060011237859726,0.893998920917511
40.92987251281738,0.10599585622549057,0.8940041661262512
40.95756506919861,0.25872698426246643,0.741273045539856
40.95787262916565,0.1533791571855545,0.8466208577156067
40.96222186088562,0.15336304903030396,0.8466368913650513
40.96770000457764,0.15334174036979675,0.8466582894325256
40.97674512863159,0.15330387651920319,0.846696138381958
40.97897672653198,0.15329401195049286,0.8467060327529907
40.98687291145325,0.15325771272182465,0.8467422723770142
40.98922157287598,0.15324635803699493,0.8467536568641663
40.99107313156128,0.17709997296333313,0.8228999972343445
40.99587488174439,0.1528816819190979,0.8471183180809021
40.99969911575317,0.15284118056297302,0.8471588492393494
41.01612854003906,0.15265771746635437,0.847342312335968
41.02522158622742,0.15255029499530792,0.8474497199058533
41.02787280082703,0.1525210440158844,0.847478985786438
41.030869245529175,0.14739744365215302,0.8526025414466858
41.03569912910461,0.14356638491153717,0.856433629989624
41.037617206573486,0.14351321756839752,0.8564867973327637
41.04521799087525,0.1432999223470688,0.85670006275177
41.04780435562134,0.14322637021541595,0.8567736148834229
41.05859160423279,0.14291410148143768,0.8570858836174011
41.05887293815613,0.1429058313369751,0.8570941686630249
41.06692409515381,0.14266687631607056,0.8573330640792847
41.071699142456055,0.1425228863954544,0.8574771285057068
41.08281421661377,0.14219030737876892,0.8578097224235535
41.087218046188354,0.1420571655035019,0.8579428195953369
41.09187364578247,0.14191485941410065,0.8580851554870605
41.10111284255981,0.1416262686252594,0.858373761177063
41.10469937324524,0.14150598645210266,0.8584940433502197
41.11048364639282,0.14130988717079163,0.8586901426315308
41.11621809005737,0.14111287891864777,0.8588871359825134
41.1235089302063,0.25381579995155334,0.746184229850769
41.12687373161316,0.160776287317276,0.8392236828804016
41.12804007530213,0.24806377291679382,0.7519361972808838
41.13269925117493,0.19857999682426453,0.8014199733734131
41.14741778373718,0.19883088767528534,0.8011690974235535
41.15122866630554,0.34903684258461,0.6509631276130676
41.158217668533325,0.24441313743591309,0.7555868625640869
41.16187357902527,0.2446390688419342,0.7553609609603882
41.16208004951477,0.24465177953243256,0.7553482055664062
41.16940498352051,0.24509452283382416,0.7549054026603699
41.1696994304657,0.24511227011680603,0.7548877596855164
41.18621754646301,0.24610692262649536,0.7538931369781494
41.189871311187744,0.2463282197713852,0.7536717653274536
41.19169855117798,0.2464389204978943,0.7535610795021057
41.19385194778442,0.24656957387924194,0.7534304261207581
41.20031809806824,0.24702440202236176,0.752975583076477
41.21729779243469,0.24823465943336487,0.7517653703689575
41.22121787071228,0.24851618707180023,0.7514837980270386
41.22687125205994,0.24892374873161316,0.7510762214660645
41.23052191734314,0.24918778240680695,0.7508122324943542
41.23369860649109,0.2494179606437683,0.7505820393562317
41.2362961769104,0.2496066689491272,0.7503933310508728
41.24066638946533,0.2499249428510666,0.7500750422477722
41.25821924209595,0.25117143988609314,0.7488285303115845
41.258538007736206,0.25118574500083923,0.7488142251968384
41.26187133789063,0.251336008310318,0.7486640214920044
41.2686984539032,0.2516431212425232,0.7483568787574768
41.27908158302307,0.2521735727787018,0.7478263974189758
41.28521966934204,0.25254982709884644,0.7474501729011536
41.297457456588745,0.33293765783309937,0.6670623421669006
41.297871589660645,0.2885302007198334,0.711469829082489
41.30301237106323,0.33898821473121643,0.6610117554664612
41.30469584465027,0.31957265734672546,0.6804273724555969
41.31521964073181,0.32095208764076233,0.6790478825569153
41.32588315010071,0.3228802978992462,0.6771197319030762
41.327871561050415,0.323287695646286,0.6767123341560364
41.33369588851929,0.3244883716106415,0.6755116581916809
41.339417695999146,0.3256785273551941,0.6743214726448059
41.35235333442688,0.3284080922603607,0.6715919375419617
41.35687160491944,0.3293743133544922,0.6706256866455078
41.35722017288208,0.3294491767883301,0.6705508828163147
41.36908173561096,0.33201876282691956,0.6679812073707581
41.369223833084106,0.33204981684684753,0.6679501533508301
41.36969590187073,0.3321530222892761,0.6678469777107239
41.3862202167511,0.33581307530403137,0.664186954498291
41.38687205314636,0.3359592854976654,0.6640406847000122
41.387003660202026,0.296538382768631,0.7034616470336914
41.39485859870911,0.31453177332878113,0.6854682564735413
41.40369486808777,0.31535935401916504,0.684640645980835
41.41607332229614,0.31662246584892273,0.6833775043487549
41.42122006416321,0.3171500265598297,0.6828500032424927
41.42615246772766,0.3176570236682892,0.6823430061340332
41.42787218093872,0.31783410906791687,0.6821659207344055
41.431694746017456,0.31822824478149414,0.6817717552185059
41.437257051467896,0.31880319118499756,0.6811968088150024
41.45522236824036,0.3206283748149872,0.6793716549873352
41.45629286766052,0.32074499130249023,0.6792550086975098
41.46129512786865,0.32130229473114014,0.6786977052688599
41.46287202835083,0.32150110602378845,0.6784988641738892
41.46969485282898,0.3223641514778137,0.677635908126831
41.47820353507996,0.2954697608947754,0.7045302391052246
41.48502445220947,0.2701420783996582,0.7298579216003418
41.490222454071045,0.2700784504413605,0.7299215197563171
41.49087357521057,0.27007025480270386,0.7299297451972961
41.49962615966797,0.26981019973754883,0.730189859867096
41.50177454948425,0.409871906042099,0.5901281237602234
41.503689765930176,0.28570473194122314,0.7142952680587769
41.51271104812622,0.2855013310909271,0.7144986391067505
41.51677131652832,0.28540700674057007,0.7145929932594299
41.525222063064575,0.28520503640174866,0.7147949934005737
41.52687358856201,0.28516465425491333,0.7148353457450867
41.533689737319946,0.28499487042427063,0.7150051593780518
41.534141063690186,0.28498342633247375,0.7150165438652039
41.54591727256775,0.28474128246307373,0.7152587175369263
41.55416703224182,0.28466787934303284,0.7153321504592896
41.55522465705872,0.28466734290122986,0.7153326272964478
41.55583477020264,0.26815715432167053,0.7318428158760071
41.56387352943421,0.2788468301296234,0.721153199672699
41.568689584732056,0.27875572443008423,0.7212442755699158
41.577062368392944,0.4208422005176544,0.5791577696800232
41.58987545967102,0.29473719000816345,0.7052627801895142
41.59122467041016,0.2947872579097748,0.7052127122879028
41.5949125289917,0.2949240803718567,0.7050759196281433
41.60469055175781,0.29528680443763733,0.7047131657600403
41.61230945587158,0.295569509267807,0.7044305205345154
41.61987519264221,0.2958499491214752,0.7041500806808472
41.62172484397888,0.22030408680438995,0.7796959280967712
41.62602472305298,0.2120988667011261,0.7879011034965515
41.626224517822266,0.21207454800605774,0.7879254817962646
41.63169050216675,0.21140801906585693,0.7885919809341431
41.640055418014526,0.2734892964363098,0.7265107035636902
41.658228158950806,0.20784245431423187,0.7921574711799622
41.66087484359741,0.2074635922908783,0.7925364375114441
41.66169047355652,0.20734663307666779,0.7926533818244934
41.67095518112183,0.2590528726577759,0.7409471273422241
41.67540454864502,0.19830065965652466,0.8016993403434753
41.68216347694397,0.32289811968803406,0.6771019101142883
41.68522810935974,0.22745034098625183,0.7725496292114258
41.68868517875672,0.22701774537563324,0.7729822397232056
41.69218707084656,0.2265782356262207,0.7734217643737793
41.69687533378601,0.2259875237941742,0.7740125060081482
41.70852303504944,0.22450903058052063,0.7754909992218018
41.71887540817261,0.22318199276924133,0.776818037033081
41.722228050231934,0.22274841368198395,0.7772516012191772
41.72281789779663,0.2804306447505951,0.7195693254470825
41.730684995651245,0.22168366611003876,0.7783163785934448
41.73203825950623,0.22150038182735443,0.7784996032714844
41.74445271492005,0.21980884671211243,0.7801911234855652
41.75623035430908,0.2181842029094696,0.7818158268928528
41.75868511199951,0.21784095466136932,0.7821590304374695
41.75987529754639,0.21767373383045197,0.7823262810707092
41.76227045059204,0.22091594338417053,0.7790840864181519
41.77228045463562,0.20909219980239868,0.7909078001976013
41.78464794158936,0.20722787082195282,0.792772114276886
41.7852303981781,0.20713961124420166,0.7928603887557983
41.78887438774109,0.206586554646492,0.7934134602546692
41.7975115776062,0.20526768267154694,0.7947323322296143
41.80068516731262,0.20478050410747528,0.7952194809913635
41.80133891105652,0.20467999577522278,0.7953199744224548
41.816874265670776,0.20222657918930054,0.7977734208106995
41.81815552711487,0.20202241837978363,0.7979775667190552
41.82023024559021,0.20169146358966827,0.7983085513114929
41.8277575969696,0.20048655569553375,0.7995134592056274
41.83567190170288,0.19921061396598816,0.8007894158363342
41.83968496322632,0.19856107234954834,0.8014389276504517
41.85481572151184,0.21087513864040375,0.7891248464584351
41.85723304748535,0.17884087562561035,0.8211590647697449
41.85887432098389,0.17866943776607513,0.8213305473327637
41.86068511009216,0.1784801334142685,0.8215198516845703
41.86157035827637,0.24534429609775543,0.7546557188034058
41.87068700790405,0.32259705662727356,0.677402913570404
41.87135124206543,0.22181352972984314,0.7781864404678345
41.88523316383362,0.2204107642173767,0.7795892357826233
41.88687324523926,0.22024419903755188,0.7797557711601257
41.88968324661255,0.21995854377746582,0.7800414562225342
41.8943510055542,0.21948283910751343,0.7805171608924866
41.905919551849365,0.2182885855436325,0.7817114591598511
41.91523313522339,0.21729549765586853,0.7827044725418091
41.91996884346008,0.21678835153579712,0.7832116484642029
41.924010276794434,0.2163543552160263,0.7836456298828125
41.92887330055237,0.2158306986093521,0.7841693162918091
41.935402154922485,0.21512505412101746,0.7848749160766602
41.935683250427246,0.21509461104869843,0.7849053740501404
41.94431734085083,0.2141568511724472,0.7858431935310364
41.95787334442139,0.21267423033714294,0.7873257994651794
41.958232164382935,0.2126348316669464,0.787365198135376
41.96252775192261,0.2122708261013031,0.7877292037010193
41.9680380821228,0.2119572013616562,0.7880427837371826
41.96968364715576,0.21186350286006927,0.7881364822387695
41.98190951347351,0.21166318655014038,0.7883368730545044
41.98723220825195,0.2115967869758606,0.7884032130241394
41.98987078666687,0.21157926321029663,0.7884207367897034
41.99325346946716,0.21156619489192963,0.7884337306022644
41.99968385696411,0.2115439623594284,0.7884559631347656
42.01182532310486,0.2759750485420227,0.7240249514579773
42.01523208618164,0.26889747381210327,0.7311025261878967
42.02178168296814,0.30932843685150146,0.6906715631484985
42.02875566482544,0.28140032291412354,0.7185996770858765
42.028871059417725,0.2813974916934967,0.7186025381088257
42.03468346595764,0.2812555730342865,0.7187443971633911
42.03748893737793,0.28119078278541565,0.7188092470169067
42.052900552749634,0.2808733284473419,0.7191266417503357
42.056870460510254,0.28084269165992737,0.719157338142395
42.059226989746094,0.2808370888233185,0.7191629409790039
42.06009340286255,0.2808350920677185,0.7191649079322815
42.06812047958374,0.2808187007904053,0.7191813588142395
42.07168364524841,0.2808125615119934,0.7191874384880066
42.07913613319397,0.252546101808548,0.7474539279937744
42.084230184555054,0.24621553719043732,0.7537844777107239
42.08522701263428,0.24609781801700592,0.7539021968841553
42.09186410903931,0.2453109472990036,0.7546890377998352
42.0922954082489,0.24525974690914154,0.7547402381896973
42.09968280792236,0.24437814950942993,0.7556218504905701
42.1097149848938,0.24317556619644165,0.7568244338035583
42.11522698402405,0.2425163835287094,0.7574836015701294
42.119542360305786,0.241998091340065,0.7580019235610962
42.12686419487,0.24113909900188446,0.7588608264923096
42.12782692909241,0.24106955528259277,0.7589304447174072
42.13568305969238,0.24050508439540863,0.759494960308075
42.137484312057495,0.2403886318206787,0.7596113681793213
42.15164279937744,0.2743484079837799,0.7256516218185425
42.1572265625,0.22235529124736786,0.777644693851471
42.159008741378784,0.22216595709323883,0.7778340578079224
42.1618640422821,0.2219138741493225,0.7780861258506775
42.17018151283264,0.22147658467292786,0.7785234451293945
42.17068266868591,0.22145023941993713,0.7785497903823853
42.18298625946045,0.3602641522884369,0.6397358775138855
42.18722653388977,0.273235946893692,0.7267640829086304
42.18930196762085,0.2730650007724762,0.7269350290298462
42.19086194038391,0.2729361057281494,0.7270638942718506
42.199028730392456,0.27225759625434875,0.7277424335479736
42.1996808052063,0.27220311760902405,0.7277969121932983
42.211456060409546,0.2712116539478302,0.7287883758544922
42.21522665023804,0.27089110016822815,0.7291089296340942
42.2278618812561,0.2698056995868683,0.7301943302154541
42.229708671569824,0.3014986515045166,0.6985013484954834
42.23007845878601,0.271876722574234,0.7281233072280884
42.2406804561615,0.27084675431251526,0.7291532754898071
42.24624705314636,0.2703002393245697,0.7296997308731079
42.25722789764404,0.2692432701587677,0.7307567596435547
42.26186180114746,0.26881954073905945,0.7311804890632629
42.2696807384491,0.2681117653846741,0.7318882346153259
42.27632665634155,0.3802439272403717,0.6197561025619507
42.28522777557373,0.2878824472427368,0.7121175527572632
42.29186296463013,0.28740575909614563,0.7125942707061768
42.29716157913208,0.28702297806739807,0.7129769921302795
42.30468010902405,0.28647691011428833,0.7135230898857117
42.3074049949646,0.28627821803092957,0.7137218117713928
42.311686515808105,0.2861126661300659,0.7138873338699341
42.31622767448425,0.24338196218013763,0.756618082523346
42.31640577316284,0.2433541715145111,0.7566457986831665
42.326863050460815,0.24200090765953064,0.7579991221427917
42.33153986930847,0.29309991002082825,0.7069000601768494
42.33268022537232,0.23195816576480865,0.7680418491363525
42.33925175666809,0.2849196195602417,0.7150803804397583
42.350571155548096,0.22403936088085175,0.7759606242179871
42.35686278343201,0.22318969666957855,0.7768102884292603
42.35823035240173,0.22300460934638977,0.7769953608512878
42.36164212226868,0.34317561984062195,0.6568244099617004
42.36968016624451,0.30638983845710754,0.6936101913452148
42.38723039627075,0.3050177991390228,0.6949821710586548
42.39086079597473,0.30473023653030396,0.695269763469696
42.39549946784973,0.3043607771396637,0.6956392526626587
42.40109324455261,0.3039124310016632,0.6960875988006592
42.40467834472656,0.3036234378814697,0.6963765621185303
42.41130185127258,0.36761221289634705,0.6323877573013306
42.41623044013977,0.30851277709007263,0.691487193107605
42.42786073684693,0.3073733448982239,0.6926266551017761
42.43367838859558,0.30677568912506104,0.693224310874939
42.43564438819885,0.30657264590263367,0.6934273838996887
42.444671869277954,0.30563366413116455,0.6943663358688354
42.45303702354431,0.3398047983646393,0.6601952314376831
42.45922541618347,0.28936222195625305,0.7106377482414246
42.46186089515686,0.28902533650398254,0.7109746932983398
42.4695520401001,0.28803619742393494,0.7119637727737427
42.47067832946777,0.28789055347442627,0.7121094465255737
42.47841238975525,0.28688544034957886,0.7131146192550659
42.486225605010986,0.2858606278896332,0.7141394019126892
42.48986101150513,0.28538063168525696,0.7146193385124207
42.49967885017395,0.28407424688339233,0.7159257531166077
42.50040364265442,0.283977210521698,0.716022789478302
42.503925800323486,0.28350457549095154,0.7164953947067261
42.517861127853394,0.28161606192588806,0.7183839678764343
42.52208924293518,0.28103721141815186,0.7189628481864929
42.52822542190552,0.2801922857761383,0.7198076844215393
42.5296790599823,0.2799912691116333,0.7200087308883667
42.54171895980835,0.2783142626285553,0.7216857671737671
42.551820516586304,0.27686911821365356,0.7231308817863464
42.55622410774231,0.27622711658477783,0.7237728834152222
42.5598611831665,0.27569451928138733,0.7243055105209351
42.56467890739441,0.2749859690666199,0.7250140309333801
42.56566524505615,0.30788907408714294,0.6921109557151794
42.56969952583313,0.205677330493927,0.794322669506073
42.58601593971253,0.202468141913414,0.7975319027900696
42.58985781669617,0.20228856801986694,0.7977114319801331
42.591224193573,0.20222455263137817,0.7977754473686218
42.594759941101074,0.3029835820198059,0.6970164179801941
42.60067820549011,0.24049201607704163,0.7595080137252808
42.604788064956665,0.24045412242412567,0.7595459222793579
42.6132607460022,0.2403753399848938,0.7596246600151062
42.62285780906677,0.24028447270393372,0.7597155570983887
42.62722420692444,0.24024266004562378,0.759757399559021
42.62967824935913,0.24021893739700317,0.7597811222076416
42.62973785400391,0.2402184158563614,0.7597815990447998
42.63261938095093,0.24019035696983337,0.7598096132278442
42.65553426742554,0.23997549712657928,0.7600244283676147
42.65785765647888,0.23997516930103302,0.7600248456001282
42.65821886062622,0.23997505009174347,0.7600249648094177
42.66967821121216,0.23997338116168976,0.7600266337394714
42.67316937446594,0.2399728000164032,0.7600272297859192
42.67804002761841,0.23997193574905396,0.7600281238555908
42.68266701698303,0.23997105658054352,0.7600289583206177
42.685219049453735,0.23997046053409576,0.7600295543670654
42.690678358078,0.23996931314468384,0.7600306272506714
42.692859172821045,0.2399686872959137,0.7600312829017639
42.71203589439392,0.24015088379383087,0.7598491311073303
42.71621918678284,0.24019408226013184,0.7598059773445129
42.720473527908325,0.24023836851119995,0.7597616314888
42.72785925865173,0.2402988076210022,0.7597011923789978
42.73034286499024,0.26730769872665405,0.732692301273346
42.733678340911865,0.2805197536945343,0.7194802761077881
42.75394296646118,0.27295151352882385,0.7270484566688538
42.75785946846008,0.2455090880393982,0.7544909119606018
42.75821900367737,0.2455335557460785,0.7544664740562439
42.76502418518066,0.24599874019622803,0.754001259803772
42.76867866516113,0.2462506890296936,0.7537493109703064
42.78621673583984,0.24748070538043976,0.7525193095207214
42.78886246681213,0.24766917526721954,0.7523308396339417
42.790858030319214,0.24782930314540863,0.7521706223487854
42.79980635643005,0.2484433352947235,0.7515566945075989
42.80358409881592,0.2486044019460678,0.751395583152771
42.805678844451904,0.24869409203529358,0.7513059377670288
42.8130989074707,0.2490474134683609,0.7509526014328003
42.82121706008911,0.2495000809431076,0.7504998445510864
42.82562065124512,0.2564603090286255,0.7435397505760193
42.83085799217224,0.2270459234714508,0.7729541063308716
42.83230924606323,0.22704742848873138,0.7729525566101074
42.83367896080017,0.22704879939556122,0.7729512453079224
42.85337734222412,0.22705915570259094,0.7729408740997314
42.85621905326843,0.22705931961536407,0.7729406952857971
42.856858015060425,0.22705921530723572,0.7729407548904419
42.86164689064026,0.227058544754982,0.7729414701461792
42.871679067611694,0.2270537167787552,0.772946298122406
42.87808585166931,0.22704820334911346,0.7729517221450806
42.88680505752564,0.2270895540714264,0.7729104161262512
42.88786005973816,0.22710399329662323,0.7728959918022156
42.889678955078125,0.2271290272474289,0.7728710174560547
42.89121913909912,0.22712957859039307,0.7728704214096069
42.89678740501404,0.22697769105434418,0.7730223536491394
42.91746687889099,0.23728066682815552,0.7627193331718445
42.91921901702881,0.22218556702136993,0.7778144478797913
42.92185997962952,0.22205935418605804,0.7779406309127808
42.92876124382019,0.22172534465789795,0.778274655342102
42.93167901039124,0.2215823233127594,0.778417706489563
42.93952298164368,0.3119112253189087,0.6880887746810913
42.947908878326416,0.1768757402896881,0.8231242299079895
42.95886015892029,0.1773282140493393,0.8226717710494995
42.95967888832092,0.17737118899822235,0.8226288557052612
42.96321773529053,0.1775570511817932,0.8224429488182068
42.96513891220093,0.1776580959558487,0.8223419189453125
42.96895480155945,0.1778590828180313,0.8221409320831299
42.97830891609192,0.17835325002670288,0.8216468095779419
42.98686385154724,0.1788070648908615,0.8211929202079773
42.98698568344116,0.17881356179714203,0.8211864233016968
42.99021792411804,0.17898549139499664,0.8210145235061646
42.99400687217712,0.1686089187860489,0.8313910961151123
43.00368022918701,0.1755829155445099,0.8244171142578125
43.0114734172821,0.1761437952518463,0.8238562345504761
43.017441511154175,0.29742854833602905,0.702571451663971
43.02521777153015,0.14910613000392914,0.8508939146995544
43.0262815952301,0.14919865131378174,0.8508013486862183
43.02986359596253,0.1495112031698227,0.8504887819290161
43.0316801071167,0.14967040717601776,0.8503296375274658
43.03464102745056,0.14993080496788025,0.8500692248344421
43.04736399650574,0.11271541565656662,0.8872846364974976
43.05351305007935,0.11744411289691925,0.8825559020042419
43.05686354637146,0.11749941110610962,0.8825006484985352
43.06021785736084,0.11755496263504028,0.8824450373649597
43.06756234169006,0.1277405321598053,0.8722594976425171
43.068994998931885,0.12171067297458649,0.8782893419265747
43.06968021392822,0.09238427132368088,0.9076157808303833
43.08686590194702,0.09187382459640503,0.9081262350082397
43.08746147155762,0.09185705333948135,0.9081429243087769
43.08820724487305,0.09183605015277863,0.9081639647483826
43.09035992622376,0.20957015454769135,0.7904298305511475
43.09167885780335,0.12003611773252487,0.8799639344215393
43.10758876800537,0.11951807141304016,0.8804819583892822
43.11620736122131,0.11923148483037949,0.8807685375213623
43.11635088920593,0.11922667175531387,0.8807733654975891
43.11850666999817,0.15410521626472473,0.8458948135375977
43.128551959991455,0.11777462810277939,0.8822253942489624
43.12886595726013,0.11776293814182281,0.8822370767593384
43.135536909103394,0.11751300096511841,0.8824869990348816
43.140679121017456,0.11731734871864319,0.8826826214790344
43.14495754241944,0.12064296007156372,0.8793570399284363
43.15786600112915,0.1091003566980362,0.890899658203125
43.159209966659546,0.10903409868478775,0.8909659385681152
43.1605281829834,0.10896893590688705,0.8910310864448547
43.17367911338806,0.10831307619810104,0.8916869163513184
43.17658257484436,0.10816668719053268,0.8918333053588867
43.18720984458923,0.10780202597379684,0.8921980261802673
43.19087100028992,0.10769256949424744,0.8923074007034302
43.19783091545105,0.10748343914747238,0.892516553401947
43.20167660713196,0.10736723989248276,0.892632782459259
43.20933985710144,0.10713427513837814,0.8928657174110413
43.21147584915161,0.10706861317157745,0.8929314017295837
43.2152099609375,0.10695353895425797,0.893046498298645
43.22852039337158,0.10653994232416153,0.8934600353240967
43.22967672348023,0.10650374740362167,0.8934962749481201
43.22987103462219,0.1064976379275322,0.8935022950172424
43.243178844451904,0.10608109086751938,0.8939189314842224
43.252302169799805,0.16085076332092285,0.8391492366790771
43.25687098503113,0.12392939627170563,0.8760706186294556
43.25720953941345,0.1239212304353714,0.8760787844657898
43.26129388809204,0.15899929404258728,0.8410007357597351
43.264676570892334,0.1441507190465927,0.8558493256568909
43.27415704727173,0.14384940266609192,0.8561506271362305
43.28566360473633,0.263393372297287,0.7366065979003906
43.28620958328247,0.1763458102941513,0.8236541748046875
43.2908718585968,0.17628642916679382,0.8237136006355286
43.300676107406616,0.1761593222618103,0.8238406777381897
43.30240607261658,0.17613664269447327,0.8238633275032043
43.31021785736084,0.17603284120559692,0.8239671587944031
43.31620955467224,0.1759519726037979,0.8240480422973633
43.32601714134216,0.17581719160079956,0.8241828680038452
43.32687187194824,0.17580530047416687,0.8241946697235107
43.32867622375488,0.17578011751174927,0.8242198824882507
43.33557724952698,0.17567671835422516,0.824323296546936
43.34690999984741,0.1754964292049408,0.8245036005973816
43.35682201385498,0.17533478140830994,0.8246651887893677
43.35720944404602,0.1753283143043518,0.8246716856956482
43.36287188529968,0.1752341091632843,0.8247658610343933
43.371676206588745,0.17508506774902344,0.8249149322509766
43.37357306480408,0.17505253851413727,0.8249474763870239
43.37825274467468,0.17497164011001587,0.8250283598899841
43.38520932197571,0.17484967410564423,0.8251503705978394
43.38684678077698,0.17482061684131622,0.825179398059845
43.39687204360962,0.1746404767036438,0.825359582901001
43.39770531654358,0.17462529242038727,0.8253747224807739
43.39967727661133,0.17458927631378174,0.8254107236862183
43.40929412841797,0.24911531805992126,0.7508847117424011
43.41968607902527,0.2198677361011505,0.7801322937011719
43.4202094078064,0.20915788412094116,0.7908421158790588
43.42285871505737,0.20923790335655212,0.7907621264457703
43.42687225341797,0.20935945212841034,0.7906405925750732
43.4296772480011,0.20944461226463318,0.7905553579330444
43.43387079238892,0.2095724642276764,0.7904275059700012
43.44494032859802,0.20991197228431702,0.7900880575180054
43.45521545410156,0.21031847596168518,0.7896815538406372
43.46187233924866,0.21060393750667572,0.7893960475921631
43.46308636665344,0.2106562703847885,0.7893437147140503
43.46467733383179,0.21072494983673096,0.789275050163269
43.4737606048584,0.21112757921218872,0.788872480392456
43.47799205780029,0.20853835344314575,0.7914616465568542
43.48856329917908,0.19617746770381927,0.8038225769996643
43.491215467453,0.19614069163799286,0.803859293460846
43.49732089042664,0.19605401158332825,0.8039460182189941
43.49786925315857,0.1960461139678955,0.8039539456367493
43.50167846679688,0.1959904432296753,0.8040095567703247
43.51786947250366,0.19576072692871094,0.8042392730712891
43.519590854644775,0.19573719799518585,0.8042628169059753
43.52521514892578,0.1956588327884674,0.8043411374092102
43.52867865562439,0.1956094205379486,0.804390549659729
43.53223466873169,0.19555777311325073,0.8044422268867493
43.54721760749817,0.19547411799430847,0.8045259118080139
43.550894260406494,0.19545312225818634,0.8045468926429749
43.555190324783325,0.19542759656906128,0.8045724034309387
43.56386947631836,0.19537295401096344,0.8046270608901978
43.565678358078,0.19536104798316956,0.8046389222145081
43.57473611831665,0.2208768129348755,0.7791232466697693
43.58804678916931,0.18688881397247314,0.8131111860275269
43.59521746635437,0.18667489290237427,0.8133251667022705
43.59686970710754,0.1866249293088913,0.8133750557899475
43.59846234321594,0.1865764707326889,0.8134235143661499
43.59867811203003,0.1865699291229248,0.8134300708770752
43.60039401054382,0.3396112024784088,0.6603887677192688
43.612618923187256,0.2133304923772812,0.7866694331169128
43.6162178516388,0.21329137682914734,0.786708652973175
43.61820983886719,0.21326938271522522,0.7867305874824524
43.626869678497314,0.21317158639431,0.7868283987045288
43.63268518447876,0.2131037414073944,0.7868962287902832
43.63367819786072,0.21309202909469604,0.786907970905304
43.64824175834656,0.20292693376541138,0.7970730662345886
43.65285301208496,0.2082425355911255,0.7917574644088745
43.66021609306336,0.20804856717586517,0.7919514775276184
43.661869764328,0.2080044150352478,0.7919955849647522
43.66916704177856,0.207806795835495,0.7921931743621826
43.67067813873291,0.2077654004096985,0.7922345995903015
43.68142580986023,0.36580342054367065,0.6341965794563293
43.68621611595154,0.23342633247375488,0.7665736675262451
43.695409536361694,0.2330460399389267,0.7669539451599121
43.6978702545166,0.2329428791999817,0.7670571208000183
43.70467925071716,0.23265418410301208,0.7673458456993103
43.70512199401856,0.2326352298259735,0.7673647999763489
43.708399295806885,0.18705423176288605,0.8129457831382751
43.71521592140198,0.19039452075958252,0.8096054792404175
43.71787023544312,0.19013787806034088,0.8098621368408203
43.721484661102295,0.18978706002235413,0.8102129697799683
43.72697401046753,0.21945521235466003,0.7805447578430176
43.73367929458618,0.16792653501033783,0.8320735096931458
43.73605513572693,0.2114337980747223,0.7885662317276001
43.75621223449707,0.1559661626815796,0.8440338969230652
43.76287031173706,0.1551208794116974,0.844879150390625
43.76325964927673,0.1550827920436859,0.8449171781539917
43.76367926597595,0.15504178404808044,0.8449581861495972
43.7896420955658,0.30193260312080383,0.6980673670768738
43.78967833518982,0.2246723473072052,0.7753276824951172
43.79121208190918,0.22457145154476166,0.7754285931587219
43.796868324279785,0.22419756650924683,0.7758024334907532
43.80210113525391,0.22384881973266602,0.776151180267334
43.80798673629761,0.22345349192619324,0.7765465378761292
43.819212198257446,0.2226904183626175,0.7773095965385437
43.819868326187134,0.22264544665813446,0.7773545384407043
43.82028865814209,0.2715304493904114,0.7284695506095886
43.83167839050293,0.2187660187482834,0.7812340259552002
43.83402132987976,0.21858422458171844,0.7814157009124756
43.84147071838379,0.21800193190574646,0.7819980382919312
43.84721088409424,0.2175489366054535,0.7824510931968689
43.85190773010254,0.21812322735786438,0.7818767428398132
43.85731601715088,0.2137334942817688,0.7862665057182312
43.8596785068512,0.21352513134479523,0.786474883556366
43.86186814308167,0.21333147585391998,0.7866685390472412
43.86641764640808,0.21292707324028015,0.7870728969573975
43.876121520996094,0.21205578744411469,0.7879442572593689
43.88217258453369,0.21150627732276917,0.7884936928749084
43.88921093940735,0.2108614146709442,0.7891386151313782
43.891974210739136,0.2106064110994339,0.7893936038017273
43.8968677520752,0.21015270054340363,0.7898473143577576
43.90167832374573,0.2097034603357315,0.7902965545654297
43.90203666687012,0.20966991782188416,0.7903301119804382
43.917211055755615,0.20820140838623047,0.7917985916137695
43.91886782646179,0.20803776383399963,0.7919622659683228
43.92184329032898,0.20774289965629578,0.7922570705413818
43.930678367614746,0.20686061680316925,0.7931393980979919
43.9335527420044,0.29671710729599,0.70328289270401
43.94336819648743,0.254425585269928,0.745574414730072
43.95630955696106,0.26121440529823303,0.7387856245040894
43.95921778678894,0.26111215353012085,0.7388878464698792
43.96086764335632,0.26105400919914246,0.7389460206031799
43.96193885803223,0.34690389037132263,0.653096079826355
43.971678495407104,0.31483393907546997,0.68516606092453
43.97318053245544,0.3148771822452545,0.6851228475570679
43.980987787246704,0.31510183215141296,0.6848981976509094
43.988868713378906,0.31532877683639526,0.6846712231636047
43.9901659488678,0.31536608934402466,0.6846339106559753
43.99521780014038,0.31551167368888855,0.6844883561134338
43.999677658081055,0.3156401813030243,0.6843598484992981
44.000282764434814,0.3156575560569763,0.6843424439430237
44.01621770858765,0.31612762808799744,0.683872401714325
44.01686906814575,0.3161478638648987,0.6838521361351013
44.02404284477234,0.3163698613643646,0.683630108833313
44.03305578231812,0.31664884090423584,0.6833511590957642
44.035677671432495,0.3167300522327423,0.6832699775695801
44.04671859741211,0.317071795463562,0.682928204536438
44.05111575126648,0.31720784306526184,0.6827921867370605
44.05721569061279,0.3173965513706207,0.6826034784317017
44.06086874008179,0.3175095021724701,0.6824904680252075
44.06878352165222,0.31775397062301636,0.6822460293769836
44.06967759132385,0.31778159737586975,0.6822184324264526
44.07682943344116,0.31800219416618347,0.6819978356361389
44.08521580696106,0.31826052069664,0.6817395091056824
44.08526587486267,0.30198997259140015,0.6980100274085999
44.08686876296997,0.32463833689689636,0.675361692905426
44.09818124771118,0.3206607401371002,0.6793392300605774
44.09967589378357,0.35162320733070374,0.6483767628669739
44.10768485069275,0.3522428274154663,0.6477571725845337
44.11769199371338,0.3530252277851105,0.6469747424125671
44.12021565437317,0.3532237708568573,0.6467762589454651
44.12886905670166,0.3539092242717743,0.6460908055305481
44.132675886154175,0.35421282052993774,0.6457871794700623
44.13613605499268,0.35448989272117615,0.6455101370811462
44.14198064804077,0.3549552261829376,0.6450448036193848
44.153156042099,0.3558741509914398,0.6441258192062378
44.15621542930603,0.3561505377292633,0.6438494920730591
44.156733751297,0.330241858959198,0.669758141040802
44.15886878967285,0.32792356610298157,0.672076404094696
44.16067576408386,0.32791075110435486,0.6720892190933228
44.1680760383606,0.32785937190055847,0.6721405982971191
44.18390607833862,0.3277636468410492,0.6722363233566284
44.18786835670471,0.3277369439601898,0.6722630858421326
44.19121551513672,0.3277134299278259,0.6722865700721741
44.1991126537323,0.32765454053878784,0.6723454594612122
44.203675270080566,0.3276183605194092,0.6723816394805908
44.21231245994568,0.3275456130504608,0.6724543571472168
44.219215393066406,0.3274834156036377,0.6725166440010071
44.22488498687744,0.32742777466773987,0.6725722551345825
44.22886824607849,0.3273775279521942,0.6726224422454834
44.23167538642883,0.3273414075374603,0.6726586222648621
44.23233699798584,0.3273327946662903,0.6726672053337097
44.24188184738159,0.34688565135002136,0.653114378452301
44.24721550941467,0.31788015365600586,0.6821198463439941
44.25786805152893,0.3174382448196411,0.6825617551803589
44.25967526435852,0.3173617124557495,0.6826383471488953
44.26076054573059,0.31731554865837097,0.6826844215393066
44.26343774795532,0.3172008991241455,0.6827991604804993
44.28164386749268,0.31635212898254395,0.683647871017456
44.28408861160278,0.39198997616767883,0.6080100536346436
44.28921556472778,0.35138675570487976,0.6486132740974426
44.29287052154541,0.35142895579338074,0.6485710144042969
44.29940605163574,0.35150301456451416,0.6484969854354858
44.30067300796509,0.35151728987693787,0.6484827399253845
44.312867879867554,0.3517734706401825,0.6482264995574951
44.31721544265747,0.35187289118766785,0.6481270790100098
44.3278706073761,0.3521150052547455,0.6478849649429321
44.32867312431336,0.3521331548690796,0.6478668451309204
44.33229327201843,0.32332563400268555,0.6766743659973145
44.33299684524536,0.33156290650367737,0.6684370636940002
44.345213651657104,0.33119967579841614,0.6688003540039062
44.356881856918335,0.33083879947662354,0.6691612005233765
44.363518476486206,0.39776939153671265,0.6022306680679321
44.36487054824829,0.36903515458106995,0.6309648156166077
44.37267303466797,0.36917272210121155,0.6308272480964661
44.38091039657593,0.36931583285331726,0.6306841969490051
44.387213706970215,0.36943718791007996,0.6305628418922424
44.39147186279297,0.3695620894432068,0.6304379105567932
44.391868591308594,0.3695736527442932,0.6304263472557068
44.39967250823975,0.36980199813842773,0.6301980018615723
44.40662837028504,0.3348786532878876,0.6651213765144348
44.41508936882019,0.32797959446907043,0.6720203757286072
44.41521382331848,0.32797178626060486,0.6720282435417175
44.42236304283142,0.38669776916503906,0.6133022308349609
44.427868604660034,0.3230413794517517,0.6769586205482483
44.42967247962952,0.32290181517601013,0.6770981550216675
44.430288314819336,0.3783927261829376,0.62160724401474
44.4412362575531,0.3171810209751129,0.6828189492225647
44.45210695266724,0.36981603503227234,0.63018399477005
44.457215547561646,0.325274258852005,0.6747257113456726
44.462868452072144,0.3249150514602661,0.6750849485397339
44.464672565460205,0.3247998356819153,0.6752001643180847
44.46544551849365,0.32475027441978455,0.6752497553825378
44.46822118759155,0.3245719075202942,0.6754280924797058
44.47770404815674,0.34956416487693787,0.6504358053207397
44.48621559143066,0.30205318331718445,0.6979467868804932
44.48964858055115,0.301705926656723,0.6982940435409546
44.49186944961548,0.30148038268089294,0.6985196471214294
44.50167346000672,0.3004772663116455,0.6995227336883545
44.50448703765869,0.30018702149391174,0.6998130083084106
44.51291751861572,0.2862156927585602,0.7137842774391174
44.5152153968811,0.2652509808540344,0.7347490191459656
44.52686929702759,0.26346510648727417,0.7365348935127258
44.5296733379364,0.26303261518478394,0.7369673848152161
44.53650212287903,0.2619747519493103,0.7380253076553345
44.54752707481384,0.2602598965167999,0.7397401332855225
44.556215047836304,0.25890102982521057,0.741098940372467
44.55686926841736,0.2587983012199402,0.7412016987800598
44.56631898880005,0.2573082745075226,0.7426917552947998
44.566673278808594,0.25725212693214417,0.7427479028701782
44.58163094520569,0.25486940145492554,0.7451305985450745
44.58521485328674,0.2542942762374878,0.7457057237625122
44.5908682346344,0.25338369607925415,0.7466163635253906
44.59791827201843,0.2522426247596741,0.7477573752403259
44.59967517852783,0.2519572675228119,0.7480427026748657
44.60512733459473,0.2510693669319153,0.7489306330680847
44.6190619468689,0.2487836480140686,0.7512164115905762
44.62786817550659,0.24732711911201477,0.7526728510856628
44.62821507453919,0.24726957082748413,0.7527304291725159
44.6310453414917,0.2777690291404724,0.7222309708595276
44.63367486000061,0.28122344613075256,0.718776524066925
44.646045207977295,0.27186739444732666,0.7281326651573181
44.65521407127381,0.3018726408481598,0.6981273293495178
44.65609526634216,0.30180373787879944,0.698196291923523
44.66186833381653,0.30135199427604675,0.6986480355262756
44.66503190994263,0.34846800565719604,0.651531994342804
44.67067503929138,0.30286869406700134,0.6971312761306763
44.67446208000183,0.3026023805141449,0.6973975896835327
44.6824643611908,0.30200523138046265,0.6979947686195374
44.69121408462525,0.30132099986076355,0.6986790299415588
44.69187307357788,0.3012692928314209,0.6987307071685791
44.69967579841614,0.30065712332725525,0.6993428468704224
44.70181632041931,0.3004889488220215,0.6995110511779785
44.71921396255493,0.2990838885307312,0.7009161710739136
44.72152876853943,0.2988946735858917,0.7011052966117859
44.72687292098999,0.2984570264816284,0.7015430331230164
44.734675884246826,0.2978161871433258,0.7021837830543518
44.73664617538452,0.29765406250953674,0.7023459672927856
44.75521445274353,0.29611891508102417,0.7038810849189758
44.75528526306152,0.29611313343048096,0.703886866569519
44.76078939437866,0.29565563797950745,0.7043443918228149
44.7618727684021,0.2955654561519623,0.7044345140457153
44.767483949661255,0.2950778305530548,0.7049221992492676
44.77067589759827,0.29479894042015076,0.7052010893821716
44.783766746521,0.29365018010139465,0.7063498497009277
44.78921437263489,0.29344531893730164,0.7065547108650208
44.79652380943298,0.29318907856941223,0.7068108916282654
44.79686951637268,0.29317691922187805,0.7068231105804443
44.79967665672302,0.2930792272090912,0.7069207429885864
44.80466175079346,0.3253501355648041,0.6746498346328735
44.817869424819946,0.31745585799217224,0.6825441122055054
44.82521438598633,0.31718167662620544,0.6828183531761169
44.82554745674133,0.31716927886009216,0.6828306913375854
44.82669305801392,0.277752548456192,0.7222474217414856
44.83467626571655,0.3257457911968231,0.6742542386054993
44.8503885269165,0.32583993673324585,0.6741600632667542
44.86021327972412,0.32590702176094055,0.6740930080413818
44.86086940765381,0.3259117305278778,0.6740882992744446
44.86180138587952,0.3259184658527374,0.6740815043449402
44.87167644500733,0.3259930908679962,0.6740069389343262
44.87481880187988,0.32601818442344666,0.6739818453788757
44.88398289680481,0.3260946571826935,0.6739053726196289
44.88821315765381,0.32613179087638855,0.6738682389259338
44.88886952400208,0.3261375427246094,0.6738624572753906
44.89336705207825,0.32399359345436096,0.6760063767433167
44.89858412742615,0.30477622151374817,0.6952238082885742
44.900675535202026,0.3046458065509796,0.695354163646698
44.91129088401794,0.3039829730987549,0.6960170269012451
44.91721320152283,0.30361345410346985,0.6963865756988525
44.91786956787109,0.3035723567008972,0.6964277029037476
44.92816424369812,0.30292361974716187,0.6970763802528381
44.935675859451294,0.30244532227516174,0.6975546479225159
44.9361743927002,0.3024134635925293,0.6975865364074707
44.95300960540772,0.30132579803466797,0.698674201965332
44.958158016204834,0.3009890019893646,0.699010968208313
44.95921158790589,0.30091989040374756,0.6990801692008972
44.95986986160278,0.30087655782699585,0.6991234421730042
44.97087454795837,0.3225555717945099,0.6774443984031677
44.971675872802734,0.27953776717185974,0.7204622030258179
44.98269605636597,0.2788940370082855,0.7211059927940369
44.985506772995,0.27872908115386963,0.7212709188461304
44.98721170425415,0.2786288857460022,0.7213711142539978
44.989866495132446,0.2784728407859802,0.7215272188186646
44.99167513847351,0.2783663272857666,0.7216337323188782
44.99860405921936,0.36758318543434143,0.6324167847633362
44.99873208999634,0.29543593525886536,0.704564094543457
45.01521158218384,0.294856995344162,0.7051430344581604
45.01686644554138,0.29479971528053284,0.7052003145217896
45.02616453170776,0.3704623878002167,0.6295375823974609
45.03323006629944,0.30862942337989807,0.6913705468177795
45.04067516326904,0.3084716200828552,0.6915283799171448
45.04166865348816,0.3084508180618286,0.6915491819381714
45.05348300933838,0.30820736289024353,0.6917926669120789
45.0572144985199,0.3081320524215698,0.6918679475784302
45.05886650085449,0.3080989420413971,0.6919010281562805
45.06167507171631,0.3080430328845978,0.6919569969177246
45.0701310634613,0.30787748098373413,0.6921225190162659
45.08621454238892,0.3075816333293915,0.6924183964729309
45.08758544921875,0.3153221011161804,0.6846778988838196
45.08786725997925,0.3026581108570099,0.6973418593406677
45.09267210960388,0.3024711608886719,0.6975288391113281
45.09477996826172,0.3023892939090729,0.6976107358932495
45.11081099510193,0.3855465352535248,0.6144534349441528
45.115214586257935,0.31366804242134094,0.6863319873809814
45.12630653381348,0.3133484423160553,0.6866515874862671
45.13086724281311,0.3132185637950897,0.6867814660072327
45.14167189598084,0.31291428208351135,0.6870856881141663
45.1517333984375,0.2729332447052002,0.7270667552947998
45.156214237213135,0.2720114588737488,0.7279885411262512
45.15786743164063,0.2718130350112915,0.7281869649887085
45.1606719493866,0.2714764177799225,0.7285235524177551
45.16781878471375,0.27061688899993896,0.7293831706047058
45.169464349746704,0.3119048774242401,0.6880950927734375
45.18414831161499,0.3061741292476654,0.6938258409500122
45.18521404266357,0.23553000390529633,0.7644699811935425
45.18786835670471,0.23503415286540985,0.7649658918380737
45.194819688797,0.23373354971408844,0.7662664651870728
45.20367097854614,0.23207296431064606,0.7679270505905151
45.22021412849426,0.22895726561546326,0.7710427641868591
45.22286820411682,0.22845597565174103,0.7715440392494202
45.23167085647583,0.2269357591867447,0.7730642557144165
45.25521326065064,0.22350366413593292,0.7764963507652283
45.25886821746826,0.22297322750091553,0.7770267724990845
45.26167106628418,0.22256629168987274,0.7774337530136108
45.27724075317383,0.3314778804779053,0.6685221791267395
45.28687238693237,0.25966352224349976,0.740336537361145
45.29121327400208,0.2592303454875946,0.7407696843147278
45.2954375743866,0.2588086426258087,0.7411913871765137
45.301743030548096,0.2581787407398224,0.7418212294578552
45.30466675758362,0.25788983702659607,0.7421101927757263
45.323864459991455,0.3075975477695465,0.6924024224281311
45.326213121414185,0.25344836711883545,0.7465516328811646
45.32987236976624,0.2530119717121124,0.74698805809021
45.332666635513306,0.25267836451530457,0.7473216652870178
45.34672808647156,0.251011461019516,0.7489885687828064
45.34765338897705,0.2509015202522278,0.7490984797477722
45.35521745681763,0.2500016391277313,0.7499983906745911
45.355884313583374,0.2516710162162781,0.7483289837837219
45.35687232017517,0.24628965556621552,0.7537103891372681
45.36066675186157,0.24574729800224304,0.7542526721954346
45.368781328201294,0.24458444118499756,0.7554155588150024
45.380789279937744,0.2428557425737381,0.7571442723274231
45.38687086105347,0.2419767677783966,0.7580232620239258
45.38720893859863,0.24192792177200317,0.7580720782279968
45.38921785354614,0.2416369915008545,0.7583630084991455
45.39347624778748,0.24101951718330383,0.7589805126190186
45.4022388458252,0.23974567651748657,0.7602543234825134
45.40466618537903,0.2393919676542282,0.7606080770492554
45.41721725463867,0.23751549422740936,0.7624845504760742
45.42085099220276,0.2371375411748886,0.7628624439239502
45.42687106132507,0.23651093244552612,0.7634890675544739
45.43266606330872,0.23590752482414246,0.7640925049781799
45.43285608291626,0.2358880490064621,0.7641119360923767
45.44817066192627,0.23527255654335022,0.7647274136543274
45.4491183757782,0.3177127540111542,0.6822872757911682
45.45921850204468,0.312612920999527,0.6873871088027954
45.46166610717773,0.3124658167362213,0.6875342130661011
45.4624285697937,0.31241998076438904,0.6875799894332886
45.462871074676514,0.31239330768585205,0.687606692314148
45.46986031532288,0.36653149127960205,0.633468508720398
45.48192286491394,0.3064245879650116,0.693575382232666
45.487218618392944,0.30619016289711,0.6938098669052124
45.49087047576904,0.30602824687957764,0.6939717531204224
45.496744871139526,0.30576735734939575,0.6942326426506042
45.50266885757446,0.30550357699394226,0.6944963932037354
45.50659894943237,0.30532827973365784,0.6946716904640198
45.51241683959961,0.3050682842731476,0.6949317455291748
45.51521849632263,0.3049428164958954,0.695057213306427
45.52193737030029,0.304641455411911,0.6953585147857666
45.52687048912048,0.3044196367263794,0.6955803632736206
45.53166890144348,0.3042033016681671,0.6957967281341553
45.54106259346008,0.30377864837646484,0.6962213516235352
45.552446126937866,0.3032614290714264,0.6967385411262512
45.55721616744995,0.3030439019203186,0.6969561576843262
45.5606689453125,0.30288612842559814,0.6971138715744019
45.56091046333313,0.30287501215934753,0.6971250176429749
45.56287050247192,0.30278530716896057,0.6972147226333618
45.571609020233154,0.3024948835372925,0.6975051164627075
45.58521604537964,0.302521675825119,0.6974782943725586
45.5885853767395,0.3025302588939667,0.6974697113037109
45.59182286262512,0.3198499381542206,0.6801500916481018
45.59686279296875,0.3443775475025177,0.6556224822998047
45.60266852378845,0.34445101022720337,0.6555489897727966
45.60339045524597,0.3033975064754486,0.696602463722229
45.606019735336304,0.3507121503353119,0.6492878794670105
45.61886286735535,0.3511039912700653,0.6488959789276123
45.620216369628906,0.35114187002182007,0.6488581299781799
45.62855005264282,0.3513777554035187,0.6486222147941589
45.63166832923889,0.35146746039390564,0.6485325694084167
45.645320892333984,0.3519653379917145,0.6480346918106079
45.65521335601807,0.3523962199687958,0.6476038098335266
45.66086292266846,0.35264691710472107,0.6473530530929565
45.66166853904724,0.3526829481124878,0.6473170518875122
45.66230297088623,0.35271134972572327,0.6472886800765991
45.66419076919556,0.35279613733291626,0.6472039222717285
45.67366147041321,0.33722054958343506,0.6627794504165649
45.68027663230896,0.3291049301624298,0.6708950400352478
45.69067072868347,0.32872870564460754,0.6712713241577148
45.69121336936951,0.32870882749557495,0.671291172504425
45.69746685028076,0.32853326201438904,0.6714667677879333
45.69786357879639,0.32853826880455017,0.6714617609977722
45.7178635597229,0.328797847032547,0.6712021827697754
45.7192132472992,0.32881587743759155,0.6711841225624084
45.72096586227417,0.32883939146995544,0.6711605787277222
45.73177933692932,0.32901933789253235,0.67098069190979
45.73567080497742,0.3291202485561371,0.6708797812461853
45.74466180801392,0.32936790585517883,0.6706320643424988
45.74904823303223,0.32949066162109375,0.6705093383789062
45.75520920753479,0.3296651840209961,0.6703348755836487
45.76286387443543,0.3298856317996979,0.6701143980026245
45.76500725746155,0.3492638170719147,0.6507361531257629
45.770670652389526,0.3237858712673187,0.6762141585350037
45.777628660202026,0.3237262964248657,0.6762737035751343
45.78410768508911,0.3236705958843231,0.6763294339179993
45.7876558303833,0.4411531984806061,0.5588468313217163
45.78920912742615,0.3889208436012268,0.6110791563987732
45.78986382484436,0.38896751403808594,0.6110324859619141
45.79167103767395,0.38909634947776794,0.6109036207199097
45.797603130340576,0.38951733708381653,0.6104826331138611
45.80087924003601,0.38974729180336,0.6102527379989624
45.810741901397705,0.3904421329498291,0.6095578670501709
45.81886386871338,0.3910173177719116,0.6089826822280884
45.82175946235657,0.39122310280799866,0.608776867389679
45.82520914077759,0.3914685547351837,0.6085314154624939
45.83169388771057,0.385425329208374,0.6145747303962708
45.83467102050781,0.3830315172672272,0.6169684529304504
45.848344802856445,0.38367655873298645,0.6163234114646912
45.857571840286255,0.4531565308570862,0.5468435287475586
45.85986399650574,0.3915913999080658,0.6084085702896118
45.86020803451538,0.3916141390800476,0.6083858609199524
45.871670961380005,0.39226600527763367,0.607733964920044
45.87522411346436,0.3923586308956146,0.6076413989067078
45.88802146911621,0.39290836453437805,0.6070916056632996
45.88820815086365,0.3929175138473511,0.6070824861526489
45.89066696166992,0.39303848147392273,0.6069615483283997
45.890864610672,0.39304813742637634,0.606951892375946
45.89742851257324,0.3378829061985016,0.6621171236038208
45.89939403533936,0.3496803045272827,0.6503196954727173
45.90990805625916,0.38126906752586365,0.618730902671814
45.916208028793335,0.31040969491004944,0.689590334892273
45.91786456108093,0.31023168563842773,0.6897683143615723
45.924126863479614,0.36872583627700806,0.6312741637229919
45.93266677856445,0.292489618062973,0.7075104117393494
45.93717193603516,0.365676611661911,0.6343233585357666
45.93759608268738,0.3345215916633606,0.6654784083366394
45.950679779052734,0.3337264358997345,0.6662735342979431
45.95920705795288,0.3331991732120514,0.666800856590271
45.95986461639404,0.33315810561180115,0.6668418645858765
45.960665464401245,0.33310821652412415,0.6668917536735535
45.96166706085205,0.33304569125175476,0.6669543385505676
45.97078466415405,0.392147958278656,0.6078521013259888
45.97960686683655,0.3290087878704071,0.6709912419319153
45.98720645904541,0.3284932076931,0.6715068221092224
45.98865461349487,0.3283942639827728,0.6716057062149048
45.98886489868164,0.3283798396587372,0.6716201305389404
45.990665435791016,0.32825639843940735,0.671743631362915
45.99757218360901,0.3359866440296173,0.6640133857727051
46.0083863735199,0.32371634244918823,0.6762836575508118
46.01520705223084,0.32315224409103394,0.6768478155136108
46.01986479759216,0.32276368141174316,0.6772363185882568
46.020631313323975,0.3226994574069977,0.6773005127906799
46.0316653251648,0.3217666745185852,0.6782333254814148
46.03450465202332,0.32152417302131653,0.6784758567810059
46.0408399105072,0.3209792971611023,0.6790207028388977
46.04638195037842,0.32049840688705444,0.6795015931129456
46.05720543861389,0.31954801082611084,0.6804519891738892
46.05986499786377,0.31931206583976746,0.6806879043579102
46.061665296554565,0.319151908159256,0.6808481216430664
46.06412315368652,0.3189326524734497,0.6810673475265503
46.08553981781006,0.3170200288295746,0.6829800009727478
46.08620524406433,0.31695976853370667,0.683040201663971
46.090867042541504,0.31653645634651184,0.6834635138511658
46.10327935218811,0.3043285608291626,0.6956714391708374
46.10466289520264,0.3234456777572632,0.6765543222427368
46.11405205726624,0.2998574674129486,0.7001425623893738
46.11520552635193,0.3486618399620056,0.6513381600379944
46.12162375450134,0.34846800565719604,0.651531994342804
46.13186693191528,0.348156601190567,0.6518434286117554
46.13194966316223,0.3883233070373535,0.6116767525672913
46.13266277313232,0.36139819025993347,0.6386017799377441
46.14450979232788,0.36122581362724304,0.6387741565704346
46.15283942222595,0.36110424995422363,0.6388957500457764
46.15620446205139,0.3610551357269287,0.6389448642730713
46.15986704826355,0.3610017001628876,0.6389983296394348
46.16066288948059,0.3609899580478668,0.6390100121498108
46.16276478767395,0.3609592616558075,0.6390407085418701
46.173419713974,0.3608029782772064,0.6391969919204712
46.18520474433899,0.360629677772522,0.639370322227478
46.18595337867737,0.3606186807155609,0.6393812894821167
46.18886566162109,0.36057567596435547,0.6394243240356445
46.194313049316406,0.3604951798915863,0.6395048499107361
46.20166301727295,0.3603862226009369,0.6396138072013855
46.20492124557495,0.36033785343170166,0.6396621465682983
46.207436084747314,0.36030033230781555,0.6396996378898621
46.21879267692566,0.3601308763027191,0.6398691534996033
46.22820472717285,0.35998955368995667,0.6400104761123657
46.22986578941345,0.3599645793437958,0.6400353908538818
46.23002552986145,0.3599621653556824,0.6400378346443176
46.23166298866272,0.359937459230423,0.6400625109672546
46.24473118782044,0.37832796573638916,0.6216720342636108
46.249330043792725,0.3465508818626404,0.6534491181373596
46.25620341300965,0.40434131026268005,0.5956587195396423
46.26066303253174,0.4045496881008148,0.5954502820968628
46.260865688323975,0.4045591950416565,0.5954408645629883
46.260889530181885,0.4045603573322296,0.5954396724700928
46.27021360397339,0.405001699924469,0.5949983596801758
46.28049826622009,0.4054970443248749,0.5945029854774475
46.29120326042175,0.4061012268066406,0.5938988327980042
46.2928671836853,0.40620893239974976,0.593791127204895
46.29405212402344,0.4062858819961548,0.59371417760849
46.2988383769989,0.4065980911254883,0.5934019088745117
46.30165958404541,0.4067833423614502,0.5932166576385498
46.30983924865723,0.39337170124053955,0.6066282987594604
46.31920337677002,0.3634398579597473,0.6365602016448975
46.32786726951599,0.36299145221710205,0.637008547782898
46.32847046852112,0.3629600405693054,0.6370399594306946
46.333659410476685,0.3626886010169983,0.6373113989830017
46.34842038154602,0.36190563440322876,0.6380943655967712
46.35620212554932,0.3614863455295563,0.6385136842727661
46.36065936088562,0.36124417185783386,0.6387558579444885
46.3628671169281,0.361123651266098,0.6388763785362244
46.36297369003296,0.36111781001091003,0.6388822197914124
46.37648177146912,0.36031705141067505,0.639682948589325
46.39053535461426,0.3594408631324768,0.6405591368675232
46.391202211380005,0.35939890146255493,0.6406011581420898
46.39767861366272,0.35898879170417786,0.6410112380981445
46.39886665344238,0.35891324281692505,0.641086757183075
46.40266275405884,0.35867074131965637,0.6413292288780212
46.419092655181885,0.3581118881702423,0.6418880820274353
46.41920208930969,0.35811081528663635,0.6418891549110413
46.423770904541016,0.4084213078022003,0.5915787220001221
46.42649364471436,0.3490591049194336,0.6509408950805664
46.42686676979065,0.3490457832813263,0.6509541869163513
46.430662870407104,0.34891021251678467,0.6510897874832153
46.44243717193604,0.3484860062599182,0.6515140533447266
46.44289255142212,0.4390682578086853,0.5609317421913147
46.46086645126343,0.41499075293540955,0.5850092768669128
46.46120095252991,0.41499602794647217,0.5850039720535278
46.46166276931763,0.4150031805038452,0.5849968194961548
46.46822953224182,0.4151056408882141,0.5848943591117859
46.47821760177612,0.4152589440345764,0.5847410559654236
46.48786902427673,0.41539570689201355,0.5846043229103088
46.49120092391968,0.4154423773288727,0.5845575928688049
46.49650764465332,0.41308650374412537,0.586913526058197
46.496866941452026,0.39142897725105286,0.6085709929466248
46.50266408920288,0.39121150970458984,0.6087884902954102
46.50920605659485,0.39096248149871826,0.6090375185012817
46.52520084381104,0.39033713936805725,0.6096628308296204
46.52734613418579,0.4503081142902374,0.5496918559074402
46.5316641330719,0.428923100233078,0.5710768699645996
46.53186702728272,0.42892929911613464,0.5710707306861877
46.53707027435303,0.42908748984336853,0.5709125399589539
46.54720044136048,0.4293956458568573,0.5706043243408203
46.54853677749634,0.4294363558292389,0.5705636739730835
46.5598669052124,0.4297817051410675,0.5702182650566101
46.56066417694092,0.42980629205703735,0.5701937079429626
46.56260395050049,0.4298679530620575,0.5701320171356201
46.571478843688965,0.40810588002204895,0.5918941497802734
46.58597540855408,0.4687599241733551,0.5312401056289673
46.58820056915283,0.3965359330177307,0.6034640669822693
46.589338064193726,0.4602636992931366,0.539736270904541
46.58986806869507,0.3835221230983734,0.6164778470993042
46.602664947509766,0.3827004134654999,0.6172995567321777
46.61671495437622,0.3816641569137573,0.6183358430862427
46.61786794662476,0.38157278299331665,0.6184272170066833
46.62207865715027,0.4042126536369324,0.5957873463630676
46.63020062446594,0.40381982922554016,0.5961801409721375
46.63066506385803,0.40380755066871643,0.596192479133606
46.63332557678223,0.40373653173446655,0.5962634682655334
46.65176057815552,0.40323421359062195,0.5967658162117004
46.6581974029541,0.40305468440055847,0.5969453454017639
46.66086792945862,0.4029795229434967,0.5970205068588257
46.664616107940674,0.44865450263023376,0.5513454675674438
46.667664766311646,0.3977971076965332,0.6022028923034668
46.68549299240112,0.39708688855171204,0.6029131412506104
46.68619728088379,0.39705824851989746,0.6029417514801025
46.69001817703247,0.3969024121761322,0.6030975580215454
46.69186735153198,0.3968266546726227,0.6031733155250549
46.70003151893616,0.3883923292160034,0.6116076707839966
46.70166540145874,0.3884279131889343,0.6115720868110657
46.71379637718201,0.38757550716400146,0.6124244928359985
46.71986746788025,0.38714125752449036,0.612858772277832
46.72119736671448,0.3870454728603363,0.6129544973373413
46.72411823272705,0.38683411478996277,0.6131659150123596
46.73066544532776,0.386359840631485,0.6136401891708374
46.73192405700684,0.38626858592033386,0.6137314438819885
46.74080419540405,0.3856185972690582,0.6143813729286194
46.750316858291626,0.38491058349609375,0.6150894165039062
46.758193016052246,0.38431471586227417,0.6156852841377258
46.76186752319336,0.38403382897377014,0.6159661412239075
46.763283252716064,0.38392508029937744,0.6160749197006226
46.77166533470154,0.38327556848526,0.61672443151474
46.78100371360779,0.3825405240058899,0.6174594759941101
46.78519296646118,0.38220688700675964,0.6177931427955627
46.78986620903015,0.38183167576789856,0.618168294429779
46.79166555404663,0.31152865290641785,0.6884713172912598
46.79601907730103,0.34878009557724,0.65121990442276
46.80066895484924,0.40028613805770874,0.5997138619422913
46.81986618041992,0.40092214941978455,0.5990778207778931
46.81988453865051,0.400922954082489,0.5990771055221558
46.82158660888672,0.425935298204422,0.5740647315979004
46.83019304275513,0.4120257496833801,0.5879742503166199
46.83502411842346,0.412270724773407,0.587729275226593
46.83566904067993,0.41230353713035583,0.5876964926719666
46.8512966632843,0.41310712695121765,0.5868929028511047
46.856191873550415,0.41336217522621155,0.5866377949714661
46.8608660697937,0.4136153757572174,0.586384654045105
46.86939477920532,0.41421759128570557,0.5857824087142944
46.87166905403137,0.4143856465816498,0.5856143236160278
46.87347292900085,0.41451478004455566,0.5854852795600891
46.88519191741944,0.41539692878723145,0.5846031308174133
46.88877606391907,0.41567322611808777,0.5843268036842346
46.888866901397705,0.41568025946617126,0.5843197107315063
46.90066814422608,0.41660037636756897,0.5833995938301086
46.90157079696655,0.41667136549949646,0.5833286046981812
46.91148805618286,0.41745761036872864,0.582542359828949
46.92019200325012,0.4179805517196655,0.5820194482803345
46.92087435722351,0.41800692677497864,0.581993043422699
46.93195176124573,0.4184330105781555,0.5815669894218445
46.9328670501709,0.41846612095832825,0.5815338492393494
46.93666815757752,0.4186041057109833,0.5813959240913391
46.944477796554565,0.41888830065727234,0.58111172914505
46.95518732070923,0.41944530606269836,0.580554723739624
46.95934796333313,0.290833443403244,0.7091665863990784
46.95986700057984,0.30940189957618713,0.6905980706214905
46.966235876083374,0.31836920976638794,0.6816307902336121
46.9716682434082,0.2644938826560974,0.7355061173439026
46.9746458530426,0.2647455036640167,0.7352544665336609
46.98393106460571,0.26572731137275696,0.7342726588249207
46.989187240600586,0.26630958914756775,0.7336904406547546
46.98986506462097,0.2663849890232086,0.733614981174469
46.993112564086914,0.2667478919029236,0.7332521080970764
47.00066685676575,0.26759567856788635,0.7324042916297913
47.00715756416321,0.2683020532131195,0.7316979765892029
47.008800745010376,0.26848211884498596,0.7315179109573364
47.01786518096924,0.26948416233062744,0.7305158972740173
47.0239851474762,0.2314242720603943,0.7685757279396057
47.02418732643128,0.24004943668842316,0.759950578212738
47.03209328651428,0.23974546790122986,0.7602545022964478
47.03366684913635,0.23968751728534698,0.7603124976158142
47.051647663116455,0.23921820521354675,0.7607817649841309
47.0608651638031,0.2389761060476303,0.7610238790512085
47.06166696548462,0.23895475268363953,0.7610452771186829
47.06218576431274,0.23894090950489044,0.7610591053962708
47.06279158592224,0.23892469704151154,0.7610753178596497
47.07503581047058,0.23887762427330017,0.7611224055290222
47.08786606788635,0.23900528252124786,0.7609947323799133
47.094106674194336,0.23906683921813965,0.7609331607818604
47.09618592262268,0.23908734321594238,0.7609126567840576
47.096832036972046,0.23909364640712738,0.7609063982963562
47.10366773605347,0.23936358094215393,0.7606364488601685
47.116615533828735,0.22141145169734955,0.7785885334014893
47.12486624717712,0.20474374294281006,0.7952562570571899
47.12518572807312,0.20474816858768463,0.7952518463134766
47.12608933448792,0.20476055145263672,0.7952394485473633
47.132667779922485,0.2048521488904953,0.7951478362083435
47.13274168968201,0.20485323667526245,0.7951468229293823
47.14106369018555,0.3780538737773895,0.6219461560249329
47.147839069366455,0.2702236771583557,0.7297763228416443
47.15818238258362,0.27095893025398254,0.7290410399436951
47.15886616706848,0.2709999680519104,0.7290000319480896
47.16152858734131,0.27115973830223083,0.7288402915000916
47.17066764831543,0.27170729637145996,0.72829270362854
47.17801284790039,0.27214643359184265,0.7278535962104797
47.186182498931885,0.27274709939956665,0.7272529006004333
47.18960165977478,0.27301132678985596,0.726988673210144
47.19266867637634,0.27324312925338745,0.7267568707466125
47.19386339187622,0.273330420255661,0.7266695499420166
47.19655680656433,0.25646933913230896,0.7435306906700134
47.20678329467773,0.261170893907547,0.7388290762901306
47.21780014038086,0.38660919666290283,0.6133908033370972
47.22886347770691,0.28652098774909973,0.7134789824485779
47.23018264770508,0.28658825159072876,0.7134117484092712
47.23330116271973,0.2867470979690552,0.7132529616355896
47.23466873168945,0.2868322730064392,0.7131677269935608
47.24339318275452,0.2874303460121155,0.7125696539878845
47.25105142593384,0.24464647471904755,0.7553535103797913
47.25718307495117,0.2600577771663666,0.7399422526359558
47.25786328315735,0.26007112860679626,0.7399289011955261
47.259915828704834,0.2601114809513092,0.7398884892463684
47.26281023025513,0.29690295457839966,0.7030970454216003
47.26966857910156,0.24609510600566864,0.7539048194885254
47.27485346794128,0.2892909049987793,0.7107090950012207
47.28429079055786,0.23793263733386993,0.7620673775672913
47.28518295288086,0.23790112137794495,0.7620989084243774
47.29286289215088,0.23762288689613342,0.762377142906189
47.29578638076782,0.3430204689502716,0.6569795608520508
47.30466985702515,0.2977389693260193,0.7022610306739807
47.30527877807617,0.29776617884635925,0.7022337913513184
47.32018303871155,0.2984275817871094,0.7015724182128906
47.32034420967102,0.29843464493751526,0.7015653252601624
47.32875347137451,0.3226710557937622,0.6773289442062378
47.32886290550232,0.28838637471199036,0.711613655090332
47.33266997337341,0.28847575187683105,0.7115243077278137
47.34100294113159,0.28866812586784363,0.711331844329834
47.34289884567261,0.2887113094329834,0.7112887501716614
47.355180501937866,0.28898492455482483,0.7110150456428528
47.35709476470947,0.26643356680870056,0.7335664629936218
47.35786294937134,0.2742965817451477,0.7257034778594971
47.37067008018494,0.27419185638427734,0.7258082032203674
47.37477946281433,0.2741544842720032,0.7258455753326416
47.38770341873169,0.2740893065929413,0.7259106636047363
47.390180349349976,0.2740766108036041,0.7259233593940735
47.39433097839356,0.2740537226200104,0.725946307182312
47.39786744117737,0.27403295040130615,0.7259671092033386
47.40106248855591,0.27401313185691833,0.7259868383407593
47.40467071533203,0.2739894688129425,0.7260105013847351
47.41412806510925,0.27392131090164185,0.7260786890983582
47.41886758804321,0.27388375997543335,0.7261162996292114
47.42518067359924,0.27383020520210266,0.726169764995575
47.425479888916016,0.2738274931907654,0.7261725068092346
47.43467044830322,0.2737419903278351,0.7262580394744873
47.43492484092712,0.10729866474866867,0.8927013278007507
47.44117140769959,0.13692180812358856,0.8630781769752502
47.46117806434631,0.1444442719221115,0.8555557727813721
47.46167063713074,0.14446435868740082,0.855535626411438
47.46186757087708,0.14447236061096191,0.8555275797843933
47.46464776992798,0.14458584785461426,0.8554141521453857
47.47731018066406,0.197530135512352,0.8024698495864868
47.488142251968384,0.11597733944654465,0.88402259349823
47.48817849159241,0.11597904562950134,0.884020984172821
47.48886513710022,0.11601489037275314,0.883985161781311
47.49836993217468,0.11652471870183945,0.8834753036499023
47.50367498397827,0.11681152880191803,0.8831884860992432
47.51717805862427,0.11754900962114334,0.8824509978294373
47.517675161361694,0.11757634580135345,0.8824236989021301
47.51886487007141,0.117641881108284,0.8823581337928772
47.524460315704346,0.1179511696100235,0.8820488452911377
47.53553605079651,0.11856882274150848,0.8814312219619751
47.54067516326904,0.11885786056518555,0.8811421394348145
47.54717445373535,0.11915305256843567,0.8808469772338867
47.54923939704895,0.11923566460609436,0.880764365196228
47.55886507034302,0.11962146311998367,0.8803785443305969
47.56167507171631,0.11973437666893005,0.8802655935287476
47.57266497612,0.12017688900232315,0.8798230886459351
47.57433319091797,0.12024422734975815,0.8797557950019836
47.585158348083496,0.12068182229995728,0.8793182373046875
47.59017467498779,0.12093733251094818,0.8790626525878906
47.59067463874817,0.12096799910068512,0.8790320158004761
47.59386873245239,0.12116434425115585,0.8788356781005859
47.60395431518555,0.12178870290517807,0.8782113194465637
47.60954856872559,0.07616560906171799,0.9238343834877014
47.6251745223999,0.09767941385507584,0.9023205637931824
47.626781940460205,0.09886214882135391,0.9011378884315491
47.62986874580383,0.1161491721868515,0.8838508129119873
47.6326744556427,0.11641433835029602,0.8835856914520264
47.63830208778381,0.11695045232772827,0.8830495476722717
47.63955307006836,0.11707036942243576,0.8829296827316284
47.64918065071106,0.11800292134284973,0.8819971084594727
47.65476179122925,0.11855119466781616,0.8814488053321838
47.6578688621521,0.11885897815227509,0.8811410069465637
47.66167449951172,0.11923833191394806,0.8807616829872131
47.66217350959778,0.11928828805685043,0.8807117342948914
47.66591191291809,0.11966391652822495,0.8803361058235168
47.67897891998291,0.09193968772888184,0.9080603718757629
47.684974193573,0.08367870002985,0.9163212776184082
47.68917346000672,0.08372798562049866,0.9162720441818237
47.690385818481445,0.08374225348234177,0.9162577390670776
47.69167613983154,0.08375745266675949,0.9162425398826599
47.693867683410645,0.08378338813781738,0.9162166118621826
47.69464898109436,0.08379264920949936,0.9162073731422424
47.70056819915772,0.0838630348443985,0.9161369800567627
47.71201920509338,0.08400066941976547,0.9159993529319763
47.724690675735474,0.08416271954774857,0.915837287902832
47.72517347335816,0.08416956663131714,0.9158304929733276
47.72886776924133,0.08422212302684784,0.9157779216766357
47.73082447052002,0.08425003290176392,0.9157499074935913
47.74067616462708,0.08439195901155472,0.9156080484390259
47.744930028915405,0.0900828093290329,0.9099171757698059
47.74517035484314,0.0822649896144867,0.9177349805831909
47.75786781311035,0.08236053586006165,0.917639434337616
47.76067614555359,0.082383893430233,0.9176161289215088
47.761913776397705,0.08239421248435974,0.9176057577133179
47.76923489570618,0.08245540410280228,0.9175446033477783
47.772587060928345,0.150668665766716,0.8493313789367676
47.78230667114258,0.0696212649345398,0.9303787350654602
47.78917050361633,0.06974788755178452,0.9302521347999573
47.79105877876282,0.06978293508291245,0.9302170872688293
47.7928671836853,0.06981656700372696,0.9301834106445312
47.80367565155029,0.07001949101686478,0.9299805164337158
47.81617045402527,0.07026632130146027,0.9297336935997009
47.819748640060425,0.07035019248723984,0.929649829864502
47.82886719703674,0.07056617736816406,0.9294338226318359
47.83067560195923,0.07060941308736801,0.9293906092643738
47.83209586143494,0.07064341753721237,0.9293566346168518
47.8422954082489,0.0631926953792572,0.9368072748184204
47.85541343688965,0.058776795864105225,0.9412232637405396
47.85786724090576,0.058767374604940414,0.9412325620651245
47.86216926574707,0.05875082686543465,0.9412491917610168
47.86730813980103,0.1426999866962433,0.8573000431060791
47.87267565727234,0.06318002939224243,0.9368199706077576
47.87688684463501,0.06318581849336624,0.9368141889572144
47.88715839385986,0.06320057064294815,0.9367994070053101
47.88786745071411,0.06320163607597351,0.9367983937263489
47.88816905021668,0.06320206075906754,0.9367979764938354
47.901673316955566,0.06323429197072983,0.936765730381012
47.90378022193909,0.05912366881966591,0.9408763647079468
47.91161775588989,0.06277293711900711,0.9372270703315735
47.91716885566712,0.06276198476552963,0.9372380375862122
47.92386746406555,0.06274871528148651,0.9372512698173523
47.92967319488525,0.0627453401684761,0.9372546672821045
47.93216967582703,0.07860193401575089,0.9213980436325073
47.93509578704834,0.07728958129882812,0.9227104783058167
47.94385552406311,0.060510631650686264,0.9394894242286682
47.94746780395508,0.13468441367149353,0.8653156161308289
47.95986747741699,0.07706347107887268,0.9229365587234497
47.9601674079895,0.0770687386393547,0.9229312539100647
47.97167325019837,0.07727949321269989,0.9227204918861389
47.971675872802734,0.07727953046560287,0.9227204918861389
47.973592042922974,0.0773155465722084,0.9226844906806946
47.988293409347534,0.08787156641483307,0.9121284484863281
47.988868951797485,0.07591081410646439,0.9240891933441162
47.98916745185852,0.07591531425714493,0.9240847229957581
47.99649524688721,0.0760265588760376,0.9239734411239624
48.00167274475098,0.07609247416257858,0.9239075183868408
48.01271653175354,0.07623295485973358,0.9237670302391052
48.023869037628174,0.07637695223093033,0.9236230850219727
48.0241322517395,0.06982572376728058,0.9301742911338806
48.02516746520996,0.07448592782020569,0.9255141019821167
48.02893233299256,0.07451936602592468,0.9254806637763977
48.03067278862,0.0745348408818245,0.9254651665687561
48.04047226905823,0.07462263852357864,0.925377368927002
48.05076289176941,0.07471584528684616,0.925284206867218
48.059869050979614,0.07479926198720932,0.9252007603645325
48.060672760009766,0.07480665296316147,0.9251933693885803
48.06116986274719,0.07481122016906738,0.9251887798309326
48.07090258598328,0.07490143924951553,0.9250985980033875
48.08105540275574,0.07499660551548004,0.9250034093856812
48.08916974067688,0.07510581612586975,0.9248941540718079
48.09384679794312,0.07517184317111969,0.9248281121253967
48.093868017196655,0.07517214864492416,0.9248278737068176
48.10267376899719,0.07529772818088531,0.9247022867202759
48.10291624069214,0.07530121505260468,0.9246987700462341
48.123116970062256,0.15309782326221466,0.8469021916389465
48.12616968154907,0.09169922024011612,0.9083007574081421
48.12731504440308,0.13894210755825043,0.8610579371452332
48.128867864608765,0.11209868639707565,0.8879013061523438
48.13067388534546,0.11219661682844162,0.8878033757209778
48.14483833312988,0.11276411265134811,0.8872359395027161
48.14716720581055,0.11285549402236938,0.8871445059776306
48.147940158844,0.23570750653743744,0.7642925381660461
48.15675091743469,0.13354867696762085,0.8664513230323792
48.15886807441712,0.133595272898674,0.8664047718048096
48.16567373275757,0.13374562561511993,0.8662543892860413
48.16777324676514,0.1338307112455368,0.866169273853302
48.17405366897583,0.13414490222930908,0.8658551573753357
48.18484663963318,0.13482989370822906,0.8651701211929321
48.19016718864441,0.1352272927761078,0.8647727370262146
48.19186854362488,0.13535527884960175,0.8646447658538818
48.19282484054565,0.13542738556861877,0.8645726442337036
48.20067524909973,0.13602475821971893,0.8639752864837646
48.20290946960449,0.13619650900363922,0.863803505897522
48.22040009498596,0.13771723210811615,0.8622827529907227
48.22285985946655,0.13794998824596405,0.8620500564575195
48.2271671295166,0.1383604258298874,0.8616395592689514
48.22786855697632,0.13842767477035522,0.861572265625
48.22944140434265,0.13857874274253845,0.8614212870597839
48.23567533493042,0.13918237388134003,0.8608176112174988
48.23752236366272,0.13936281204223633,0.8606371879577637
48.25236654281616,0.14086678624153137,0.859133243560791
48.25616645812988,0.14127294719219208,0.8587270975112915
48.260483264923096,0.2388555109500885,0.7611444592475891
48.26286840438843,0.1553753912448883,0.8446246385574341
48.26467537879944,0.1555977165699005,0.8444022536277771
48.26838088035584,0.23731569945812225,0.7626842856407166
48.27695536613464,0.18228289484977722,0.8177170753479004
48.28516626358032,0.18324285745620728,0.8167571425437927
48.29086947441101,0.1841166466474533,0.8158833980560303
48.29345989227295,0.18451707065105438,0.8154829144477844
48.30167579650879,0.18580210208892822,0.8141979575157166
48.30451440811157,0.18625132739543915,0.8137486577033997
48.31538820266724,0.18795737624168396,0.8120426535606384
48.31910967826843,0.18854711949825287,0.8114528656005859
48.31986927986145,0.18866807222366333,0.8113319277763367
48.32016634941101,0.18871544301509857,0.811284601688385
48.33162307739258,0.1608586311340332,0.8391414284706116
48.335675954818726,0.1590588390827179,0.8409411311149597
48.34435534477234,0.15925858914852142,0.8407413959503174
48.356022119522095,0.15953251719474792,0.8404674530029297
48.3571617603302,0.15955963730812073,0.8404403328895569
48.36286926269531,0.15971136093139648,0.8402886390686035
48.365675926208496,0.15980157256126404,0.8401983976364136
48.378544092178345,0.16022169589996338,0.8397782444953918
48.386924028396606,0.16060659289360046,0.8393934369087219
48.38716173171997,0.16061794757843018,0.8393820524215698
48.389869689941406,0.1607474833726883,0.8392524719238281
48.39820146560669,0.16115058958530426,0.8388494253158569
48.40067672729492,0.16127170622348785,0.8387283086776733
48.40490627288818,0.1614800989627838,0.8385199308395386
48.41544151306152,0.1435331106185913,0.8564669489860535
48.41986966133118,0.12164748460054398,0.8783525228500366
48.42967653274536,0.12111598998308182,0.8788840174674988
48.43016171455383,0.12108959257602692,0.8789104223251343
48.44185256958008,0.12050045281648636,0.8794995546340942
48.44982933998108,0.28985798358917236,0.7101420164108276
48.460869789123535,0.1513119637966156,0.8486880660057068
48.46105647087097,0.15130400657653809,0.8486959934234619
48.46116399765015,0.1512993723154068,0.8487006425857544
48.47167658805847,0.15084755420684814,0.8491524457931519
48.47671365737915,0.15065734088420868,0.8493427038192749
48.48816394805908,0.15055114030838013,0.8494488596916199
48.48886966705322,0.15055017173290253,0.849449872970581
48.49084806442261,0.150547593832016,0.8494523763656616
48.50067758560181,0.150536447763443,0.8494635820388794
48.50833511352539,0.15052928030490875,0.8494707345962524
48.52131533622742,0.15052050352096558,0.8494794964790344
48.524943351745605,0.15562303364276886,0.8443769812583923
48.526164054870605,0.1369432508945465,0.8630567789077759
48.53086972236633,0.13676297664642334,0.8632369637489319
48.5336229801178,0.1366572082042694,0.863342821598053
48.535677671432495,0.13657815754413605,0.8634218573570251
48.54185891151428,0.3312310576438904,0.6687689423561096
48.547159910202026,0.2076263576745987,0.7923736572265625
48.55530953407288,0.20767349004745483,0.7923265099525452
48.5588698387146,0.2076931893825531,0.7923068404197693
48.56463313102722,0.20772412419319153,0.7922758460044861
48.56831932067871,0.1941034197807312,0.8058965802192688
48.570677757263184,0.20306676626205444,0.7969332933425903
48.578277349472046,0.20304065942764282,0.796959400177002
48.58886933326721,0.20299847424030304,0.7970015406608582
48.58915996551514,0.2029971480369568,0.7970028519630432
48.59167718887329,0.20298609137535095,0.7970138788223267
48.59464478492737,0.246405690908432,0.7535943388938904
48.6099841594696,0.24316570162773132,0.7568343281745911
48.61555790901184,0.19677762687206268,0.8032223582267761
48.62116003036499,0.19667759537696838,0.803322434425354
48.6254301071167,0.31331589818000793,0.6866840720176697
48.62886929512024,0.22345809638500214,0.7765418887138367
48.63467717170715,0.22343197464942932,0.7765680551528931
48.63955807685852,0.22340846061706543,0.7765915393829346
48.64393639564514,0.22338619828224182,0.7766138315200806
48.65186929702759,0.2233428657054901,0.7766571640968323
48.65354776382446,0.2528044879436493,0.7471955418586731
48.656158447265625,0.21794778108596802,0.782052218914032
48.66509819030762,0.21781912446022034,0.7821808457374573
48.66845202445984,0.21776936948299408,0.7822306156158447
48.6726770401001,0.21770530939102173,0.7822946906089783
48.677263259887695,0.2025308609008789,0.7974691390991211
48.68515849113464,0.21083319187164307,0.7891668081283569
48.68738317489624,0.2107785940170288,0.789221465587616
48.69168400764465,0.21066562831401825,0.7893343567848206
48.69187140464783,0.21066060662269592,0.7893394231796265
48.69903492927551,0.21046659350395203,0.7895334362983704
48.707905292510986,0.21021980047225952,0.7897801995277405
48.72015833854675,0.2098669409751892,0.7901330590248108
48.72025775909424,0.2098640501499176,0.7901359796524048
48.72887134552002,0.2096075415611267,0.7903925180435181
48.73265981674194,0.20949247479438782,0.7905075550079346
48.740684032440186,0.20924639701843262,0.7907536029815674
48.74343276023865,0.209162637591362,0.7908373475074768
48.75365567207336,0.20884467661380768,0.7911553382873535
48.757155656814575,0.20873355865478516,0.7912664413452148
48.75787138938904,0.20871074497699738,0.7912892699241638
48.7606840133667,0.2086203545331955,0.7913796305656433
48.76561665534973,0.30625802278518677,0.6937419772148132
48.772469997406006,0.28933945298194885,0.7106605768203735
48.779927253723145,0.2760750353336334,0.723924994468689
48.782156467437744,0.3777896463871002,0.6222103834152222
48.79115557670593,0.30342885851860046,0.6965711116790771
48.79286980628967,0.3034531772136688,0.6965468525886536
48.802523374557495,0.30358776450157166,0.696412205696106
48.80368375778198,0.30360376834869385,0.6963962316513062
48.81018805503845,0.303732305765152,0.6962677240371704
48.82715559005737,0.3044569194316864,0.6955430507659912
48.82805824279785,0.30449748039245605,0.6955025792121887
48.82886981964111,0.30454573035240173,0.6954542398452759
48.83168387413025,0.3047246038913727,0.6952754259109497
48.83183026313782,0.3047339916229248,0.6952660083770752
48.84083604812622,0.30534669756889343,0.6946532726287842
48.852436780929565,0.30627983808517456,0.6937201619148254
48.85615372657776,0.3065885007381439,0.6934114694595337
48.85786986351013,0.30673161149024963,0.6932684183120728
48.86068367958069,0.3069666624069214,0.6930333375930786
48.86233901977539,0.3071054220199585,0.6928945779800415
48.86394190788269,0.30723997950553894,0.6927599906921387
48.87262678146362,0.3079739212989807,0.6920260787010193
48.88515377044678,0.30904620885849,0.69095379114151
48.88551926612854,0.3090777099132538,0.6909223198890686
48.89287185668945,0.3097148835659027,0.6902850866317749
48.89453339576721,0.3098597228527069,0.6901402473449707
48.89986205101013,0.36828121542930603,0.6317187547683716
48.90368461608887,0.33050405979156494,0.6694959402084351
48.915406942367554,0.3638274073600769,0.6361725926399231
48.920153856277466,0.37427979707717896,0.625720202922821
48.929871559143066,0.37582963705062866,0.6241703629493713
48.93071413040161,0.3759649693965912,0.6240350008010864
48.93168449401856,0.3761211931705475,0.6238788366317749
48.93618845939636,0.3768487870693207,0.6231512427330017
48.94791913032532,0.37876591086387634,0.6212340593338013
48.95715117454529,0.3802972137928009,0.6197028160095215
48.95843505859375,0.3805117905139923,0.6194881796836853
48.95987153053284,0.38075223565101624,0.6192477941513062
48.96068453788757,0.38088855147361755,0.6191114783287048
48.97168397903442,0.382748007774353,0.617251992225647
48.97758865356445,0.33267033100128174,0.667329728603363
48.98515129089356,0.3547564446926117,0.6452435255050659
48.987871170043945,0.3549615740776062,0.6450384259223938
48.99431657791138,0.35544896125793457,0.6445510983467102
49.00068545341492,0.35593268275260925,0.6440672874450684
49.00416040420532,0.35619744658470154,0.6438025832176208
49.015092849731445,0.35703447461128235,0.64296555519104
49.026296854019165,0.357898473739624,0.642101526260376
49.028871059417725,0.35809794068336487,0.6419020295143127
49.02915120124817,0.3581196963787079,0.6418803334236145
49.03212857246399,0.3583507239818573,0.6416492462158203
49.03768539428711,0.35878339409828186,0.6412166357040405
49.04899501800537,0.30796337127685547,0.6920366287231445
49.05614924430847,0.2719067931175232,0.7280932068824768
49.05787086486816,0.2717297077178955,0.7282703518867493
49.05795979499817,0.2717204988002777,0.7282794713973999
49.06368541717529,0.271128386259079,0.7288715839385986
49.068185806274414,0.2706596851348877,0.7293403744697571
49.07449960708618,0.4145587086677551,0.5854412913322449
49.08514952659607,0.3501325249671936,0.6498674750328064
49.09287214279175,0.350204735994339,0.6497952938079834
49.10068655014038,0.3502753973007202,0.6497246623039246
49.12700939178467,0.35079270601272583,0.649207353591919
49.12787199020386,0.3508116900920868,0.6491882801055908
49.12814950942993,0.35081785917282104,0.649182140827179
49.133686542510986,0.35093972086906433,0.6490603089332581
49.13841199874878,0.3510434031486511,0.6489565968513489
49.15008354187012,0.3509426414966583,0.6490573287010193
49.15714645385742,0.3508084714412689,0.6491915583610535
49.1638720035553,0.35071733593940735,0.649282693862915
49.16968655586243,0.3507229685783386,0.6492770314216614
49.18514657020569,0.35072821378707886,0.6492717862129211
49.191871643066406,0.3507259786128998,0.6492739915847778
49.20568895339966,0.35091307759284973,0.6490869522094727
49.212663650512695,0.3143446743488312,0.6856552958488464
49.22437834739685,0.3302513659000397,0.6697486042976379
49.2288715839386,0.32994595170021057,0.670054018497467
49.22914671897888,0.32992714643478394,0.6700728535652161
49.23313665390015,0.43749043345451355,0.5625095963478088
49.233689069747925,0.3655392825603485,0.6344606876373291
49.24510312080383,0.365454763174057,0.6345452070236206
49.257150650024414,0.36543822288513184,0.6345617771148682
49.25723886489868,0.3654381036758423,0.6345618963241577
49.26387166976929,0.36545562744140625,0.6345443725585938
49.26883912086487,0.3278936743736267,0.6721063256263733
49.27068901062012,0.36422744393348694,0.6357725262641907
49.28042006492615,0.3638515770435333,0.6361483931541443
49.28615045547485,0.3636240065097809,0.6363760232925415
49.29109334945679,0.3958585560321808,0.6041414737701416
49.2928729057312,0.3493216633796692,0.6506783366203308
49.30468821525574,0.3485628366470337,0.6514371633529663
49.31318092346192,0.381487101316452,0.6185128688812256
49.31987285614014,0.3382466733455658,0.6617533564567566
49.32015085220337,0.3382199704647064,0.661780059337616
49.320290327072144,0.3382066488265991,0.6617933511734009
49.33343505859375,0.42800721526145935,0.5719927549362183
49.33368825912476,0.40254315733909607,0.5974568724632263
49.35011124610901,0.40296804904937744,0.5970320105552673
49.358147382736206,0.4031922221183777,0.5968077778816223
49.36187291145325,0.40329548716545105,0.5967044830322266
49.36725616455078,0.40344423055648804,0.596555769443512
49.36968803405762,0.403511106967926,0.596488893032074
49.3796501159668,0.38600215315818787,0.6139978766441345
49.38930368423462,0.3617311120033264,0.6382688879966736
49.389872789382935,0.361710786819458,0.638289213180542
49.39114737510681,0.3616653084754944,0.6383346915245056
49.39561676979065,0.36150476336479187,0.6384952664375305
49.39968943595886,0.3613569438457489,0.6386430859565735
49.40690755844116,0.3285515606403351,0.6714484095573425
49.41551423072815,0.3255304992198944,0.674469530582428
49.41887307167053,0.32517343759536743,0.6748265624046326
49.42468571662903,0.32455170154571533,0.6754482984542847
49.42714738845825,0.3242870569229126,0.6757129430770874
49.43468952178955,0.32347050309181213,0.6765295267105103
49.4364800453186,0.32327553629875183,0.6767244935035706
49.44005632400513,0.32288455963134766,0.6771154403686523
49.455188035964966,0.3211979568004608,0.6788020730018616
49.45614576339722,0.321088969707489,0.678911030292511
49.46087288856506,0.32054969668388367,0.6794503331184387
49.46364545822144,0.32023167610168457,0.6797683238983154
49.47168946266174,0.319303035736084,0.680696964263916
49.47455859184265,0.3189694583415985,0.6810305714607239
49.48514580726624,0.3177279233932495,0.6822720766067505
49.48612809181213,0.2942757308483124,0.70572429895401
49.48887395858765,0.32473841309547424,0.6752616167068481
49.49332237243652,0.3199302554130554,0.6800697445869446
49.49969100952149,0.3807564675807953,0.6192435026168823
49.50731253623962,0.3807051479816437,0.6192948818206787
49.51338076591492,0.39210596680641174,0.6078940033912659
49.517873764038086,0.3865506052970886,0.6134493947029114
49.52014589309693,0.386618047952652,0.6133819818496704
49.52649664878845,0.3868078291416168,0.6131922006607056
49.535691022872925,0.3870951235294342,0.6129048466682434
49.5371618270874,0.3871438801288605,0.6128561496734619
49.5452253818512,0.3874132037162781,0.6125867962837219
49.55714511871338,0.38774803280830383,0.6122519373893738
49.55714654922485,0.3877480924129486,0.6122519373893738
49.5598738193512,0.3878231346607208,0.6121768355369568
49.56545448303223,0.38797733187675476,0.6120226383209229
49.57069087028504,0.3881227672100067,0.6118772625923157
49.57622480392456,0.3882772922515869,0.6117227077484131
49.58414673805237,0.3884999752044678,0.6115000247955322
49.5898699760437,0.3886619806289673,0.6113380193710327
49.59009265899658,0.3886682689189911,0.6113317012786865
49.600690841674805,0.3890080749988556,0.610991895198822
49.60474848747253,0.38918647170066833,0.6108134984970093
49.61419200897217,0.3896056115627289,0.6103944182395935
49.62286996841431,0.3899954557418823,0.6100045442581177
49.630146741867065,0.3903258442878723,0.6096741557121277
49.63072347640991,0.3903521001338959,0.6096479296684265
49.63569092750549,0.3905795216560364,0.6094204783439636
49.64496064186096,0.3446265757083893,0.6553733944892883
49.65689992904663,0.35940343141555786,0.6405965685844421
49.65714502334595,0.3891892433166504,0.6108107566833496
49.65987014770508,0.38931775093078613,0.6106822490692139
49.66500234603882,0.38962802290916443,0.6103719472885132
49.67169094085693,0.3900355398654938,0.6099644899368286
49.67664694786072,0.39033961296081543,0.6096603870391846
49.68514513969421,0.3908653259277344,0.6091346740722656
49.68824577331543,0.3910585343837738,0.6089414954185486
49.68886756896973,0.3910972774028778,0.6089027523994446
49.69720959663391,0.3916209042072296,0.6083791255950928
49.701690673828125,0.3919186294078827,0.6080814003944397
49.70957732200623,0.39264190196990967,0.6073580980300903
49.717867374420166,0.39341315627098083,0.6065868735313416
49.71894073486328,0.36595436930656433,0.6340456604957581
49.72014498710632,0.3722650110721588,0.6277349591255188
49.72257685661316,0.3722209632396698,0.6277790069580078
49.73069047927856,0.3721562623977661,0.6278437376022339
49.73142623901367,0.35532286763191223,0.6446771621704102
49.74233913421631,0.3595329225063324,0.64046710729599
49.753225564956665,0.3595595061779022,0.6404404640197754
49.75514507293701,0.3595636487007141,0.6404363512992859
49.76086735725403,0.3593560457229614,0.6406440138816833
49.77269053459168,0.35886040329933167,0.6411396265029907
49.77389097213745,0.3588121235370636,0.6411879062652588
49.78773593902588,0.3585153818130493,0.6414846181869507
49.78986525535584,0.3584708273410797,0.6415291428565979
49.79014086723328,0.35846516489982605,0.6415348052978516
49.80058026313782,0.35824108123779297,0.641758918762207
49.80069065093994,0.3582386076450348,0.6417613625526428
49.80865931510925,0.35806897282600403,0.6419310569763184
49.818865060806274,0.3580257296562195,0.6419742703437805
49.82013368606568,0.3416202664375305,0.6583797335624695
49.825140714645386,0.3215504586696625,0.6784495711326599
49.83122324943543,0.3210447132587433,0.6789553165435791
49.83669066429138,0.3205857276916504,0.6794142723083496
49.84143686294556,0.3201839029788971,0.6798160672187805
49.8484354019165,0.43944135308265686,0.5605586171150208
49.86082100868225,0.3885641396045685,0.6114358901977539
49.860865116119385,0.3885670602321625,0.6114329695701599
49.86213874816895,0.38865232467651367,0.6113476753234863
49.86369037628174,0.38875627517700195,0.611243724822998
49.87579131126404,0.3895725905895233,0.6104273796081543
49.887123584747314,0.39020439982414246,0.6097955703735352
49.88886547088623,0.39024901390075684,0.6097509860992432
49.8891384601593,0.3902558982372284,0.6097440719604492
49.900689363479614,0.3905494809150696,0.6094505190849304
49.905125856399536,0.3906610310077667,0.6093389391899109
49.91020464897156,0.3789427578449249,0.6210572719573975
49.91786527633667,0.38213732838630676,0.6178627014160156
49.91796541213989,0.3821374475955963,0.6178625822067261
49.92413878440857,0.38213983178138733,0.6178601384162903
49.93076419830322,0.4556694030761719,0.5443306565284729
49.93368935585022,0.4022950232028961,0.5977050065994263
49.941133975982666,0.4024679362773895,0.5975320935249329
49.94937181472778,0.4028218686580658,0.5971781611442566
49.95347094535828,0.31362417340278625,0.6863757967948914
49.958019971847534,0.3224419355392456,0.6775580644607544
49.95886516571045,0.3223644196987152,0.6776356101036072
49.959134340286255,0.322339802980423,0.6776602268218994
49.961689472198486,0.3221052587032318,0.6778947710990906
49.97688055038452,0.3785693943500519,0.6214306354522705
49.98713445663452,0.3113919198513031,0.6886081099510193
49.98986458778381,0.3111002445220947,0.68889981508255
49.9923300743103,0.3762006461620331,0.6237993836402893
49.998565673828125,0.30576932430267334,0.6942306756973267
50.00469088554382,0.3050525188446045,0.6949475407600403
50.005115032196045,0.36307987570762634,0.636920154094696
50.02444529533386,0.35356438159942627,0.6464356184005737
50.027244091033936,0.35346174240112305,0.6465383172035217
50.02986454963684,0.3533652126789093,0.6466347575187683
50.030134439468384,0.3533552289009094,0.6466447710990906
50.03169107437134,0.35329777002334595,0.6467022895812988
50.05046105384827,0.38697466254234314,0.6130253672599792
50.057133436203,0.34783831238746643,0.6521616578102112
50.05786466598511,0.3478054702281952,0.6521945595741272
50.06009006500244,0.3477054536342621,0.6522945761680603
50.06069087982178,0.34767836332321167,0.6523216366767883
50.06796050071716,0.34734907746315,0.6526509523391724
50.08093953132629,0.33136895298957825,0.6686310172080994
50.08613324165344,0.331815630197525,0.6681843996047974
50.092692136764526,0.3313269019126892,0.6686730980873108
50.09386372566223,0.33124038577079773,0.6687596440315247
50.0945737361908,0.3311879336833954,0.6688120365142822
50.106812477111816,0.33025962114334106,0.6697403788566589
50.11513328552246,0.329604834318161,0.6703951954841614
50.115493059158325,0.32957637310028076,0.6704236268997192
50.12627816200256,0.3287166655063629,0.6712833642959595
50.12886357307434,0.32850873470306396,0.671491265296936
50.13469219207764,0.3280375897884369,0.6719623804092407
50.14468884468079,0.3271801769733429,0.6728197932243347
50.15334725379944,0.3263956308364868,0.6736043691635132
50.15613198280335,0.3261413872241974,0.673858642578125
50.15886354446411,0.32589107751846313,0.6741089820861816
50.163469076156616,0.3254670202732086,0.6745330095291138
50.16669225692749,0.32516881823539734,0.674831211566925
50.18236422538757,0.30607855319976807,0.6939214468002319
50.18413209915161,0.3576705753803253,0.6423294544219971
50.18803334236145,0.22573120892047882,0.7742688059806824
50.191861152648926,0.23718734085559845,0.7628126740455627
50.2006950378418,0.23692667484283447,0.7630733251571655
50.20198845863342,0.23688827455043793,0.7631117105484009
50.20617651939392,0.2994842827320099,0.7005156874656677
50.21956205368042,0.23643270134925842,0.763567328453064
50.21986103057861,0.23642729222774506,0.7635726928710938
50.227132081985474,0.23628652095794678,0.7637134790420532
50.23069500923157,0.23621341586112976,0.7637865543365479
50.236968755722046,0.23608407378196716,0.7639159560203552
50.24616169929504,0.23589292168617249,0.7641071081161499
50.255131006240845,0.23570458590984344,0.7642953991889954
50.258838176727295,0.23562611639499664,0.7643738985061646
50.26169514656067,0.2355654537677765,0.7644345760345459
50.26386117935181,0.23551928997039795,0.764480710029602
50.2703104019165,0.23538118600845337,0.7646188139915466
50.28234505653381,0.23512053489685059,0.7648795247077942
50.28986287117005,0.23495563864707947,0.7650443911552429
50.291131019592285,0.23492765426635742,0.7650723457336426
50.29304623603821,0.23488526046276093,0.7651147842407227
50.303701877594,0.23464781045913696,0.7653522491455078
50.31063771247864,0.2344912439584732,0.765508770942688
50.31986284255981,0.2342807501554489,0.7657192945480347
50.32224369049072,0.2342263162136078,0.7657736539840698
50.32513093948364,0.23416253924369812,0.7658374309539795
50.33170199394226,0.23401637375354767,0.7659836411476135
50.335139751434326,0.23393939435482025,0.7660605907440186
50.35413026809693,0.23368632793426514,0.7663136720657349
50.354952573776245,0.2672596275806427,0.7327404022216797
50.35768103599548,0.25733262300491333,0.7426673769950867
50.36070203781128,0.2476016730070114,0.7523983716964722
50.36086297035217,0.2476135790348053,0.7523864507675171
50.369561433792114,0.24826321005821228,0.7517368197441101
50.379826068878174,0.24904203414916992,0.7509580254554749
50.38813018798828,0.24968184530735016,0.750318169593811
50.38986325263977,0.2498164027929306,0.750183641910553
50.394803047180176,0.2502422034740448,0.7497578263282776
50.40370225906372,0.25102439522743225,0.7489756345748901
50.40435171127319,0.2510819733142853,0.7489179968833923
50.41613006591797,0.2517435550689697,0.7482564449310303
50.41786336898804,0.2518218159675598,0.7481781840324402
50.42136526107788,0.252013236284256,0.7479867935180664
50.42156100273132,0.2275473177433014,0.7724526524543762
50.432353258132935,0.23747806251049042,0.7625219821929932
50.43970227241516,0.23768028616905212,0.7623196840286255
50.44825458526611,0.23796097934246063,0.7620390057563782
50.45912861824036,0.23831750452518463,0.7616825103759766
50.45970225334168,0.23833632469177246,0.7616636753082275
50.45986342430115,0.2383415848016739,0.7616584300994873
50.46827793121338,0.2385091781616211,0.7614908218383789
50.47956728935242,0.23857228457927704,0.7614277005195618
50.48612880706787,0.238637313246727,0.7613626718521118
50.48786425590515,0.238680899143219,0.761319100856781
50.49601888656616,0.2388848513364792,0.7611150741577148
50.501556396484375,0.23902250826358795,0.7609775066375732
50.50170254707336,0.23902612924575806,0.7609739303588867
50.51449871063232,0.22313055396080017,0.7768694758415222
50.51512861251831,0.2328747659921646,0.7671252489089966
50.52286410331726,0.23286347091197968,0.7671365141868591
50.53142333030701,0.23284560441970825,0.7671543955802917
50.531702518463135,0.23284494876861572,0.7671550512313843
50.54254913330078,0.23281371593475342,0.7671862840652466
50.55416917800903,0.40007174015045166,0.5999282598495483
50.55612778663635,0.2848433554172516,0.7151566743850708
50.5588641166687,0.28514909744262695,0.714850902557373
50.55970239639282,0.2852429151535034,0.7147570848464966
50.56902503967285,0.2862924337387085,0.7137076258659363
50.57000112533569,0.28640294075012207,0.7135970592498779
50.58387804031372,0.28796640038490295,0.7120335698127747
50.58412766456604,0.2879943549633026,0.7120056748390198
50.58786368370056,0.2884140610694885,0.7115859389305115
50.60063767433167,0.28986117243766785,0.7101388573646545
50.60170412063599,0.28998276591300964,0.7100172638893127
50.61705493927002,0.23930269479751587,0.7606973052024841
50.62583088874817,0.2821832299232483,0.7178167700767517
50.6271276473999,0.282295823097229,0.717704176902771
50.62970399856568,0.2825199365615845,0.7174800634384155
50.62986373901367,0.28253382444381714,0.7174662351608276
50.643075466156006,0.4321271479129791,0.5678728818893433
50.65412378311157,0.31939980387687683,0.6806001663208008
50.65793061256409,0.31986239552497864,0.6801376342773438
50.65970396995544,0.32007846236228943,0.6799215078353882
50.65986371040344,0.3200978934764862,0.6799020767211914
50.6658833026886,0.3208337724208832,0.6791661977767944
50.67785596847534,0.221833735704422,0.7781662344932556
50.68412375450134,0.23042139410972595,0.7695785760879517
50.68887782096863,0.2300172746181488,0.7699827551841736
50.69386625289917,0.22959022223949432,0.7704097628593445
50.69986605644226,0.25931885838508606,0.7406811714172363
50.70070171356201,0.21306999027729034,0.7869300246238708
50.70545387268066,0.2514455318450928,0.7485544681549072
50.71912384033203,0.20354430377483368,0.7964557409286499
50.72048306465149,0.20338062942028046,0.7966194152832031
50.72886610031128,0.20236606895923615,0.797633945941925
50.72970175743103,0.20226436853408813,0.7977356314659119
50.73090505599976,0.308986634016037,0.6910133957862854
50.74871802330017,0.2581385672092438,0.7418614625930786
50.75512313842773,0.2577495872974396,0.742250382900238
50.75592350959778,0.25770071148872375,0.7422993183135986
50.76386618614197,0.25721171498298645,0.7427882552146912
50.77167654037476,0.28541067242622375,0.7145892977714539
50.77170181274414,0.25143158435821533,0.7485684752464294
50.778337717056274,0.25093647837638855,0.7490634918212891
50.78487753868103,0.25044330954551697,0.7495566606521606
50.78912305831909,0.2501204013824463,0.7498796582221985
50.79186701774597,0.2499103993177414,0.7500896453857422
50.79413461685181,0.2404688149690628,0.7595311999320984
50.799702167510986,0.2318039834499359,0.7681960463523865
50.81211590766907,0.2305205762386322,0.7694794535636902
50.82412314414978,0.22926023602485657,0.7707397937774658
50.82588815689087,0.22907355427742004,0.7709264755249023
50.82786703109741,0.22886359691619873,0.7711364030838013
50.83670210838318,0.227920264005661,0.7720797657966614
50.84347033500672,0.22719082236289978,0.7728092074394226
50.84512186050415,0.22701027989387512,0.7729896903038025
50.84727835655213,0.22677257657051086,0.7732273936271667
50.86186695098877,0.22514794766902924,0.7748520374298096
50.863702058792114,0.2249416559934616,0.7750583291053772
50.86529517173767,0.2247622311115265,0.7752377986907959
50.86963987350464,0.22427108883857727,0.7757289409637451
50.88704967498779,0.22227881848812103,0.7777211666107178
50.88712191581726,0.22227050364017487,0.7777295112609863
50.89186644554138,0.22172081470489502,0.7782792448997498
50.89270353317261,0.2216235250234604,0.7783764600753784
50.89587926864624,0.1808687150478363,0.8191313147544861
50.91062760353088,0.20706215500831604,0.7929378151893616
50.91512179374695,0.17666155099868774,0.8233383893966675
50.91886639595032,0.17644783854484558,0.823552131652832
50.92381238937378,0.17616459727287292,0.8238353729248047
50.92657804489136,0.2793632745742798,0.7206367254257202
50.932703256607056,0.17521929740905762,0.8247807025909424
50.9381263256073,0.17493553459644318,0.825064480304718
50.94871401786804,0.17437800765037537,0.8256219625473022
50.95712089538574,0.1739320009946823,0.8260679841041565
50.96386647224426,0.1735720932483673,0.8264279365539551
50.964826345443726,0.17352065443992615,0.8264793157577515
50.96541666984558,0.1734890639781952,0.8265109062194824
50.96570324897766,0.17347370088100433,0.8265262842178345
50.97265887260437,0.17309997975826263,0.8269000053405762
50.98576235771179,0.17239835858345032,0.8276016712188721
50.98712086677551,0.1723252683877945,0.8276747465133667
50.989869117736816,0.17217707633972168,0.8278229236602783
50.99323320388794,0.17199531197547913,0.8280046582221985
50.99970531463623,0.17164424061775208,0.8283557295799255
51.00382351875305,0.1714199185371399,0.8285800814628601
51.01412105560303,0.17085577547550201,0.8291442394256592
51.01644206047058,0.17072801291942596,0.8292720317840576
51.01986885070801,0.17053884267807007,0.8294611573219299
51.02503705024719,0.17024193704128265,0.8297580480575562
51.029705286026,0.16997100412845612,0.8300290107727051
51.03445386886597,0.19714725017547607,0.8028527498245239
51.04534983634949,0.2208554893732071,0.7791445255279541
51.05511498451233,0.17759940028190613,0.8224006295204163
51.05637335777283,0.17758949100971222,0.822410523891449
51.060868978500366,0.17756041884422302,0.8224395513534546
51.073705196380615,0.17752890288829803,0.8224710822105408
51.07497906684876,0.17752596735954285,0.8224740028381348
51.08763265609741,0.1774977743625641,0.8225022554397583
51.08887434005737,0.17749515175819397,0.8225048780441284
51.09011507034302,0.17749252915382385,0.8225075006484985
51.09424138069153,0.17748403549194336,0.8225160241127014
51.1017062664032,0.17746922373771667,0.8225308060646057
51.10553169250488,0.17747274041175842,0.8225272297859192
51.12012958526611,0.16454097628593445,0.8354589939117432
51.12511491775513,0.16693232953548431,0.8330676555633545
51.12742376327515,0.16684496402740479,0.8331550359725952
51.13187432289124,0.1666756421327591,0.8333243727684021
51.13306498527527,0.16663016378879547,0.8333698511123657
51.13370633125305,0.16660559177398682,0.8333944082260132
51.143768072128296,0.1662171483039856,0.8337829113006592
51.15374374389648,0.165825754404068,0.8341742157936096
51.15511250495911,0.16577154397964478,0.8342283964157104
51.15987467765808,0.165582075715065,0.8344179391860962
51.16374707221985,0.16543176770210266,0.8345682621002197
51.16970634460449,0.16525112092494965,0.8347489237785339
51.17687106132507,0.16530075669288635,0.8346992135047913
51.18811249732971,0.16545681655406952,0.8345432281494141
51.18887209892273,0.16546806693077087,0.8345319628715515
51.19155502319336,0.1682768315076828,0.8317232131958008
51.19902467727661,0.1609317660331726,0.8390682339668274
51.20570802688599,0.16089414060115814,0.8391058444976807
51.21246576309204,0.16086311638355255,0.8391368985176086
51.21611261367798,0.16084840893745422,0.8391515612602234
51.21718525886536,0.3512760102748871,0.6487239599227905
51.22635817527771,0.22063367068767548,0.7793663144111633
51.2285385131836,0.22077010571956635,0.7792298197746277
51.22887206077576,0.2207910269498825,0.7792090177536011
51.23370814323425,0.22109447419643402,0.7789055109024048
51.2360258102417,0.22124022245407104,0.778759777545929
51.24987196922302,0.2221156358718872,0.7778843641281128
51.25911140441895,0.22264516353607178,0.7773548364639282
51.2609498500824,0.22271209955215454,0.7772879600524902
51.2717080116272,0.2231023758649826,0.7768976092338562
51.27603006362915,0.1979282796382904,0.802071750164032
51.282541275024414,0.21363557875156403,0.7863644361495972
51.28611135482788,0.21377727389335632,0.7862227559089661
51.29070806503296,0.21395932137966156,0.7860406637191772
51.29187059402466,0.21400532126426697,0.7859947085380554
51.29862427711487,0.37210947275161743,0.6278905868530273
51.3151113986969,0.23030777275562286,0.7696922421455383
51.319870471954346,0.23045197129249573,0.7695480585098267
51.32163500785828,0.2305053323507309,0.7694947123527527
51.33042907714844,0.23076987266540527,0.7692301273345947
51.33270812034607,0.23083806037902832,0.7691619396209717
51.34649133682251,0.1820327192544937,0.8179672956466675
51.35171914100647,0.192577064037323,0.8074229955673218
51.3561110496521,0.19241242110729218,0.8075876235961914
51.36070799827576,0.19223818182945251,0.8077618479728699
51.361870527267456,0.19219382107257843,0.8078061938285828
51.361916065216064,0.20743995904922485,0.7925601005554199
51.369083881378174,0.19597654044628143,0.8040234446525574
51.37741947174072,0.15001825988292694,0.8499817848205566
51.38611102104187,0.1491977721452713,0.8508022427558899
51.38986897468567,0.14884082973003387,0.8511592149734497
51.40014886856079,0.27963733673095703,0.720362663269043
51.40370965003967,0.19735166430473328,0.8026483654975891
51.409343957901,0.19708076119422913,0.8029192686080933
51.41644477844238,0.1967359036207199,0.8032641410827637
51.41986894607544,0.19656813144683838,0.8034318685531616
51.42811107635498,0.19616073369979858,0.8038392663002014
51.4285614490509,0.23595397174358368,0.7640460133552551
51.43831014633179,0.19714397192001343,0.8028560876846313
51.43970966339111,0.19706638157367706,0.8029336333274841
51.44867157936096,0.19656553864479065,0.8034344911575317
51.45610952377319,0.19614429771900177,0.8038557171821594
51.4591269493103,0.20104417204856873,0.7989558577537537
51.4608690738678,0.19200091063976288,0.8079990148544312
51.46945810317993,0.1914304792881012,0.8085695505142212
51.46970987319946,0.19141361117362976,0.8085864186286926
51.48224925994873,0.19056692719459534,0.8094330430030823
51.48886966705322,0.19011351466178894,0.8098864555358887
51.49070954322815,0.1899866759777069,0.8100132942199707
51.49110984802246,0.18995895981788635,0.8100410103797913
51.50388932228088,0.1890680193901062,0.8109319806098938
51.508350133895874,0.18875300884246826,0.8112469911575317
51.51786971092224,0.18807406723499298,0.8119259476661682
51.52152061462402,0.18781128525733948,0.8121887445449829
51.52510952949524,0.18755148351192474,0.8124485015869141
51.53742790222168,0.18665006756782532,0.8133499026298523
51.53970956802368,0.18648144602775574,0.8135185837745667
51.5504138469696,0.18568308651447296,0.8143169283866882
51.5588698387146,0.18504412472248077,0.8149558901786804
51.56010866165161,0.18494990468025208,0.8150500655174255
51.560709714889526,0.18490412831306458,0.8150959014892578
51.57676863670349,0.23452714085578918,0.7654728293418884
51.5775830745697,0.17697523534297943,0.8230248093605042
51.58910846710205,0.17328232526779175,0.8267176747322083
51.59316945075989,0.17317575216293335,0.8268242478370667
51.59386587142944,0.17315742373466492,0.8268425464630127
51.60051798820496,0.2881854772567749,0.7118145227432251
51.603710651397705,0.18746007978916168,0.8125399351119995
51.61442971229553,0.18722669780254364,0.8127732872962952
51.61810851097107,0.18714597821235657,0.8128540515899658
51.622758626937866,0.18704333901405334,0.812956690788269
51.62986588478088,0.18688535690307617,0.8131146430969238
51.63171076774597,0.18684417009353638,0.8131558299064636
51.65679860115051,0.18627387285232544,0.8137261271476746
51.65910625457764,0.18622048199176788,0.8137795329093933
51.66071057319641,0.18618322908878326,0.8138167858123779
51.66278505325317,0.18613508343696594,0.8138649463653564
51.66386604309082,0.18610985577106476,0.8138901591300964
51.67335557937622,0.18588873744010925,0.8141112923622131
51.68417406082153,0.1856391876935959,0.8143608570098877
51.68710613250733,0.18557089567184448,0.8144291043281555
51.69286465644837,0.18543606996536255,0.8145639300346375
51.69611954689026,0.1853594034910202,0.8146405816078186
51.70070958137512,0.18525069952011108,0.8147493004798889
51.70178699493408,0.18522508442401886,0.8147749304771423
51.71510624885559,0.18490514159202576,0.8150948882102966
51.71581840515137,0.1848878711462021,0.8151121139526367
51.71986436843872,0.18478937447071075,0.8152106404304504
51.72907662391663,0.1845630705356598,0.8154368996620178
51.72970986366272,0.18454737961292267,0.8154526352882385
51.73678731918335,0.243498295545578,0.7565017342567444
51.75066804885864,0.26759645342826843,0.732403576374054
51.75547575950623,0.24648188054561615,0.7535181045532227
51.75710606575012,0.24654102325439453,0.7534590363502502
51.76186466217041,0.24671435356140137,0.7532856464385986
51.76664185523987,0.24688979983329773,0.7531102299690247
51.77170968055725,0.24707749485969543,0.752922534942627
51.77992987632752,0.2473852038383484,0.7526148557662964
51.78505444526672,0.2475791871547699,0.7524208426475525
51.78610610961914,0.24761919677257538,0.7523807883262634
51.78986191749573,0.2477625012397766,0.7522374987602234
51.79047107696533,0.24778588116168976,0.7522141337394714
51.799713134765625,0.24816389381885529,0.7518361210823059
51.81637787818909,0.2312089055776596,0.7687910795211792
51.817861795425415,0.2154330015182495,0.7845670580863953
51.818469524383545,0.21540424227714539,0.784595787525177
51.8271062374115,0.21499298512935638,0.7850070595741272
51.82871317863464,0.21491572260856628,0.7850842475891113
51.83102989196777,0.21480409801006317,0.7851958870887756
51.84462261199951,0.21414008736610413,0.7858599424362183
51.85510492324829,0.2136176973581314,0.7863823175430298
51.85976004600525,0.2133827805519104,0.7866172194480896
51.86086177825928,0.21332691609859467,0.7866730690002441
51.86471319198608,0.21313083171844482,0.7868692278862
51.86990261077881,0.21286457777023315,0.7871353626251221
51.877192735672,0.2124868482351303,0.7875131368637085
51.88607382774353,0.30022910237312317,0.6997709274291992
51.88886141777039,0.23415733873844147,0.7658426761627197
51.89010500907898,0.23406513035297394,0.7659348845481873
51.89873600006104,0.23342007398605347,0.7665799260139465
51.90171098709106,0.23319551348686218,0.7668045163154602
51.91049265861511,0.23254413902759552,0.7674558758735657
51.91550016403198,0.3937373161315918,0.606262743473053
51.91886138916016,0.3222584128379822,0.6777415871620178
51.919105052948,0.32227247953414917,0.6777275800704956
51.92642617225647,0.32269513607025146,0.6773048639297485
51.9287109375,0.32282721996307373,0.6771727800369263
51.93814992904663,0.32337406277656555,0.6766259670257568
51.951085805892944,0.3241499662399292,0.6758500337600708
51.95511054992676,0.32440298795700073,0.6755970120429993
51.95786142349243,0.3245760500431061,0.6754239797592163
51.96512484550476,0.3250525891780853,0.6749473810195923
51.96571087837219,0.3250919580459595,0.6749081015586853
51.968260049819946,0.30712684988975525,0.6928731799125671
51.98148560523987,0.309812992811203,0.6901870369911194
51.990110635757446,0.3099936246871948,0.69000643491745
51.99286389350891,0.3100506067276001,0.6899493932723999
51.99759125709534,0.42612195014953613,0.5738781094551086
51.99971032142639,0.36022913455963135,0.6397708654403687
52.01027464866638,0.36108145117759705,0.6389185190200806
52.02611064910889,0.3624427914619446,0.6375572085380554
52.02778434753418,0.36259350180625916,0.6374065279960632
52.0298638343811,0.362780898809433,0.6372190713882446
52.03371047973633,0.36312803626060486,0.6368719935417175
52.04610967636109,0.36425262689590454,0.6357473731040955
52.04886388778687,0.3645036816596985,0.6354963183403015
52.050368309021,0.36464086174964905,0.6353591680526733
52.056570529937744,0.3200829029083252,0.6799170970916748
52.0707106590271,0.3351489007472992,0.6648511290550232
52.07260990142822,0.37358176708221436,0.6264182329177856
52.08505725860596,0.36171117424964905,0.6382887959480286
52.088109731674194,0.29883989691734314,0.7011601328849792
52.0908637046814,0.2986584007740021,0.7013415694236755
52.09121060371399,0.29863548278808594,0.7013645172119141
52.1002414226532,0.36257538199424744,0.6374245882034302
52.10470914840698,0.3239276707172394,0.676072359085083
52.11475157737732,0.3235420286655426,0.6764580011367798
52.11610984802246,0.3234889805316925,0.6765110492706299
52.11886358261109,0.32338088750839233,0.6766191124916077
52.12834572792053,0.3230020999908447,0.6769979000091553
52.133709192276,0.3227834105491638,0.6772165894508362
52.14554524421692,0.4121881425380707,0.5878118872642517
52.15810871124268,0.3330127000808716,0.6669872999191284
52.15852546691895,0.3329881727695465,0.6670118570327759
52.16086387634277,0.33284974098205566,0.6671502590179443
52.16735553741455,0.33246156573295593,0.6675384044647217
52.16970920562744,0.33231955766677856,0.6676805019378662
52.1775267124176,0.3145177662372589,0.6854822635650635
52.187108755111694,0.31477776169776917,0.6852222084999084
52.19085884094238,0.3143858313560486,0.6856141686439514
52.19870924949646,0.31355705857276917,0.6864429116249084
52.199018239974976,0.3135242462158203,0.6864757537841797
52.20724153518677,0.31264355778694153,0.6873564720153809
52.21694564819336,0.3115912973880768,0.6884086728096008
52.21885895729065,0.31139296293258667,0.6886070370674133
52.22110867500305,0.3111589252948761,0.6888411045074463
52.23364067077637,0.3098393678665161,0.6901606321334839
52.23970913887024,0.30919086933135986,0.6908091306686401
52.24239563941956,0.308901846408844,0.6910982131958008
52.25306582450867,0.3077414333820343,0.6922585964202881
52.25610256195069,0.3074076771736145,0.6925923228263855
52.25970911979675,0.307009220123291,0.692990779876709
52.26185894012451,0.3067707121372223,0.6932292580604553
52.26272201538086,0.3066747188568115,0.6933252811431885
52.27462005615234,0.3497368395328522,0.6502631306648254
52.28885865211487,0.33378174901008606,0.6662182211875916
52.29110264778137,0.3336016535758972,0.6663983464241028
52.30270981788635,0.33266258239746094,0.6673374772071838
52.30972957611084,0.3320683240890503,0.6679317355155945
52.31785845756531,0.33136823773384094,0.6686317920684814
52.31910252571106,0.33126044273376465,0.6687396168708801
52.32971000671387,0.33033478260040283,0.6696652770042419
52.355100870132446,0.32806873321533203,0.671931266784668
52.35970997810364,0.3276497423648834,0.672350287437439
52.359858751297,0.3276362121105194,0.672363817691803
52.38510084152222,0.3252987563610077,0.6747012734413147
52.38785982131958,0.32503893971443176,0.6749610900878906
52.40371084213257,0.32363253831863403,0.676367461681366
52.41441226005554,0.4278872311115265,0.5721127986907959
52.42252087593079,0.36345040798187256,0.6365495920181274
52.42385983467102,0.36344119906425476,0.6365587711334229
52.426100730896,0.3634260892868042,0.6365739107131958
52.43171095848084,0.3633892834186554,0.636610746383667
52.44043946266174,0.36333468556404114,0.6366653442382812
52.45410370826721,0.36328139901161194,0.6367186307907104
52.45985984802246,0.3632562458515167,0.6367437243461609
52.46399259567261,0.3632296025753021,0.6367704272270203
52.46871089935303,0.363199919462204,0.6368000507354736
52.46876072883606,0.3631995618343353,0.6368004679679871
52.48518371582031,0.3631036579608917,0.6368963122367859
52.48786115646362,0.36308902502059937,0.6369109749794006
52.49010372161865,0.3630770742893219,0.6369228959083557
52.49071049690247,0.36307385563850403,0.6369261741638184
52.50050354003906,0.363023966550827,0.6369760632514954
52.513890981674194,0.36268195509910583,0.6373180747032166
52.52091884613037,0.36224886775016785,0.6377511620521545
52.52286100387573,0.36214643716812134,0.6378536224365234
52.52394223213196,0.3621005713939667,0.6378994584083557
52.52510356903076,0.362051397562027,0.6379485726356506
52.54071044921875,0.3623705804347992,0.6376294493675232
52.54409885406494,0.36244598031044006,0.6375540494918823
52.55510234832764,0.36269673705101013,0.6373032331466675
52.557825565338135,0.40484127402305603,0.5951586961746216
52.55886101722717,0.3982451856136322,0.6017548441886902
52.55971050262451,0.39826178550720215,0.6017382144927979
52.57012224197388,0.41031384468078613,0.5896861553192139
52.57943654060364,0.43823787569999695,0.5617621541023254
52.58476996421814,0.43875840306282043,0.561241626739502
52.5901026725769,0.43932467699050903,0.560675323009491
52.59486126899719,0.43983474373817444,0.560165286064148
52.600939989089966,0.4404928386211395,0.5595071911811829
52.60371088981629,0.440795361995697,0.559204638004303
52.60693049430847,0.44114866852760315,0.5588513016700745
52.61537027359009,0.44208458065986633,0.557915449142456
52.61958336830139,0.3724258840084076,0.6275741457939148
52.626102447509766,0.3989667594432831,0.6010332703590393
52.62786412239075,0.39888474345207214,0.6011152863502502
52.62886166572571,0.3988381028175354,0.6011618971824646
52.63171100616455,0.39871400594711304,0.601285994052887
52.63511419296265,0.3986158072948456,0.6013842225074768
52.64963579177856,0.3985205292701721,0.6014794707298279
52.65510129928589,0.398739218711853,0.601260781288147
52.65786147117615,0.39886581897735596,0.601134181022644
52.66013431549072,0.3989705741405487,0.6010293960571289
52.66871094703674,0.3993697166442871,0.6006302833557129
52.67152523994446,0.3995019197463989,0.6004980802536011
52.67541575431824,0.39968594908714294,0.6003140211105347
52.68377923965454,0.3745274841785431,0.6254725456237793
52.69010138511658,0.3668530285358429,0.6331469416618347
52.69186234474182,0.36685216426849365,0.6331478953361511
52.69826126098633,0.3667566478252411,0.6332433819770813
52.70370864868164,0.3664919137954712,0.6335081458091736
52.70405650138855,0.36647486686706543,0.6335251331329346
52.72059416770935,0.3658307194709778,0.6341692805290222
52.72495579719544,0.5047255754470825,0.49527445435523987
52.72510147094727,0.42012330889701843,0.5798766613006592
52.72786235809326,0.42019274830818176,0.5798072814941406
52.73270845413208,0.42028290033340454,0.5797170996665955
52.734702587127686,0.42035314440727234,0.5796468257904053
52.744911670684814,0.42073020339012146,0.5792697668075562
52.75510048866272,0.42110922932624817,0.5788908004760742
52.76070857048035,0.421318918466568,0.5786811113357544
52.7611894607544,0.42133691906929016,0.5786631107330322
52.7638623714447,0.42143717408180237,0.57856285572052
52.7747848033905,0.35795828700065613,0.6420416831970215
52.78710055351257,0.38254353404045105,0.6174564957618713
52.78865027427673,0.3825063705444336,0.6174936294555664
52.79086208343506,0.38245320320129395,0.617546796798706
52.79226589202881,0.47998008131980896,0.5200199484825134
52.80271077156067,0.3977087736129761,0.6022912263870239
52.81510066986084,0.3977408707141876,0.60225909948349
52.81986212730408,0.3977711498737335,0.6022288203239441
52.82765650749207,0.397517591714859,0.6024823784828186
52.83071064949036,0.3973981738090515,0.6026018261909485
52.83847451210022,0.39742493629455566,0.6025750637054443
52.84899044036865,0.34401121735572815,0.6559887528419495
52.857102394104,0.379326730966568,0.6206732988357544
52.86071062088013,0.3793465197086334,0.6206534504890442
52.86286211013794,0.3793587386608124,0.62064129114151
52.86511445045471,0.3793714940547943,0.6206284761428833
52.878299713134766,0.40684670209884644,0.5931532979011536
52.88484644889832,0.3926236927509308,0.6073763370513916
52.88510227203369,0.34467387199401855,0.6553261280059814
52.89986085891724,0.3437578082084656,0.6562421917915344
52.90112924575806,0.34367862343788147,0.6563213467597961
52.90171194076538,0.3436422348022461,0.6563577651977539
52.90929245948792,0.4635840356349945,0.5364159345626831
52.91510224342346,0.43986159563064575,0.5601384043693542
52.91986083984375,0.4400375783443451,0.5599624514579773
52.92236924171448,0.440130352973938,0.559869647026062
52.92971205711365,0.44040268659591675,0.5595973134040833
52.93854212760925,0.4407309591770172,0.5592690706253052
52.95113134384155,0.4531155228614807,0.5468845367431641
52.957101345062256,0.422580748796463,0.5774192810058594
52.96286106109619,0.42256322503089905,0.5774367451667786
52.964996099472046,0.4225611686706543,0.5774388313293457
52.96571183204651,0.4225609600543976,0.57743901014328
52.978917360305786,0.42265161871910095,0.5773483514785767
52.98610138893128,0.4227461814880371,0.5772538185119629
52.99081301689148,0.39159679412841797,0.6084032654762268
52.99086046218872,0.4036276936531067,0.5963723063468933
53.00071406364441,0.40324416756629944,0.5967558026313782
53.00967621803284,0.4028874337673187,0.5971125960350037
53.016101360321045,0.40262696146965027,0.5973730087280273
53.02086067199707,0.4024313986301422,0.5975685715675354
53.02519369125366,0.4022515118122101,0.5977485179901123
53.02971410751343,0.40206190943717957,0.5979381203651428
53.03518080711365,0.40182986855506897,0.5981701016426086
53.047123193740845,0.4013132154941559,0.5986867547035217
53.05557584762573,0.40093904733657837,0.5990609526634216
53.0591037273407,0.4007730185985565,0.5992270112037659
53.05986046791077,0.40073707699775696,0.5992629528045654
53.0688042640686,0.4003070890903473,0.5996929407119751
53.07071399688721,0.4002142548561096,0.5997857451438904
53.080127477645874,0.3997509777545929,0.6002490520477295
53.08710360527039,0.3994016945362091,0.6005982756614685
53.08885931968689,0.39931342005729675,0.6006866097450256
53.08987808227539,0.37158435583114624,0.6284157037734985
53.09484386444092,0.38745418190956116,0.6125458478927612
53.09971022605896,0.4475037157535553,0.5524962544441223
53.105180978775024,0.44783273339271545,0.5521672368049622
53.10741925239563,0.46361494064331055,0.5363850593566895
53.11610364913941,0.4758926033973694,0.5241074562072754
53.130859375,0.4774446487426758,0.5225553512573242
53.13187098503113,0.4775521457195282,0.5224478244781494
53.1357102394104,0.4779535233974457,0.5220465064048767
53.14372754096985,0.4787871539592743,0.5212128162384033
53.15767335891724,0.480167418718338,0.5198326110839844
53.159103870391846,0.48027554154396057,0.519724428653717
53.15985918045044,0.4803328514099121,0.5196672081947327
53.16508197784424,0.4807293117046356,0.519270658493042
53.17071008682251,0.48115894198417664,0.5188410878181458
53.174718141555786,0.4814661145210266,0.5185338854789734
53.183685302734375,0.4821573793888092,0.5178425908088684
53.18710398674011,0.4824223816394806,0.517577588558197
53.18885850906372,0.4825587570667267,0.5174412727355957
53.19147944450378,0.48276278376579285,0.5172372460365295
53.19971084594727,0.4834156632423401,0.5165843367576599
53.19982051849365,0.48342669010162354,0.5165733098983765
53.21610379219055,0.4850122332572937,0.5149878263473511
53.22285866737366,0.4856615364551544,0.514338493347168
53.23274087905884,0.48661917448043823,0.5133808255195618
53.234710931777954,0.48681119084358215,0.5131888389587402
53.241721868515015,0.4874974191188812,0.5125025510787964
53.24600267410278,0.46452170610427856,0.5354782938957214
53.25785851478577,0.5128012895584106,0.48719874024391174
53.25910234451294,0.5130354762077332,0.4869645833969116
53.26024866104126,0.47361963987350464,0.5263804197311401
53.2692859172821,0.5325489640235901,0.4674510657787323
53.27171087265015,0.5330790281295776,0.4669209420681
53.287102460861206,0.5364841222763062,0.4635159373283386
53.29041814804077,0.5372267961502075,0.4627731740474701
53.29285526275635,0.5377747416496277,0.4622252285480499
53.30071234703064,0.5395532250404358,0.4604468047618866
53.301398038864136,0.5397093296051025,0.46029067039489746
53.31520867347717,0.5428820252418518,0.4571179449558258
53.316012144088745,0.5430684089660645,0.4569316506385803
53.316102266311646,0.5430893898010254,0.456910640001297
53.322534799575806,0.45636990666389465,0.5436301231384277
53.32785534858704,0.49199020862579346,0.5080098509788513
53.32971239089966,0.4921737015247345,0.5078263282775879
53.33138990402222,0.49233970046043396,0.5076603293418884
53.34214448928833,0.4935235381126404,0.5064764618873596
53.357666015625,0.49531611800193787,0.5046839118003845
53.35910105705261,0.4954831898212433,0.5045168399810791
53.36485552787781,0.4961559474468231,0.5038440227508545
53.36874198913574,0.49658334255218506,0.5034166574478149
53.37171244621277,0.4968913495540619,0.5031086206436157
53.38016986846924,0.4977727234363556,0.502227246761322
53.38710117340088,0.4984997510910034,0.5015002489089966
53.3908531665802,0.49889495968818665,0.5011050701141357
53.391175270080566,0.498928964138031,0.501071035861969
53.400710582733154,0.49993956089019775,0.5000604391098022
53.40292716026306,0.4730087220668793,0.5269912481307983
53.41408061981201,0.4527141749858856,0.5472858548164368
53.41610097885132,0.4527585208415985,0.5472414493560791
53.417231798172,0.4527909457683563,0.5472090840339661
53.4198534488678,0.4528660774230957,0.5471339821815491
53.42554593086243,0.5431486964225769,0.4568512737751007
53.42871046066284,0.5104671120643616,0.48953285813331604
53.4373414516449,0.5115483403205872,0.48845165967941284
53.45310688018799,0.5136762261390686,0.486323744058609
53.459100008010864,0.5144944787025452,0.4855055510997772
53.46185302734375,0.5148719549179077,0.4851280748844147
53.464844942092896,0.5152835249900818,0.4847165048122406
53.471710443496704,0.5162326693534851,0.4837673604488373
53.47396445274353,0.5165457129478455,0.48345425724983215
53.4864649772644,0.45935651659965515,0.5406435132026672
53.48710012435913,0.49876928329467773,0.501230776309967
53.48985385894776,0.49904292821884155,0.5009570717811584
53.50070786476135,0.5001275539398193,0.49987244606018066
53.50295519828797,0.5003533959388733,0.4996466338634491
53.51510000228882,0.5015801787376404,0.4984198808670044
53.52870774269104,0.5029689073562622,0.49703115224838257
53.531853914260864,0.5032920837402344,0.49670788645744324
53.55809926986694,0.5060219764709473,0.49397802352905273
53.55985379219055,0.5062076449394226,0.4937923848628998
53.57170796394348,0.5074685215950012,0.49253153800964355
53.58609938621521,0.5087820291519165,0.4912180006504059
53.58985137939453,0.5091248154640198,0.4908751845359802
53.599708557128906,0.5100555419921875,0.4899444282054901
53.60205054283142,0.5819172859191895,0.41808271408081055
53.618459701538086,0.5329142808914185,0.46708574891090393
53.6210994720459,0.5333119630813599,0.4666880667209625
53.63085126876831,0.5347914099693298,0.46520861983299255
53.63670873641968,0.5356035828590393,0.46439647674560547
53.63774991035461,0.5357459783554077,0.4642540514469147
53.65005326271057,0.4106068015098572,0.5893931984901428
53.65709590911865,0.4337565004825592,0.5662434697151184
53.65985131263733,0.4336940050125122,0.5663059949874878
53.66787886619568,0.4335111975669861,0.5664888024330139
53.67070865631104,0.4334464371204376,0.5665535926818848
53.67894959449768,0.4755679666996002,0.5244320631027222
53.68500280380249,0.4692038595676422,0.5307961702346802
53.68784999847412,0.41146430373191833,0.5885356664657593
53.69109606742859,0.41121527552604675,0.5887847542762756
53.69683790206909,0.4107576608657837,0.5892423391342163
53.70170760154724,0.41036683320999146,0.5896331667900085
53.71202206611633,0.47214943170547485,0.5278505682945251
53.72485017776489,0.4687621593475342,0.5312378406524658
53.7260959148407,0.46877333521842957,0.531226634979248
53.73470759391785,0.4689047038555145,0.5310952663421631
53.73770356178284,0.46895313262939453,0.5310469269752502
53.73828387260437,0.4689624607563019,0.5310375690460205
53.74709486961365,0.4691024422645569,0.5308976173400879
53.74998879432678,0.4875622093677521,0.5124378204345703
53.759850025177,0.4516441226005554,0.5483558773994446
53.76470756530762,0.45150303840637207,0.5484969615936279
53.76540565490723,0.4514826536178589,0.5485173463821411
53.7744734287262,0.4512149393558502,0.5487850904464722
53.782506227493286,0.4283035695552826,0.5716964602470398
53.78909516334534,0.43674132227897644,0.5632586479187012
53.78980326652527,0.4367043673992157,0.5632956027984619
53.789846658706665,0.43670204281806946,0.5632979869842529
53.80070972442627,0.436130166053772,0.563869833946228
53.80278491973877,0.43601977825164795,0.563980221748352
53.81534218788147,0.435343474149704,0.5646565556526184
53.8170952796936,0.43524786829948425,0.5647521018981934
53.82108187675476,0.4350295662879944,0.5649704337120056
53.82284665107727,0.4349326193332672,0.5650674104690552
53.83070969581604,0.4345296025276184,0.5654703974723816
53.83522582054138,0.4344227612018585,0.5655772089958191
53.8440146446228,0.4341237545013428,0.5658762454986572
53.85909295082092,0.4337034821510315,0.5662965774536133
53.860846519470215,0.43365535140037537,0.5663446187973022
53.86570954322815,0.4335218071937561,0.5664781928062439
53.87008500099182,0.4334215223789215,0.5665784478187561
53.8787739276886,0.4488983452320099,0.5511016845703125
53.887847661972046,0.4473227560520172,0.5526772141456604
53.88809299468994,0.44732800126075745,0.5526720285415649
53.88971781730652,0.4268632233142853,0.5731367468833923
53.89618945121765,0.4874720573425293,0.5125280022621155
53.90170884132385,0.48773521184921265,0.5122647881507874
53.90377593040466,0.5087457299232483,0.4912542998790741
53.91509294509888,0.5164713859558105,0.48352861404418945
53.91884779930115,0.5168313384056091,0.48316869139671326
53.91929984092712,0.5168748497962952,0.48312515020370483
53.92852807044983,0.5177676677703857,0.48223230242729187
53.9317090511322,0.518078088760376,0.4819219410419464
53.93856143951416,0.518821120262146,0.4811789095401764
53.94874095916748,0.5201216340065002,0.47987839579582214
53.95709180831909,0.5213629603385925,0.47863706946372986
53.958996534347534,0.5216481685638428,0.4783518612384796
53.95984768867493,0.5217759013175964,0.4782240688800812
53.96070885658264,0.5219053626060486,0.4780946969985962
53.97317838668823,0.523734986782074,0.4762650430202484
53.98244619369507,0.5250158905982971,0.4749840795993805
53.98509192466736,0.5253844857215881,0.4746154844760895
53.98984432220459,0.5260500311851501,0.47394999861717224
53.996716022491455,0.5269835591316223,0.4730164706707001
54.00270915031433,0.5278018116950989,0.4721981883049011
54.00606822967529,0.5282633304595947,0.4717366695404053
54.01420497894287,0.5293896794319153,0.4706103801727295
54.02709174156189,0.5311693549156189,0.4688306748867035
54.03070902824402,0.531661868095398,0.46833816170692444
54.03084444999695,0.5316802263259888,0.46831974387168884
54.03673434257507,0.5217076539993286,0.4782923460006714
54.04871296882629,0.5148576498031616,0.485142320394516
54.05609703063965,0.5717388391494751,0.4282611608505249
54.05656671524048,0.5718417763710022,0.4281581938266754
54.05984449386597,0.5725610852241516,0.4274389445781708
54.06692981719971,0.5741045475006104,0.42589542269706726
54.06770920753479,0.5742748975753784,0.42572513222694397
54.07583928108215,0.576060950756073,0.423939049243927
54.084096908569336,0.5778936147689819,0.42210641503334045
54.08581328392029,0.5782768130302429,0.4217231869697571
54.08884644508362,0.5789561867713928,0.4210438132286072
54.091456174850464,0.5795426368713379,0.4204573333263397
54.099085569381714,0.4901275634765625,0.5098724961280823
54.10171031951904,0.48831847310066223,0.5116814970970154
54.11615514755249,0.4882349371910095,0.5117650628089905
54.11884665489197,0.4881761968135834,0.511823832988739
54.12387824058533,0.4880651831626892,0.5119348168373108
54.126096963882446,0.4880158603191376,0.5119841694831848
54.13071036338806,0.48791229724884033,0.5120877623558044
54.13485145568848,0.48781827092170715,0.5121817588806152
54.15409588813782,0.48763298988342285,0.5123670697212219
54.15763998031616,0.4875774085521698,0.5124226212501526
54.16084671020508,0.4874142110347748,0.5125857591629028
54.16800284385681,0.4870535433292389,0.5129464268684387
54.17171049118042,0.4868934154510498,0.5131065845489502
54.18214797973633,0.48688805103302,0.51311194896698
54.189095973968506,0.48710960149765015,0.5128903985023499
54.19084358215332,0.48717090487480164,0.5128291249275208
54.20071244239807,0.4876037836074829,0.5123962163925171
54.20787072181702,0.504774272441864,0.49522578716278076
54.21884369850159,0.43674638867378235,0.5632535815238953
54.219568490982056,0.4366757869720459,0.5633242130279541
54.22451663017273,0.4361921548843384,0.5638078451156616
54.225095987319946,0.43613532185554504,0.5638647079467773
54.23571252822876,0.4350864887237549,0.5649135112762451
54.238276720047,0.49266064167022705,0.507339358329773
54.24607658386231,0.4736718535423279,0.5263282060623169
54.24609398841858,0.473671019077301,0.526328980922699
54.25052547454834,0.4734821319580078,0.5265178680419922
54.25842809677124,0.473142147064209,0.526857852935791
54.26184368133545,0.4729941189289093,0.5270058512687683
54.2717125415802,0.47256219387054443,0.5274378061294556
54.28589510917664,0.47193071246147156,0.528069257736206
54.28809380531311,0.47183167934417725,0.5281683802604675
54.28984212875366,0.47175276279449463,0.5282472372055054
54.29287171363831,0.4561108350753784,0.5438891649246216
54.300063371658325,0.47059759497642517,0.5294023752212524
54.300710916519165,0.47055333852767944,0.5294467210769653
54.3134834766388,0.5229327082633972,0.4770672619342804
54.31884217262268,0.5157797336578369,0.4842202663421631
54.32409381866455,0.5160833597183228,0.48391664028167725
54.3250470161438,0.5161371827125549,0.48386281728744507
54.3346893787384,0.5165863633155823,0.4834136366844177
54.33571100234985,0.5166285634040833,0.48337143659591675
54.3465142250061,0.45814087986946106,0.5418590903282166
54.353994607925415,0.4645383059978485,0.5354617238044739
54.35984206199646,0.4641232192516327,0.5358767509460449
54.36009287834168,0.4641052782535553,0.5358946919441223
54.364436626434326,0.5155899524688721,0.48441001772880554
54.371711015701294,0.4440300762653351,0.5559698939323425
54.38379693031311,0.5044317245483398,0.49556827545166016
54.386205196380615,0.43136438727378845,0.5686355829238892
54.38809299468994,0.4311330020427704,0.568867027759552
54.3898401260376,0.4309183359146118,0.5690816640853882
54.3917121887207,0.43068772554397583,0.5693122744560242
54.40226054191589,0.4349500834941864,0.565049946308136
54.41555213928223,0.4458375573158264,0.5541625022888184
54.41609287261963,0.4457899034023285,0.5542101263999939
54.42639899253845,0.44487717747688293,0.5551228523254395
54.43084001541138,0.44448068737983704,0.5555193424224854
54.43371224403381,0.4442232847213745,0.5557767748832703
54.43841791152954,0.5071616768836975,0.4928383529186249
54.450109243392944,0.4401274025440216,0.5598726272583008
54.45884013175965,0.4392561912536621,0.5607438683509827
54.45908999443054,0.4392310678958893,0.5607689619064331
54.46064066886902,0.43907538056373596,0.5609246492385864
54.46971225738525,0.4381585121154785,0.5618414878845215
54.47662115097046,0.4375213384628296,0.5624786615371704
54.478139877319336,0.438641756772995,0.5613582730293274
54.48809003829956,0.4373306334018707,0.5626693964004517
54.48824739456177,0.43730977177619934,0.562690258026123
54.4938428401947,0.43656444549560547,0.5634355545043945
54.50000810623169,0.43573662638664246,0.5642633438110352
54.50471067428589,0.4351006746292114,0.5648993849754333
54.5078866481781,0.4346688687801361,0.5653311610221863
54.515089988708496,0.4337729513645172,0.5662270784378052
54.52184319496155,0.4331660866737366,0.5668339133262634
54.522035360336304,0.4331488311290741,0.5668511390686035
54.5337450504303,0.4320867359638214,0.5679132342338562
54.54171061515808,0.43135616183280945,0.5686438083648682
54.54984307289124,0.4305640161037445,0.5694360136985779
54.5509352684021,0.4304393529891968,0.5695606470108032
54.55708932876587,0.42970240116119385,0.5702975988388062
54.561681270599365,0.4178757667541504,0.5821242332458496
54.56645894050598,0.42220380902290344,0.577796220779419
54.56971073150635,0.48033538460731506,0.5196646451950073
54.57659435272217,0.4802851676940918,0.519714891910553
54.582213401794434,0.4798859655857086,0.5201140642166138
54.58508920669556,0.4857681095600128,0.5142319202423096
54.587843894958496,0.48579609394073486,0.5142039060592651
54.59487819671631,0.48586997389793396,0.5141300559043884
54.60471200942993,0.4859790503978729,0.5140209794044495
54.61013388633728,0.48605456948280334,0.513945460319519
54.620089292526245,0.48620209097862244,0.5137979388237
54.62158203125,0.48622485995292664,0.5137751698493958
54.62684392929077,0.4863065481185913,0.5136934518814087
54.627694606781006,0.4863198399543762,0.5136801600456238
54.63271188735962,0.4864000976085663,0.5135998725891113
54.64739298820496,0.48640552163124084,0.5135944485664368
54.656086444854736,0.4864006042480469,0.5135993957519531
54.65854740142822,0.48639973998069763,0.5136002898216248
54.66184401512146,0.48639893531799316,0.5136011242866516
54.66481900215149,0.4863985478878021,0.5136014223098755
54.66971206665039,0.48639872670173645,0.5136013031005859
54.678404092788696,0.48638850450515747,0.5136114954948425
54.68808650970459,0.48627468943595886,0.5137252807617188
54.6943109035492,0.4864667057991028,0.513533353805542
54.69784212112427,0.486627459526062,0.513372540473938
54.70371341705322,0.4868982136249542,0.5131017565727234
54.706218957901,0.48701509833335876,0.5129849314689636
54.71799612045288,0.47448965907096863,0.5255103707313538
54.72681927680969,0.4785454571247101,0.5214545726776123
54.72884202003479,0.5241720080375671,0.47582799196243286
54.7300865650177,0.524300217628479,0.475699782371521
54.73271346092224,0.5245716571807861,0.47542840242385864
54.73407626152039,0.5247130990028381,0.47528693079948425
54.74038505554199,0.52543044090271,0.4745696187019348
54.74921727180481,0.5265020132064819,0.47349798679351807
54.75415086746216,0.5272154808044434,0.47278448939323425
54.75784206390381,0.5277643799781799,0.4722355902194977
54.75808501243591,0.5278006792068481,0.47219935059547424
54.75971341133118,0.5280441045761108,0.47195595502853394
54.77075815200806,0.5296613574028015,0.4703386425971985
54.7860848903656,0.5318223834037781,0.4681776165962219
54.78784203529358,0.5320740938186646,0.46792593598365784
54.80071449279785,0.5339410305023193,0.46605899930000305
54.8018970489502,0.5082460045814514,0.4917539954185486
54.80415940284729,0.5084090828895569,0.4915909469127655
54.81738996505737,0.5085560083389282,0.4914439916610718
54.82108497619629,0.5085895657539368,0.4914104640483856
54.82784223556519,0.5086514949798584,0.4913485646247864
54.82989168167114,0.5086703300476074,0.4913296699523926
54.83071446418762,0.5086778998374939,0.4913220703601837
54.85021138191223,0.5090728402137756,0.49092718958854675
54.85708284378052,0.5090383291244507,0.4909617006778717
54.85784220695496,0.5090338587760925,0.49096614122390747
54.86108303070069,0.5090147256851196,0.49098527431488037
54.86171460151672,0.5090091228485107,0.49099090695381165
54.8707332611084,0.5088844299316406,0.49111559987068176
54.88808298110962,0.5085158348083496,0.4914841651916504
54.88909196853638,0.5085037350654602,0.4914962351322174
54.89184284210205,0.5084706544876099,0.49152934551239014
54.90371584892273,0.5084008574485779,0.49159911274909973
54.90595197677612,0.495584636926651,0.5044153332710266
54.91608285903931,0.47880837321281433,0.5211915969848633
54.92424106597901,0.47758588194847107,0.5224141478538513
54.92716097831726,0.4771445095539093,0.5228554606437683
54.930842876434326,0.4765852987766266,0.5234147310256958
54.93994331359863,0.5504494309425354,0.4495506286621094
54.94071555137634,0.5619137287139893,0.43808627128601074
54.94274854660034,0.5620103478431702,0.43798962235450745
54.95341491699219,0.5626082420349121,0.4373917877674103
54.95784306526184,0.562908411026001,0.437091588973999
54.95807933807373,0.5629245042800903,0.43707552552223206
54.96971559524536,0.5637117624282837,0.4362882077693939
54.97234892845154,0.5638898611068726,0.43611010909080505
54.98450064659119,0.5647177696228027,0.4352822005748749
54.98707938194275,0.5648949146270752,0.4351051449775696
54.99096894264221,0.5214349031448364,0.47856512665748596
54.99184346199036,0.5291773676872253,0.47082266211509705
54.99971675872803,0.5294365882873535,0.4705633819103241
55.00181579589844,0.5295060873031616,0.470493882894516
55.01196026802063,0.5339432954788208,0.4660567343235016
55.01607942581177,0.5663875937461853,0.4336124062538147
55.02625131607056,0.5672425627708435,0.4327574074268341
55.0278434753418,0.567341685295105,0.432658314704895
55.03471684455872,0.5677711367607117,0.4322288930416107
55.04462933540344,0.568394124507904,0.43160590529441833
55.05195927619934,0.5545617341995239,0.4454382658004761
55.05707788467407,0.5502076148986816,0.44979241490364075
55.06179475784302,0.5504555702209473,0.44954439997673035
55.06284284591675,0.5505111813545227,0.4494888484477997
55.07171678543091,0.5509839653968811,0.4490160346031189
55.07513618469238,0.5870261192321777,0.41297391057014465
55.08607769012451,0.5339327454566956,0.46606728434562683
55.0864474773407,0.5817936658859253,0.4182063043117523
55.091726541519165,0.5240883231163025,0.4759117066860199
55.09184527397156,0.5240864753723145,0.47591355443000793
55.10471820831299,0.5238876938819885,0.47611236572265625
55.1073944568634,0.5193787813186646,0.48062121868133545
55.11507773399353,0.5388522148132324,0.46114781498908997
55.12293267250061,0.5390883684158325,0.4609116315841675
55.12684512138367,0.5392071008682251,0.4607929289340973
55.130194664001465,0.5393568277359009,0.46064314246177673
55.13271808624268,0.53947913646698,0.46052083373069763
55.13981485366821,0.5577506422996521,0.4422493875026703
55.15606927871704,0.5198673009872437,0.48013272881507874
55.1610758304596,0.5198166966438293,0.48018333315849304
55.161718130111694,0.5198102593421936,0.4801897406578064
55.16284513473511,0.5197986364364624,0.4802013635635376
55.16472816467285,0.5197794437408447,0.48022058606147766
55.17895293235779,0.5113521814346313,0.48864778876304626
55.18065667152405,0.4829689562320709,0.5170310139656067
55.18707585334778,0.4823271930217743,0.5176728367805481
55.19071936607361,0.48197847604751587,0.5180215239524841
55.1908438205719,0.4819662868976593,0.5180337429046631
55.19087147712708,0.4819636940956116,0.5180363655090332
55.2023012638092,0.48084184527397156,0.5191581845283508
55.20878720283508,0.4801976978778839,0.5198022723197937
55.21984386444092,0.4790869653224945,0.5209130048751831
55.22407579421997,0.4786575734615326,0.5213424563407898
55.22518444061279,0.4785451591014862,0.5214548707008362
55.23271942138672,0.47779491543769836,0.5222050547599792
55.24433326721192,0.4766247272491455,0.5233752727508545
55.25622129440308,0.4752655625343323,0.5247344970703125
55.25907325744629,0.47496598958969116,0.5250340104103088
55.26171946525574,0.4747367799282074,0.525263249874115
55.26184391975403,0.47472599148750305,0.5252740383148193
55.27140545845032,0.4690375328063965,0.5309624671936035
55.28753614425659,0.5306354761123657,0.46936458349227905
55.28891754150391,0.5084960460662842,0.49150392413139343
55.290844202041626,0.5365297794342041,0.4634702205657959
55.29607343673706,0.5366852879524231,0.4633146822452545
55.30189156532288,0.5368970036506653,0.4631030261516571
55.303719997406006,0.5369778275489807,0.4630221426486969
55.31351089477539,0.5374164581298828,0.4625835120677948
55.31784415245056,0.5376140475273132,0.46238598227500916
55.32007336616516,0.5377164483070374,0.46228352189064026
55.331515073776245,0.5382505059242249,0.46174952387809753
55.33171987533569,0.5382601618766785,0.46173980832099915
55.34353566169739,0.5388268828392029,0.46117308735847473
55.35507225990296,0.5393952131271362,0.46060481667518616
55.3603458404541,0.539659857749939,0.46034011244773865
55.36071991920471,0.5396787524223328,0.46032121777534485
55.36384415626526,0.5398373007774353,0.4601627290248871
55.371358156204224,0.5403599739074707,0.4596400260925293
55.385072231292725,0.5413134098052979,0.45868661999702454
55.38542437553406,0.5413353443145752,0.4586646854877472
55.38984394073486,0.5416122078895569,0.4583877921104431
55.39819002151489,0.5421420335769653,0.45785802602767944
55.40372085571289,0.5424982905387878,0.45750170946121216
55.40799593925476,0.5427764058113098,0.4572235643863678
55.41784381866455,0.5429390668869019,0.45706090331077576
55.42215085029602,0.5430070757865906,0.4569929838180542
55.4260721206665,0.543061375617981,0.45693859457969666
55.42701745033264,0.49241819977760315,0.5075818300247192
55.43172144889832,0.5512211322784424,0.44877889752388
55.45607018470764,0.5523697733879089,0.44763025641441345
55.45631551742554,0.5178487300872803,0.48215124011039734
55.46072125434876,0.5749151110649109,0.4250848889350891
55.46084380149841,0.5749309659004211,0.42506900429725647
55.46268057823181,0.5751679539680481,0.4248320758342743
55.46877312660217,0.5759592056274414,0.4240407943725586
55.4876446723938,0.5784597992897034,0.42154020071029663
55.490070104599,0.5787867307662964,0.4212132394313812
55.49184465408325,0.5790253281593323,0.4209746718406677
55.49514436721802,0.5794359445571899,0.42056402564048767
55.50372099876404,0.5805128216743469,0.4194871485233307
55.506675243377686,0.5808870196342468,0.4191129803657532
55.514761447906494,0.5610523223876953,0.4389476776123047
55.52507019042969,0.5662863850593567,0.4337135851383209
55.52635431289673,0.5663745999336243,0.4336254298686981
55.52884435653687,0.566545844078064,0.43345415592193604
55.53272080421448,0.5668131113052368,0.43318691849708557
55.5334415435791,0.5668628215789795,0.4331371486186981
55.55974006652832,0.5687404274940491,0.4312595725059509
55.56072092056274,0.5688268542289734,0.4311731159687042
55.56106901168823,0.5688576102256775,0.4311424195766449
55.563844442367554,0.5691026449203491,0.4308973252773285
55.56872892379761,0.5695115327835083,0.4304884970188141
55.57935333251953,0.5703155398368835,0.42968451976776123
55.58264064788818,0.5705650448799133,0.42943498492240906
55.58806896209717,0.57098788022995,0.42901211977005005
55.590842962265015,0.5712448358535767,0.4287552237510681
55.596540451049805,0.562415599822998,0.43758440017700195
55.60471439361572,0.5468463897705078,0.4531536400318146
55.6086733341217,0.5470221638679504,0.4529778063297272
55.616068840026855,0.5473514795303345,0.45264849066734314
55.62084293365479,0.5475800037384033,0.4524199664592743
55.62110567092896,0.547595739364624,0.4524042308330536
55.63204789161682,0.5978040099143982,0.4021959602832794
55.63271450996399,0.6310485601425171,0.3689514696598053
55.63857817649841,0.6323497891426086,0.36765027046203613
55.64784288406372,0.6344196796417236,0.365580290555954
55.65144324302673,0.6352286338806152,0.36477139592170715
55.65906667709351,0.6369496583938599,0.36305034160614014
55.660714626312256,0.6373230814933777,0.3626768887042999
55.66578984260559,0.6384767889976501,0.36152324080467224
55.67492985725403,0.6405669450759888,0.3594330847263336
55.68743419647217,0.6434522271156311,0.3565477430820465
55.688066482543945,0.6435989737510681,0.3564010262489319
55.68883204460144,0.5945736765861511,0.40542638301849365
55.68984389305115,0.6265583038330078,0.3734417259693146
55.69171571731568,0.6269314289093018,0.37306854128837585
55.70088338851929,0.6059761643409729,0.3940238058567047
55.712836027145386,0.6452080011367798,0.3547919988632202
55.71606659889221,0.6459458470344543,0.35405415296554565
55.72171187400818,0.6472394466400146,0.35276055335998535
55.73185706138611,0.5747978687286377,0.4252021610736847
55.73284387588501,0.5792839527130127,0.4207160472869873
55.734715700149536,0.5794171094894409,0.4205828905105591
55.74483013153076,0.5801388025283813,0.41986116766929626
55.76084399223328,0.5812798738479614,0.4187201261520386
55.76106476783752,0.5812956094741821,0.41870442032814026
55.76671576499939,0.5816976428031921,0.41830241680145264
55.76775407791138,0.6133540272712708,0.38664600253105164
55.77785515785217,0.6074780821800232,0.3925219476222992
55.78706479072571,0.5522464513778687,0.44775351881980896
55.78884172439575,0.5523068308830261,0.4476931691169739
55.79344534873962,0.5524630546569824,0.44753697514533997
55.79662847518921,0.5300538539886475,0.4699462056159973
55.80071806907654,0.5689855813980103,0.43101441860198975
55.8142409324646,0.570184588432312,0.4298153817653656
55.81814956665039,0.5705335140228271,0.42946651577949524
55.82384157180786,0.5709511041641235,0.4290488660335541
55.8240647315979,0.570961058139801,0.429038941860199
55.829718351364136,0.571212649345398,0.42878735065460205
55.832550048828125,0.5835087895393372,0.41649124026298523
55.85536956787109,0.5493526458740234,0.4506473243236542
55.85906267166138,0.549491822719574,0.45050814747810364
55.861767053604126,0.5495938658714294,0.45040616393089294
55.861841678619385,0.5495966672897339,0.4504033029079437
55.8647186756134,0.5497053265571594,0.4502946734428406
55.87323617935181,0.5442638397216797,0.4557361900806427
55.88389253616333,0.5016293525695801,0.4983706772327423
55.88784170150757,0.5014227032661438,0.4985772967338562
55.88906240463257,0.5013585090637207,0.4986414909362793
55.89142918586731,0.5012337565422058,0.4987662434577942
55.899718046188354,0.5007932186126709,0.4992067813873291
55.90555024147034,0.5004797577857971,0.4995202422142029
55.910884141922,0.5001905560493469,0.4998094439506531
55.91826725006104,0.499786376953125,0.500213623046875
55.92406249046326,0.4994658827781677,0.5005341172218323
55.92884159088135,0.4991995096206665,0.5008004903793335
55.9357180595398,0.498812735080719,0.501187264919281
55.9399938583374,0.49857038259506226,0.5014296174049377
55.956841707229614,0.4976046085357666,0.5023954510688782
55.96106147766113,0.49736228585243225,0.5026377439498901
55.961493253707886,0.4973374605178833,0.5026625990867615
55.96971797943115,0.4968346059322357,0.5031653642654419
55.9811589717865,0.4690585434436798,0.5309414267539978
55.98136305809021,0.49265608191490173,0.5073438882827759
55.98806118965149,0.5430042743682861,0.45699572563171387
55.9918384552002,0.5432025790214539,0.45679742097854614
55.999223470687866,0.5435940623283386,0.456405907869339
55.9997181892395,0.5436205267906189,0.4563794732093811
56.00781226158142,0.5146872997283936,0.48531267046928406
56.02197194099426,0.5527758002281189,0.4472242295742035
56.02506113052368,0.5529983043670654,0.4470016658306122
56.028838872909546,0.5532722473144531,0.44672778248786926
56.03471803665161,0.5537015795707703,0.44629839062690735
56.04090833663941,0.5541583299636841,0.4458417296409607
56.04605913162232,0.5545415878295898,0.44545838236808777
56.056082010269165,0.5552966594696045,0.4447034001350403
56.05683875083923,0.5553542375564575,0.44464579224586487
56.06098747253418,0.5556706190109253,0.4443294107913971
56.07025170326233,0.5563845634460449,0.4436154067516327
56.07071805000305,0.5564207434654236,0.44357922673225403
56.0873007774353,0.5577315092086792,0.4422685205936432
56.08805918693543,0.5578059554100037,0.4421940743923187
56.0918402671814,0.558178186416626,0.4418218433856964
56.09224915504456,0.5582201480865479,0.44177985191345215
56.09971904754639,0.5588474869728088,0.44115257263183594
56.10663723945618,0.5593146681785583,0.4406853914260864
56.11542773246765,0.5599549412727356,0.4400450587272644
56.11605906486511,0.5600032210350037,0.4399968087673187
56.12650346755981,0.5611616373062134,0.438838392496109
56.12784004211426,0.5613108277320862,0.4386892020702362
56.13473582267761,0.48499906063079834,0.5150009393692017
56.140719175338745,0.5558460354804993,0.44415396451950073
56.143823862075806,0.5047596096992493,0.49524039030075073
56.14850306510925,0.5851192474365234,0.41488078236579895
56.15784025192261,0.5870252251625061,0.4129747748374939
56.15805745124817,0.5870699882507324,0.41293007135391235
56.16871905326843,0.5892783403396606,0.41072165966033936
56.17107319831848,0.589770495891571,0.41022953391075134
56.18705725669861,0.5931549072265625,0.4068451225757599
56.190720319747925,0.593940794467926,0.40605923533439636
56.1918375492096,0.594180166721344,0.405819833278656
56.192538022995,0.5943305492401123,0.40566951036453247
56.19735884666443,0.5953686237335205,0.40463143587112427
56.20639705657959,0.5973331332206726,0.402666836977005
56.2147216796875,0.5553605556488037,0.4446394443511963
56.21605730056763,0.5535322427749634,0.4464677572250366
56.225494384765625,0.554240345954895,0.4457596242427826
56.22983741760254,0.5545681715011597,0.4454318583011627
56.231914043426514,0.5547252297401428,0.4452747702598572
56.23972034454346,0.5554136633872986,0.4445863366127014
56.24073791503906,0.5555159449577332,0.44448405504226685
56.25605607032776,0.5570884943008423,0.4429115355014801
56.25683760643005,0.5571858286857605,0.4428142011165619
56.26059603691101,0.557655394077301,0.4423445761203766
56.26872038841248,0.5586443543434143,0.4413556456565857
56.269344091415405,0.5587198734283447,0.4412801265716553
56.28683924674988,0.560860276222229,0.439139723777771
56.28805589675903,0.5610106587409973,0.4389893412590027
56.29337930679321,0.5616202354431152,0.43837976455688477
56.30272173881531,0.5626692175865173,0.4373307526111603
56.30360746383667,0.5673050284385681,0.43269503116607666
56.3160560131073,0.540296733379364,0.45970332622528076
56.32283926010132,0.5407354831695557,0.45926448702812195
56.32455086708069,0.540846586227417,0.4591534435749054
56.331721782684326,0.5413132309913635,0.45868679881095886
56.35805249214173,0.5427674055099487,0.45723259449005127
56.35883927345276,0.5427981019020081,0.45720186829566956
56.36114621162415,0.5428823828697205,0.45711758732795715
56.36436438560486,0.5683362483978271,0.43166375160217285
56.36472177505493,0.5464848279953003,0.4535151422023773
56.37635803222656,0.5476503372192383,0.4523496627807617
56.38684058189392,0.5487158298492432,0.45128417015075684
56.38705253601074,0.5487375855445862,0.4512624144554138
56.38883924484253,0.5489206314086914,0.4510793387889862
56.39972305297852,0.5500032901763916,0.449996680021286
56.40316939353943,0.5502867102622986,0.4497132897377014
56.412598848342896,0.5513124465942383,0.4486875534057617
56.41605234146118,0.5517286658287048,0.44827139377593994
56.42984056472778,0.5532215237617493,0.44677847623825073
56.43562364578247,0.5036351680755615,0.49636486172676086
56.436447858810425,0.5486878156661987,0.4513121545314789
56.4377224445343,0.5487375259399414,0.451262503862381
56.44794201850891,0.5491359233856201,0.4508640766143799
56.45705008506775,0.5493192076683044,0.45068082213401794
56.45784044265747,0.5493307709693909,0.4506692588329315
56.4643132686615,0.5885009765625,0.4114989936351776
56.470722675323486,0.5596747994422913,0.44032523036003113
56.47450995445252,0.5598328709602356,0.4401671588420868
56.48316764831543,0.5601686835289001,0.43983128666877747
56.48705005645752,0.5603398680686951,0.4396601915359497
56.487839460372925,0.5603747367858887,0.43962526321411133
56.48857378959656,0.4536615312099457,0.5463384389877319
56.49272418022156,0.4757532775402069,0.5242467522621155
56.49553990364075,0.47538384795188904,0.5246161818504333
56.50806784629822,0.5324983596801758,0.46750161051750183
56.51362180709839,0.5225236415863037,0.4774763286113739
56.52769804000855,0.44962042570114136,0.5503795742988586
56.52905011177063,0.44933605194091797,0.550663948059082
56.529839277267456,0.4491698443889618,0.5508301854133606
56.532724142074585,0.4485689699649811,0.5514310002326965
56.53515267372131,0.497959166765213,0.5020408034324646
56.54906702041626,0.4952223598957062,0.5047776699066162
56.55237555503845,0.49498358368873596,0.5050164461135864
56.5560507774353,0.4947112500667572,0.5052887201309204
56.55883932113648,0.4945921301841736,0.5054079294204712
56.56544804573059,0.5389609336853027,0.4610390365123749
56.56572413444519,0.4900457561016083,0.5099542737007141
56.5850510597229,0.48861071467399597,0.5113893151283264
56.58683705329895,0.48843899369239807,0.5115610361099243
56.58851265907288,0.4882775545120239,0.5117224454879761
56.59789514541626,0.48736730217933655,0.5126326680183411
56.60595679283142,0.46756425499916077,0.5324357151985168
56.60672664642334,0.4789871275424957,0.5210129022598267
56.61884784698486,0.4773808419704437,0.5226191282272339
56.62105107307434,0.4770908057689667,0.5229092240333557
56.62983679771423,0.4759301245212555,0.5240698456764221
56.63099503517151,0.47577613592147827,0.5242239236831665
56.63272666931152,0.4755454361438751,0.5244545936584473
56.63460969924927,0.475293904542923,0.5247061252593994
56.64126873016357,0.4743995666503906,0.5256004333496094
56.65436744689941,0.472867876291275,0.5271321535110474
56.65683674812317,0.4725772440433502,0.5274227857589722
56.65704894065857,0.47255223989486694,0.5274477601051331
56.66289925575256,0.4716120660305023,0.5283879041671753
56.67072653770447,0.4703380763530731,0.5296618938446045
56.6736626625061,0.46985673904418945,0.5301433205604553
56.68394064903259,0.4792272746562958,0.5207727551460266
56.6878354549408,0.48536351323127747,0.5146365165710449
56.68804883956909,0.4853372573852539,0.5146628022193909
56.69552183151245,0.4691629707813263,0.5308370590209961
56.70272731781006,0.5100497007369995,0.4899502694606781
56.70969009399414,0.5316178202629089,0.4683821499347687
56.71604895591736,0.5138939619064331,0.4861060380935669
56.722835302352905,0.5135523676872253,0.48644766211509705
56.73167061805725,0.5131053328514099,0.4868946671485901
56.73472738265991,0.5129500031471252,0.48704996705055237
56.74390172958374,0.5126059055328369,0.4873941242694855
56.75369477272034,0.5123125314712524,0.48768743872642517
56.75804781913757,0.5121943950653076,0.48780557513237
56.758835315704346,0.5121731758117676,0.4878268837928772
56.766878843307495,0.5119768381118774,0.48802316188812256
56.7697274684906,0.5119161009788513,0.48808395862579346
56.785911560058594,0.5118082165718079,0.4881918132305145
56.78704786300659,0.5118018388748169,0.4881981909275055
56.78783702850342,0.5117976069450378,0.48820236325263977
56.791728258132935,0.5117766857147217,0.48822328448295593
56.80371427536011,0.5117172002792358,0.48828279972076416
56.803953647613525,0.5117160081863403,0.48828399181365967
56.81604790687561,0.5116631984710693,0.48833683133125305
56.81621646881104,0.511662483215332,0.48833757638931274
56.8255934715271,0.5116264820098877,0.4883735775947571
56.82983684539795,0.5116116404533386,0.4883883595466614
56.833728313446045,0.5115988254547119,0.48840123414993286
56.84278917312622,0.5115717649459839,0.4884282648563385
56.84892272949219,0.5481403470039368,0.451859712600708
56.857046604156494,0.5427215099334717,0.45727846026420593
56.85883688926697,0.542826235294342,0.45717379450798035
56.85989189147949,0.533512532711029,0.46648749709129333
56.8649423122406,0.571851909160614,0.4281481206417084
56.87151050567627,0.5725905895233154,0.42740941047668457
56.87172865867615,0.5726152658462524,0.42738476395606995
56.88011693954468,0.5735706686973572,0.4264293313026428
56.88504648208618,0.5741381049156189,0.4258618652820587
56.887837409973145,0.5744737386703491,0.4255262613296509
56.88870596885681,0.5745790600776672,0.42542093992233276
56.89072966575623,0.5748249292373657,0.42517510056495667
56.904545545578,0.5765248537063599,0.4234752058982849
56.90852546691895,0.522659957408905,0.4773400127887726
56.914833068847656,0.5360583662986755,0.46394166350364685
56.91683745384216,0.5358636379241943,0.4641363322734833
56.926820516586304,0.5348863005638123,0.46511369943618774
56.929046630859375,0.5346665978431702,0.46533337235450745
56.93572926521301,0.534003496170044,0.46599650382995605
56.94406080245972,0.5331689119338989,0.4668310880661011
56.95509648323059,0.5320495963096619,0.46795037388801575
56.95604395866394,0.5319528579711914,0.4680471420288086
56.96283745765686,0.5312551259994507,0.4687449038028717
56.96319937705994,0.5312177538871765,0.4687822759151459
56.96972966194153,0.5305410623550415,0.4694589376449585
56.97393560409546,0.5301094651222229,0.4698905646800995
56.98504400253296,0.5290789604187012,0.47092100977897644
56.988627910614014,0.5250639319419861,0.47493603825569153
56.98983597755432,0.4723963737487793,0.5276036858558655
57.00073146820069,0.4699469804763794,0.5300530195236206
57.001670122146606,0.46973472833633423,0.5302652716636658
57.00815105438232,0.4682633578777313,0.5317366123199463
57.01592803001404,0.5893641710281372,0.4106358289718628
57.01983594894409,0.5663242936134338,0.43367570638656616
57.02604389190674,0.5661684274673462,0.4338316023349762
57.02706599235535,0.566142737865448,0.4338572323322296
57.03526473045349,0.5659242272377014,0.43407580256462097
57.03573107719421,0.565914511680603,0.43408551812171936
57.04607558250427,0.5657017827033997,0.43429821729660034
57.05604434013367,0.5654899477958679,0.4345100224018097
57.05928754806519,0.5653935670852661,0.4346064329147339
57.05983591079712,0.565375566482544,0.43462446331977844
57.072731256484985,0.5649533867835999,0.43504664301872253
57.07645392417908,0.5409261584281921,0.45907387137413025
57.08863234519959,0.5420823097229004,0.4579176604747772
57.090044260025024,0.5419723987579346,0.4580276310443878
57.09183645248413,0.5418829321861267,0.4581170678138733
57.10432887077332,0.5962815880775452,0.40371841192245483
57.10573124885559,0.587228000164032,0.41277197003364563
57.11395287513733,0.5874063372612,0.41259363293647766
57.11904406547546,0.5875183939933777,0.4124816358089447
57.12454795837402,0.5876685976982117,0.4123314619064331
57.127116441726685,0.5449836850166321,0.4550163447856903
57.13183665275574,0.5547834038734436,0.4452165961265564
57.13373136520386,0.5547317266464233,0.4452682435512543
57.13844633102417,0.5546029210090637,0.4453970491886139
57.14841175079346,0.5985744595527649,0.4014255404472351
57.15503978729248,0.5310964584350586,0.4689035713672638
57.15847325325012,0.5866075158119202,0.4133925437927246
57.159836769104,0.5178880095481873,0.48211199045181274
57.161731243133545,0.5177041888237,0.48229584097862244
57.16983246803284,0.516913115978241,0.4830869138240814
57.17573547363281,0.5117512345314026,0.488248735666275
57.1840398311615,0.5244977474212646,0.47550225257873535
57.18728876113892,0.5243231654167175,0.4756768047809601
57.18883514404297,0.5242398977279663,0.4757600724697113
57.19378328323364,0.5239344239234924,0.47606563568115234
57.20473265647888,0.5232174396514893,0.47678253054618835
57.20759439468384,0.5767434239387512,0.4232565760612488
57.21216797828674,0.5075399875640869,0.4924599826335907
57.2195131778717,0.5067996382713318,0.4932003617286682
57.22503995895386,0.506211519241333,0.4937885105609894
57.22983527183533,0.5056981444358826,0.49430185556411743
57.23026061058045,0.5028696656227112,0.4971303939819336
57.23173236846924,0.48436516523361206,0.5156348943710327
57.2513644695282,0.4814082980155945,0.5185917019844055
57.25603890419006,0.48067405819892883,0.5193259716033936
57.2598352432251,0.48007479310035706,0.5199252367019653
57.26073265075684,0.4799327254295349,0.5200672745704651
57.26427984237671,0.4793696999549866,0.5206303000450134
57.272745847702026,0.4780169129371643,0.5219831466674805
57.28142976760864,0.4766156077384949,0.5233843922615051
57.2900390625,0.4752120077610016,0.524787962436676
57.29213070869446,0.47491392493247986,0.5250860452651978
57.29283404350281,0.4748246967792511,0.5251753330230713
57.30173420906067,0.47365736961364746,0.5263426303863525
57.31091618537903,0.4722786247730255,0.5277214050292969
57.31903886795044,0.4710482954978943,0.5289517641067505
57.3238308429718,0.47031763195991516,0.5296823978424072
57.327834129333496,0.46970170736312866,0.5302983522415161
57.33372235298157,0.45870286226272583,0.541297197341919
57.33673405647278,0.47436121106147766,0.5256388187408447
57.33891606330872,0.4564633071422577,0.5435366630554199
57.35503840446472,0.5117768049240112,0.48822325468063354
57.35800004005432,0.5115630626678467,0.4884369671344757
57.35991454124451,0.5078372955322266,0.49216267466545105
57.36383414268494,0.5234642624855042,0.47653576731681824
57.365734338760376,0.5234200358390808,0.4765799343585968
57.38536596298218,0.5228890180587769,0.47711098194122314
57.39003825187683,0.5226826667785645,0.47731736302375793
57.391836643218994,0.5225929021835327,0.4774071276187897
57.39420557022095,0.5224745273590088,0.4775254428386688
57.4007351398468,0.5221668481826782,0.47783318161964417
57.41452097892761,0.5216424465179443,0.47835761308670044
57.42017126083374,0.5214430093765259,0.4785570204257965
57.42503833770752,0.5212737321853638,0.47872623801231384
57.42783665657044,0.5211766362190247,0.47882333397865295
57.42973518371582,0.521111011505127,0.47888901829719543
57.43001365661621,0.5211013555526733,0.4788986146450043
57.43964385986328,0.5207696557044983,0.4792303740978241
57.45403337478638,0.5202786326408386,0.47972139716148376
57.45803022384644,0.5201431512832642,0.47985681891441345
57.46283674240112,0.5199809670448303,0.48001906275749207
57.46473526954651,0.5199169516563416,0.4800831079483032
57.49003338813782,0.5194382071495056,0.4805618226528168
57.49183654785156,0.5194498896598816,0.4805501401424408
57.50173687934876,0.5194833874702454,0.480516642332077
57.525033473968506,0.5192802548408508,0.48071977496147156
57.527836561203,0.5191380381584167,0.480862021446228
57.52973675727844,0.5190415978431702,0.48095840215682983
57.540037393569946,0.5185183882713318,0.4814816117286682
57.54906177520752,0.517829179763794,0.48217082023620605
57.55503296852112,0.5171791911125183,0.48282086849212646
57.56416964530945,0.516255259513855,0.4837447702884674
57.5648365020752,0.5161950588226318,0.48380500078201294
57.566736459732056,0.5160230994224548,0.48397693037986755
57.58150339126587,0.5292953252792358,0.47070470452308655
57.58572506904602,0.5106375813484192,0.4893624186515808
57.59003305435181,0.5618051290512085,0.4381949007511139
57.59083533287048,0.5618586540222168,0.438141405582428
57.59411931037903,0.5620787143707275,0.4379212558269501
57.60073733329773,0.5625278353691101,0.4374721646308899
57.62034511566162,0.5642120242118835,0.43578800559043884
57.620835304260254,0.5642646551132202,0.4357353448867798
57.62603306770325,0.5647931694984436,0.4352068603038788
57.62973737716675,0.5651224255561829,0.43487754464149475
57.63402199745178,0.565506637096405,0.4344933331012726
57.64553499221802,0.5665566325187683,0.4334433376789093
57.65503525733948,0.5673958659172058,0.4326041340827942
57.65563464164734,0.5674377679824829,0.4325622618198395
57.66183519363403,0.5677458643913269,0.4322541058063507
57.66687989234924,0.5186349749565125,0.48136505484580994
57.67073726654053,0.5414069294929504,0.4585930407047272
57.67960214614868,0.5410211086273193,0.45897889137268066
57.68748569488525,0.5406726002693176,0.45932745933532715
57.68983602523804,0.5405676364898682,0.4594323933124542
57.690035343170166,0.5405586957931519,0.45944133400917053
57.69973826408386,0.5401203632354736,0.459879606962204
57.7015860080719,0.5400360226631165,0.45996397733688354
57.71299743652344,0.5395085215568542,0.46049150824546814
57.72260141372681,0.5390557646751404,0.4609442353248596
57.726035356521606,0.5388918519020081,0.46110817790031433
57.72812342643738,0.5387917160987854,0.4612082839012146
57.73183608055115,0.5386127829551697,0.4613872468471527
57.73473834991455,0.5384718775749207,0.46152809262275696
57.742902755737305,0.5326015949249268,0.46739837527275085
57.75503206253052,0.5034774541854858,0.49652257561683655
57.755534648895264,0.5034228563308716,0.49657711386680603
57.75848126411438,0.5031021237373352,0.4968979060649872
57.75983595848084,0.5029541850090027,0.4970458447933197
57.76973867416382,0.501863420009613,0.4981365501880646
57.774637937545776,0.5696917176246643,0.4303083121776581
57.78168940544128,0.6023666262626648,0.3976333439350128
57.788724184036255,0.6032506227493286,0.3967494070529938
57.7888343334198,0.603264570236206,0.39673545956611633
57.79003190994263,0.6034154891967773,0.39658451080322266
57.79974031448364,0.6046470999717712,0.39535287022590637
57.801586866378784,0.6048826575279236,0.39511731266975403
57.82383465766907,0.6077104210853577,0.3922896087169647
57.82603192329407,0.6079869270324707,0.3920131027698517
57.82883954048157,0.6083409190177917,0.39165911078453064
57.83474040031433,0.6090878844261169,0.39091208577156067
57.8359591960907,0.5536341667175293,0.4463658928871155
57.85118556022644,0.5967139005661011,0.4032860994338989
57.85325264930725,0.600814163684845,0.39918583631515503
57.85802674293518,0.6583794951438904,0.341620534658432
57.86083436012268,0.658933699131012,0.34106627106666565
57.87062478065491,0.6608826518058777,0.3391173779964447
57.87074065208435,0.6609058976173401,0.3390941023826599
57.87970805168152,0.662712037563324,0.337287962436676
57.885026931762695,0.6638666987419128,0.33613330125808716
57.8878345489502,0.6645063161849976,0.33549368381500244
57.89797806739807,0.5623140335083008,0.43768593668937683
57.8984489440918,0.5746989250183105,0.42530104517936707
57.89974045753479,0.5747907161712646,0.42520928382873535
57.9148895740509,0.608788251876831,0.39121174812316895
57.91848087310791,0.5977458357810974,0.4022541344165802
57.92202687263489,0.5296940803527832,0.4703058898448944
57.93283438682556,0.5294227004051208,0.47057729959487915
57.93284511566162,0.5294224619865417,0.47057750821113586
57.93574047088623,0.5293480157852173,0.4706519544124603
57.93764472007752,0.4783061444759369,0.5216938257217407
57.95502591133118,0.5348160266876221,0.46518394351005554
57.95883464813232,0.5347902774810791,0.4652096927165985
57.95966815948486,0.5347850322723389,0.4652149975299835
57.9602484703064,0.5347857475280762,0.4652142822742462
57.96974039077759,0.534797191619873,0.46520286798477173
57.98088479042053,0.5933310985565186,0.40666887164115906
57.99102592468262,0.52959144115448,0.47040855884552
57.992830753326416,0.529558539390564,0.47044143080711365
57.9988112449646,0.5294548869132996,0.47054508328437805
57.99974036216736,0.5294401049613953,0.47055986523628235
58.00311422348023,0.5293833017349243,0.4706166684627533
58.012126207351685,0.5143175721168518,0.4856823980808258
58.02183079719544,0.4966048300266266,0.503395140171051
58.025025844573975,0.4963533878326416,0.5036466121673584
58.03189706802368,0.4958084225654602,0.5041916370391846
58.03274035453797,0.4957410991191864,0.5042588710784912
58.043522357940674,0.4948727488517761,0.5051272511482239
58.057831048965454,0.4936976730823517,0.5063023567199707
58.05797290802002,0.49368593096733093,0.5063140392303467
58.058021783828735,0.4936818778514862,0.5063180923461914
58.06074047088623,0.4934556186199188,0.5065444111824036
58.062241554260254,0.4933302700519562,0.5066697001457214
58.0754508972168,0.4922151267528534,0.5077848434448242
58.08502173423767,0.4913932979106903,0.5086067318916321
58.09003329277039,0.4909583628177643,0.5090416669845581
58.09283185005188,0.4907141923904419,0.5092858076095581
58.10331106185913,0.4897966682910919,0.5102033019065857
58.104740381240845,0.4896734654903412,0.5103265047073364
58.11475729942322,0.3936905562877655,0.6063094735145569
58.11602187156677,0.4752577543258667,0.5247423052787781
58.12741804122925,0.3917757272720337,0.6082243323326111
58.12783169746399,0.4349008798599243,0.5650991201400757
58.13108205795288,0.4347439408302307,0.5652560591697693
58.13174033164978,0.43471208214759827,0.5652878880500793
58.13886594772339,0.4287762939929962,0.5712237358093262
58.15504860877991,0.4440755248069763,0.5559244751930237
58.15802001953125,0.444017231464386,0.555982768535614
58.15883159637451,0.4440012574195862,0.5559987425804138
58.15974044799805,0.4439834654331207,0.5560165643692017
58.16882872581482,0.4438357651233673,0.5561642646789551
58.179627656936646,0.44373318552970886,0.5562668442726135
58.18601989746094,0.44367340207099915,0.5563266277313232
58.188202142715454,0.4436531960964203,0.5563468337059021
58.19382834434509,0.4436013698577881,0.5563986301422119
58.19757866859436,0.44356706738471985,0.5564329624176025
58.20073890686035,0.44353845715522766,0.5564615726470947
58.215811252594,0.4434012472629547,0.5565987825393677
58.21882271766663,0.4433668553829193,0.5566331744194031
58.221019983291626,0.44334176182746887,0.5566582083702087
58.22973871231079,0.4432426393032074,0.5567573308944702
58.22982835769653,0.443241685628891,0.5567582845687866
58.229899168014526,0.44324085116386414,0.5567591190338135
58.243764877319336,0.44308486580848694,0.5569151639938354
58.25435209274292,0.44297006726264954,0.5570299625396729
58.258023262023926,0.4429316222667694,0.5570683479309082
58.2603063583374,0.3961973786354065,0.6038026213645935
58.260828256607056,0.4537404477596283,0.5462595224380493
58.2717387676239,0.45390892028808594,0.5460910797119141
58.273277759552,0.4095092713832855,0.5904907584190369
58.28322863578797,0.4626961946487427,0.5373038053512573
58.28602313995361,0.462883323431015,0.5371167063713074
58.28782916069031,0.46300479769706726,0.5369951725006104
58.29912185668945,0.46377602219581604,0.5362240076065063
58.300740003585815,0.463888019323349,0.5361119508743286
58.3093204498291,0.4644888639450073,0.5355111360549927
58.31782913208008,0.4651109278202057,0.5348891019821167
58.31811594963074,0.46513819694519043,0.5348618030548096
58.322023153305054,0.4655112028121948,0.5344887971878052
58.3357400894165,0.4668659567832947,0.5331340432167053
58.34427833557129,0.4674505591392517,0.5325494408607483
58.3485631942749,0.42690509557724,0.57309490442276
58.357022523880005,0.44505828619003296,0.554941713809967
58.360445737838745,0.4450162351131439,0.5549837350845337
58.36182904243469,0.44499918818473816,0.5550008416175842
58.365740060806274,0.44495031237602234,0.5550497174263
58.36940598487854,0.44490399956703186,0.5550959706306458
58.38265466690064,0.44472572207450867,0.555274248123169
58.38502240180969,0.444692999124527,0.5553070306777954
58.38883638381958,0.44469693303108215,0.5553030967712402
58.39185047149658,0.4448206126689911,0.5551794171333313
58.404741287231445,0.445667028427124,0.554332971572876
58.409008502960205,0.44586923718452454,0.5541307330131531
58.41783666610718,0.44603559374809265,0.553964376449585
58.418673515319824,0.4460515081882477,0.5539484620094299
58.42002248764038,0.4460771679878235,0.5539228320121765
58.43078684806824,0.44220635294914246,0.5577936172485352
58.43274140357971,0.4352148175239563,0.5647851824760437
58.445560455322266,0.4351998269557953,0.5648001432418823
58.45602440834045,0.4350218176841736,0.5649781823158264
58.4583113193512,0.4349822700023651,0.5650177597999573
58.45983648300171,0.43495574593544006,0.5650442838668823
58.46441626548767,0.5062302350997925,0.49376973509788513
58.470741271972656,0.48335757851600647,0.5166424512863159
58.47283101081848,0.48356863856315613,0.5164313912391663
58.48176336288452,0.4845476448535919,0.5154523849487305
58.49083185195923,0.48567286133766174,0.5143271088600159
58.49102449417114,0.48569685220718384,0.5143031477928162
58.49497985839844,0.4861906170845032,0.5138094425201416
58.502742767333984,0.48716458678245544,0.5128353834152222
58.51345896720886,0.48860839009284973,0.5113916397094727
58.52283191680908,0.4899534285068512,0.5100465416908264
58.52514266967773,0.44044992327690125,0.5595501065254211
58.52602458000183,0.48701250553131104,0.512987494468689
58.52704501152039,0.48710542917251587,0.5128946304321289
58.53074264526367,0.487442284822464,0.5125576853752136
58.55400991439819,0.5289862751960754,0.47101372480392456
58.55783200263977,0.48654913902282715,0.5134509205818176
58.55874276161194,0.48667946457862854,0.5133205652236938
58.56302404403687,0.487293541431427,0.512706458568573
58.56340527534485,0.487348347902298,0.5126516222953796
58.57139706611633,0.4885018467903137,0.5114981532096863
58.58614993095398,0.38142722845077515,0.6185727715492249
58.58902406692505,0.3937898576259613,0.6062101125717163
58.5937569141388,0.39351752400398254,0.6064824461936951
58.593831062316895,0.3935132324695587,0.6064867377281189
58.60074520111084,0.3931116759777069,0.6068882942199707
58.604182958602905,0.3609049618244171,0.6390950679779053
58.61698365211487,0.34993311762809753,0.6500668525695801
58.62476706504822,0.4330423176288605,0.5669577121734619
58.62602424621582,0.36374327540397644,0.6362566947937012
58.62883114814758,0.36328446865081787,0.6367155909538269
58.6306517124176,0.4407353401184082,0.5592647194862366
58.63074517250061,0.3678928315639496,0.6321071982383728
58.6414201259613,0.36597439646720886,0.6340255737304688
58.65044593811035,0.4344688951969147,0.5655311346054077
58.65883111953735,0.4098966419696808,0.5901033282279968
58.659443855285645,0.4098365008831024,0.5901634693145752
58.65974545478821,0.4098068177700043,0.5901932120323181
58.66002726554871,0.40977898240089417,0.5902209877967834
58.66728234291077,0.40906837582588196,0.5909315943717957
58.67975544929504,0.4706549048423767,0.5293450951576233
58.6870276927948,0.4053501486778259,0.5946498513221741
58.69382905960083,0.40463006496429443,0.5953699350357056
58.699647426605225,0.4039647579193115,0.5960352420806885
58.701746225357056,0.4037235677242279,0.5962764024734497
58.703980445861816,0.4034663438796997,0.5965336561203003
58.71702766418457,0.40195050835609436,0.5980494618415833
58.720388650894165,0.40464138984680176,0.595358669757843
58.72669315338135,0.3837316334247589,0.6162683963775635
58.72982907295227,0.3832533359527588,0.6167466640472412
58.73413968086243,0.3825928866863251,0.6174071431159973
58.73974633216858,0.3817286789417267,0.6182713508605957
58.74934983253479,0.38023456931114197,0.6197654604911804
58.754565477371216,0.3794156610965729,0.6205843091011047
58.75782871246338,0.3789007365703583,0.6210992932319641
58.75902700424194,0.3787112534046173,0.6212887763977051
58.76264977455139,0.37813639640808105,0.621863603591919
58.76474618911743,0.37780264019966125,0.6221973896026611
58.77061891555786,0.3768632113933563,0.6231368184089661
58.78274369239807,0.3749028444290161,0.6250971555709839
58.78702712059021,0.37420374155044556,0.6257963180541992
58.792829751968384,0.37325093150138855,0.6267490386962891
58.79756665229797,0.3938297927379608,0.6061701774597168
58.799747467041016,0.3898971974849701,0.6101028323173523
58.8021092414856,0.35830071568489075,0.6416993141174316
58.81461143493652,0.41182368993759155,0.5881763100624084
58.8150269985199,0.41179391741752625,0.5882061123847961
58.82508182525635,0.43549644947052,0.5645036101341248
58.82782983779907,0.4288580119609833,0.5711419582366943
58.83574724197388,0.4284491240978241,0.5715508460998535
58.846696853637695,0.42792317271232605,0.5720767974853516
58.85561919212341,0.4275411069393158,0.5724588632583618
58.85802888870239,0.4274425208568573,0.5725575089454651
58.859829902648926,0.42736876010894775,0.5726312398910522
58.86474275588989,0.4271678626537323,0.5728321075439453
58.869234800338745,0.4269842803478241,0.5730157494544983
58.869747161865234,0.42696326971054077,0.5730367302894592
58.88205814361572,0.42646047472953796,0.5735395550727844
58.88502907752991,0.4263390898704529,0.5736609101295471
58.89183044433594,0.42606157064437866,0.5739384293556213
58.89210653305054,0.4260503947734833,0.5739496350288391
58.8997483253479,0.42573878169059753,0.5742612481117249
58.907390117645264,0.42542728781700134,0.5745726823806763
58.91269993782044,0.4252108931541443,0.5747891068458557
58.92102885246277,0.42485758662223816,0.5751423835754395
58.92783045768738,0.4245644807815552,0.5754355192184448
58.92939305305481,0.42449715733528137,0.575502872467041
58.93787956237793,0.42406216263771057,0.5759378671646118
58.94074821472168,0.42390164732933044,0.5760983824729919
58.94458532333374,0.4261303246021271,0.5738697052001953
58.957027435302734,0.4332197606563568,0.5667802095413208
58.961830377578735,0.43308794498443604,0.566912055015564
58.968748331069946,0.4328996241092682,0.5671003460884094
58.96884799003601,0.40037307143211365,0.5996269583702087
58.96949291229248,0.46383875608444214,0.5361612439155579
58.97958445549011,0.4641253650188446,0.5358746647834778
58.987027406692505,0.46434321999549866,0.5356568098068237
58.99272656440735,0.46451377868652344,0.5354862213134766
58.996829986572266,0.4646361172199249,0.5353639125823975
59.00374937057495,0.46484169363975525,0.5351583361625671
59.010350465774536,0.4650421142578125,0.5349579453468323
59.01729965209961,0.46525758504867554,0.5347424745559692
59.01883006095886,0.46530550718307495,0.534694492816925
59.01891493797302,0.45471808314323425,0.5452818870544434
59.01902747154236,0.4490702450275421,0.5509297847747803
59.02560567855835,0.4489792585372925,0.5510207414627075
59.03274941444397,0.44887956976890564,0.551120400428772
59.03991198539734,0.44877859950065613,0.5512214303016663
59.05802297592163,0.448518306016922,0.5514816641807556
59.05983018875122,0.4484919607639313,0.5515080690383911
59.06074929237366,0.4484785199165344,0.5515215396881104
59.0646562576294,0.4484212100505829,0.5515788197517395
59.07842803001404,0.4482165575027466,0.5517835021018982
59.08602285385132,0.44810178875923157,0.551898181438446
59.08646440505981,0.4480951428413391,0.5519049167633057
59.08782768249512,0.44807443022727966,0.5519255995750427
59.093679428100586,0.44801896810531616,0.5519810318946838
59.10174751281738,0.4479232132434845,0.5520768165588379
59.10809755325317,0.46971940994262695,0.5302806496620178
59.11959385871887,0.4361051619052887,0.5638948678970337
59.12202286720276,0.43598827719688416,0.5640117526054382
59.12974786758423,0.4356130063533783,0.5643870234489441
59.12982773780823,0.4356091022491455,0.5643908977508545
59.13235306739807,0.43548518419265747,0.5645148158073425
59.157023429870605,0.4343754053115845,0.5656245946884155
59.158827781677246,0.4343150854110718,0.565684974193573
59.17174744606018,0.4342297315597534,0.5657702684402466
59.18502354621887,0.4345732629299164,0.565426766872406
59.1868269443512,0.4346199631690979,0.5653800368309021
59.19974875450134,0.43502458930015564,0.564975380897522
59.21994400024414,0.5292598605155945,0.4707401990890503
59.22282695770264,0.4893723130226135,0.5106276869773865
59.22702360153198,0.48979827761650085,0.5102017521858215
59.22974872589111,0.4900765120983124,0.50992351770401
59.23651075363159,0.49072200059890747,0.5092779994010925
59.23802137374878,0.49079811573028564,0.5092018842697144
59.25901865959168,0.4918707013130188,0.5081292986869812
59.26082706451416,0.4919644892215729,0.5080355405807495
59.26089644432068,0.491968035697937,0.508031964302063
59.26474905014038,0.4922458529472351,0.5077541470527649
59.27857398986816,0.439442902803421,0.5605570673942566
59.27958655357361,0.47416621446609497,0.5258338451385498
59.28601861000061,0.47412633895874023,0.5258736610412598
59.28682589530945,0.4741211533546448,0.5258788466453552
59.29368853569031,0.4740731418132782,0.5259268879890442
59.30074739456177,0.47401925921440125,0.5259807109832764
59.3068437576294,0.5513887405395508,0.44861122965812683
59.31601858139038,0.5040416121482849,0.49595844745635986
59.326019287109375,0.5048412680625916,0.49515873193740845
59.33074736595154,0.5052240490913391,0.4947759807109833
59.33082604408264,0.5052304267883301,0.49476954340934753
59.342710733413696,0.5062032341957092,0.49379676580429077
59.35178112983704,0.4213148355484009,0.5786852240562439
59.35701823234558,0.4348616898059845,0.5651383399963379
59.3572690486908,0.4348420798778534,0.565157949924469
59.35974717140198,0.43464842438697815,0.5653515458106995
59.35982608795166,0.43464231491088867,0.5653576850891113
59.37888765335083,0.4752305746078491,0.5247694849967957
59.38682675361633,0.39545825123786926,0.6045417785644531
59.38701820373535,0.39542123675346375,0.6045787930488586
59.3904447555542,0.4544561505317688,0.5455438494682312
59.397568464279175,0.3737044036388397,0.6262955665588379
59.40174889564514,0.3729688823223114,0.627031147480011
59.41501808166504,0.3706146776676178,0.6293853521347046
59.41963839530945,0.4199184477329254,0.580081582069397
59.42882704734802,0.4101942777633667,0.5898057818412781
59.430748462677,0.40993714332580566,0.5900628566741943
59.43875598907471,0.40886008739471436,0.5911399126052856
59.446552991867065,0.4078022539615631,0.5921977758407593
59.459012031555176,0.4060933291912079,0.5939067006111145
59.45982646942139,0.4059809148311615,0.5940191149711609
59.46174907684326,0.4057159721851349,0.5942840576171875
59.46491289138794,0.46616247296333313,0.5338374972343445
59.47390294075012,0.397241473197937,0.602758526802063
59.48173546791077,0.3960777521133423,0.6039222478866577
59.48501205444336,0.39558786153793335,0.6044121384620667
59.492583990097046,0.4148992896080017,0.5851007103919983
59.49282789230347,0.40480586886405945,0.5951941609382629
59.50129246711731,0.4034026563167572,0.5965973734855652
59.50374984741211,0.4029926657676697,0.5970073342323303
59.50986456871033,0.4019673466682434,0.5980326533317566
59.52201199531555,0.39989203214645386,0.6001079678535461
59.52402472496033,0.39954015612602234,0.6004598736763
59.527827739715576,0.39885786175727844,0.6011421084403992
59.53293967247009,0.3978741765022278,0.602125883102417
59.53474974632263,0.3975244164466858,0.6024755835533142
59.543450117111206,0.39600813388824463,0.6039919257164001
59.555912494659424,0.3942014276981354,0.6057985424995422
59.55601143836975,0.39418700337409973,0.6058130264282227
59.5568277835846,0.3940678536891937,0.6059321165084839
59.56513524055481,0.39285045862197876,0.607149600982666
59.56974983215332,0.39217016100883484,0.6078298687934875
59.57732200622559,0.3905503451824188,0.6094496250152588
59.58203673362732,0.3974975645542145,0.6025024056434631
59.58501124382019,0.46586209535598755,0.5341379642486572
59.59182405471802,0.46569517254829407,0.5343047976493835
59.59975075721741,0.46550196409225464,0.5344980359077454
59.60582852363586,0.4662216007709503,0.5337784290313721
59.60610866546631,0.4868684709072113,0.5131315588951111
59.618391036987305,0.4869239330291748,0.5130760669708252
59.61901140213013,0.4869269132614136,0.5130730867385864
59.62682390213013,0.48696595430374146,0.5130341053009033
59.629353284835815,0.48697927594184875,0.5130207538604736
59.634750843048096,0.48700839281082153,0.5129916071891785
59.64597225189209,0.48707327246665955,0.5129267573356628
59.64665007591248,0.48707738518714905,0.5129226446151733
59.65501403808594,0.4871295988559723,0.5128703713417053
59.65761613845825,0.48714667558670044,0.5128533840179443
59.661823987960815,0.4871745705604553,0.5128254294395447
59.670750856399536,0.4872366786003113,0.5127633810043335
59.67926526069641,0.4872991144657135,0.5127008557319641
59.68932819366455,0.4873772859573364,0.5126227140426636
59.68982529640198,0.4873812198638916,0.5126187801361084
59.69101405143738,0.48739078640937805,0.5126091837882996
59.69220018386841,0.48740044236183167,0.512599527835846
59.70075273513794,0.48747146129608154,0.5125285387039185
59.70584797859192,0.4875161349773407,0.5124838948249817
59.70764327049256,0.4875337779521942,0.5124662518501282
59.71844696998596,0.48764297366142273,0.5123570561408997
59.72601413726807,0.48772284388542175,0.5122771859169006
59.72975254058838,0.4877631962299347,0.5122368335723877
59.72991538047791,0.4374040365219116,0.5625960230827332
59.73282527923584,0.4973890781402588,0.502610981464386
59.74244546890259,0.446316123008728,0.5536839365959167
59.747034549713135,0.5205948948860168,0.47940507531166077
59.75410604476929,0.5210753083229065,0.4789246618747711
59.75982546806336,0.521469235420227,0.47853076457977295
59.76201105117798,0.5216211080551147,0.47837889194488525
59.76608419418335,0.5219058990478516,0.47809407114982605
59.77175259590149,0.5223063826560974,0.477693647146225
59.78402781486511,0.523284912109375,0.4767151176929474
59.78583788871765,0.5234469771385193,0.4765530526638031
59.789011001586914,0.5237318873405457,0.47626811265945435
59.78982329368591,0.5238048434257507,0.4761951267719269
59.79303336143494,0.5179806351661682,0.4820193648338318
59.8007550239563,0.49682626128196716,0.5031737089157104
59.80792832374573,0.49674323201179504,0.5032567381858826
59.82373404502869,0.4965546727180481,0.5034453272819519
59.82382345199585,0.49655354022979736,0.5034464597702026
59.82601094245911,0.496526837348938,0.503473162651062
59.82975506782532,0.49648070335388184,0.5035192966461182
59.834869384765625,0.4964171051979065,0.5035828948020935
59.84537720680237,0.49627184867858887,0.5037281513214111
59.85409998893738,0.49614855647087097,0.5038514733314514
59.85901427268982,0.49607768654823303,0.5039222836494446
59.8592529296875,0.4960743188858032,0.5039257407188416
59.86082315444946,0.4960536062717438,0.5039463639259338
59.86906576156616,0.527009904384613,0.47299012541770935
59.869755029678345,0.48785871267318726,0.5121413469314575
59.887014389038086,0.48724108934402466,0.5127589106559753
59.88782453536987,0.48721155524253845,0.5127884745597839
59.88892102241516,0.48717138171195984,0.5128285884857178
59.89175462722778,0.487067312002182,0.5129327178001404
59.89535450935364,0.486934095621109,0.5130658745765686
59.91255307197571,0.5380178689956665,0.4619821608066559
59.916014194488525,0.5185742974281311,0.48142576217651367
59.928502559661865,0.51920086145401,0.4807991087436676
59.9298243522644,0.5192677974700928,0.48073217272758484
59.93595266342163,0.519579291343689,0.48042067885398865
59.93975472450256,0.519821047782898,0.48017898201942444
59.94334673881531,0.520106852054596,0.47989314794540405
59.94601392745972,0.520319938659668,0.4796801209449768
59.95626139640808,0.5211468935012817,0.47885310649871826
59.95782446861267,0.521274209022522,0.478725790977478
59.96760940551758,0.5033437013626099,0.49665626883506775
59.96975445747376,0.5086600184440613,0.4913400411605835
59.976558208465576,0.5089195370674133,0.4910804331302643
59.98458671569824,0.5439649224281311,0.4560351073741913
59.98801398277283,0.516544759273529,0.48345521092414856
59.992823123931885,0.5167953372001648,0.4832046627998352
60.00475382804871,0.5176039338111877,0.48239609599113464
60.017014026641846,0.5184487104415894,0.48155128955841064
60.023502588272095,0.5189014077186584,0.48109862208366394
60.028823137283325,0.5192916393280029,0.48070839047431946
60.033753871917725,0.5196714401245117,0.4803285300731659
60.03935194015503,0.5201254487037659,0.47987452149391174
60.046016454696655,0.5206848382949829,0.4793151319026947
60.05104970932007,0.46736881136894226,0.5326312184333801
60.05857658386231,0.4754582345485687,0.5245417952537537
60.06382346153259,0.4751504957675934,0.524849534034729
60.06875395774841,0.47485876083374023,0.5251412391662598
60.08249020576477,0.5121408104896545,0.48785924911499023
60.087641954422,0.4938918948173523,0.5061081051826477
60.088016510009766,0.4214196801185608,0.5785803198814392
60.09282183647156,0.4205794632434845,0.5794205665588379
60.099756479263306,0.4193456768989563,0.5806543231010437
60.10375499725342,0.418610543012619,0.5813894271850586
60.1081600189209,0.44299134612083435,0.5570086240768433
60.11601662635803,0.4599381983280182,0.5400617718696594
60.12158989906311,0.4595459997653961,0.5404539704322815
60.12568807601929,0.4592558741569519,0.5407441258430481
60.127821922302246,0.45910415053367615,0.5408958792686462
60.13175487518311,0.4588233232498169,0.5411766767501831
60.13787794113159,0.5114524960517883,0.48854750394821167
60.14522504806519,0.45393478870391846,0.5460652112960815
60.146016120910645,0.4538626968860626,0.5461373329162598
60.15308952331543,0.4532250463962555,0.5467749834060669
60.15782189369202,0.4528122544288635,0.5471877455711365
60.16975498199463,0.45175930857658386,0.5482407212257385
60.171478271484375,0.4550110697746277,0.5449889302253723
60.17845320701599,0.44097957015037537,0.5590204000473022
60.18801617622376,0.43988123536109924,0.5601187944412231
60.19080638885498,0.4395679831504822,0.5604320168495178
60.192821741104126,0.4393409788608551,0.5606590509414673
60.19787454605103,0.43876898288726807,0.5612310171127319
60.20375633239746,0.4380981922149658,0.5619018077850342
60.21136450767517,0.43719321489334106,0.5628067851066589
60.217015981674194,0.4365098774433136,0.563490092754364
60.228821754455566,0.43500789999961853,0.5649921298027039
60.23375606536865,0.43427953124046326,0.5657204985618591
60.245174169540405,0.43257421255111694,0.5674258470535278
60.24601864814758,0.4324468970298767,0.5675531029701233
60.25667929649353,0.4308275282382965,0.5691725015640259
60.25882172584534,0.4304991066455841,0.5695009231567383
60.259756326675415,0.4303555488586426,0.5696444511413574
60.26903986930847,0.42891925573349,0.5710808038711548
60.28176259994507,0.35470250248908997,0.6452974677085876
60.28342604637146,0.37468087673187256,0.6253191828727722
60.288018465042114,0.4335562288761139,0.5664437413215637
60.2928192615509,0.43330079317092896,0.566699206829071
60.29809856414795,0.43301916122436523,0.5669808387756348
60.3027572631836,0.4327697455883026,0.567230224609375
60.30653190612793,0.44989466667175293,0.5501053333282471
60.31701827049256,0.4414993226528168,0.5585007071495056
60.3224151134491,0.4412684142589569,0.5587315559387207
60.32781958580017,0.4410366415977478,0.5589633584022522
60.33075785636902,0.440910279750824,0.559089720249176
60.340800762176514,0.4404771327972412,0.5595228672027588
60.34763050079346,0.4401812255382538,0.5598188042640686
60.359018325805664,0.4396995007991791,0.5603004693984985
60.3647575378418,0.43951475620269775,0.5604852437973022
60.365819692611694,0.4394826889038086,0.5605173110961914
60.36836218833923,0.4394058585166931,0.5605942010879517
60.38173389434815,0.4389832317829132,0.5610167980194092
60.38701844215393,0.4387762248516083,0.5612237453460693
60.39182114601135,0.4385811686515808,0.5614188313484192
60.40176153182984,0.4381773769855499,0.5618226528167725
60.402862310409546,0.43813252449035645,0.5618675351142883
60.40404987335205,0.43808412551879883,0.5619158744812012
60.41501832008362,0.437636137008667,0.562363862991333
60.418741941452026,0.43748363852500916,0.5625163912773132
60.41882085800171,0.4374803900718689,0.5625196099281311
60.42876172065735,0.4375653564929962,0.5624346733093262
60.43237900733948,0.43756917119026184,0.5624308586120605
60.44682598114014,0.43747422099113464,0.5625258088111877
60.453204870224,0.440000981092453,0.5599990487098694
60.45701837539673,0.44686493277549744,0.5531350374221802
60.4608211517334,0.4469563066959381,0.5530436635017395
60.46250820159912,0.4194360673427582,0.5805639624595642
60.46676158905029,0.47850465774536133,0.5214954018592834
60.48078680038452,0.4796101450920105,0.5203898549079895
60.48109650611877,0.47963497042655945,0.5203650593757629
60.48501205444336,0.4799500107765198,0.5200499892234802
60.48881936073303,0.48025885224342346,0.5197411775588989
60.499762535095215,0.4811609387397766,0.5188390612602234
60.50257754325867,0.4814072847366333,0.5185927152633667
60.51017332077026,0.48218804597854614,0.5178120136260986
60.5188193321228,0.4830529987812042,0.5169470310211182
60.5210120677948,0.4832748472690582,0.5167251825332642
60.52197480201721,0.48337259888648987,0.5166274309158325
60.54076266288757,0.4849470555782318,0.5150529146194458
60.54222512245178,0.4591139853000641,0.5408859848976135
60.551082611083984,0.44752755761146545,0.5524724721908569
60.55601143836975,0.44733384251594543,0.5526661276817322
60.55881929397583,0.44733718037605286,0.5526627898216248
60.55918765068054,0.4473409354686737,0.5526590347290039
60.57144451141357,0.4475345313549042,0.5524654984474182
60.571762561798096,0.4475373923778534,0.552462637424469
60.58601140975952,0.4476701319217682,0.5523298978805542
60.589763879776,0.44770610332489014,0.5522938966751099
60.589892864227295,0.44770732522010803,0.5522927045822144
60.59481620788574,0.4477553367614746,0.5522447228431702
60.60097646713257,0.44775137305259705,0.5522486567497253
60.60580515861511,0.44771021604537964,0.5522897839546204
60.61901140213013,0.44760769605636597,0.552392303943634
60.62010455131531,0.5068241357803345,0.4931758940219879
60.629711389541626,0.44114479422569275,0.5588552355766296
60.62981605529785,0.44114068150520325,0.5588592886924744
60.639763832092285,0.4408135712146759,0.5591864585876465
60.64018559455872,0.4408056437969208,0.5591943264007568
60.650816202163696,0.44060489535331726,0.5593950748443604
60.65270352363586,0.44056907296180725,0.5594309568405151
60.65592432022095,0.5147664546966553,0.4852335751056671
60.65800666809082,0.47114184498786926,0.5288581252098083
60.6597638130188,0.4712103009223938,0.5287896990776062
60.67058277130127,0.47156503796577454,0.5284349322319031
60.68600654602051,0.47143736481666565,0.528562605381012
60.68912053108215,0.471420556306839,0.5285794138908386
60.69281625747681,0.47140049934387207,0.5285995006561279
60.70051717758179,0.4713583290576935,0.5286416411399841
60.70276355743408,0.4713459312915802,0.5286540985107422
60.70512676239014,0.45387980341911316,0.5461202263832092
60.71413779258728,0.4568866193294525,0.5431133508682251
60.71600651741028,0.45681771636009216,0.5431823134422302
60.72081637382507,0.4566393792629242,0.5433605909347534
60.7317636013031,0.45622822642326355,0.5437717437744141
60.738760232925415,0.5246468186378479,0.4753531813621521
60.75620913505554,0.4746103584766388,0.5253896117210388
60.75800609588623,0.4746382534503937,0.5253617763519287
60.7628161907196,0.47471365332603455,0.5252863764762878
60.764763593673706,0.47474440932273865,0.525255560874939
60.76587104797363,0.4747619330883026,0.525238037109375
60.77458119392395,0.41395339369773865,0.5860466361045837
60.77981090545654,0.4279248118400574,0.5720752477645874
60.78700613975525,0.42734000086784363,0.572659969329834
60.78981375694275,0.42709675431251526,0.5729032754898071
60.79972815513611,0.4482111930847168,0.5517888069152832
60.79976487159729,0.37994706630706787,0.6200529336929321
60.802117347717285,0.4357128143310547,0.5642872452735901
60.81500601768494,0.3625682294368744,0.6374317407608032
60.81697106361389,0.36215731501579285,0.6378426551818848
60.81881380081177,0.36177128553390503,0.638228714466095
60.820528507232666,0.4408228397369385,0.5591771602630615
60.834333658218384,0.4088931381702423,0.5911068320274353
60.83576488494873,0.4087429642677307,0.5912570357322693
60.84033918380737,0.40826308727264404,0.591736912727356
60.85417985916138,0.47065284848213196,0.5293471813201904
60.85900855064392,0.3994240462779999,0.6005759835243225
60.86181378364563,0.39905139803886414,0.6009486317634583
60.86976504325867,0.3980006277561188,0.6019994020462036
60.86997675895691,0.39797243475914,0.6020275354385376
60.87685585021973,0.39705637097358704,0.6029435992240906
60.88494086265564,0.4019978940486908,0.5980021357536316
60.88700866699219,0.3835170269012451,0.6164829730987549
60.887810945510864,0.3833867609500885,0.6166132092475891
60.891764879226685,0.38274314999580383,0.6172568798065186
60.89698457717896,0.381899893283844,0.618100106716156
60.91045570373535,0.37970393896102905,0.620296061038971
60.916008710861206,0.3787902891635895,0.6212097406387329
60.92381095886231,0.37749865651130676,0.6225013732910156
60.924818992614746,0.377331018447876,0.622668981552124
60.929847240448,0.3764927387237549,0.6235072612762451
60.93276500701904,0.375991553068161,0.6240084767341614
60.94145178794861,0.3744833767414093,0.6255165934562683
60.95104646682739,0.37281334400177,0.62718665599823
60.95800805091858,0.37159714102745056,0.6284028887748718
60.95981097221375,0.37128084897994995,0.62871915102005
60.96976494789124,0.36952564120292664,0.630474328994751
60.97499370574951,0.3685974180698395,0.6314025521278381
60.98356699943543,0.39979928731918335,0.6002007126808167
60.98700833320618,0.40501031279563904,0.5949896574020386
60.99281311035156,0.404373437166214,0.5956265926361084
60.999478340148926,0.38838908076286316,0.6116108894348145
61.00296926498413,0.42286235094070435,0.5771376490592957
61.00376343727112,0.4228142201900482,0.5771858096122742
61.01500844955444,0.42213311791419983,0.5778668522834778
61.02100992202759,0.4525802731513977,0.5474197268486023
61.02781319618225,0.4272313117980957,0.5727686882019043
61.03276324272156,0.42694687843322754,0.5730531215667725
61.03319478034973,0.4269220530986786,0.573077917098999
61.042829275131226,0.42627039551734924,0.5737296342849731
61.055140018463135,0.42533060908317566,0.5746694207191467
61.05800986289978,0.42511099576950073,0.5748890042304993
61.05976343154907,0.4249766170978546,0.5750234127044678
61.06281328201294,0.42474275827407837,0.5752572417259216
61.06948566436768,0.4242304265499115,0.5757696032524109
61.07892918586731,0.4235032796859741,0.5764967203140259
61.085010051727295,0.4230709671974182,0.5769290924072266
61.09081411361694,0.42268654704093933,0.5773134231567383
61.093881368637085,0.4224833548069,0.5775166749954224
61.100764751434326,0.42202720046043396,0.5779727697372437
61.101019859313965,0.42201027274131775,0.5779896974563599
61.11498284339905,0.4210667014122009,0.5789332985877991
61.11981415748596,0.42066824436187744,0.5793317556381226
61.12100982666016,0.420569509267807,0.5794304609298706
61.128764629364014,0.41987180709838867,0.5801282525062561
61.12876915931702,0.4198713004589081,0.5801286697387695
61.13994884490967,0.41885432600975037,0.5811456441879272
61.15538477897644,0.453122079372406,0.546877920627594
61.15600895881653,0.45856815576553345,0.5414318442344666
61.16081404685974,0.4585616886615753,0.5414382815361023
61.16252565383911,0.4443527162075043,0.5556472539901733
61.1637647151947,0.4775608777999878,0.5224391222000122
61.16588759422302,0.4776451289653778,0.5223548412322998
61.17930006980896,0.4783157408237457,0.5216842293739319
61.18700885772705,0.4787190854549408,0.5212808847427368
61.190349817276,0.4789558947086334,0.521044135093689
61.19081115722656,0.4789886772632599,0.5210112929344177
61.19976449012756,0.4796347916126251,0.5203651785850525
61.20099711418152,0.4797249436378479,0.5202750563621521
61.20542907714844,0.4800516664981842,0.5199483036994934
61.219921350479126,0.4523833096027374,0.547616720199585
61.2209312915802,0.4349554479122162,0.5650445222854614
61.22381114959717,0.4347117245197296,0.5652883052825928
61.22700905799866,0.4344404339790344,0.5655595660209656
61.23476433753967,0.4337789714336395,0.5662210583686829
61.242347240448,0.4330978989601135,0.5669021010398865
61.25598931312561,0.43180641531944275,0.5681936144828796
61.25600981712341,0.4318043291568756,0.5681957006454468
61.25881147384644,0.43152573704719543,0.568474292755127
61.26474618911743,0.4309329688549042,0.5690670609474182
61.26876449584961,0.43052977323532104,0.5694702863693237
61.28881192207336,0.42825496196746826,0.5717450380325317
61.29099702835083,0.42799896001815796,0.572001039981842
61.29200983047485,0.4278799593448639,0.5721200108528137
61.296485900878906,0.4273529648780823,0.5726470351219177
61.306766510009766,0.4261329174041748,0.5738670825958252
61.31016206741333,0.48196083307266235,0.5180391669273376
61.31761741638184,0.4122093617916107,0.5877906084060669
61.32500982284546,0.41105327010154724,0.5889467000961304
61.33081197738648,0.41013917326927185,0.5898608565330505
61.33487892150879,0.40949490666389465,0.5905051231384277
61.33876657485962,0.4088761806488037,0.5911238789558411
61.34701061248779,0.40755537152290344,0.592444658279419
61.34939622879028,0.4988574981689453,0.5011425018310547
61.35494065284729,0.4822055697441101,0.5177944898605347
61.35881185531616,0.4821925759315491,0.5178074240684509
61.36176657676697,0.48218271136283875,0.5178172588348389
61.37695026397705,0.48213210701942444,0.517867922782898
61.38881206512451,0.4819237291812897,0.5180763006210327
61.3890106678009,0.48192742466926575,0.5180726051330566
61.39263939857483,0.4819956123828888,0.5180043578147888
61.40276741981506,0.4822993576526642,0.5177006721496582
61.41575264930725,0.48279619216918945,0.5172038674354553
61.41701078414917,0.4828450381755829,0.5171549916267395
61.419594526290894,0.4564729630947113,0.5435270667076111
61.42281222343445,0.4345906972885132,0.5654093027114868
61.42600393295288,0.4343174695968628,0.565682590007782
61.42976784706116,0.4339941442012787,0.5660058259963989
61.44033646583557,0.4837664067745209,0.5162335634231567
61.44950604438782,0.49693426489830017,0.5030657649040222
61.450812101364136,0.4969535768032074,0.5030463933944702
61.46001815795898,0.4970475435256958,0.502952516078949
61.46020221710205,0.49704858660697937,0.5029513835906982
61.46776747703552,0.49710819125175476,0.5028918385505676
61.47449254989624,0.5002412796020508,0.4997587203979492
61.48560905456543,0.4786750376224518,0.5213249921798706
61.48701810836792,0.47861889004707336,0.5213810801506042
61.49181151390076,0.4784272611141205,0.5215727090835571
61.499767541885376,0.47810521721839905,0.5218948125839233
61.50128960609436,0.541680634021759,0.45831939578056335
61.50753355026245,0.536980152130127,0.46301987767219543
61.51601815223694,0.46709874272346497,0.5329012274742126
61.51981139183045,0.46686309576034546,0.5331369042396545
61.52257513999939,0.46669045090675354,0.5333095192909241
61.535767555236816,0.46585381031036377,0.5341461896896362
61.53747034072876,0.46921563148498535,0.5307843685150146
61.54872703552246,0.47491735219955444,0.5250827074050903
61.55202555656433,0.4747717082500458,0.5252282619476318
61.55902099609375,0.4744606018066406,0.5255393981933594
61.56381130218506,0.4742414653301239,0.5257585048675537
61.56641745567322,0.5134600400924683,0.4865400195121765
61.57141065597534,0.45698073506355286,0.5430192351341248
61.57176756858826,0.4569537937641144,0.543046236038208
61.58702087402344,0.45578187704086304,0.544218122959137
61.59072089195252,0.45549365878105164,0.5445063710212708
61.59081220626831,0.45548662543296814,0.5445134043693542
61.60076880455017,0.45470279455184937,0.5452972054481506
61.60087060928345,0.4486778974533081,0.5513221025466919
61.612685203552246,0.4365956783294678,0.563404381275177
61.6150209903717,0.4363390803337097,0.5636609196662903
61.61981225013733,0.4357910752296448,0.564208984375
61.62312436103821,0.4353663921356201,0.5646336078643799
61.62976884841919,0.4345245957374573,0.5654754042625427
61.63578486442566,0.43375715613365173,0.5662428140640259
61.639877796173096,0.4332311451435089,0.5667688846588135
61.65658926963806,0.4313441514968872,0.5686558485031128
61.65702033042908,0.4312983453273773,0.5687016248703003
61.65859317779541,0.4311312437057495,0.5688688158988953
61.65981221199036,0.4310014545917511,0.5689985752105713
61.67176866531372,0.42971810698509216,0.5702818632125854
61.67354106903076,0.4295262396335602,0.5704737901687622
61.68366193771362,0.4358079731464386,0.564191997051239
61.685020446777344,0.4451262950897217,0.5548737645149231
61.68880891799927,0.4447828531265259,0.5552171468734741
61.69161987304688,0.4256763458251953,0.5743236541748047
61.70076894760132,0.480360209941864,0.5196398496627808
61.70226287841797,0.48034238815307617,0.5196576118469238
61.72002053260803,0.4801312983036041,0.5198686718940735
61.72200036048889,0.48075029253959656,0.519249677658081
61.72876906394959,0.48515722155570984,0.5148428082466125
61.73180890083313,0.48514431715011597,0.5148557424545288
61.73982095718384,0.4851110875606537,0.5148888826370239
61.7539496421814,0.48505517840385437,0.5149447917938232
61.75602102279663,0.48504719138145447,0.5149527788162231
61.75980877876282,0.48503291606903076,0.5149670839309692
61.76329016685486,0.4850200116634369,0.5149800181388855
61.76476907730103,0.48501452803611755,0.5149855017662048
61.77972173690796,0.4850209057331085,0.5149791240692139
61.78885173797608,0.48511525988578796,0.5148847103118896
61.789806604385376,0.4851253628730774,0.5148746967315674
61.79102087020874,0.48513826727867126,0.5148617625236511
61.79803419113159,0.48521411418914795,0.5147859454154968
61.79977107048035,0.4852331280708313,0.5147668719291687
61.813230991363525,0.48538604378700256,0.5146139860153198
61.81902098655701,0.4854542911052704,0.514545738697052
61.82280659675598,0.48549988865852356,0.5145001411437988
61.8337709903717,0.48563531041145325,0.5143647193908691
61.8342273235321,0.4856409728527069,0.5143589973449707
61.843361139297485,0.4856269657611847,0.5143730640411377
61.85345005989075,0.48580169677734375,0.5141983032226562
61.856019735336304,0.4858718812465668,0.5141281485557556
61.86108899116516,0.48871174454689026,0.5112882852554321
61.86380648612976,0.48558545112609863,0.5144146084785461
61.86877107620239,0.48584043979644775,0.5141595602035522
61.870566606521606,0.4716276526451111,0.5283723473548889
61.8806939125061,0.5328074097633362,0.4671926200389862
61.89101958274841,0.5341879725456238,0.4658120572566986
61.891807317733765,0.5342553853988647,0.46574458479881287
61.90024185180664,0.5350714921951294,0.464928537607193
61.903770208358765,0.535434901714325,0.46456512808799744
61.91980719566345,0.5374742150306702,0.46252575516700745
61.91982531547546,0.5374770164489746,0.4625229835510254
61.92501974105835,0.5382627844810486,0.4617372155189514
61.93123245239258,0.5392109155654907,0.4607890546321869
61.93177032470703,0.5393075346946716,0.46069252490997314
61.939648151397705,0.5407305359840393,0.4592694640159607
61.94920015335083,0.4937717914581299,0.5062282681465149
61.95936059951782,0.5219981074333191,0.4780018925666809
61.95977020263672,0.5220173001289368,0.477982759475708
61.96001935005188,0.5220289826393127,0.47797101736068726
61.9648072719574,0.5223700404167175,0.4776299297809601
61.97614312171936,0.5233023166656494,0.4766976535320282
61.9890193939209,0.5244436264038086,0.475556343793869
61.9898054599762,0.5245266556739807,0.47547340393066406
61.99341011047363,0.5249081254005432,0.4750918447971344
62.00177240371704,0.5257444381713867,0.47425559163093567
62.00561046600342,0.5260875821113586,0.47391244769096375
62.017019510269165,0.5271148681640625,0.4728851616382599
62.01764726638794,0.5271717309951782,0.47282829880714417
62.01980543136597,0.5273704528808594,0.4726295471191406
62.0241334438324,0.5279117822647095,0.4720882177352905
62.02977204322815,0.5287186503410339,0.4712813198566437
62.0407452583313,0.5081745386123657,0.4918254315853119
62.05824112892151,0.48109155893325806,0.5189085006713867
62.0600163936615,0.48103049397468567,0.5189695358276367
62.060805559158325,0.4810033440589905,0.5189967155456543
62.06477236747742,0.48086562752723694,0.5191343426704407
62.0720100402832,0.48032358288764954,0.5196763873100281
62.07218265533447,0.5598322153091431,0.44016778469085693
62.08404779434204,0.5412876605987549,0.4587123394012451
62.08701634407044,0.5416070222854614,0.45839300751686096
62.087804555892944,0.5416920185089111,0.45830801129341125
62.09535765647888,0.5424749255180359,0.4575250446796417
62.10177445411682,0.5432694554328918,0.45673054456710815
62.1040985584259,0.5435584783554077,0.4564414918422699
62.11601638793945,0.5451024770736694,0.45489758253097534
62.119842767715454,0.5456750392913818,0.4543249309062958
62.13048553466797,0.49886181950569153,0.5011382102966309
62.13280439376831,0.5099874138832092,0.4900125563144684
62.13377451896668,0.5100278258323669,0.48997217416763306
62.14569807052612,0.510525643825531,0.4894743263721466
62.1580183506012,0.5441036224365234,0.4558963477611542
62.15880465507507,0.5214717388153076,0.47852823138237
62.15901565551758,0.5214850306510925,0.47851502895355225
62.16977453231812,0.5222288966178894,0.477771133184433
62.17317080497742,0.5224665999412537,0.47753340005874634
62.18500852584839,0.5231332778930664,0.4768666923046112
62.18701553344727,0.5232425928115845,0.47675737738609314
62.19280314445496,0.5235587954521179,0.4764412045478821
62.20167875289917,0.46795278787612915,0.5320472121238708
62.205087184906006,0.4841761887073517,0.5158237814903259
62.20577621459961,0.4841606020927429,0.5158393979072571
62.21113085746765,0.5289708971977234,0.4710291028022766
62.21601557731629,0.4723791182041168,0.5276209115982056
62.221803188323975,0.4720183312892914,0.5279816389083862
62.226104974746704,0.5203222632408142,0.4796777367591858
62.23197317123413,0.46180692315101624,0.5381931066513062
62.2337760925293,0.4616612195968628,0.538338840007782
62.24219274520874,0.5146309733390808,0.4853690266609192
62.24980330467224,0.5158013105392456,0.4841987192630768
62.25328302383423,0.5159088969230652,0.4840911030769348
62.25901436805725,0.5160861015319824,0.48391392827033997
62.26976275444031,0.5164193511009216,0.48358064889907837
62.27077627182007,0.5164507627487183,0.48354920744895935
62.279393434524536,0.553132951259613,0.44686704874038696
62.28601431846619,0.5058598518371582,0.4941402077674866
62.289777755737305,0.5059325695037842,0.49406740069389343
62.2928032875061,0.5059909820556641,0.49400901794433594
62.29341912269592,0.5060029029846191,0.49399706721305847
62.294076442718506,0.5060155391693115,0.4939844608306885
62.30317616462708,0.5061906576156616,0.49380937218666077
62.31391286849976,0.47182852029800415,0.5281714797019958
62.315014362335205,0.48028817772865295,0.5197118520736694
62.32780313491821,0.4799515902996063,0.5200484395027161
62.331777811050415,0.4798450767993927,0.5201549530029297
62.33553171157837,0.4797435700893402,0.5202564597129822
62.34312772750855,0.4795358180999756,0.5204641819000244
62.35426425933838,0.47913628816604614,0.5208637714385986
62.35701274871826,0.47902724146842957,0.5209727883338928
62.36077785491944,0.4788767993450165,0.5211232304573059
62.365803241729736,0.47867414355278015,0.5213258862495422
62.37512111663818,0.4782783091068268,0.5217216610908508
62.38815903663635,0.47766879200935364,0.5223312377929688
62.39101266860962,0.477533221244812,0.522466778755188
62.391802072525024,0.47749564051628113,0.5225043892860413
62.401055335998535,0.4770561158657074,0.522943913936615
62.40377926826477,0.4769437313079834,0.5230563282966614
62.42001271247864,0.47621843218803406,0.5237815976142883
62.42080211639404,0.47618183493614197,0.5238181352615356
62.42137575149536,0.3357655704021454,0.664234459400177
62.42591738700867,0.4024393558502197,0.5975606441497803
62.43539071083069,0.4301000237464905,0.5698999762535095
62.43977952003479,0.4304274618625641,0.5695725083351135
62.44250249862671,0.47023871541023254,0.5297613143920898
62.44780206680298,0.43261173367500305,0.5673882961273193
62.45430135726929,0.4674200415611267,0.5325799584388733
62.455012798309326,0.4431796371936798,0.5568203926086426
62.459779262542725,0.44362151622772217,0.5563784837722778
62.46619772911072,0.44422194361686707,0.5557780265808105
62.47684955596924,0.44523197412490845,0.5547680258750916
62.48653769493103,0.44616565108299255,0.5538343191146851
62.49101305007935,0.4466017186641693,0.5533983111381531
62.49261450767517,0.4467584788799286,0.5532415509223938
62.49380326271057,0.44687506556510925,0.5531249046325684
62.501781940460205,0.4476606845855713,0.5523393750190735
62.50615644454956,0.4480876624584198,0.5519123673439026
62.51901245117188,0.4493587613105774,0.5506412982940674
62.521408796310425,0.44959843158721924,0.5504015684127808
62.52880311012268,0.4503432810306549,0.5496566891670227
62.52978181838989,0.4504425525665283,0.5495574474334717
62.53024864196777,0.45048993825912476,0.5495100617408752
62.54091644287109,0.451581209897995,0.5484188199043274
62.55451154708862,0.4527333676815033,0.5472666621208191
62.55880331993103,0.4531075656414032,0.5468924045562744
62.5600106716156,0.45321324467658997,0.5467867851257324
62.56496477127075,0.45364031195640564,0.546359658241272
62.5727014541626,0.38097989559173584,0.6190201044082642
62.57278180122376,0.4428780972957611,0.5571219325065613
62.58336138725281,0.43199533224105835,0.5680046677589417
62.58901071548462,0.44814974069595337,0.5518503189086914
62.59049654006958,0.4484160244464874,0.551584005355835
62.592262506484985,0.44873321056365967,0.5512667894363403
62.5928008556366,0.4488300383090973,0.5511699318885803
62.59978246688843,0.4500938951969147,0.5499060750007629
62.60427665710449,0.4509148895740509,0.5490850806236267
62.61262106895447,0.4524543583393097,0.5475456714630127
62.616392850875854,0.4531566798686981,0.5468433499336243
62.61701059341431,0.45327213406562805,0.5467278957366943
62.63080096244812,0.45587748289108276,0.5441225171089172
62.63296341896057,0.38479548692703247,0.6152045130729675
62.63578224182129,0.4298946261405945,0.5701053738594055
62.645448207855225,0.43087321519851685,0.5691267848014832
62.647953271865845,0.3793538510799408,0.6206461787223816
62.64880084991455,0.4248335361480713,0.5751664638519287
62.66001129150391,0.4256989657878876,0.5743010640144348
62.67178225517273,0.42667239904403687,0.5733276605606079
62.67273187637329,0.4267512559890747,0.5732487440109253
62.68094301223755,0.4274362027645111,0.5725637674331665
62.68701124191284,0.42794525623321533,0.5720547437667847
62.69079995155335,0.4282642900943756,0.5717357397079468
62.69178223609924,0.4283471405506134,0.571652889251709
62.69364595413208,0.42850461602211,0.5714954137802124
62.70535945892334,0.4294993281364441,0.5705006718635559
62.71601128578186,0.4308623969554901,0.5691375732421875
62.71717977523804,0.43102920055389404,0.568970799446106
62.71879982948303,0.4312608540058136,0.5687391757965088
62.7327823638916,0.43328195810317993,0.5667181015014648
62.73320460319519,0.4333434998989105,0.5666565299034119
62.74242210388184,0.3928346037864685,0.6071653962135315
62.752692461013794,0.39512547850608826,0.6048744916915894
62.75901055335999,0.39547163248062134,0.6045283675193787
62.76078224182129,0.3955974876880646,0.6044025421142578
62.761799812316895,0.3956699073314667,0.6043300628662109
62.77933144569397,0.4904787838459015,0.5095211863517761
62.78701066970825,0.444345086812973,0.5556549429893494
62.79079747200012,0.44499799609184265,0.5550020337104797
62.79847645759583,0.44633010029792786,0.5536699295043945
62.804784536361694,0.44743263721466064,0.5525673627853394
62.8069474697113,0.44781240820884705,0.5521876215934753
62.814727783203125,0.4491856098175049,0.5508143901824951
62.81501054763794,0.44923579692840576,0.550764262676239
62.81979751586914,0.4500865042209625,0.5499134659767151
62.83178472518921,0.45223602652549744,0.5477639436721802
62.83749580383301,0.4532696306705475,0.5467303395271301
62.84879755973816,0.4553334712982178,0.5446665287017822
62.85056662559509,0.45565879344940186,0.5443412065505981
62.85700964927673,0.4568484425544739,0.5431515574455261
62.85874795913696,0.39222452044487,0.6077755093574524
62.86078476905823,0.4548894166946411,0.5451105833053589
62.87823128700256,0.5127207636833191,0.4872792363166809
62.885009765625,0.4557085335254669,0.5442914962768555
62.89136576652527,0.4568272829055786,0.5431727766990662
62.89279675483704,0.45708003640174866,0.5429199934005737
62.900787115097046,0.45849743485450745,0.5415025353431702
62.90260982513428,0.45882222056388855,0.5411778092384338
62.9189350605011,0.4617481827735901,0.5382518172264099
62.92000985145569,0.46194103360176086,0.5380589365959167
62.92201328277588,0.327625572681427,0.672374427318573
62.92879676818848,0.3269766867160797,0.6730233430862427
62.929787158966064,0.3268928825855255,0.6731070876121521
62.93122124671936,0.32677146792411804,0.6732285618782043
62.93456411361694,0.3626788854598999,0.6373211145401001
62.94979691505432,0.31219786405563354,0.6878021955490112
62.95600891113281,0.3115267753601074,0.6884732246398926
62.959943532943726,0.3110988438129425,0.6889011263847351
62.96158456802368,0.3501727283000946,0.6498273015022278
62.96578717231751,0.2990231215953827,0.7009769082069397
62.9676296710968,0.40245991945266724,0.5975400805473328
62.9910089969635,0.34310248494148254,0.6568974852561951
62.99417471885681,0.34296122193336487,0.6570387482643127
62.9987952709198,0.34275370836257935,0.6572462916374207
62.99978852272034,0.3427087664604187,0.6572912335395813
63.004411935806274,0.34249910712242126,0.6575009226799011
63.01900887489319,0.3418257534503937,0.6581742167472839
63.01929545402527,0.3826645612716675,0.6173354387283325
63.019795179367065,0.3351786434650421,0.6648213267326355
63.02627325057984,0.33479711413383484,0.6652029156684875
63.03315782546997,0.33438706398010254,0.6656129360198975
63.03978848457336,0.33398759365081787,0.6660124063491821
63.04425311088562,0.32915547490119934,0.6708444952964783
63.054611921310425,0.31448063254356384,0.6855193972587585
63.055007457733154,0.3144431710243225,0.6855568289756775
63.06178855895996,0.31379786133766174,0.6862021684646606
63.06279516220093,0.3136974275112152,0.6863025426864624
63.07810974121094,0.31211090087890625,0.6878890991210938
63.085092067718506,0.31137675046920776,0.6886232495307922
63.09035038948059,0.3108193576335907,0.6891806125640869
63.09079337120056,0.310772180557251,0.689227819442749
63.0910074710846,0.3107493817806244,0.6892505884170532
63.10350847244263,0.3094075918197632,0.6905924081802368
63.10379004478455,0.30937713384628296,0.690622866153717
63.11552453041077,0.30809733271598816,0.6919026970863342
63.1190071105957,0.3077137768268585,0.6922862529754639
63.11979341506958,0.3076269030570984,0.6923730969429016
63.123382568359375,0.30722948908805847,0.6927705407142639
63.13178992271423,0.3062915503978729,0.6937084197998047
63.13844966888428,0.30554160475730896,0.6944583654403687
63.147006034851074,0.3045690357685089,0.6954309344291687
63.14953327178955,0.29998061060905457,0.7000194191932678
63.15774774551392,0.2474096715450287,0.7525903582572937
63.15979337692261,0.26877593994140625,0.7312240600585938
63.16078996658325,0.2687256932258606,0.7312743067741394
63.1709303855896,0.26821136474609375,0.7317886352539062
63.17396831512451,0.3716164827346802,0.6283835172653198
63.18219065666199,0.269489586353302,0.7305104732513428
63.189006090164185,0.2692064642906189,0.7307935357093811
63.19079279899597,0.269132137298584,0.7308679223060608
63.19148874282837,0.26910310983657837,0.7308969497680664
63.20278787612915,0.2686293125152588,0.7313706874847412
63.21700620651245,0.26802703738212585,0.7319729924201965
63.21879267692566,0.26795074343681335,0.7320492267608643
63.222097396850586,0.2678094804286957,0.7321905493736267
63.23884844779968,0.2670779824256897,0.7329220771789551
63.23978805541992,0.2670346796512604,0.732965350151062
63.2482180595398,0.2666720449924469,0.7333279848098755
63.25978803634644,0.2661820948123932,0.7338179349899292
63.26000475883484,0.2661728262901306,0.7338272333145142
63.26279306411743,0.2660539448261261,0.7339460253715515
63.26503086090088,0.26595833897590637,0.734041690826416
63.27738118171692,0.26542720198631287,0.7345728278160095
63.27763724327088,0.26541614532470703,0.734583854675293
63.287004709243774,0.2650091052055359,0.7349908947944641
63.28978705406189,0.2648874819278717,0.7351125478744507
63.29040598869324,0.2648604214191437,0.7351396083831787
63.29811358451843,0.2645379900932312,0.7354620695114136
63.302788496017456,0.26434317231178284,0.7356568574905396
63.31600475311279,0.26380404829978943,0.736195981502533
63.31864905357361,0.2915962040424347,0.7084037661552429
63.32978844642639,0.2892831265926361,0.7107168436050415
63.33178687095642,0.2892596423625946,0.7107403874397278
63.3590030670166,0.2890052795410156,0.7109947204589844
63.35978674888611,0.289006769657135,0.710993230342865
63.36778855323792,0.28902316093444824,0.7109768390655518
63.38700246810913,0.28906500339508057,0.7109349966049194
63.38878631591797,0.28906211256980896,0.7109379172325134
63.39978837966919,0.2893624007701874,0.710637629032135
63.41500306129456,0.29013827443122864,0.7098617553710938
63.42978620529175,0.29093191027641296,0.7090681195259094
63.43578839302063,0.2912825644016266,0.7087174654006958
63.45700168609619,0.2923905551433563,0.7076094150543213
63.459303855896,0.30155980587005615,0.6984402537345886
63.45978665351868,0.3133073151111603,0.6866927146911621
63.47178840637207,0.3140288293361664,0.685971200466156
63.477689027786255,0.31459447741508484,0.6854055523872375
63.48500180244446,0.31541702151298523,0.6845829486846924
63.489572525024414,0.3159376382827759,0.6840624213218689
63.49179005622864,0.31619203090667725,0.6838080286979675
63.49278354644776,0.31630632281303406,0.6836936473846436
63.5133912563324,0.31923189759254456,0.6807680726051331
63.52000164985657,0.32038670778274536,0.6796133518218994
63.520776987075806,0.3205232322216034,0.6794767379760742
63.5287835597992,0.3219461143016815,0.6780538558959961
63.532790184021,0.3226740062236786,0.6773260235786438
63.53497886657715,0.3230782747268677,0.6769217848777771
63.53978157043457,0.265223890542984,0.7347761392593384
63.55071616172791,0.26891985535621643,0.7310801148414612
63.55599856376648,0.2689247727394104,0.7310752272605896
63.56167602539063,0.2689308226108551,0.7310692071914673
63.5637834072113,0.2689332962036133,0.7310667037963867
63.56979036331177,0.2689410150051117,0.7310590147972107
63.57393455505371,0.2689468562602997,0.7310531735420227
63.5849986076355,0.26896464824676514,0.7310353517532349
63.58649849891663,0.26896733045578003,0.73103266954422
63.59878540039063,0.2689916491508484,0.7310083508491516
63.60124111175537,0.2689969837665558,0.7310030460357666
63.60479021072388,0.2690049707889557,0.7309949994087219
63.60849404335022,0.26901373267173767,0.7309862375259399
63.61024165153504,0.27341243624687195,0.7265875935554504
63.61978530883789,0.25561240315437317,0.7443875670433044
63.61999845504761,0.2556054890155792,0.7443944811820984
63.6234233379364,0.25549426674842834,0.744505763053894
63.632790327072144,0.2551881968975067,0.7448118329048157
63.6426465511322,0.25486382842063904,0.7451361417770386
63.655998945236206,0.2544206380844116,0.7455793619155884
63.66179037094116,0.2540808320045471,0.7459191679954529
63.66227984428406,0.39503416419029236,0.60496586561203
63.66278529167175,0.2577913999557495,0.7422086000442505
63.66813611984253,0.2576355040073395,0.7423644661903381
63.68229413032532,0.2575477659702301,0.7424522638320923
63.690999031066895,0.2576681971549988,0.7423318028450012
63.69178485870361,0.25769078731536865,0.7423092126846313
63.70178937911987,0.257983922958374,0.7420161366462708
63.70230555534363,0.25799936056137085,0.7420006394386292
63.7185001373291,0.25849705934524536,0.7415029406547546
63.71878504753113,0.25850600004196167,0.7414939999580383
63.721189975738525,0.2360742837190628,0.7639257311820984
63.72499895095825,0.2499135136604309,0.7500864863395691
63.72933745384216,0.24993087351322174,0.7500691413879395
63.72978925704956,0.24993275105953217,0.7500672340393066
63.74214172363281,0.41574588418006897,0.5842541456222534
63.74699807167053,0.2695145308971405,0.7304854393005371
63.758604526519775,0.269861102104187,0.730138897895813
63.75978493690491,0.26989713311195374,0.7301028370857239
63.76751494407654,0.2701365351676941,0.7298634648323059
63.77278923988342,0.270303338766098,0.7296966314315796
63.77451920509338,0.21451762318611145,0.7854824066162109
63.78794455528259,0.22065982222557068,0.7793401479721069
63.78878307342529,0.22059474885463715,0.7794051766395569
63.78899812698364,0.22057807445526123,0.7794219255447388
63.80078840255737,0.22032254934310913,0.7796774506568909
63.80763697624207,0.22847366333007812,0.7715263366699219
63.8134343624115,0.22318822145462036,0.7768117785453796
63.81699824333191,0.18539729714393616,0.8146027326583862
63.82221007347107,0.18497098982334137,0.8150290250778198
63.82878851890564,0.1844327300786972,0.8155673146247864
63.830782651901245,0.18426984548568726,0.8157302141189575
63.838040590286255,0.3839578926563263,0.6160420775413513
63.84904575347901,0.2560497224330902,0.7439503073692322
63.859782457351685,0.2552754282951355,0.7447245717048645
63.85999512672424,0.2552599608898163,0.7447400093078613
63.86382031440735,0.2549818158149719,0.7450181841850281
63.87078857421875,0.2544717788696289,0.7455282807350159
63.87482500076294,0.2852311134338379,0.7147688865661621
63.886274099349976,0.24178467690944672,0.7582152485847473
63.88799500465393,0.24168409407138824,0.758315920829773
63.89062666893005,0.24153010547161102,0.7584698796272278
63.89278173446655,0.24140366911888123,0.7585963010787964
63.90377259254456,0.24116647243499756,0.7588335275650024
63.904789686203,0.21835432946681976,0.781645655632019
63.9159951210022,0.21728220582008362,0.782717764377594
63.92141675949097,0.21676501631736755,0.7832349538803101
63.92778182029724,0.21615555882453918,0.7838444709777832
63.93478965759277,0.21548154950141907,0.7845184803009033
63.93486738204956,0.21547409892082214,0.7845258712768555
63.94970464706421,0.21400412917137146,0.7859959006309509
63.95329165458679,0.21364173293113708,0.7863582968711853
63.95699453353882,0.21326680481433868,0.7867332100868225
63.96278977394104,0.21267816424369812,0.7873218655586243
63.96478176116944,0.21247540414333344,0.7875245809555054
63.967215061187744,0.21222735941410065,0.7877726554870605
63.97760987281799,0.2111634612083435,0.7888365983963013
63.984994649887085,0.2104036509990692,0.7895963191986084
63.99077987670898,0.20980609953403473,0.7901939153671265
63.99151015281677,0.20973046123981476,0.7902695536613464
64.00679135322571,0.20818600058555603,0.7918140292167664
64.01532292366028,0.2513376772403717,0.7486623525619507
64.02099466323853,0.2646043002605438,0.7353957295417786
64.02133464813232,0.26067331433296204,0.7393266558647156
64.0277795791626,0.2790874242782593,0.7209125757217407
64.02807831764221,0.27907857298851013,0.7209213972091675
64.03397727012634,0.3715685307979584,0.6284314393997192
64.03479146957397,0.3039153814315796,0.6960846781730652
64.05699396133423,0.3041752874851227,0.6958247423171997
64.0607795715332,0.30422911047935486,0.6957709193229675
64.06103754043579,0.30423274636268616,0.6957672238349915
64.07079124450684,0.3043835759162903,0.6956164240837097
64.0754828453064,0.3044808804988861,0.6955190896987915
64.08078026771545,0.30458158254623413,0.6954184174537659
64.08599400520325,0.3046763241291046,0.695323646068573
64.09177947044373,0.30478230118751526,0.6952177286148071
64.09375524520874,0.30481868982315063,0.6951813101768494
64.10479736328125,0.3050241768360138,0.6949758529663086
64.11599397659302,0.3052358329296112,0.6947641968727112
64.118399143219,0.30528178811073303,0.6947182416915894
64.1327793598175,0.30555930733680725,0.6944406628608704
64.1347975730896,0.3055988550186157,0.694401204586029
64.13581824302673,0.3056187331676483,0.6943812370300293
64.14391326904297,0.3057778775691986,0.694222092628479
64.1567792892456,0.3060341775417328,0.6939657926559448
64.15799355506897,0.3060586154460907,0.6939414143562317
64.16179752349854,0.3061352074146271,0.6938648223876953
64.16432809829712,0.30618634819984436,0.6938136219978333
64.17989325523376,0.30652952194213867,0.6934704780578613
64.18699359893799,0.30677708983421326,0.6932229399681091
64.1887800693512,0.30683988332748413,0.6931601166725159
64.19312286376953,0.30699291825294495,0.6930070519447327
64.20379877090454,0.3073735535144806,0.6926264762878418
64.20810747146606,0.30105888843536377,0.6989411115646362
64.21699357032776,0.3336345851421356,0.6663654446601868
64.22378015518188,0.3341105878353119,0.6658893823623657
64.22527837753296,0.3315887153148651,0.6684112548828125
64.2327823638916,0.3653380572795868,0.6346619725227356
64.24079871177673,0.36623910069465637,0.6337608695030212
64.24585127830505,0.3668137490749359,0.6331862211227417
64.25497484207153,0.36786454916000366,0.6321354508399963
64.25999426841736,0.36844977736473083,0.6315501928329468
64.26078009605408,0.3685419261455536,0.631458044052124
64.2701370716095,0.3696483373641968,0.6303516626358032
64.27179884910583,0.3698466718196869,0.6301532983779907
64.27314114570618,0.37000733613967896,0.629992663860321
64.2869942188263,0.37114211916923523,0.6288578510284424
64.28777956962585,0.371203750371933,0.6287962794303894
64.28859353065491,0.3311581611633301,0.6688418388366699
64.29079914093018,0.34351179003715515,0.6564882397651672
64.30908465385437,0.3440232276916504,0.6559768319129944
64.31514573097229,0.3441931903362274,0.655806839466095
64.31599426269531,0.34421706199645996,0.6557829976081848
64.31877970695496,0.3442952334880829,0.6557047963142395
64.33479928970337,0.34474611282348633,0.6552539467811584
64.34174227714539,0.3449418246746063,0.6550582051277161
64.35150027275085,0.3452175557613373,0.6547824740409851
64.35699343681335,0.34541288018226624,0.6545870900154114
64.36077976226807,0.34572160243988037,0.6542783975601196
64.36536049842834,0.34593817591667175,0.6540617942810059
64.37179946899414,0.3462251126766205,0.6537749171257019
64.37585067749023,0.34640657901763916,0.6535934805870056
64.38831806182861,0.36607223749160767,0.6339278221130371
64.3897762298584,0.356666624546051,0.643333375453949
64.39199352264404,0.3568181097507477,0.6431818604469299
64.39980006217957,0.35735517740249634,0.6426448822021484
64.40320897102356,0.35759150981903076,0.6424084901809692
64.41508531570435,0.3584239184856415,0.6415761113166809
64.41877627372742,0.35868552327156067,0.6413145065307617
64.41999387741089,0.3587721288204193,0.6412278413772583
64.42782020568848,0.43090900778770447,0.5690910220146179
64.43100619316101,0.34436386823654175,0.655636191368103
64.43680024147034,0.3449287712574005,0.6550712585449219
64.44533205032349,0.34578588604927063,0.654214084148407
64.45632195472717,0.34689784049987793,0.6531021595001221
64.45699286460876,0.34696465730667114,0.6530354022979736
64.46077632904053,0.3473426103591919,0.6526573896408081
64.4708001613617,0.34835657477378845,0.6516434550285339
64.47526144981384,0.34881365299224854,0.6511863470077515
64.47568821907043,0.2920301556587219,0.7079698443412781
64.48455119132996,0.338387668132782,0.661612331867218
64.48599314689636,0.3384893536567688,0.6615106463432312
64.48877596855164,0.33868634700775146,0.6613136529922485
64.49832129478455,0.43818187713623047,0.5618181824684143
64.49980044364929,0.345712810754776,0.6542872190475464
64.50947546958923,0.3466114103794098,0.6533886194229126
64.51599311828613,0.347225546836853,0.652774453163147
64.51772999763489,0.34739041328430176,0.6526095867156982
64.52377605438232,0.34796440601348877,0.6520355939865112
64.53081512451172,0.23745498061180115,0.7625449895858765
64.53522729873657,0.24114352464675903,0.7588565349578857
64.54180073738098,0.24030710756778717,0.759692907333374
64.54346585273743,0.28170493245124817,0.7182950377464294
64.55625033378601,0.277858167886734,0.7221418023109436
64.5579924583435,0.2253406047821045,0.7746593952178955
64.55977606773376,0.22507807612419128,0.7749219536781311
64.56480073928833,0.2243373692035675,0.7756626009941101
64.57011675834656,0.2235517054796219,0.7764483094215393
64.5762369632721,0.32096537947654724,0.6790346503257751
64.58699250221252,0.24025192856788635,0.759748101234436
64.58710265159607,0.24023853242397308,0.7597614526748657
64.59077286720276,0.23979279398918152,0.7602072358131409
64.59080195426941,0.23978930711746216,0.7602106928825378
64.599848985672,0.23868751525878906,0.7613125443458557
64.6169924736023,0.23657993972301483,0.7634199857711792
64.61955165863037,0.2628697454929352,0.7371302843093872
64.62967038154602,0.22702589631080627,0.7729741334915161
64.63077306747437,0.22687503695487976,0.7731249332427979
64.64080214500427,0.22550000250339508,0.7745000123977661
64.64627075195312,0.22474776208400726,0.7752522826194763
64.65877294540405,0.2230163961648941,0.7769836187362671
64.65898942947388,0.2229861319065094,0.777013897895813
64.66180205345154,0.22259172797203064,0.777408242225647
64.66350507736206,0.21133682131767273,0.7886631488800049
64.67209124565125,0.20097215473651886,0.7990278601646423
64.68698954582214,0.19845710694789886,0.8015428781509399
64.6912829875946,0.19770656526088715,0.8022934794425964
64.69377255439758,0.1972627490758896,0.802737295627594
64.70480346679688,0.1952931135892868,0.804706871509552
64.71498942375183,0.19346976280212402,0.806530237197876
64.72035074234009,0.19250842928886414,0.8074915409088135
64.7227725982666,0.19207382202148438,0.8079261779785156
64.72893595695496,0.19096679985523224,0.809033215045929
64.73280334472656,0.1902715116739273,0.8097285032272339
64.74363994598389,0.18872661888599396,0.8112733960151672
64.74680352210999,0.18833540380001068,0.8116645812988281
64.75698733329773,0.1869688332080841,0.8130311369895935
64.7576322555542,0.18688151240348816,0.8131184577941895
64.75877261161804,0.18672703206539154,0.8132729530334473
64.76080346107483,0.18645189702510834,0.8135480880737305
64.77511715888977,0.2129991501569748,0.787000834941864
64.784987449646,0.22080618143081665,0.7791938781738281
64.79160261154175,0.23983344435691833,0.7601665258407593
64.79277396202087,0.18524090945720673,0.8147590756416321
64.80480456352234,0.18451771140098572,0.8154823184013367
64.80645990371704,0.1844182312488556,0.8155817985534668
64.80846500396729,0.2862228453159332,0.7137771248817444
64.82177400588989,0.18098968267440796,0.819010317325592
64.8253972530365,0.18080121278762817,0.8191987872123718
64.82798743247986,0.1806664615869522,0.819333553314209
64.83280444145203,0.1804160624742508,0.8195839524269104
64.83435034751892,0.18033578991889954,0.8196641802787781
64.84180021286011,0.17994894087314606,0.8200510740280151
64.85209512710571,0.17939671874046326,0.8206032514572144
64.8569860458374,0.1791345328092575,0.8208654522895813
64.86180472373962,0.1788763403892517,0.8211236596107483
64.86277413368225,0.17882440984249115,0.8211756348609924
64.8664379119873,0.17862819135189056,0.8213717937469482
64.87699866294861,0.17806293070316315,0.8219370245933533
64.885986328125,0.1775822639465332,0.8224177360534668
64.89047932624817,0.17734207212924957,0.8226579427719116
64.89677453041077,0.17700569331645966,0.8229942917823792
64.89999151229858,0.1768338978290558,0.8231661319732666
64.90480518341064,0.1765768826007843,0.8234230875968933
64.91106128692627,0.17624306678771973,0.823756992816925
64.91598606109619,0.17598028481006622,0.824019730091095
64.91877460479736,0.175831601023674,0.8241684436798096
64.92313861846924,0.17559899389743805,0.8244010210037231
64.93480515480042,0.17497742176055908,0.8250226378440857
64.9394862651825,0.22924774885177612,0.7707522511482239
64.95689725875854,0.2696213722229004,0.7303786873817444
64.95798563957214,0.2124289721250534,0.7875710129737854
64.96077466011047,0.21236181259155273,0.7876381874084473
64.96180486679077,0.212336927652359,0.7876631021499634
64.96193861961365,0.21233375370502472,0.7876662611961365
64.97600078582764,0.2119966745376587,0.7880033850669861
64.98698568344116,0.2117731273174286,0.7882269024848938
64.98833584785461,0.2117474526166916,0.7882525324821472
64.99078154563904,0.21180428564548492,0.7881957292556763
65.0034511089325,0.21217510104179382,0.7878248691558838
65.00380802154541,0.212185800075531,0.787814199924469
65.0098671913147,0.21237023174762726,0.7876297831535339
65.0177812576294,0.212631493806839,0.7873685359954834
65.01906394958496,0.19152677059173584,0.8084732294082642
65.02098560333252,0.20172040164470673,0.7982795238494873
65.02765417098999,0.20152853429317474,0.7984714508056641
65.0318078994751,0.20140871405601501,0.7985912561416626
65.04239130020142,0.20110248029232025,0.7988975644111633
65.05598545074463,0.20084764063358307,0.7991523742675781
65.05978155136108,0.2007869929075241,0.7992129921913147
65.06080794334412,0.2007705718278885,0.7992294430732727
65.07297587394714,0.20057739317417145,0.7994226217269897
65.08104038238525,0.20045043528079987,0.7995495796203613
65.08398485183716,0.2004089057445526,0.7995911240577698
65.08777832984924,0.2003587782382965,0.7996411919593811
65.10281014442444,0.2001628875732422,0.7998371124267578
65.10612344741821,0.2001202404499054,0.799879789352417
65.11423206329346,0.2000168263912201,0.7999832034111023
65.12377834320068,0.19992321729660034,0.8000767827033997
65.12551665306091,0.19112883508205414,0.8088711500167847
65.12598514556885,0.18583697080612183,0.8141630291938782
65.13181018829346,0.18556839227676392,0.8144316077232361
65.14032411575317,0.18518313765525818,0.8148168921470642
65.14456129074097,0.18499526381492615,0.8150047659873962
65.1559829711914,0.18478484451770782,0.8152151703834534
65.15877866744995,0.1848028153181076,0.8151971697807312
65.15893745422363,0.3509797751903534,0.649020254611969
65.16081023216248,0.2173164188861847,0.7826835513114929
65.17529845237732,0.2177427113056183,0.7822573184967041
65.1839828491211,0.21804943680763245,0.7819505929946899
65.18740034103394,0.21817049384117126,0.7818294763565063
65.18777894973755,0.2181839644908905,0.7818160653114319
65.19557404518127,0.2184610664844513,0.7815389037132263
65.20281171798706,0.218719482421875,0.781280517578125
65.21147274971008,0.21903008222579956,0.7809699177742004
65.21752858161926,0.18984374403953552,0.8101562261581421
65.22598314285278,0.20604382455348969,0.7939562201499939
65.22977900505066,0.20606091618537903,0.7939391136169434
65.23030734062195,0.20606327056884766,0.7939367294311523
65.23081183433533,0.20606547594070435,0.7939345240592957
65.2401475906372,0.3441711366176605,0.6558288931846619
65.25297546386719,0.23388104140758514,0.7661189436912537
65.2549786567688,0.2339681088924408,0.7660318613052368
65.25977897644043,0.23417727649211884,0.7658227682113647
65.2608118057251,0.234222412109375,0.765777587890625
65.26522874832153,0.23441576957702637,0.7655842900276184
65.2663004398346,0.17843402922153473,0.8215659856796265
65.278400182724,0.17823591828346252,0.8217640519142151
65.28677606582642,0.17759105563163757,0.82240891456604
65.28909301757812,0.20816735923290253,0.791832685470581
65.28997874259949,0.16680742800235748,0.8331925868988037
65.29544067382812,0.20286153256893158,0.797138512134552
65.30181074142456,0.15970772504806519,0.8402923345565796
65.31797862052917,0.15791311860084534,0.8420868515968323
65.32630944252014,0.15697921812534332,0.8430207967758179
65.32977604866028,0.15658876299858093,0.8434112668037415
65.33081078529358,0.15647198259830475,0.8435280323028564
65.3421585559845,0.2750982344150543,0.7249017953872681
65.35677599906921,0.20552287995815277,0.794477105140686
65.35864233970642,0.20537643134593964,0.7946235537528992
65.35876941680908,0.20536649227142334,0.7946335673332214
65.36197757720947,0.20511385798454285,0.7948861718177795
65.37181067466736,0.20433373749256134,0.7956662774085999
65.37183547019958,0.2359330654144287,0.7640669345855713
65.38897776603699,0.19990266859531403,0.8000973463058472
65.38929772377014,0.19987481832504272,0.800125241279602
65.38967752456665,0.19984188675880432,0.8001580834388733
65.39177560806274,0.19965921342372894,0.8003407716751099
65.40081334114075,0.19886720180511475,0.8011327981948853
65.40434217453003,0.20326736569404602,0.7967326045036316
65.41484713554382,0.1975121796131134,0.802487850189209
65.41977524757385,0.19699221849441528,0.8030077815055847
65.42497777938843,0.19644026458263397,0.8035597801208496
65.43411135673523,0.19546367228031158,0.8045363426208496
65.43681335449219,0.19517295062541962,0.804827094078064
65.44575500488281,0.19420479238033295,0.8057952523231506
65.4517810344696,0.19354717433452606,0.806452751159668
65.45897436141968,0.19275684654712677,0.8072431683540344
65.4627754688263,0.19233688712120056,0.8076631426811218
65.46472191810608,0.19212114810943604,0.8078789114952087
65.47181344032288,0.19133171439170837,0.8086682558059692
65.47575759887695,0.1908901333808899,0.8091099262237549
65.48697423934937,0.18962515890598297,0.8103748559951782
65.48871898651123,0.18942710757255554,0.8105729222297668
65.49077486991882,0.18919336795806885,0.8108066320419312
65.50077152252197,0.12651501595973969,0.8734849691390991
65.50081205368042,0.11817874759435654,0.8818212747573853
65.50598168373108,0.17186270654201508,0.8281373381614685
65.5158748626709,0.12495290488004684,0.8750471472740173
65.5159740447998,0.12494836002588272,0.8750516176223755
65.51877474784851,0.12481975555419922,0.8751802444458008
65.53240704536438,0.24422268569469452,0.7557772994041443
65.53381204605103,0.13058537244796753,0.8694146275520325
65.54113602638245,0.1302727609872818,0.8697272539138794
65.55797171592712,0.12954795360565186,0.8704520463943481
65.55977487564087,0.1294698566198349,0.8705301880836487
65.56003427505493,0.12945862114429474,0.8705413937568665
65.56181240081787,0.12938149273395538,0.8706185221672058
65.56535863876343,0.12922726571559906,0.8707727193832397
65.57190680503845,0.12894153594970703,0.871058464050293
65.58597183227539,0.1283232867717743,0.8716767430305481
65.58877444267273,0.12819936871528625,0.8718006610870361
65.59075903892517,0.12811140716075897,0.8718886375427246
65.60581374168396,0.12745311856269836,0.872546911239624
65.60908699035645,0.12730801105499268,0.8726919889450073
65.61497187614441,0.12704376876354218,0.8729562163352966
65.62499141693115,0.12659117579460144,0.873408854007721
65.62698078155518,0.1265009045600891,0.8734990954399109
65.63077473640442,0.12632842361927032,0.8736715912818909
65.63181376457214,0.1262810379266739,0.8737189769744873
65.63973760604858,0.1259189248085022,0.8740811347961426
65.65182781219482,0.12536244094371796,0.8746376037597656
65.657968044281,0.12508079409599304,0.8749191761016846
65.66077446937561,0.12495163083076477,0.8750483989715576
65.66081380844116,0.12494984269142151,0.8750501871109009
65.66467499732971,0.18003971874713898,0.8199602961540222
65.66975665092468,0.22576729953289032,0.7742326855659485
65.67744541168213,0.17514853179454803,0.8248514533042908
65.68496823310852,0.17498192191123962,0.8250181078910828
65.68772840499878,0.17492073774337769,0.8250792622566223
65.6927764415741,0.17480893433094025,0.825191080570221
65.69281530380249,0.17480804026126862,0.8251919746398926
65.69969391822815,0.17465566098690033,0.8253443241119385
65.70366597175598,0.17456761002540588,0.8254324197769165
65.71043086051941,0.17441755533218384,0.8255824446678162
65.72096824645996,0.174183651804924,0.8258163928985596
65.72777605056763,0.1740323007106781,0.8259677290916443
65.73258781433105,0.17217208445072174,0.8278279304504395
65.733473777771,0.16718630492687225,0.8328137397766113
65.7348153591156,0.16711467504501343,0.8328853249549866
65.74157929420471,0.16674889624118805,0.8332511186599731
65.75323176383972,0.1660902500152588,0.8339097499847412
65.75496768951416,0.16599127650260925,0.8340087532997131
65.76377606391907,0.16548584401607513,0.8345141410827637
65.76581525802612,0.16536803543567657,0.8346319794654846
65.7694821357727,0.16515544056892395,0.8348445892333984
65.77790236473083,0.16466359794139862,0.835336446762085
65.78996777534485,0.16394992172718048,0.8360500931739807
65.79364395141602,0.16373032331466675,0.8362696766853333
65.79877662658691,0.16342215240001678,0.8365778923034668
65.79981660842896,0.16335950791835785,0.8366405367851257
65.81040406227112,0.1692586988210678,0.830741286277771
65.81579065322876,0.15797097980976105,0.8420290350914001
65.81896758079529,0.15772905945777893,0.8422709703445435
65.81977653503418,0.15766729414463043,0.8423327207565308
65.82556056976318,0.15740227699279785,0.8425977230072021
65.83481645584106,0.15700650215148926,0.8429934978485107
65.83931517601013,0.32675930857658386,0.6732407212257385
65.84684085845947,0.21172547340393066,0.7882745265960693
65.84696388244629,0.21172787249088287,0.7882721424102783
65.85474371910095,0.2118837684392929,0.7881162166595459
65.86077666282654,0.21200384199619293,0.7879961729049683
65.86488056182861,0.2120852917432785,0.7879146933555603
65.8708164691925,0.2122025042772293,0.7877975106239319
65.8765058517456,0.21231426298618317,0.787685751914978
65.8887779712677,0.2125534862279892,0.7874464988708496
65.88996386528015,0.21257640421390533,0.7874236106872559
65.8947925567627,0.19951847195625305,0.8004815578460693
65.89981865882874,0.20481525361537933,0.7951847314834595
65.89993667602539,0.20481519401073456,0.7951847910881042
65.91005730628967,0.3399861752986908,0.6600137948989868
65.91796374320984,0.21591584384441376,0.7840842008590698
65.92183685302734,0.21596485376358032,0.7840351462364197
65.93177795410156,0.21608875691890717,0.7839112877845764
65.93481850624084,0.21612605452537537,0.7838739156723022
65.95442867279053,0.1768515706062317,0.8231484889984131
65.95977783203125,0.18214857578277588,0.8178514242172241
65.96096539497375,0.1820645034313202,0.8179354667663574
65.9691812992096,0.18147867918014526,0.81852126121521
65.96981835365295,0.18143294751644135,0.8185670375823975
65.97397685050964,0.20207485556602478,0.7979251742362976
65.98796534538269,0.16095323860645294,0.8390467762947083
65.98977565765381,0.16076821088790894,0.8392318487167358
65.99062585830688,0.19844947755336761,0.801550567150116
65.99390316009521,0.1544995903968811,0.8455004096031189
65.99981999397278,0.1538316309452057,0.8461683988571167
66.01696538925171,0.15184758603572845,0.8481523990631104
66.02277565002441,0.15116672217845917,0.8488333225250244
66.03482007980347,0.1497449278831482,0.8502550721168518
66.05177545547485,0.14772728085517883,0.8522726893424988
66.05896544456482,0.146874338388443,0.8531256914138794
66.06939578056335,0.28873488306999207,0.7112650871276855
66.07182002067566,0.1935827136039734,0.8064173460006714
66.08322644233704,0.19265158474445343,0.8073484301567078
66.08696222305298,0.19234409928321838,0.8076558709144592
66.09177660942078,0.19194602966308594,0.8080539703369141
66.09360671043396,0.19179406762123108,0.8082059621810913
66.0998227596283,0.19127601385116577,0.808724045753479
66.10391044616699,0.22768154740333557,0.7723184823989868
66.1131534576416,0.1865312159061432,0.8134687542915344
66.11496233940125,0.18636485934257507,0.8136351704597473
66.1235191822052,0.1855730563402176,0.8144269585609436
66.12977647781372,0.18498922884464264,0.8150107860565186
66.13582277297974,0.1844211369752884,0.8155788779258728
66.14754939079285,0.19254156947135925,0.8074584007263184
66.14979696273804,0.18938423693180084,0.8106157779693604
66.15696144104004,0.1885560005903244,0.8114440441131592
66.15977644920349,0.18822872638702393,0.8117712736129761
66.17122077941895,0.1868838518857956,0.8131161332130432
66.17182278633118,0.1868121325969696,0.8131878972053528
66.1849615573883,0.18523404002189636,0.814765989780426
66.18777656555176,0.18489301204681396,0.815106987953186
66.1918249130249,0.1844090223312378,0.815591037273407
66.19643211364746,0.18385976552963257,0.8161401748657227
66.19716811180115,0.1837717741727829,0.8162282705307007
66.20872354507446,0.18238815665245056,0.8176118731498718
66.21743297576904,0.18134108185768127,0.8186588883399963
66.219961643219,0.1810353845357895,0.8189646005630493
66.22660374641418,0.18022893369197845,0.8197711110115051
66.22977662086487,0.1798417866230011,0.8201582431793213
66.2358250617981,0.17910106480121613,0.8208989500999451
66.23770403862,0.2669444680213928,0.7330555319786072
66.2417962551117,0.2425849437713623,0.7574150562286377
66.25795865058899,0.23326323926448822,0.7667366862297058
66.26282477378845,0.2329755425453186,0.7670245170593262
66.26325535774231,0.23295006155967712,0.7670499682426453
66.26377654075623,0.23291903734207153,0.7670809626579285
66.27870631217957,0.33728694915771484,0.6627130508422852
66.2849588394165,0.28015926480293274,0.7198407649993896
66.29082465171814,0.2800652086734772,0.7199348211288452
66.29277873039246,0.28003358840942383,0.7199664115905762
66.30093169212341,0.27989983558654785,0.7201001644134521
66.30988073348999,0.27974963188171387,0.7202503681182861
66.31977844238281,0.2795792520046234,0.7204207181930542
66.32035160064697,0.27956920862197876,0.7204307913780212
66.32095885276794,0.27955856919288635,0.7204414010047913
66.33282446861267,0.279347687959671,0.7206523418426514
66.34399938583374,0.279119074344635,0.720880925655365
66.35595726966858,0.27885901927948,0.7211410403251648
66.36072754859924,0.27875301241874695,0.7212470173835754
66.36077857017517,0.2787519097328186,0.7212480902671814
66.36082458496094,0.27875077724456787,0.7212492227554321
66.37671780586243,0.27838772535324097,0.721612274646759
66.38595724105835,0.2781774699687958,0.7218225002288818
66.38977885246277,0.2781207859516144,0.721879243850708
66.39287304878235,0.2780744135379791,0.7219256162643433
66.39390206336975,0.27805888652801514,0.7219411134719849
66.4044897556305,0.27789685130119324,0.7221031188964844
66.40482592582703,0.277891606092453,0.7221084237098694
66.41347479820251,0.277755469083786,0.7222445011138916
66.41895747184753,0.27766740322113037,0.7223326563835144
66.42377924919128,0.2775888442993164,0.7224111557006836
66.42553782463074,0.27755996584892273,0.7224400043487549
66.43182587623596,0.2774553596973419,0.7225446105003357
66.43651866912842,0.33617889881134033,0.6638211011886597
66.44314694404602,0.3249468207359314,0.6750531792640686
66.45657849311829,0.3556402921676636,0.6443597078323364
66.45695424079895,0.35566967725753784,0.6443303227424622
66.46077919006348,0.35596928000450134,0.644030749797821
66.46552848815918,0.35634347796440125,0.6436564922332764
66.46982598304749,0.35668402910232544,0.6433159708976746
66.47475934028625,0.35707733035087585,0.6429226994514465
66.48495411872864,0.357901394367218,0.6420986652374268
66.48700284957886,0.3580707311630249,0.6419292688369751
66.48777985572815,0.3581351637840271,0.6418648958206177
66.49182462692261,0.3584710359573364,0.6415289640426636
66.49302911758423,0.3585714101791382,0.6414285898208618
66.50659775733948,0.3302554786205292,0.6697445511817932
66.50995302200317,0.3147764205932617,0.6852235794067383
66.52478003501892,0.31415340304374695,0.6858465671539307
66.52514815330505,0.31413769721984863,0.6858623623847961
66.52695417404175,0.3140600621700287,0.6859399676322937
66.53382444381714,0.3137618601322174,0.686238169670105
66.53992486000061,0.31349271535873413,0.6865072846412659
66.55197358131409,0.3129492700099945,0.6870507597923279
66.55595231056213,0.31276631355285645,0.6872336864471436
66.55877995491028,0.31263527274131775,0.6873647570610046
66.56564950942993,0.3123086094856262,0.6876913905143738
66.56582450866699,0.3123001158237457,0.6876999139785767
66.58595204353333,0.31144705414772034,0.6885529160499573
66.58812046051025,0.31135791540145874,0.6886420845985413
66.59378409385681,0.3111231327056885,0.6888768672943115
66.60005497932434,0.33794817328453064,0.6620518565177917
66.60582613945007,0.3001323640346527,0.6998676657676697
66.61262559890747,0.2996039390563965,0.7003960609436035
66.61895227432251,0.29910579323768616,0.7008941769599915
66.62695860862732,0.2985031008720398,0.7014968991279602
66.62878394126892,0.29837271571159363,0.7016273140907288
66.62909507751465,0.3946200907230377,0.6053799390792847
66.63382601737976,0.3287806808948517,0.6712192893028259
66.63991332054138,0.32862555980682373,0.6713744401931763
66.64632678031921,0.32846006751060486,0.6715399026870728
66.64694833755493,0.3284439742565155,0.6715560555458069
66.65633726119995,0.3281976878643036,0.671802282333374
66.66182613372803,0.32805147767066956,0.6719484925270081
66.66278409957886,0.32802584767341614,0.6719741225242615
66.67194128036499,0.32778200507164,0.6722180247306824
66.68607330322266,0.32739564776420593,0.6726043224334717
66.68894815444946,0.3273082375526428,0.6726917624473572
66.69078230857849,0.32725217938423157,0.672747790813446
66.6928277015686,0.32718953490257263,0.672810435295105
66.7011468410492,0.31970977783203125,0.6802902221679688
66.71104431152344,0.3143211901187897,0.6856788396835327
66.71694827079773,0.3139657974243164,0.6860342025756836
66.72069644927979,0.4195654094219208,0.5804346203804016
66.72778224945068,0.3526129424571991,0.6473870277404785
66.73482775688171,0.3525659143924713,0.6474341154098511
66.74073886871338,0.352525532245636,0.647474467754364
66.75894665718079,0.3523954749107361,0.6476045250892639
66.76278233528137,0.35236695408821106,0.6476330757141113
66.77082777023315,0.3523057997226715,0.6476942300796509
66.77322602272034,0.3216647803783417,0.6783351898193359
66.78694653511047,0.3244515359401703,0.6755484938621521
66.79078102111816,0.3241771161556244,0.6758228540420532
66.79281520843506,0.3240320682525635,0.6759679317474365
66.79502296447754,0.3637396991252899,0.6362603306770325
66.80583000183105,0.3021210730075836,0.6978789567947388
66.81044840812683,0.3526832163333893,0.6473168134689331
66.81694650650024,0.2888548970222473,0.7111451029777527
66.81878089904785,0.28859633207321167,0.7114037275314331
66.8205828666687,0.28834161162376404,0.7116584181785583
66.83483004570007,0.28630828857421875,0.7136917114257812
66.8589437007904,0.2837029695510864,0.7162970900535583
66.86178088188171,0.2834329307079315,0.7165670394897461
66.87083005905151,0.2825682759284973,0.7174317240715027
66.88694357872009,0.28102046251296997,0.7189795970916748
66.89083194732666,0.2806435525417328,0.7193564176559448
66.89116096496582,0.35545584559440613,0.6445441842079163
66.89677810668945,0.3206805884838104,0.6793193817138672
66.91594386100769,0.31933829188346863,0.6806617379188538
66.9166214466095,0.31929031014442444,0.680709719657898
66.91777801513672,0.31920820474624634,0.6807917952537537
66.92084074020386,0.3189905285835266,0.6810094714164734
66.9356529712677,0.36593419313430786,0.6340658068656921
66.93983197212219,0.31309327483177185,0.6869067549705505
66.94903206825256,0.31229618191719055,0.6877037882804871
66.9579439163208,0.31151440739631653,0.6884855628013611
66.95977807044983,0.31135237216949463,0.6886476874351501
66.95993185043335,0.31133872270584106,0.6886612772941589
66.96083211898804,0.31125903129577637,0.6887409687042236
66.97270846366882,0.3014015853404999,0.6985983848571777
66.9764039516449,0.29957184195518494,0.7004281878471375
66.98594379425049,0.2989790737628937,0.7010209560394287
66.98878145217896,0.2988016903400421,0.7011983394622803
66.99719524383545,0.29827263951301575,0.7017273306846619
67.00383353233337,0.29783833026885986,0.7021617293357849
67.00446105003357,0.29779502749443054,0.7022049427032471
67.00863218307495,0.29750657081604004,0.7024934887886047
67.0149438381195,0.2970676124095917,0.7029324173927307
67.01878118515015,0.2967993915081024,0.70320063829422
67.02634000778198,0.2962680459022522,0.7037320137023926
67.03249096870422,0.29583263397216797,0.704167366027832
67.03983354568481,0.2953247129917145,0.7046753168106079
67.04369187355042,0.2950614392757416,0.7049385905265808
67.05751037597656,0.35195019841194153,0.6480497717857361
67.0579400062561,0.3201422691345215,0.6798577308654785
67.05878114700317,0.3201162815093994,0.6798837184906006
67.05928587913513,0.34595951437950134,0.6540404558181763
67.06883358955383,0.3766082525253296,0.6233917474746704
67.07156705856323,0.3766496181488037,0.6233503818511963
67.08189344406128,0.4138951003551483,0.5861048698425293
67.08493995666504,0.40689346194267273,0.5931065082550049
67.09279370307922,0.407318651676178,0.592681348323822
67.09283399581909,0.4073207378387451,0.5926792621612549
67.09285044670105,0.40732166171073914,0.5926783084869385
67.10531878471375,0.40803268551826477,0.5919673442840576
67.12016773223877,0.40897950530052185,0.5910205245018005
67.12093997001648,0.4090292751789093,0.5909707546234131
67.12979364395142,0.4096025824546814,0.5903974175453186
67.13178038597107,0.4097319543361664,0.590268075466156
67.13283395767212,0.40980079770088196,0.5901992321014404
67.14539790153503,0.41067400574684143,0.589326024055481
67.15079379081726,0.41105401515960693,0.5889459848403931
67.15593957901001,0.41141873598098755,0.5885812640190125
67.1603136062622,0.4117305874824524,0.5882694125175476
67.16083407402039,0.41176772117614746,0.5882322788238525
67.17784595489502,0.41332846879959106,0.5866715908050537
67.18099856376648,0.41364941000938416,0.5863506197929382
67.18493986129761,0.4139111340045929,0.5860888957977295
67.19179129600525,0.4145430028438568,0.5854570269584656
67.20383715629578,0.4156779944896698,0.5843219757080078
67.20596170425415,0.4158799946308136,0.584119975566864
67.21893954277039,0.41732707619667053,0.5826728940010071
67.21974277496338,0.4174249768257141,0.5825750827789307
67.21979117393494,0.4174308776855469,0.5825691819190979
67.22793745994568,0.4411628544330597,0.5588371753692627
67.22983717918396,0.4313189685344696,0.5686810612678528
67.23521542549133,0.4224601686000824,0.57753986120224
67.23966002464294,0.4694150984287262,0.5305848717689514
67.24956750869751,0.4714338183403015,0.5285662412643433
67.25793504714966,0.4731617271900177,0.5268383026123047
67.2627911567688,0.4741741716861725,0.5258257985115051
67.26896262168884,0.47547101974487305,0.5245290398597717
67.27174854278564,0.47606024146080017,0.5239397287368774
67.27283716201782,0.47629112005233765,0.5237088799476624
67.28342247009277,0.4785546660423279,0.5214453339576721
67.2849349975586,0.47888079285621643,0.521119236946106
67.29030513763428,0.41936442255973816,0.5806355476379395
67.29694247245789,0.3854740858078003,0.6145259141921997
67.29779529571533,0.38543596863746643,0.6145640015602112
67.30083656311035,0.38529977202415466,0.614700198173523
67.31654047966003,0.38458365201950073,0.615416407585144
67.3187952041626,0.3844790756702423,0.6155208945274353
67.32093501091003,0.3843904435634613,0.6156095862388611
67.32556009292603,0.3842242360115051,0.6157757639884949
67.33583664894104,0.3838501572608948,0.6161498427391052
67.33970856666565,0.38370755314826965,0.616292417049408
67.35112285614014,0.38376960158348083,0.6162304282188416
67.35593318939209,0.38388168811798096,0.6161183714866638
67.35985398292542,0.3839741051197052,0.6160259246826172
67.36279535293579,0.38404417037963867,0.6159558892250061
67.3698365688324,0.3842138648033142,0.6157861351966858
67.3818027973175,0.5263251662254333,0.4736748933792114
67.38493347167969,0.45377954840660095,0.5462204217910767
67.38594937324524,0.4537886083126068,0.5462113618850708
67.38979125022888,0.4538230895996094,0.5461769104003906
67.3956880569458,0.45386749505996704,0.546132504940033
67.40583753585815,0.4539094865322113,0.5460904836654663
67.40678095817566,0.5413087010383606,0.4586913585662842
67.41893315315247,0.46951815485954285,0.5304818749427795
67.41979146003723,0.469544917345047,0.5304550528526306
67.41982245445251,0.4695459306240082,0.5304540991783142
67.43030595779419,0.46951931715011597,0.530480682849884
67.43383765220642,0.46943092346191406,0.5305691361427307
67.44109416007996,0.46924859285354614,0.5307514071464539
67.44982147216797,0.4690280258655548,0.5309720039367676
67.45693182945251,0.4688473641872406,0.5311526656150818
67.46079134941101,0.46874895691871643,0.5312510132789612
67.46436619758606,0.46865758299827576,0.5313423871994019
67.46983766555786,0.4685172140598297,0.5314828157424927
67.47639346122742,0.4503389000892639,0.5496610999107361
67.48493194580078,0.4572713077068329,0.5427287220954895
67.48519444465637,0.4572630524635315,0.5427369475364685
67.4887945652008,0.4571496248245239,0.5428503751754761
67.49913763999939,0.5535081624984741,0.4464918076992035
67.50384020805359,0.46879664063453674,0.5312033295631409
67.51856255531311,0.4677155017852783,0.5322844982147217
67.52993178367615,0.46678870916366577,0.5332112908363342
67.53079462051392,0.4667193591594696,0.533280611038208
67.53284025192261,0.466555118560791,0.5334449410438538
67.53460764884949,0.466412752866745,0.5335872769355774
67.53532075881958,0.40919551253318787,0.5908044576644897
67.54533958435059,0.44271719455718994,0.5572828650474548
67.55593013763428,0.4417490065097809,0.5582509636878967
67.55654406547546,0.4866771697998047,0.5133228302001953
67.5587944984436,0.42884141206741333,0.5711585879325867
67.56147766113281,0.4819876253604889,0.5180123448371887
67.57284021377563,0.4146271049976349,0.5853729248046875
67.57378816604614,0.4144802987575531,0.5855196714401245
67.58593010902405,0.41258832812309265,0.587411642074585
67.58855080604553,0.5151116251945496,0.4848884046077728
67.58879351615906,0.4948914051055908,0.505108654499054
67.60084319114685,0.4944520890712738,0.5055479407310486
67.60390186309814,0.4945128262042999,0.5054872035980225
67.61802101135254,0.4948004186153412,0.5051996111869812
67.62379360198975,0.49492138624191284,0.5050786137580872
67.62593007087708,0.49496668577194214,0.5050333738327026
67.62984347343445,0.49505046010017395,0.5049495697021484
67.63354444503784,0.5530093312263489,0.4469906985759735
67.64069294929504,0.488357275724411,0.5116427540779114
67.64239120483398,0.48834288120269775,0.511657178401947
67.65492844581604,0.488237589597702,0.5117624402046204
67.65633034706116,0.458880752325058,0.5411192774772644
67.65979337692261,0.5039397478103638,0.4960602819919586
67.66184329986572,0.5038576722145081,0.49614229798316956
67.66303062438965,0.5038101673126221,0.4961898624897003
67.67308902740479,0.5034055113792419,0.49659454822540283
67.68539381027222,0.5029067397117615,0.49709323048591614
67.68779420852661,0.5028090476989746,0.4971909523010254
67.68992853164673,0.5027220845222473,0.4972779452800751
67.6928038597107,0.502604603767395,0.4973953664302826
67.70384907722473,0.5020912289619446,0.4979087710380554
67.70427680015564,0.502069890499115,0.4979301393032074
67.72009325027466,0.5011206865310669,0.4988793730735779
67.72492861747742,0.5008233189582825,0.4991767406463623
67.73079419136047,0.5004607439041138,0.49953925609588623
67.73284816741943,0.5003331303596497,0.49966686964035034
67.7338490486145,0.5002710819244385,0.4997289478778839
67.75402402877808,0.5223121643066406,0.477687805891037
67.75492691993713,0.5107128620147705,0.48928719758987427
67.7565507888794,0.505317211151123,0.49468275904655457
67.75879406929016,0.5407131910324097,0.4592868685722351
67.7656762599945,0.5408221483230591,0.4591778516769409
67.76984906196594,0.5408899188041687,0.4591100811958313
67.7785017490387,0.5857001543045044,0.414299875497818
67.7877950668335,0.5741738677024841,0.42582619190216064
67.78992700576782,0.5742850303649902,0.42571502923965454
67.79134678840637,0.5743591785430908,0.4256407916545868
67.79985022544861,0.5744701623916626,0.4255298376083374
67.8053925037384,0.5744549632072449,0.4255450665950775
67.81645512580872,0.574678361415863,0.42532166838645935
67.82284665107727,0.5749723315238953,0.4250276982784271
67.82492685317993,0.5750208497047424,0.42497918009757996
67.82779502868652,0.5750877857208252,0.4249121844768524
67.83485007286072,0.5752533674240112,0.42474663257598877
67.83633065223694,0.5752882957458496,0.4247117042541504
67.85217714309692,0.5756648182868958,0.42433521151542664
67.85792231559753,0.5758026242256165,0.4241974353790283
67.86095595359802,0.5758756399154663,0.4241243302822113
67.86222100257874,0.5758994817733765,0.42410048842430115
67.86279511451721,0.575905978679657,0.424094021320343
67.87185025215149,0.5760084390640259,0.4239915907382965
67.87790131568909,0.5760767459869385,0.4239232838153839
67.88392233848572,0.576144278049469,0.423855721950531
67.89179611206055,0.5762323141098022,0.42376765608787537
67.89237236976624,0.5762388110160828,0.42376118898391724
67.89985084533691,0.5763214826583862,0.42367854714393616
67.90233278274536,0.6009304523468018,0.399069607257843
67.92033696174622,0.5699760913848877,0.4300239682197571
67.92592239379883,0.6054576635360718,0.3945423662662506
67.92714667320251,0.6055338382720947,0.3944661617279053
67.92979598045349,0.6056990623474121,0.3943009376525879
67.93585085868835,0.6060984134674072,0.3939015567302704
67.94305801391602,0.6066065430641174,0.3933934271335602
67.95356130599976,0.6073555946350098,0.39264437556266785
67.95492219924927,0.607453465461731,0.39254650473594666
67.95879602432251,0.6077327728271484,0.39226728677749634
67.96985101699829,0.6085372567176819,0.3914627730846405
67.98155546188354,0.6094008088111877,0.39059916138648987
67.98542618751526,0.5504575371742249,0.44954249262809753
67.98678421974182,0.5655933618545532,0.43440666794776917
67.98879408836365,0.56546950340271,0.43453046679496765
67.98992204666138,0.5653999447822571,0.43460002541542053
67.99185371398926,0.5652809143066406,0.43471911549568176
67.99618291854858,0.5650137662887573,0.43498626351356506
68.00736284255981,0.5643224120140076,0.43567758798599243
68.0189220905304,0.5635915994644165,0.4364083707332611
68.02219104766846,0.5633705854415894,0.43662944436073303
68.02779388427734,0.5629912614822388,0.43700873851776123
68.03285384178162,0.5626480579376221,0.43735191226005554
68.04904794692993,0.5615453124046326,0.43845465779304504
68.0579183101654,0.5609386563301086,0.43906134366989136
68.0608537197113,0.5607374906539917,0.4392624795436859
68.06108546257019,0.5607216954231262,0.4392783045768738
68.06254863739014,0.5606212615966797,0.4393787384033203
68.06279397010803,0.5606043934822083,0.43939557671546936
68.08491826057434,0.5590893030166626,0.440910667181015
68.08956789970398,0.5342168211936951,0.46578314900398254
68.0927951335907,0.5068427920341492,0.49315720796585083
68.10308647155762,0.504990816116333,0.4950092136859894
68.10385346412659,0.5048413872718811,0.4951586127281189
68.11035466194153,0.5035151243209839,0.4964848756790161
68.12691831588745,0.5001355409622192,0.49986451864242554
68.12779498100281,0.4999556541442871,0.5000443458557129
68.13015294075012,0.6073738932609558,0.3926260769367218
68.1357786655426,0.52997887134552,0.47002118825912476
68.1408531665802,0.5294252634048462,0.4705747067928314
68.1423556804657,0.5292611122131348,0.4707389175891876
68.15591740608215,0.52777498960495,0.47222504019737244
68.15985345840454,0.5273475646972656,0.4726524353027344
68.16075253486633,0.5272499918937683,0.4727500081062317
68.164794921875,0.5268102884292603,0.47318974137306213
68.18119311332703,0.524651825428009,0.4753481447696686
68.18219494819641,0.475417822599411,0.5245821475982666
68.18491744995117,0.49394476413726807,0.5060552358627319
68.19079446792603,0.49285757541656494,0.5071424841880798
68.19222927093506,0.4925912022590637,0.5074087977409363
68.20485472679138,0.49023231863975525,0.5097677111625671
68.20913887023926,0.5985749363899231,0.4014250934123993
68.21891760826111,0.5333598852157593,0.4666401445865631
68.22248005867004,0.5330597162246704,0.4669402539730072
68.2277946472168,0.5326111912727356,0.4673888385295868
68.23339056968689,0.5321373343467712,0.46786269545555115
68.23929929733276,0.455623060464859,0.5443769693374634
68.23985505104065,0.5047815442085266,0.495218425989151
68.25491333007812,0.5028648376464844,0.4971352219581604
68.25730204582214,0.5025581121444702,0.4974419176578522
68.26079440116882,0.5021084547042847,0.4978915750980377
68.26814913749695,0.5385486483573914,0.4614514112472534
68.26985478401184,0.48520684242248535,0.5147931575775146
68.28236532211304,0.4833909273147583,0.5166090726852417
68.28991341590881,0.48216262459754944,0.5178373456001282
68.29185700416565,0.4818446636199951,0.5181553959846497
68.292795419693,0.4816909432411194,0.5183090567588806
68.29773211479187,0.574291467666626,0.4257085621356964
68.30851221084595,0.5522355437278748,0.44776442646980286
68.32067012786865,0.5520537495613098,0.4479462206363678
68.32491326332092,0.5520921945571899,0.44790783524513245
68.3277952671051,0.5521558523178101,0.44784411787986755
68.33193254470825,0.5543351173400879,0.4456648826599121
68.33285713195801,0.5246188640594482,0.47538113594055176
68.34584188461304,0.5243324041366577,0.4756675660610199
68.35266470909119,0.5241305232048035,0.47586944699287415
68.3567955493927,0.5239638686180115,0.4760361611843109
68.3608570098877,0.5237990021705627,0.47620099782943726
68.36091351509094,0.5237967371940613,0.4762033224105835
68.36276388168335,0.4622432291507721,0.5377567410469055
68.37775492668152,0.5155658721923828,0.4844340980052948
68.38633680343628,0.5150904059410095,0.48490962386131287
68.38891100883484,0.5149465203285217,0.4850534498691559
68.39179587364197,0.5147846937179565,0.48521533608436584
68.4011583328247,0.5142545700073242,0.4857454001903534
68.40285897254944,0.5141575336456299,0.4858424663543701
68.41036677360535,0.513725996017456,0.48627400398254395
68.42364525794983,0.5129513740539551,0.4870486259460449
68.42491102218628,0.5128767490386963,0.4871232211589813
68.42879557609558,0.5126469731330872,0.48735305666923523
68.43085885047913,0.512524425983429,0.48747557401657104
68.43805050849915,0.5120944976806641,0.4879055321216583
68.45295906066895,0.5111896395683289,0.48881039023399353
68.45890712738037,0.5108234882354736,0.48917651176452637
68.46085906028748,0.5107027888298035,0.4892972707748413
68.46163010597229,0.5230201482772827,0.4769798219203949
68.46179556846619,0.5442228317260742,0.4557771384716034
68.47164607048035,0.5158670544624329,0.4841329753398895
68.48296785354614,0.5399311184883118,0.4600689113140106
68.48690700531006,0.5402079820632935,0.45979198813438416
68.49279499053955,0.5406263470649719,0.4593736231327057
68.4941234588623,0.5784464478492737,0.4215536117553711
68.50186061859131,0.5471956729888916,0.4528043568134308
68.50571799278259,0.5472277402877808,0.45277222990989685
68.51590704917908,0.5473120808601379,0.45268794894218445
68.52065944671631,0.5473504066467285,0.4526495933532715
68.52779507637024,0.5474051833152771,0.4525948166847229
68.52986073493958,0.5474209189414978,0.4525791108608246
68.5338089466095,0.5474509000778198,0.4525490999221802
68.54282093048096,0.5475184321403503,0.45248153805732727
68.55197095870972,0.5480028390884399,0.45199713110923767
68.55779504776001,0.5483161211013794,0.4516838490962982
68.55790567398071,0.5483221411705017,0.4516778886318207
68.56586074829102,0.5487545132637024,0.45124551653862
68.56607985496521,0.5487664341926575,0.45123353600502014
68.57585310935974,0.5493045449256897,0.4506954848766327
68.57710385322571,0.549373984336853,0.45062604546546936
68.58590579032898,0.5499253273010254,0.4500747323036194
68.59279298782349,0.5503632426261902,0.4496367573738098
68.60086226463318,0.5508818030357361,0.44911816716194153
68.6029920578003,0.5510237216949463,0.4489763081073761
68.6129641532898,0.5517393350601196,0.44826066493988037
68.614905834198,0.551878035068512,0.4481219947338104
68.62855935096741,0.5817463397979736,0.41825369000434875
68.62879300117493,0.5778687000274658,0.42213132977485657
68.62986207008362,0.5779820084571838,0.4220179617404938
68.63835597038269,0.546556830406189,0.45344313979148865
68.64902186393738,0.5809699296951294,0.4190300703048706
68.65690183639526,0.5818988680839539,0.41810113191604614
68.65779304504395,0.5820046067237854,0.4179954528808594
68.6629581451416,0.5826202034950256,0.417379766702652
68.67086219787598,0.5835713148117065,0.41642865538597107
68.67491745948792,0.5840636491775513,0.4159363806247711
68.68490195274353,0.585315465927124,0.414684534072876
68.68977880477905,0.5859582424163818,0.41404175758361816
68.69180369377136,0.5862263441085815,0.41377362608909607
68.69486260414124,0.586633026599884,0.41336700320243835
68.69986391067505,0.5873016715049744,0.412698358297348
68.70677638053894,0.48131781816482544,0.5186821818351746
68.71596169471741,0.5152866244316101,0.4847133755683899
68.72690200805664,0.5151422619819641,0.4848577678203583
68.7278037071228,0.5151306390762329,0.4848693609237671
68.73486399650574,0.5150721669197083,0.48492786288261414
68.73751473426819,0.5150455832481384,0.4849543869495392
68.75271010398865,0.5148088932037354,0.48519113659858704
68.75589871406555,0.5147406458854675,0.48525935411453247
68.76280379295349,0.5145941376686096,0.4854058623313904
68.76503920555115,0.5145471692085266,0.48545289039611816
68.76986408233643,0.5144463777542114,0.48555368185043335
68.77363276481628,0.5143682360649109,0.4856317937374115
68.78481984138489,0.5141395926475525,0.4858603775501251
68.7858989238739,0.5141177773475647,0.4858822524547577
68.79080986976624,0.5140251517295837,0.48597487807273865
68.79986453056335,0.513374924659729,0.4866251051425934
68.80520939826965,0.5128816366195679,0.4871184229850769
68.80529880523682,0.4729555547237396,0.5270444750785828
68.81833696365356,0.43930190801620483,0.5606980919837952
68.81880950927734,0.4392237365245819,0.5607762932777405
68.8188989162445,0.43920883536338806,0.5607911348342896
68.83486461639404,0.43654465675354004,0.56345534324646
68.83800005912781,0.5716641545295715,0.42833584547042847
68.84273600578308,0.49354687333106995,0.5064531564712524
68.85489559173584,0.49293267726898193,0.5070673227310181
68.85935997962952,0.4926886260509491,0.5073114037513733
68.86180973052979,0.492554634809494,0.5074453949928284
68.86771845817566,0.49223172664642334,0.5077682733535767
68.87186455726624,0.492005318403244,0.5079947113990784
68.88912105560303,0.49106380343437195,0.5089362263679504
68.88989543914795,0.4910215437412262,0.5089784264564514
68.89086699485779,0.49096861481666565,0.5090314149856567
68.89681339263916,0.49061185121536255,0.5093881487846375
68.917813539505,0.4891621470451355,0.5108379125595093
68.92489552497864,0.48867130279541016,0.5113286972045898
68.9328670501709,0.48811766505241394,0.5118823647499084
68.95881342887878,0.48632368445396423,0.5136763453483582
68.95989394187927,0.486249715089798,0.5137502551078796
68.96986699104309,0.4855664074420929,0.5144336223602295
68.96990299224854,0.4346770644187927,0.5653229355812073
68.98865675926208,0.46776917576789856,0.5322308540344238
68.98881196975708,0.46775126457214355,0.5322487950325012
68.98889398574829,0.4677416682243347,0.5322583317756653
68.99186778068542,0.46739596128463745,0.5326040387153625
68.99997305870056,0.5790269374847412,0.4209730625152588
69.0084936618805,0.4855986535549164,0.514401376247406
69.01881194114685,0.4848640263080597,0.5151359438896179
69.02489399909973,0.48442980647087097,0.5155702233314514
69.02658534049988,0.48430895805358887,0.5156910419464111
69.03386783599854,0.4837876260280609,0.5162123441696167
69.03448915481567,0.4005447328090668,0.5994552373886108
69.04216432571411,0.42748185992240906,0.5725181698799133
69.05191564559937,0.4637353718280792,0.5362646579742432
69.05396485328674,0.45959529280662537,0.540404736995697
69.05881190299988,0.4002963602542877,0.5997036695480347
69.05889105796814,0.4002813398838043,0.5997186899185181
69.06877660751343,0.3983962833881378,0.6016037464141846
69.06886792182922,0.39837878942489624,0.6016212105751038
69.07801079750061,0.49129632115364075,0.5087036490440369
69.08689093589783,0.41625872254371643,0.583741307258606
69.08780837059021,0.4161369502544403,0.5838630795478821
69.0898687839508,0.41586318612098694,0.5841368436813354
69.1008870601654,0.4143927991390228,0.5856072306632996
69.10176539421082,0.41427507996559143,0.5857248902320862
69.11262059211731,0.459550678730011,0.540449321269989
69.11589097976685,0.38785412907600403,0.6121459007263184
69.12179446220398,0.38680505752563477,0.61319500207901
69.1298086643219,0.3853745460510254,0.6146255135536194
69.13286876678467,0.38482630252838135,0.6151737570762634
69.13690137863159,0.3841022551059723,0.6158977746963501
69.1522901058197,0.36248481273651123,0.6375151872634888
69.15488886833191,0.3612343668937683,0.6387656331062317
69.15592217445374,0.36099398136138916,0.6390060186386108
69.15880823135376,0.36032167077064514,0.6396782994270325
69.15986895561218,0.36007431149482727,0.6399257183074951
69.17838454246521,0.3557314872741699,0.6442685127258301
69.18372344970703,0.3544652462005615,0.6455347537994385
69.18681073188782,0.35368022322654724,0.6463198065757751
69.18704342842102,0.3536210060119629,0.6463789939880371
69.18988919258118,0.352896124124527,0.6471039056777954
69.20187091827393,0.34973594546318054,0.6502640843391418
69.21276545524597,0.34660592675209045,0.6533941030502319
69.21477174758911,0.3460273742675781,0.6539726257324219
69.21888899803162,0.34483763575553894,0.6551623344421387
69.22344183921814,0.3435189425945282,0.6564810276031494
69.2278106212616,0.34225013852119446,0.6577498912811279
69.22987103462219,0.34165075421333313,0.6583492159843445
69.23259615898132,0.4184720814228058,0.5815278887748718
69.23817086219788,0.4249536395072937,0.5750463604927063
69.24981045722961,0.47808024287223816,0.5219197273254395
69.25094747543335,0.47806376218795776,0.521936297416687
69.25478649139404,0.4873041808605194,0.512695848941803
69.25688457489014,0.46030113101005554,0.5396988987922668
69.2648708820343,0.46021798253059387,0.5397820472717285
69.26971888542175,0.4601690173149109,0.5398310422897339
69.28123617172241,0.46005624532699585,0.5399437546730042
69.28488445281982,0.4600217640399933,0.5399782061576843
69.29080700874329,0.4599669277667999,0.5400331020355225
69.29582667350769,0.459921658039093,0.5400784015655518
69.30187273025513,0.45986834168434143,0.540131688117981
69.30993485450745,0.4597998261451721,0.5402001738548279
69.31488466262817,0.4597589671611786,0.540241003036499
69.32096743583679,0.45971032977104187,0.5402896404266357
69.32680702209473,0.4596649706363678,0.5403349995613098
69.33128380775452,0.4596310257911682,0.5403689742088318
69.33587265014648,0.4595972001552582,0.5404028296470642
69.3448760509491,0.459533154964447,0.540466845035553
69.35331964492798,0.45947593450546265,0.5405240654945374
69.35688352584839,0.4594527781009674,0.540547251701355
69.36280703544617,0.45941516757011414,0.5405848622322083
69.36587262153625,0.4593963623046875,0.5406036376953125
69.369713306427,0.4593730866909027,0.5406268835067749
69.37795305252075,0.45932525396347046,0.5406747460365295
69.38688325881958,0.4592762887477875,0.5407236814498901
69.387615442276,0.49364033341407776,0.5063596963882446
69.39080739021301,0.5030348896980286,0.4969651401042938
69.39987444877625,0.5036311745643616,0.4963688552379608
69.4003095626831,0.45906731486320496,0.5409326553344727
69.41249203681946,0.510528564453125,0.4894714653491974
69.41488337516785,0.5107473134994507,0.4892527163028717
69.4188072681427,0.5111087560653687,0.48889127373695374
69.43387484550476,0.5125242471694946,0.487475723028183
69.440678358078,0.5131778717041016,0.4868221580982208
69.44892978668213,0.51396244764328,0.48603758215904236
69.45887875556946,0.5148338675498962,0.48516613245010376
69.46022987365723,0.5149534940719604,0.4850465655326843
69.46080732345581,0.5150047540664673,0.4849952757358551
69.46525931358337,0.5154014825820923,0.4845984876155853
69.47087478637695,0.5159067511558533,0.48409321904182434
69.48336338996887,0.48464351892471313,0.5153564810752869
69.48519587516785,0.4799688458442688,0.5200311541557312
69.48587894439697,0.47996336221694946,0.5200366377830505
69.48880791664124,0.4799399971961975,0.5200600028038025
69.50373601913452,0.4798157513141632,0.5201842784881592
69.50487637519836,0.47980591654777527,0.5201941132545471
69.51487874984741,0.4797174334526062,0.5202825665473938
69.51680779457092,0.479699969291687,0.5203000903129578
69.52051544189453,0.4796658456325531,0.5203341841697693
69.53050661087036,0.4796854555606842,0.5203145742416382
69.53487634658813,0.47970518469810486,0.5202947854995728
69.54187107086182,0.47973641753196716,0.5202636122703552
69.54863142967224,0.4797661006450653,0.5202339291572571
69.55587673187256,0.47991758584976196,0.520082414150238
69.55811166763306,0.4941718280315399,0.5058282017707825
69.55980777740479,0.4652431011199951,0.5347568988800049
69.56915163993835,0.46530455350875854,0.5346954464912415
69.56987619400024,0.46530935168266296,0.5346906185150146
69.57547616958618,0.4653908312320709,0.5346091985702515
69.58880686759949,0.4656442701816559,0.5343557596206665
69.59087705612183,0.4656769633293152,0.5343230366706848
69.59153914451599,0.5393266677856445,0.4606733024120331
69.59373784065247,0.4726209044456482,0.5273790955543518
69.60254764556885,0.4730674922466278,0.5269324779510498
69.60687780380249,0.47329607605934143,0.526703953742981
69.61333298683167,0.47365036606788635,0.5263496041297913
69.62787675857544,0.4744134247303009,0.5255866050720215
69.62904214859009,0.4744744300842285,0.5255255699157715
69.63080644607544,0.4745670557022095,0.5254330039024353
69.6327576637268,0.4364081621170044,0.5635918378829956
69.64087772369385,0.4409075677394867,0.5590924024581909
69.64540338516235,0.4408254325389862,0.5591745972633362
69.64863753318787,0.522117555141449,0.477882444858551
69.6548764705658,0.4535049498081207,0.5464950799942017
69.65980672836304,0.4534987807273865,0.5465012192726135
69.66314506530762,0.45349541306495667,0.5465046167373657
69.67125940322876,0.4534517824649811,0.5465482473373413
69.67187786102295,0.45344799757003784,0.5465520620346069
69.67987704277039,0.4036840498447418,0.5963159799575806
69.68680596351624,0.43236610293388367,0.5676339268684387
69.68971467018127,0.43225207924842834,0.567747950553894
69.69087648391724,0.4322064220905304,0.5677935481071472
69.69087982177734,0.43220630288124084,0.5677936673164368
69.69167613983154,0.4596439003944397,0.5403561592102051
69.70091700553894,0.4576858878135681,0.5423141121864319
69.70685815811157,0.4022199511528015,0.5977800488471985
69.71976923942566,0.4736745059490204,0.526325523853302
69.72487664222717,0.4147028625011444,0.585297167301178
69.72880601882935,0.4146628677845001,0.5853371024131775
69.73487997055054,0.41460201144218445,0.5853980183601379
69.74138808250427,0.41453829407691956,0.5854617357254028
69.7441201210022,0.4145120084285736,0.5854880213737488
69.74587559700012,0.4144952595233917,0.5855047106742859
69.75658702850342,0.47203823924064636,0.5279617309570312
69.75680613517761,0.40186282992362976,0.5981371402740479
69.76650214195251,0.4013802707195282,0.5986196994781494
69.76987981796265,0.40121185779571533,0.5987881422042847
69.77390789985657,0.40101078152656555,0.5989892482757568
69.7861967086792,0.37493574619293213,0.6250643134117126
69.78887557983398,0.3781292736530304,0.621870756149292
69.7918050289154,0.3778087794780731,0.6221912503242493
69.7918815612793,0.3778003752231598,0.6221996545791626
69.79573726654053,0.37737753987312317,0.6226224899291992
69.8121566772461,0.37556448578834534,0.624435544013977
69.81687545776367,0.3750397562980652,0.6249602437019348
69.82261085510254,0.3744000196456909,0.6255999803543091
69.8288049697876,0.37370648980140686,0.6262935400009155
69.83113932609558,0.37344446778297424,0.6265555620193481
69.83688187599182,0.37279820442199707,0.6272017955780029
69.84286665916443,0.3721223473548889,0.6278776526451111
69.84842944145203,0.3714919686317444,0.6285080313682556
69.85680484771729,0.3705497980117798,0.6294502019882202
69.85887503623962,0.37031638622283936,0.6296836137771606
69.8622579574585,0.3699343502521515,0.6300656199455261
69.86988186836243,0.3689945936203003,0.6310054063796997
69.87978053092957,0.4443250596523285,0.5556749701499939
69.88537359237671,0.41003724932670593,0.5899627804756165
69.88687491416931,0.4514237344264984,0.5485762357711792
69.89281034469604,0.451242059469223,0.5487579107284546
69.89720106124878,0.45110753178596497,0.5488924980163574
69.89988112449646,0.4510253667831421,0.5489746332168579
69.90042901039124,0.4848528206348419,0.5151471495628357
69.91159462928772,0.4522531032562256,0.5477468967437744
69.91587495803833,0.452237069606781,0.5477629899978638
69.9268102645874,0.4521983563899994,0.5478016138076782
69.9338812828064,0.4521753191947937,0.5478246808052063
69.94312191009521,0.45214733481407166,0.5478526949882507
69.95108604431152,0.45212522149086,0.5478748083114624
69.95460557937622,0.45211607217788696,0.5478839874267578
69.9578104019165,0.4521079957485199,0.5478920340538025
69.95887446403503,0.4521053731441498,0.5478946566581726
69.9688811302185,0.4520823657512665,0.5479176640510559
69.97045707702637,0.45207899808883667,0.5479210615158081
69.97861194610596,0.4520626962184906,0.5479373335838318
69.9868745803833,0.45204800367355347,0.5479519963264465
69.98987984657288,0.4520431458950043,0.5479568839073181
69.99080920219421,0.4520416855812073,0.5479583144187927
69.99633240699768,0.45203351974487305,0.547966480255127
70.01196432113647,0.45200613141059875,0.5479938387870789
70.01487445831299,0.45200151205062866,0.5479984879493713
70.01579594612122,0.45200011134147644,0.547999918460846
70.01980900764465,0.45202672481536865,0.5479733347892761
70.02475142478943,0.4522814452648163,0.5477185249328613
70.03387999534607,0.45276084542274475,0.5472391843795776
70.03480458259583,0.45281001925468445,0.5471900105476379
70.04780912399292,0.4535640776157379,0.5464358925819397
70.0568733215332,0.4541853368282318,0.5458146333694458
70.06987977027893,0.4552222192287445,0.5447777509689331
70.07121086120605,0.5142650604248047,0.4857349097728729
70.07288432121277,0.47236812114715576,0.5276318788528442
70.08487319946289,0.5260815620422363,0.47391849756240845
70.08981037139893,0.5264924168586731,0.4735076129436493
70.09088087081909,0.5265819430351257,0.4734180271625519
70.09246873855591,0.5267148017883301,0.47328516840934753
70.09771013259888,0.5271554589271545,0.47284451127052307
70.11026167869568,0.5282231569290161,0.4717768430709839
70.11987328529358,0.5290522575378418,0.4709477126598358
70.12101864814758,0.5291517376899719,0.4708482325077057
70.13281035423279,0.5301840901374817,0.4698158800601959
70.1328809261322,0.5301903486251831,0.4698096215724945
70.13652467727661,0.5305123925209045,0.46948757767677307
70.15587306022644,0.5322189927101135,0.46778103709220886
70.1570086479187,0.4529074728488922,0.5470924973487854
70.15981006622314,0.48613622784614563,0.513863742351532
70.16512966156006,0.48616793751716614,0.5138320326805115
70.1698808670044,0.4861944615840912,0.5138055086135864
70.17697405815125,0.4862309992313385,0.5137689709663391
70.1848726272583,0.48626983165740967,0.5137301683425903
70.18880844116211,0.48628851771354675,0.5137115120887756
70.19015312194824,0.4862947165966034,0.5137052536010742
70.20058703422546,0.48646968603134155,0.5135303139686584
70.2038824558258,0.48653939366340637,0.513460636138916
70.22280859947205,0.487007737159729,0.512992262840271
70.22340679168701,0.48701590299606323,0.5129841566085815
70.22687244415283,0.48706334829330444,0.5129366517066956
70.23288249969482,0.48714542388916016,0.5128546357154846
70.25486850738525,0.4874440133571625,0.5125560164451599
70.25980854034424,0.4875105917453766,0.5124894380569458
70.26088237762451,0.4875251054763794,0.5124748945236206
70.2878098487854,0.48806899785995483,0.5119310021400452
70.2908685207367,0.4881729483604431,0.5118270516395569
70.30129623413086,0.4885295331478119,0.5114704966545105
70.30288553237915,0.4885842502117157,0.5114157795906067
70.31419086456299,0.4360910952091217,0.5639089345932007
70.3233540058136,0.42611995339393616,0.5738800764083862
70.32486844062805,0.42601248621940613,0.5739874839782715
70.32980966567993,0.4256604015827179,0.5743396282196045
70.33088541030884,0.42558351159095764,0.57441645860672
70.33095264434814,0.425578773021698,0.574421226978302
70.34223580360413,0.4993928074836731,0.5006071925163269
70.34586644172668,0.42536455392837524,0.5746354460716248
70.35716557502747,0.42501699924468994,0.5749830603599548
70.35880970954895,0.42496663331985474,0.5750333666801453
70.36188554763794,0.42487236857414246,0.5751276612281799
70.36279964447021,0.4248444437980652,0.5751556158065796
70.37232756614685,0.42455360293388367,0.5754464268684387
70.38783431053162,0.4240911602973938,0.575908899307251
70.38886666297913,0.4240616261959076,0.5759384036064148
70.3898138999939,0.4240344166755676,0.5759655833244324
70.38988256454468,0.4240324795246124,0.5759674906730652
70.39527249336243,0.3831583261489868,0.616841733455658
70.40486240386963,0.4246319830417633,0.5753680467605591
70.41356086730957,0.5169140100479126,0.483085960149765
70.41686654090881,0.4418487548828125,0.5581512451171875
70.4228138923645,0.4417017996311188,0.5582982301712036
70.42555665969849,0.4415649175643921,0.5584350824356079
70.43188238143921,0.44124794006347656,0.5587520599365234
70.43367791175842,0.441157728433609,0.5588423013687134
70.45394730567932,0.338461309671402,0.6615387201309204
70.45495462417603,0.3531213402748108,0.646878719329834
70.45781397819519,0.35264939069747925,0.6473506093025208
70.45886588096619,0.3524755835533142,0.6475244164466858
70.4608826637268,0.35214200615882874,0.6478580236434937
70.46762466430664,0.4164351224899292,0.5835648775100708
70.47335767745972,0.4151202142238617,0.5848798155784607
70.48242616653442,0.34927594661712646,0.6507241129875183
70.48686575889587,0.3484233617782593,0.6515766978263855
70.48878598213196,0.42806628346443176,0.5719337463378906
70.49281907081604,0.3585900068283081,0.6414099931716919
70.50288486480713,0.35704001784324646,0.6429599523544312
70.50633025169373,0.3565240502357483,0.6434760093688965
70.51586580276489,0.35509198904037476,0.64490807056427
70.5228476524353,0.35397887229919434,0.6460211277008057
70.5288188457489,0.3530227541923523,0.6469772458076477
70.53088474273682,0.3526914417743683,0.6473085880279541
70.53291583061218,0.3848475217819214,0.6151524782180786
70.54211902618408,0.3456924557685852,0.6543076038360596
70.55558800697327,0.3430647552013397,0.6569352149963379
70.55781888961792,0.34261593222618103,0.6573840379714966
70.55786538124084,0.3426066040992737,0.6573933959007263
70.56188464164734,0.34179654717445374,0.6582034230232239
70.5632598400116,0.32438796758651733,0.6756120324134827
70.58586525917053,0.33159151673316956,0.6684085130691528
70.58898186683655,0.3308735191822052,0.6691264510154724
70.58988690376282,0.33065342903137207,0.6693466305732727
70.59181547164917,0.3301839530467987,0.6698160171508789
70.59702205657959,0.3289141356945038,0.6710858941078186
70.61272740364075,0.3250620663166046,0.6749379634857178
70.61800789833069,0.3237597346305847,0.6762402653694153
70.62681555747986,0.32155805826187134,0.6784419417381287
70.62691378593445,0.3215329349040985,0.6784670352935791
70.6288652420044,0.32103443145751953,0.6789655685424805
70.6308867931366,0.3205174505710602,0.6794825792312622
70.63483214378357,0.319506973028183,0.6804930567741394
70.64846873283386,0.3160163462162018,0.6839836239814758
70.64881539344788,0.3159273862838745,0.6840726137161255
70.65685987472534,0.31385016441345215,0.6861498355865479
70.6598870754242,0.3130398690700531,0.6869601011276245
70.66386246681213,0.4024834632873535,0.5975165963172913
70.68477296829224,0.3997035026550293,0.6002964973449707
70.68485999107361,0.39969706535339355,0.6003029346466064
70.68565964698792,0.4599602520465851,0.5400397777557373
70.69081616401672,0.40063318610191345,0.5993667840957642
70.70073866844177,0.40002211928367615,0.5999779105186462
70.70188784599304,0.39995160698890686,0.6000483632087708
70.71881604194641,0.39892005920410156,0.6010799407958984
70.72685980796814,0.39843448996543884,0.6015654802322388
70.73188781738281,0.3981355130672455,0.6018645167350769
70.74864840507507,0.3970862925052643,0.6029136776924133
70.75585985183716,0.39660754799842834,0.603392481803894
70.75979208946228,0.3963150084018707,0.6036850214004517
70.75988793373108,0.3963076174259186,0.603692352771759
70.7608163356781,0.39623650908470154,0.6037635207176208
70.77232956886292,0.39535489678382874,0.6046451330184937
70.78485536575317,0.3943987488746643,0.6056012511253357
70.7968201637268,0.3934882581233978,0.6065117120742798
70.80188989639282,0.39310330152511597,0.6068967580795288
70.81682014465332,0.39186346530914307,0.6081365942955017
70.81985545158386,0.39157578349113464,0.6084242463111877
70.82988977432251,0.3904802203178406,0.6095197796821594
70.85485410690308,0.3877350091934204,0.6122649908065796
70.85794925689697,0.3873850703239441,0.6126149296760559
70.85882019996643,0.3872818648815155,0.6127181053161621
70.85988998413086,0.387155145406723,0.6128448843955994
70.86115169525146,0.387005478143692,0.6129945516586304
70.871013879776,0.38599276542663574,0.614007294178009
70.88882231712341,0.38417160511016846,0.6158283948898315
70.89085412025452,0.3839743137359619,0.6160256862640381
70.89414286613464,0.38365498185157776,0.6163450479507446
70.89910745620728,0.47112223505973816,0.5288777947425842
70.90088939666748,0.454130083322525,0.5458699464797974
70.91360092163086,0.42934611439704895,0.5706538558006287
70.91882252693176,0.4692525565624237,0.5307474732398987
70.92406010627747,0.46931129693984985,0.5306887030601501
70.92485404014587,0.4693203866481781,0.5306796431541443
70.93380093574524,0.46942707896232605,0.5305728912353516
70.93588924407959,0.4694530665874481,0.5305469632148743
70.94557666778564,0.469586580991745,0.5304134488105774
70.94585299491882,0.4695907235145569,0.5304093360900879
70.9566056728363,0.4697555601596832,0.5302444696426392
70.95882248878479,0.46979084610939026,0.5302091240882874
70.96988940238953,0.46997371315956116,0.5300263166427612
70.97386026382446,0.47004202008247375,0.5299580097198486
70.97999811172485,0.38482046127319336,0.6151795387268066
70.98682165145874,0.40944617986679077,0.5905538201332092
70.98885297775269,0.40928420424461365,0.5907158255577087
70.99189066886902,0.4090530276298523,0.5909469723701477
70.99468994140625,0.4088398516178131,0.5911601781845093
71.00621438026428,0.4079250395298004,0.592074990272522
71.01431465148926,0.4072534441947937,0.5927465558052063
71.01685285568237,0.4070422649383545,0.5929577946662903
71.02506065368652,0.4063571095466614,0.5936428904533386
71.02982187271118,0.40595799684524536,0.5940420031547546
71.03289031982422,0.4057002067565918,0.594299852848053
71.03535580635071,0.4054925739765167,0.5945073962211609
71.04237246513367,0.4049466550350189,0.5950533747673035
71.05187392234802,0.3965008556842804,0.6034991145133972
71.05682158470154,0.38904252648353577,0.6109575033187866
71.05885219573975,0.3888002932071686,0.6111997365951538
71.06989049911499,0.38712725043296814,0.6128727197647095
71.07273864746094,0.3866504728794098,0.6133495569229126
71.07744240760803,0.3858598470687866,0.6141401529312134
71.08685231208801,0.38422641158103943,0.615773618221283
71.08782005310059,0.3840286433696747,0.6159713268280029
71.09015488624573,0.5319444537162781,0.4680555462837219
71.10100507736206,0.45725879073143005,0.5427411794662476
71.10388851165771,0.45714426040649414,0.5428557395935059
71.11585235595703,0.45666342973709106,0.5433366298675537
71.11660647392273,0.4566327631473541,0.5433672070503235
71.12982034683228,0.4561799168586731,0.5438200831413269
71.1298520565033,0.4561792314052582,0.5438207983970642
71.13288855552673,0.4561155140399933,0.5438845157623291
71.14172744750977,0.4559285342693329,0.5440714955329895
71.14485168457031,0.45586204528808594,0.5441379547119141
71.15975904464722,0.4554678797721863,0.5445321202278137
71.15982031822205,0.4554661810398102,0.5445337891578674
71.15988850593567,0.45546433329582214,0.5445356965065002
71.16225266456604,0.39716699719429016,0.6028330326080322
71.17456650733948,0.5412801504135132,0.45871981978416443
71.18685173988342,0.46888813376426697,0.5311118364334106
71.18781590461731,0.4688955843448639,0.5311044454574585
71.20084118843079,0.46897512674331665,0.5310249328613281
71.2008912563324,0.4689752757549286,0.5310247540473938
71.20827198028564,0.46899139881134033,0.5310086607933044
71.21585178375244,0.4690072536468506,0.5309927463531494
71.21894955635071,0.38203319907188416,0.6179668307304382
71.222815990448,0.41444435715675354,0.5855556726455688
71.22989106178284,0.4137991964817047,0.5862007737159729
71.23693418502808,0.41315630078315735,0.586843729019165
71.25062704086304,0.43896469473838806,0.5610353350639343
71.25683736801147,0.43867841362953186,0.5613215565681458
71.25881600379944,0.37660789489746094,0.6233921051025391
71.25885343551636,0.37660273909568787,0.6233972907066345
71.27028298377991,0.3750171363353729,0.6249828338623047
71.2708911895752,0.374932199716568,0.6250677704811096
71.27758717536926,0.4757530391216278,0.5242469906806946
71.28781604766846,0.4354608952999115,0.5645390748977661
71.28861474990845,0.4354430139064789,0.5645569562911987
71.29085326194763,0.4353926181793213,0.5646073818206787
71.29889249801636,0.43521204590797424,0.5647879242897034
71.30819153785706,0.4350033104419708,0.5649967193603516
71.32284998893738,0.4569402039051056,0.543059766292572
71.32485342025757,0.42461705207824707,0.5753829479217529
71.32781600952148,0.4244706928730011,0.5755293369293213
71.33459806442261,0.42413437366485596,0.5758656859397888
71.3348925113678,0.4241196811199188,0.5758803486824036
71.33943343162537,0.4238932430744171,0.5761067271232605
71.34981608390808,0.4233725666999817,0.5766274929046631
71.35144305229187,0.3799265921115875,0.6200734376907349
71.3548538684845,0.41623643040657043,0.583763599395752
71.36889266967773,0.41499650478363037,0.5850034952163696
71.37394833564758,0.4145453870296478,0.5854545831680298
71.38819408416748,0.41316932439804077,0.5868306756019592
71.38884925842285,0.4131050407886505,0.5868949294090271
71.39181685447693,0.4128100574016571,0.5871899127960205
71.39965152740479,0.4119742214679718,0.5880257487297058
71.40389394760132,0.4115186035633087,0.5884813666343689
71.40669846534729,0.4112163186073303,0.5887836813926697
71.41784954071045,0.4100051522254944,0.5899948477745056
71.4245080947876,0.4092751443386078,0.5907248854637146
71.42737293243408,0.4089595079421997,0.5910405516624451
71.42981672286987,0.4086894690990448,0.5913105010986328
71.43189406394958,0.4084594249725342,0.5915405750274658
71.43621134757996,0.4079797565937042,0.5920202732086182
71.44584846496582,0.40690115094184875,0.5930988788604736
71.44674515724182,0.4338090121746063,0.5661910176277161
71.4562611579895,0.42425867915153503,0.5757413506507874
71.45781707763672,0.4606921970844269,0.5393077731132507
71.47189402580261,0.4608341157436371,0.5391659140586853
71.473886013031,0.46085551381111145,0.5391445159912109
71.47671604156494,0.5144508481025696,0.4855491518974304
71.48784875869751,0.45773303508758545,0.5422669649124146
71.48923563957214,0.45769527554512024,0.5423046946525574
71.49089550971985,0.4576501250267029,0.5423498749732971
71.49181866645813,0.45762500166893005,0.5423750281333923
71.50351190567017,0.4573483169078827,0.5426516532897949
71.50410485267639,0.45734402537345886,0.5426560044288635
71.5158486366272,0.4572613537311554,0.5427386164665222
71.51989221572876,0.45723414421081543,0.5427658557891846
71.52781844139099,0.45718303322792053,0.5428169369697571
71.53177046775818,0.45715853571891785,0.5428414940834045
71.5358955860138,0.45713359117507935,0.5428664088249207
71.54333686828613,0.4570905566215515,0.5429094433784485
71.55884957313538,0.4570241868495941,0.5429758429527283
71.56181859970093,0.45701393485069275,0.5429860353469849
71.56189584732056,0.45701369643211365,0.5429863333702087
71.56372022628784,0.45700758695602417,0.5429924726486206
71.57842588424683,0.45671346783638,0.5432865023612976
71.58684968948364,0.45652544498443604,0.5434746146202087
71.58902144432068,0.45647698640823364,0.5435230135917664
71.59081816673279,0.45643702149391174,0.5435629487037659
71.59189438819885,0.45641306042671204,0.5435869693756104
71.60001969337463,0.4562326669692993,0.5437673330307007
71.60997033119202,0.49720293283462524,0.5027971267700195
71.61584973335266,0.4881971478462219,0.5118028521537781
71.61881804466248,0.4883783757686615,0.5116216540336609
71.63075852394104,0.48912087082862854,0.5108790993690491
71.6342248916626,0.5114238858222961,0.48857614398002625
71.64089465141296,0.5385079383850098,0.46149206161499023
71.64484906196594,0.539137065410614,0.460862934589386
71.64908051490784,0.5398145914077759,0.4601854085922241
71.65804386138916,0.5412716865539551,0.4587283134460449
71.6608943939209,0.5417404174804688,0.45825961232185364
71.66381812095642,0.5421839356422424,0.45781606435775757
71.68102645874023,0.5448242425918579,0.4551757872104645
71.68360781669617,0.5452259182929993,0.45477405190467834
71.68684887886047,0.5457148551940918,0.4542851746082306
71.68981766700745,0.5461600422859192,0.4538399577140808
71.7043559551239,0.4281787872314453,0.5718212127685547
71.70489478111267,0.434524267911911,0.5654757618904114
71.71474480628967,0.43371331691741943,0.5662866830825806
71.71584892272949,0.4336220324039459,0.5663779973983765
71.71936440467834,0.43333080410957336,0.566669225692749
71.72781753540039,0.4326270818710327,0.5673729181289673
71.7318947315216,0.43228599429130554,0.5677140355110168
71.73809862136841,0.4318191409111023,0.5681808590888977
71.7588460445404,0.430267333984375,0.569732666015625
71.76021265983582,0.4301644265651703,0.5698356032371521
71.76089477539062,0.4301130473613739,0.5698869824409485
71.76281785964966,0.4299680292606354,0.5700319409370422
71.7755434513092,0.4290042221546173,0.5709958076477051
71.77577662467957,0.428986519575119,0.5710135102272034
71.78684639930725,0.42814207077026367,0.5718579292297363
71.79181599617004,0.42776113748550415,0.5722388625144958
71.79778552055359,0.4327855110168457,0.5672144889831543
71.80389666557312,0.3986988365650177,0.6013011336326599
71.81484627723694,0.3971547782421112,0.6028451919555664
71.81611585617065,0.39695748686790466,0.6030425429344177
71.82178735733032,0.3960729241371155,0.6039270758628845
71.82281613349915,0.3959120213985443,0.6040880084037781
71.82915306091309,0.3949166238307953,0.6050834059715271
71.83089685440063,0.3946415185928345,0.6053584814071655
71.83532190322876,0.5480451583862305,0.4519548714160919
71.84454464912415,0.5262214541435242,0.4737785756587982
71.85544180870056,0.5486158728599548,0.45138412714004517
71.858815908432,0.5440271496772766,0.4559728801250458
71.85884547233582,0.544030487537384,0.45596951246261597
71.85989689826965,0.5441508293151855,0.45584920048713684
71.86414551734924,0.5446386933326721,0.4553613066673279
71.87572073936462,0.5459809899330139,0.4540190100669861
71.88584566116333,0.5467720627784729,0.4532279670238495
71.88881492614746,0.546959638595581,0.4530404210090637
71.8898344039917,0.5470241904258728,0.4529758095741272
71.89940404891968,0.5476962327957153,0.45230376720428467
71.90089821815491,0.5478200316429138,0.4521799385547638
71.90383529663086,0.503302812576294,0.49669715762138367
71.91484546661377,0.540298581123352,0.45970144867897034
71.91601920127869,0.5403420925140381,0.4596578776836395
71.9253420829773,0.5603183507919312,0.43968161940574646
71.92881488800049,0.5576465725898743,0.44235339760780334
71.92989826202393,0.5577482581138611,0.4422517716884613
71.94018959999084,0.5587175488471985,0.4412824809551239
71.94858646392822,0.5595133304595947,0.44048669934272766
71.95580053329468,0.4812060594558716,0.5187940001487732
71.95584344863892,0.4872450828552246,0.5127549171447754
71.95681500434875,0.4872163236141205,0.5127836465835571
71.9646213054657,0.48695090413093567,0.5130490660667419
71.96589827537537,0.48689550161361694,0.5131045579910278
71.98536920547485,0.5427777767181396,0.45722225308418274
71.98584318161011,0.47633999586105347,0.5236600041389465
71.99145126342773,0.5337135791778564,0.46628642082214355
71.9918155670166,0.46581655740737915,0.5341834425926208
71.99830031394958,0.4652402997016907,0.5347597002983093
71.99990010261536,0.46507546305656433,0.5349245667457581
72.01904344558716,0.48342612385749817,0.5165739059448242
72.0208432674408,0.4987339973449707,0.5012660026550293
72.02781558036804,0.49863743782043457,0.5013625621795654
72.02890014648438,0.4986222982406616,0.5013777613639832
72.03030633926392,0.4986025393009186,0.501397430896759
72.04809212684631,0.4983466863632202,0.5016533136367798
72.05484390258789,0.4982466399669647,0.5017533898353577
72.05681538581848,0.49821701645851135,0.5017829537391663
72.0625250339508,0.5407463312149048,0.4592536389827728
72.06490015983582,0.4881422221660614,0.5118577480316162
72.07107210159302,0.48794254660606384,0.5120574235916138
72.07432794570923,0.48783615231513977,0.5121638774871826
72.08794927597046,0.4708610475063324,0.52913898229599
72.09084367752075,0.4697668254375458,0.5302332043647766
72.0918140411377,0.46969911456108093,0.5303008556365967
72.0960602760315,0.46940121054649353,0.5305987596511841
72.10090160369873,0.46905890107154846,0.5309410691261292
72.1119453907013,0.4683016240596771,0.5316983461380005
72.11884379386902,0.4678536355495453,0.5321463942527771
72.12426853179932,0.4674874246120453,0.5325126051902771
72.12522411346436,0.46741023659706116,0.5325897932052612
72.12781405448914,0.46720051765441895,0.532799482345581
72.13364434242249,0.4667249023914337,0.5332750678062439
72.13490176200867,0.4666217863559723,0.5333782434463501
72.14324402809143,0.46593180298805237,0.5340681672096252
72.14781403541565,0.4655497372150421,0.5344502329826355
72.15584182739258,0.46478238701820374,0.5352176427841187
72.16017246246338,0.4643292725086212,0.5356707572937012
72.16590166091919,0.4637245237827301,0.5362754464149475
72.17435073852539,0.43257129192352295,0.567428708076477
72.18034338951111,0.4522731304168701,0.5477268695831299
72.18981504440308,0.5100620985031128,0.4899378716945648
72.19084167480469,0.5100821256637573,0.4899178743362427
72.1920235157013,0.5101060271263123,0.48989394307136536
72.19290471076965,0.5101237893104553,0.4898761808872223
72.19336915016174,0.5099796056747437,0.49002042412757874
72.21099877357483,0.516110360622406,0.4838896691799164
72.2206220626831,0.5163863897323608,0.48361361026763916
72.22584176063538,0.5165385603904724,0.48346146941185
72.22988605499268,0.5166575312614441,0.4833424687385559
72.23281502723694,0.5167443156242371,0.48325568437576294
72.23390460014343,0.5167766809463501,0.4832233488559723
72.23525357246399,0.5168169736862183,0.48318302631378174
72.24684000015259,0.5171671509742737,0.4828328490257263
72.26081490516663,0.5176002979278564,0.48239970207214355
72.26438093185425,0.5177127718925476,0.4822872281074524
72.26990461349487,0.5179387331008911,0.4820612370967865
72.2748658657074,0.5181767344474792,0.48182329535484314
72.28548955917358,0.5186944007873535,0.48130562901496887
72.2888400554657,0.51885986328125,0.4811401665210724
72.2898120880127,0.5189081430435181,0.48109182715415955
72.2919065952301,0.5190123915672302,0.4809875786304474
72.29352045059204,0.5190929770469666,0.48090702295303345
72.30428338050842,0.5198454856872559,0.48015451431274414
72.31683993339539,0.5207560062408447,0.4792439639568329
72.31881213188171,0.5209011435508728,0.4790988862514496
72.3203706741333,0.5210161805152893,0.4789838194847107
72.32694005966187,0.46121835708618164,0.5387816429138184
72.33490657806396,0.5262062549591064,0.47379377484321594
72.34190344810486,0.48042967915534973,0.5195702910423279
72.34942364692688,0.5346116423606873,0.46538835763931274
72.3588376045227,0.5358249545097351,0.4641750454902649
72.36181211471558,0.5362274646759033,0.4637725055217743
72.36403608322144,0.5364617705345154,0.4635382294654846
72.3709065914154,0.5371443033218384,0.4628556966781616
72.37356066703796,0.5374101996421814,0.4625898003578186
72.383953332901,0.5384653210639954,0.46153467893600464
72.38683772087097,0.5388132333755493,0.4611867666244507
72.38781094551086,0.5389302372932434,0.461069792509079
72.39190745353699,0.5394176840782166,0.46058234572410583
72.39239573478699,0.5394735336303711,0.4605265259742737
72.39408802986145,0.48299115896224976,0.5170088410377502
72.40163064002991,0.49490147829055786,0.5050985217094421
72.41583776473999,0.4947475492954254,0.505252480506897
72.41691875457764,0.49472489953041077,0.5052750706672668
72.41781091690063,0.49470624327659607,0.5052937269210815
72.43367838859558,0.4943675994873047,0.5056324601173401
72.43490743637085,0.49435070157051086,0.5056493282318115
72.44400906562805,0.4943317174911499,0.5056683421134949
72.4532618522644,0.49426355957984924,0.5057364702224731
72.45881080627441,0.49419403076171875,0.5058059692382812
72.45883417129517,0.4941937029361725,0.5058062672615051
72.47028684616089,0.4941479563713074,0.5058521032333374
72.4719078540802,0.4941440224647522,0.5058559775352478
72.4814076423645,0.4931771159172058,0.506822943687439
72.48983407020569,0.4747283160686493,0.5252717137336731
72.49090647697449,0.47469252347946167,0.5253074765205383
72.49280786514282,0.47462886571884155,0.5253711938858032
72.49815511703491,0.47447192668914795,0.525528073310852
72.50070905685425,0.47443413734436035,0.5255658626556396
72.51683402061462,0.47385963797569275,0.5261403322219849
72.5254578590393,0.5490517616271973,0.4509482681751251
72.52980756759644,0.5574563145637512,0.4425436556339264
72.53339314460754,0.5580944418907166,0.44190555810928345
72.54090666770935,0.5594311356544495,0.4405688941478729
72.54533886909485,0.5601815581321716,0.43981847167015076
72.55737113952637,0.5618200898170471,0.4381799101829529
72.55880784988403,0.562017023563385,0.437982976436615
72.55883383750916,0.5620205998420715,0.43797940015792847
72.56190657615662,0.562442421913147,0.43755754828453064
72.56738185882568,0.5631972551345825,0.4368027448654175
72.5817346572876,0.5375481843948364,0.46245184540748596
72.59090685844421,0.5772092938423157,0.4227907061576843
72.59380745887756,0.5775631666183472,0.42243680357933044
72.5948338508606,0.577691912651062,0.4223080575466156
72.59509038925171,0.5777242183685303,0.4222758114337921
72.6092917919159,0.57876056432724,0.4212394654750824
72.61583375930786,0.5807878375053406,0.4192121922969818
72.62235856056213,0.5818665027618408,0.41813352704048157
72.63080787658691,0.5832852125167847,0.4167148172855377
72.63290691375732,0.5836365222930908,0.4163634479045868
72.63355875015259,0.5837457180023193,0.4162542521953583
72.64851379394531,0.48175689578056335,0.5182430744171143
72.65680766105652,0.49801596999168396,0.5019840598106384
72.65690064430237,0.49801579117774963,0.5019842386245728
72.65883278846741,0.4980129897594452,0.5019870400428772
72.66190695762634,0.49800530076026917,0.5019947290420532
72.66739177703857,0.5487914681434631,0.4512085020542145
72.67826771736145,0.5394332408905029,0.4605667293071747
72.68583273887634,0.4718208312988281,0.5281791687011719
72.68680620193481,0.47174981236457825,0.5282502174377441
72.69466257095337,0.47116178274154663,0.5288382768630981
72.70424485206604,0.49878770112991333,0.5012122988700867
72.70490884780884,0.49961668252944946,0.5003833174705505
72.71479725837708,0.49968647956848145,0.5003135204315186
72.71483278274536,0.49968665838241577,0.5003133416175842
72.72280621528625,0.4997428059577942,0.5002571940422058
72.72392511367798,0.49975067377090454,0.5002493262290955
72.73544144630432,0.5441024303436279,0.4558975398540497
72.74190878868103,0.4926150441169739,0.5073849558830261
72.75182104110718,0.49256548285484314,0.5074345469474792
72.75683164596558,0.49253949522972107,0.5074605345726013
72.75780606269836,0.4925343692302704,0.507465660572052
72.75864005088806,0.4925299882888794,0.5074700713157654
72.76090884208679,0.4925179183483124,0.50748211145401
72.77282953262329,0.47279131412506104,0.527208685874939
72.77585816383362,0.4765673279762268,0.523432731628418
72.7858316898346,0.4760572016239166,0.5239428281784058
72.78605031967163,0.47604599595069885,0.5239540338516235
72.7918119430542,0.4757479429244995,0.5242521166801453
72.79457545280457,0.47560372948646545,0.5243963003158569
72.799565076828,0.47534140944480896,0.5246585607528687
72.8039059638977,0.4751112163066864,0.5248887538909912
72.81583166122437,0.47446903586387634,0.525530993938446
72.82017374038696,0.47426047921180725,0.5257395505905151
72.82981181144714,0.47378167510032654,0.5262183547019958
72.83190608024597,0.47365471720695496,0.5263453125953674
72.8399965763092,0.47315970063209534,0.5268402695655823
72.84844255447388,0.4726409912109375,0.5273590683937073
72.85781192779541,0.4720596969127655,0.5279403328895569
72.85883045196533,0.47199591994285583,0.5280040502548218
72.85986924171448,0.27599185705184937,0.7240081429481506
72.86190605163574,0.3028011918067932,0.6971988677978516
72.86510610580444,0.3144579231739044,0.6855420470237732
72.8760552406311,0.34323933720588684,0.6567606925964355
72.88413977622986,0.40129297971725464,0.5987070798873901
72.88583064079285,0.3531028926372528,0.6468970775604248
72.8878116607666,0.3531225323677063,0.6468774676322937
72.8993170261383,0.41033947467803955,0.5896605849266052
72.9049129486084,0.37076476216316223,0.6292352080345154
72.91483044624329,0.3709230124950409,0.6290770173072815
72.92161226272583,0.3710322678089142,0.6289677023887634
72.92281174659729,0.37105172872543335,0.6289482712745667
72.93290448188782,0.3712161183357239,0.6287838816642761
72.93291306495667,0.3712162673473358,0.6287837028503418
72.94465613365173,0.37140989303588867,0.6285901069641113
72.95195126533508,0.37153130769729614,0.6284686923027039
72.95582914352417,0.37159621715545654,0.6284037828445435
72.95881175994873,0.3716462254524231,0.6283537745475769
72.96091294288635,0.3716816008090973,0.6283183693885803
72.96403217315674,0.37173423171043396,0.6282657980918884
72.97289967536926,0.371936172246933,0.6280638575553894
72.98255324363708,0.372251957654953,0.6277480721473694
72.98552393913269,0.3723500669002533,0.6276499629020691
72.98781633377075,0.37242600321769714,0.6275739669799805
72.99082946777344,0.3725263774394989,0.6274736523628235
72.99651265144348,0.37277698516845703,0.627223014831543
73.00491452217102,0.37322795391082764,0.6267720460891724
73.01665925979614,0.2690620422363281,0.7309379577636719
73.02491211891174,0.3158531188964844,0.6841468811035156
73.02582931518555,0.2921149730682373,0.7078850865364075
73.02981638908386,0.29240724444389343,0.7075927257537842
73.0299825668335,0.2924199402332306,0.7075800895690918
73.03031253814697,0.29244497418403625,0.7075550556182861
73.03291440010071,0.2926432490348816,0.7073568105697632
73.04674792289734,0.2937147617340088,0.7062852382659912
73.04682946205139,0.2937212288379669,0.7062787413597107
73.05781626701355,0.2943069636821747,0.7056930661201477
73.06063771247864,0.2944447100162506,0.7055553197860718
73.06707644462585,0.2947612702846527,0.7052386999130249
73.07091450691223,0.2949533462524414,0.7050466537475586
73.07458233833313,0.2951906621456146,0.7048093676567078
73.08781504631042,0.29616057872772217,0.7038394808769226
73.08982944488525,0.2963102161884308,0.7036898136138916
73.0919201374054,0.2964661419391632,0.7035338282585144
73.09476113319397,0.24797162413597107,0.7520283460617065
73.09893846511841,0.24660027027130127,0.7533997297286987
73.11107993125916,0.24586309492588043,0.7541369199752808
73.11682939529419,0.2455093264579773,0.7544906735420227
73.13081502914429,0.24463626742362976,0.7553637623786926
73.13492012023926,0.24437664449214935,0.7556233406066895
73.13710474967957,0.24423781037330627,0.7557621598243713
73.14785146713257,0.24354863166809082,0.7564513683319092
73.15881490707397,0.24283458292484283,0.7571654319763184
73.15882849693298,0.2428337037563324,0.75716632604599
73.16484475135803,0.24243709444999695,0.7575629353523254
73.16492009162903,0.2424321472644806,0.7575678825378418
73.16736936569214,0.24226970970630646,0.7577303051948547
73.18682837486267,0.24111154675483704,0.7588884830474854
73.18781542778015,0.24105651676654816,0.758943498134613
73.19641447067261,0.2490900158882141,0.7509100437164307
73.20092105865479,0.23095490038394928,0.7690451145172119
73.21064853668213,0.2305268943309784,0.7694730758666992
73.21582865715027,0.23032866418361664,0.7696713209152222
73.21591925621033,0.23032517731189728,0.7696748375892639
73.22981524467468,0.22986897826194763,0.77013099193573
73.23020386695862,0.3650040626525879,0.6349959969520569
73.23592114448547,0.22914043068885803,0.7708595991134644
73.25881552696228,0.2306608408689499,0.7693391442298889
73.25882816314697,0.23066170513629913,0.7693383097648621
73.27192115783691,0.2316158413887024,0.7683841586112976
73.28161692619324,0.23233279585838318,0.7676672339439392
73.28682804107666,0.23259958624839783,0.7674004435539246
73.28781604766846,0.2326451689004898,0.7673548460006714
73.2918176651001,0.23282994329929352,0.7671700716018677
73.30092287063599,0.23325717449188232,0.7667428255081177
73.30384755134583,0.2333994209766388,0.7666006088256836
73.31482815742493,0.2341018170118332,0.7658981680870056
73.32981610298157,0.2350923717021942,0.7649075984954834
73.33592295646667,0.23550032079219818,0.7644996643066406
73.35781598091125,0.23717552423477173,0.762824535369873
73.35782718658447,0.23717644810676575,0.7628235816955566
73.37092280387878,0.23822429776191711,0.7617756724357605
73.38482713699341,0.23934799432754517,0.7606520056724548
73.38781666755676,0.23959194123744965,0.7604080438613892
73.39812207221985,0.24041812121868134,0.7595818638801575
73.40092587471008,0.24063736200332642,0.7593626379966736
73.41357231140137,0.18779198825359344,0.8122079372406006
73.41968607902527,0.2117326855659485,0.7882673740386963
73.41982746124268,0.211734801530838,0.7882652282714844
73.42881679534912,0.2118672877550125,0.7881327271461487
73.43592572212219,0.21197061240673065,0.7880293726921082
73.44430732727051,0.37270382046699524,0.6272962093353271
73.45482516288757,0.18708156049251556,0.812918484210968
73.45781707763672,0.18726719915866852,0.8127328157424927
73.47092580795288,0.18807964026927948,0.8119204044342041
73.4734001159668,0.18823422491550446,0.8117657899856567
73.48225975036621,0.18879234790802002,0.8112077116966248
73.48875951766968,0.13859619200229645,0.8614038228988647
73.48982501029968,0.16116195917129517,0.8388380408287048
73.49192833900452,0.16117648780345917,0.8388235569000244
73.49881720542908,0.1612241119146347,0.8387759327888489
73.49951267242432,0.16122499108314514,0.8387750387191772
73.51161456108093,0.16946452856063843,0.8305354118347168
73.52116894721985,0.1651662439107895,0.8348337411880493
73.52482485771179,0.13715295493602753,0.862847089767456
73.52881717681885,0.13692180812358856,0.8630781769752502
73.53025913238525,0.13683806359767914,0.8631619215011597
73.53392815589905,0.1366243064403534,0.8633756637573242
73.54582285881042,0.1359250247478485,0.8640750050544739
73.55781745910645,0.1352209746837616,0.864778995513916
73.56063652038574,0.32126328349113464,0.6787367463111877
73.56192827224731,0.18854790925979614,0.8114521503448486
73.57348084449768,0.18852613866329193,0.8114737868309021
73.58264350891113,0.18850664794445038,0.8114933371543884
73.5878176689148,0.18849468231201172,0.8115053772926331
73.58882284164429,0.1884923279285431,0.8115076422691345
73.59172010421753,0.21516290307044983,0.7848370671272278
73.60100650787354,0.20419614017009735,0.7958038449287415
73.6049313545227,0.2041662335395813,0.7958337664604187
73.60788011550903,0.20414340496063232,0.7958565950393677
73.61682295799255,0.2040763944387436,0.7959235906600952
73.6278178691864,0.2040093094110489,0.7959907054901123
73.6309654712677,0.1920662522315979,0.8079337477684021
73.63193130493164,0.21852825582027435,0.7814717292785645
73.63301753997803,0.21849147975444794,0.7815085649490356
73.64412188529968,0.21811002492904663,0.7818899750709534
73.65313959121704,0.21780546009540558,0.7821945548057556
73.65770435333252,0.21771912276744843,0.7822808623313904
73.65982055664062,0.21761970221996307,0.7823802828788757
73.66193127632141,0.21752005815505981,0.782480001449585
73.66281723976135,0.21747812628746033,0.7825219035148621
73.67256498336792,0.21701136231422424,0.7829886078834534
73.6883819103241,0.21623365581035614,0.7837663292884827
73.68882060050964,0.21621178090572357,0.7837882041931152
73.69751787185669,0.21577291190624237,0.7842270731925964
73.69882106781006,0.2157064974308014,0.7842934727668762
73.70493054389954,0.2153928428888321,0.7846071720123291
73.70992398262024,0.36759886145591736,0.632401168346405
73.71502923965454,0.37793976068496704,0.622060239315033
73.71682047843933,0.30852609872817993,0.6914739012718201
73.71882104873657,0.3085820972919464,0.691417932510376
73.72639298439026,0.3087936043739319,0.6912063956260681
73.73189616203308,0.47719427943229675,0.5228057503700256
73.74193048477173,0.34483152627944946,0.6551684737205505
73.7445638179779,0.3449448049068451,0.6550552248954773
73.75993061065674,0.34560683369636536,0.6543931365013123
73.76081776618958,0.3456450402736664,0.6543549299240112
73.7608208656311,0.3456452190876007,0.6543548107147217
73.76904726028442,0.34599995613098145,0.6540000438690186
73.77535557746887,0.34627214074134827,0.6537278890609741
73.78464937210083,0.34667304158210754,0.6533269286155701
73.78681778907776,0.3467666208744049,0.6532333493232727
73.78882145881653,0.34685298800468445,0.6531470417976379
73.79495024681091,0.3471268117427826,0.6528732180595398
73.80493378639221,0.34758514165878296,0.652414858341217
73.80697107315063,0.3476787507534027,0.6523212790489197
73.81682133674622,0.3481992781162262,0.6518006920814514
73.8244080543518,0.3487034738063812,0.6512964963912964
73.8248176574707,0.34873083233833313,0.6512691378593445
73.82702040672302,0.3488776981830597,0.6511223316192627
73.83193397521973,0.3492060601711273,0.6507939696311951
73.85355305671692,0.35066255927085876,0.6493374705314636
73.8578143119812,0.35095179080963135,0.6490482091903687
73.85982131958008,0.3510882556438446,0.6489117741584778
73.86616945266724,0.35152098536491394,0.6484790444374084
73.86993384361267,0.3517782986164093,0.6482217311859131
73.87320446968079,0.4978164732456207,0.5021834969520569
73.88581466674805,0.4057694673538208,0.5942305326461792
73.88882184028625,0.4061541259288788,0.5938459038734436
73.89307498931885,0.48536863923072815,0.5146313905715942
73.90179085731506,0.44497689604759216,0.5550231337547302
73.90293622016907,0.4452055096626282,0.5547945499420166
73.9049801826477,0.44561418890953064,0.5543858408927917
73.91782188415527,0.44820478558540344,0.551795244216919
73.9250807762146,0.44968682527542114,0.5503131747245789
73.9283881187439,0.4503662586212158,0.5496337413787842
73.92881464958191,0.45045408606529236,0.54954594373703
73.93093609809875,0.4509279131889343,0.5490721464157104
73.94073557853699,0.4531971514225006,0.5468028783798218
73.94954466819763,0.33768150210380554,0.6623184680938721
73.9608142375946,0.32274091243743896,0.677259087562561
73.96082186698914,0.32274049520492554,0.6772595047950745
73.9669361114502,0.3223581314086914,0.6776418685913086
73.97224354743958,0.3220238983631134,0.677976131439209
73.98681426048279,0.3210943639278412,0.6789056658744812
73.98782324790955,0.3210293650627136,0.6789706945419312
73.98866486549377,0.32097509503364563,0.6790249347686768
74.0009377002716,0.3201769292354584,0.6798230409622192
74.00547075271606,0.3198789358139038,0.6801210641860962
74.01567053794861,0.3192023038864136,0.6807976961135864
74.02481436729431,0.3185884356498718,0.6814115643501282
74.02701020240784,0.31843993067741394,0.6815600991249084
74.03026580810547,0.31821906566619873,0.6817809343338013
74.03182339668274,0.3181130588054657,0.6818869709968567
74.0359377861023,0.3178321123123169,0.6821678876876831
74.0421302318573,0.33694222569465637,0.663057804107666
74.04581618309021,0.29279252886772156,0.7072075009346008
74.059823513031,0.29119953513145447,0.7088004946708679
74.05990386009216,0.29119423031806946,0.7088057398796082
74.06640553474426,0.29077184200286865,0.7092282176017761
74.07093787193298,0.2904757261276245,0.7095242738723755
74.07699370384216,0.4457128942012787,0.5542870759963989
74.08118534088135,0.3582874834537506,0.641712486743927
74.08881616592407,0.3583371341228485,0.6416628360748291
74.0898208618164,0.3583461344242096,0.6416538953781128
74.09194087982178,0.35836511850357056,0.6416349411010742
74.09379816055298,0.3583816587924957,0.6416183114051819
74.10428786277771,0.35847413539886475,0.64152592420578
74.11681604385376,0.35858219861984253,0.6414178013801575
74.12180185317993,0.3586243987083435,0.6413756012916565
74.12900304794312,0.3841330111026764,0.6158669590950012
74.12982106208801,0.3641583323478699,0.6358416676521301
74.13556337356567,0.3640001118183136,0.6359999179840088
74.13594079017639,0.36398962140083313,0.6360104084014893
74.15683007240295,0.5011836886405945,0.4988163113594055
74.16081714630127,0.44489821791648865,0.5551018118858337
74.16082119941711,0.4448986053466797,0.5551013946533203
74.16294074058533,0.4450734853744507,0.5549265146255493
74.17410564422607,0.4460775852203369,0.5539224147796631
74.18681716918945,0.44732242822647095,0.552677571773529
74.18720936775208,0.4473609924316406,0.5526390671730042
74.18782019615173,0.4474211633205414,0.552578866481781
74.1919424533844,0.44781896471977234,0.55218106508255
74.19424557685852,0.40793418884277344,0.5920658111572266
74.19901061058044,0.4356009066104889,0.5643990635871887
74.20884799957275,0.46597281098365784,0.5340272188186646
74.22481727600098,0.42898136377334595,0.5710186958312988
74.22482013702393,0.4289815127849579,0.5710185170173645
74.2251296043396,0.46034711599349976,0.5396528840065002
74.24094223976135,0.4198875427246094,0.5801124572753906
74.24285125732422,0.4199292063713074,0.5800707936286926
74.25107502937317,0.5009571313858032,0.4990428686141968
74.25981450080872,0.43973129987716675,0.5602687001228333
74.25982022285461,0.4397316873073578,0.5602683424949646
74.26001524925232,0.4397406280040741,0.5602594017982483
74.26294231414795,0.43987467885017395,0.5601253509521484
74.26374387741089,0.4399113059043884,0.5600887537002563
74.27617597579956,0.4524610638618469,0.5475389361381531
74.28853273391724,0.4158228039741516,0.5841771960258484
74.28881454467773,0.4158256947994232,0.5841743350028992
74.28881788253784,0.4158256947994232,0.5841743350028992
74.29716634750366,0.4159080982208252,0.5840919613838196
74.30394744873047,0.4159851372241974,0.584014892578125
74.31448745727539,0.38504964113235474,0.6149503588676453
74.316814661026,0.3890373408794403,0.6109626889228821
74.323650598526,0.3888269364833832,0.6111730933189392
74.32981777191162,0.38863274455070496,0.6113672852516174
74.33194732666016,0.388564795255661,0.6114352345466614
74.3337197303772,0.38850778341293335,0.6114922165870667
74.34268546104431,0.3882099390029907,0.6117900609970093
74.34889602661133,0.3879852890968323,0.6120147109031677
74.35881781578064,0.38766029477119446,0.6123396754264832
74.35994720458984,0.3876263201236725,0.6123737096786499
74.36081147193909,0.3876003623008728,0.6123996376991272
74.36180686950684,0.38757020235061646,0.6124297976493835
74.38033604621887,0.3869919180870056,0.6130080819129944
74.38681125640869,0.38678157329559326,0.6132184267044067
74.39381647109985,0.38654929399490356,0.6134507060050964
74.39384651184082,0.38654834032058716,0.6134516596794128
74.4019467830658,0.3862732946872711,0.6137266755104065
74.41051816940308,0.10152827203273773,0.8984717130661011
74.42130279541016,0.2006598263978958,0.7993401885032654
74.4248116016388,0.1398560106754303,0.8601440191268921
74.42604565620422,0.13987205922603607,0.8601279854774475
74.42881655693054,0.13990803062915802,0.8600919842720032
74.43094658851624,0.13993580639362335,0.8600642085075378
74.43699240684509,0.3089658319950104,0.6910341382026672
74.4448082447052,0.1472747027873993,0.8527252674102783
74.45881652832031,0.1476532518863678,0.8523467779159546
74.45994663238525,0.14766091108322144,0.8523390889167786
74.46451473236084,0.14769792556762695,0.8523020148277283
74.47300386428833,0.1478324681520462,0.852167546749115
74.48206734657288,0.14797620475292206,0.8520237803459167
74.48780822753906,0.14806720614433289,0.8519327640533447
74.49141192436218,0.14812436699867249,0.8518756628036499
74.49381685256958,0.14816249907016754,0.8518375158309937
74.50021433830261,0.1482638120651245,0.8517361879348755
74.501944065094,0.14829124510288239,0.8517087697982788
74.51009058952332,0.14842021465301514,0.8515797257423401
74.51937294006348,0.14858520030975342,0.8514147996902466
74.5287537574768,0.14880302548408508,0.8511970043182373
74.52880811691284,0.14880424737930298,0.851195752620697
74.52981686592102,0.14882774651050568,0.8511722683906555
74.53194451332092,0.1488773375749588,0.8511226773262024
74.54371452331543,0.14915750920772552,0.8508425354957581
74.55373954772949,0.14947378635406494,0.8505262136459351
74.55680727958679,0.14957304298877716,0.850426971912384
74.56081700325012,0.149703249335289,0.8502967953681946
74.5610933303833,0.19676944613456726,0.8032305836677551
74.57194447517395,0.17153359949588776,0.8284664154052734
74.57517552375793,0.2888551354408264,0.7111448645591736
74.5783007144928,0.20710504055023193,0.7928949594497681
74.58480715751648,0.2075684517621994,0.7924315333366394
74.58881711959839,0.207856222987175,0.792143702507019
74.5896680355072,0.20791755616664886,0.7920823693275452
74.5981137752533,0.208529993891716,0.7914700508117676
74.59994602203369,0.20866386592388153,0.7913360595703125
74.61620688438416,0.20989051461219788,0.7901094555854797
74.61881184577942,0.21009208261966705,0.7899079322814941
74.61980724334717,0.21016927063465118,0.78983074426651
74.62512636184692,0.21058371663093567,0.7894163131713867
74.63103318214417,0.15683159232139587,0.8431684374809265
74.63794589042664,0.16667911410331726,0.8333208560943604
74.64768958091736,0.1665240377187729,0.8334759473800659
74.65617036819458,0.16638679802417755,0.8336132168769836
74.65680408477783,0.1663765013217926,0.8336235284805298
74.66081190109253,0.16631078720092773,0.833689272403717
74.66394591331482,0.16625908017158508,0.8337408900260925
74.67302417755127,0.1661076545715332,0.8338924050331116
74.68445706367493,0.16572676599025726,0.8342732191085815
74.68580412864685,0.1656828075647354,0.8343172073364258
74.69294905662537,0.16544775664806366,0.8345522284507751
74.6963050365448,0.16533634066581726,0.8346636295318604
74.69881653785706,0.1652524769306183,0.8347475528717041
74.7022066116333,0.16513869166374207,0.8348613381385803
74.7145414352417,0.16624508798122406,0.8337548971176147
74.71981644630432,0.1547098159790039,0.8452901840209961
74.72520637512207,0.15445834398269653,0.8455416560173035
74.72880411148071,0.15423573553562164,0.8457642793655396
74.73494863510132,0.15387991070747375,0.8461201190948486
74.74357891082764,0.15345267951488495,0.8465473055839539
74.75550699234009,0.1528753936290741,0.8471245765686035
74.75680303573608,0.15281200408935547,0.8471879959106445
74.75793075561523,0.32852545380592346,0.6714745759963989
74.76281666755676,0.15405789017677307,0.8459421396255493
74.76294875144958,0.15406154096126556,0.8459384441375732
74.77307415008545,0.15434090793132782,0.845659077167511
74.78320360183716,0.154629185795784,0.8453708291053772
74.78580284118652,0.15470808744430542,0.8452918529510498
74.79381585121155,0.1549520641565323,0.8450479507446289
74.80244731903076,0.155215784907341,0.8447842597961426
74.80695152282715,0.1553538292646408,0.8446462154388428
74.81341052055359,0.12874306738376617,0.871256947517395
74.81500220298767,0.1417342722415924,0.85826575756073
74.82080316543579,0.141742542386055,0.8582574725151062
74.82586193084717,0.30769458413124084,0.6923054456710815
74.82881569862366,0.13926056027412415,0.8607394695281982
74.834951877594,0.13937127590179443,0.8606287240982056
74.83799505233765,0.13942626118659973,0.8605737686157227
74.8498158454895,0.1396401822566986,0.8603598475456238
74.85679984092712,0.13976681232452393,0.8602331876754761
74.86055207252502,0.1398349106311798,0.8601651191711426
74.86960935592651,0.12180466949939728,0.8781953454017639
74.87095165252686,0.13592100143432617,0.8640790581703186
74.88402986526489,0.1358327865600586,0.8641672730445862
74.89129185676575,0.14525951445102692,0.8547405004501343
74.89179968833923,0.13233985006809235,0.8676601648330688
74.89281392097473,0.132318913936615,0.867681086063385
74.90037703514099,0.14168383181095123,0.85831618309021
74.90495467185974,0.1288183033466339,0.8711817264556885
74.90921545028687,0.1287393867969513,0.8712606430053711
74.91925930976868,0.30990996956825256,0.690090000629425
74.920814037323,0.1695757508277893,0.8304242491722107
74.92779970169067,0.16975319385528564,0.8302468061447144
74.92804622650146,0.16975942254066467,0.8302406072616577
74.93495464324951,0.16993477940559387,0.8300651907920837
74.94193625450134,0.17011184990406036,0.8298881649971008
74.94779872894287,0.17026041448116302,0.8297395706176758
74.9603340625763,0.17355729639530182,0.8264427185058594
74.96195459365845,0.16154873371124268,0.8384513258934021
74.96281385421753,0.16155830025672913,0.8384416699409485
74.97209215164185,0.16156020760536194,0.8384398221969604
74.97629380226135,0.1615101397037506,0.838489830493927
74.98979878425598,0.1614508330821991,0.8385491967201233
74.99064445495605,0.12963984906673431,0.8703601956367493
74.99281740188599,0.12371104955673218,0.8762889504432678
75.00010776519775,0.12331157177686691,0.8766884207725525
75.00395798683167,0.12309911102056503,0.8769009113311768
75.00881004333496,0.12282988429069519,0.8771701455116272
75.01779866218567,0.12232671678066254,0.8776732683181763
75.01803755760193,0.12231328338384628,0.8776867389678955
75.02081727981567,0.12216058373451233,0.8778393864631653
75.02857995033264,0.12174513936042786,0.8782548308372498
75.03195786476135,0.12156320363283157,0.8784367442131042
75.03915977478027,0.12117284536361694,0.8788271546363831
75.04579520225525,0.12081027776002884,0.879189670085907
75.04807591438293,0.12068504095077515,0.8793149590492249
75.0619580745697,0.1199156641960144,0.8800843358039856
75.06281733512878,0.11986763775348663,0.8801323771476746
75.07158350944519,0.11937511712312698,0.8806248903274536
75.08596014976501,0.04421805590391159,0.9557819962501526
75.08879518508911,0.060126762837171555,0.939873218536377
75.09015488624573,0.09220200777053833,0.9077979922294617
75.0908145904541,0.07886592298746109,0.9211341142654419
75.09096145629883,0.0788673609495163,0.9211326837539673
75.11379289627075,0.07914100587368011,0.9208589792251587
75.11579513549805,0.07916902005672455,0.9208309650421143
75.1169204711914,0.1878117322921753,0.8121882677078247
75.11981439590454,0.09001055359840393,0.9099894762039185
75.12699007987976,0.0901600569486618,0.9098399877548218
75.13396120071411,0.09030753374099731,0.9096924662590027
75.13644099235535,0.09036038815975189,0.9096395969390869
75.1474301815033,0.09059708565473557,0.9094029068946838
75.15488624572754,0.09075991809368134,0.9092400670051575
75.15779447555542,0.09082397818565369,0.9091759920120239
75.16196131706238,0.09091618657112122,0.9090838432312012
75.16381454467773,0.09095737338066101,0.9090425968170166
75.1642918586731,0.09096802026033401,0.9090319871902466
75.17480540275574,0.09120409190654755,0.9087958931922913
75.18679404258728,0.09147776663303375,0.9085222482681274
75.19081425666809,0.09157060086727142,0.9084294438362122
75.19315266609192,0.09162483364343643,0.9083752036094666
75.19338011741638,0.09163011610507965,0.9083698987960815
75.20396184921265,0.09187797456979752,0.9081220030784607
75.21579432487488,0.09215959161520004,0.9078404307365417
75.21581315994263,0.09216002374887466,0.9078399538993835
75.21981406211853,0.09225630015134811,0.9077436923980713
75.22831320762634,0.09246259927749634,0.9075374007225037
75.23766160011292,0.1174018606543541,0.8825981616973877
75.24096179008484,0.06869376450777054,0.9313062429428101
75.24560284614563,0.1087840124964714,0.891215980052948
75.25146389007568,0.09221524000167847,0.9077847599983215
75.25679135322571,0.09246717393398285,0.907532811164856
75.25883197784424,0.09256438165903091,0.9074355959892273
75.26096177101135,0.09266620874404907,0.9073338508605957
75.26181411743164,0.09270711243152618,0.907292902469635
75.27063608169556,0.09311971813440323,0.906880259513855
75.28579139709473,0.09362146258354187,0.9063785672187805
75.2865297794342,0.09364958852529526,0.9063504338264465
75.29081439971924,0.09381334483623505,0.9061866402626038
75.2986114025116,0.08113663643598557,0.9188634157180786
75.30296301841736,0.0874338448047638,0.9125661849975586
75.30388593673706,0.08745690435171127,0.9125431180000305
75.3188145160675,0.08783230930566788,0.9121677279472351
75.32466650009155,0.08798160403966904,0.9120184183120728
75.32779145240784,0.0880206748843193,0.9119793176651001
75.33096313476562,0.08805924654006958,0.9119407534599304
75.33925366401672,0.08815941214561462,0.9118406176567078
75.35164046287537,0.08837736397981644,0.9116226434707642
75.35579037666321,0.08845335990190506,0.9115466475486755
75.35984182357788,0.0885276347398758,0.9114723801612854
75.36081457138062,0.08854544907808304,0.9114545583724976
75.36096286773682,0.08854818344116211,0.9114518165588379
75.3742778301239,0.08879217505455017,0.9112077951431274
75.38326239585876,0.0889568030834198,0.9110432267189026
75.38881206512451,0.08904360234737396,0.9109564423561096
75.39179039001465,0.08908956497907639,0.910910427570343
75.3967547416687,0.09112873673439026,0.9088712930679321
75.40196299552917,0.08514800667762756,0.91485196352005
75.40262484550476,0.08514966070652008,0.9148503541946411
75.40547347068787,0.0851566269993782,0.9148433804512024
75.41652250289917,0.2795151174068451,0.7204848527908325
75.41981220245361,0.1074199229478836,0.8925800919532776
75.42679023742676,0.10764753818511963,0.8923524618148804
75.4333381652832,0.1078622043132782,0.8921377658843994
75.43696284294128,0.10798154771327972,0.8920184969902039
75.44409084320068,0.10821716487407684,0.8917828798294067
75.45678758621216,0.1086362674832344,0.8913637399673462
75.45695352554321,0.10864173620939255,0.8913582563400269
75.45981216430664,0.10873589664697647,0.8912640810012817
75.46496319770813,0.1089060977101326,0.891093909740448
75.47246146202087,0.10915498435497284,0.890845000743866
75.47479104995728,0.08820373564958572,0.9117962718009949
75.48677611351013,0.09646071493625641,0.9035392999649048
75.48978757858276,0.09645379334688187,0.9035462141036987
75.49480938911438,0.09647359699010849,0.9035264253616333
75.49557089805603,0.29345011711120605,0.706549882888794
75.50096559524536,0.1199113056063652,0.8800886273384094
75.51778745651245,0.1202724501490593,0.8797274827957153
75.5190794467926,0.12030038982629776,0.8796996474266052
75.52853894233704,0.12050515413284302,0.879494845867157
75.53080940246582,0.12055444717407227,0.8794455528259277
75.5332624912262,0.1022411435842514,0.8977589011192322
75.53796553611755,0.12125784903764725,0.8787421584129333
75.54859900474548,0.12135819345712662,0.8786418437957764
75.5560302734375,0.1299741119146347,0.8700259327888489
75.55880928039551,0.11511646211147308,0.8848835229873657
75.56078457832336,0.11511819064617157,0.8848817944526672
75.56697130203247,0.1285688877105713,0.8714311718940735
75.57096552848816,0.11103211343288422,0.8889679312705994
75.5744092464447,0.11101634800434113,0.8889836668968201
75.5800244808197,0.2946001887321472,0.7053998708724976
75.58878445625305,0.14577098190784454,0.8542289733886719
75.58880805969238,0.14577196538448334,0.8542280197143555
75.59296727180481,0.14593756198883057,0.8540624380111694
75.59317326545715,0.14594578742980957,0.8540541529655457
75.60770964622498,0.1465274840593338,0.8534725308418274
75.61678457260132,0.14689281582832336,0.8531071543693542
75.61749529838562,0.14651915431022644,0.853480875492096
75.62880825996399,0.13573233783245087,0.8642676472663879
75.63496685028076,0.13580480217933655,0.8641952276229858
75.6430332660675,0.13595163822174072,0.8640483617782593
75.66078186035156,0.13630680739879608,0.8636931777000427
75.66296720504761,0.13635031878948212,0.8636497259140015
75.66380834579468,0.1363670527935028,0.8636329174041748
75.68978190422058,0.13690277934074402,0.8630972504615784
75.69196891784668,0.13695749640464783,0.8630425333976746
75.69281101226807,0.13697858154773712,0.8630214333534241
75.71778178215027,0.13763415813446045,0.8623659014701843
75.73081088066101,0.13805198669433594,0.8619480133056641
75.73496890068054,0.13818858563899994,0.8618114590644836
75.75881099700928,0.13905394077301025,0.8609460592269897
75.76077938079834,0.1391260027885437,0.8608740568161011
75.7669689655304,0.13935334980487823,0.860646665096283
75.78777933120728,0.1401248574256897,0.8598751425743103
75.79281187057495,0.14031314849853516,0.8596869111061096
75.80097126960754,0.14061981439590454,0.8593802452087402
75.81577944755554,0.14118072390556335,0.8588192462921143
75.82781171798706,0.1416408270597458,0.8583592176437378
75.83146786689758,0.14178135991096497,0.8582186102867126
75.83597135543823,0.14195497334003448,0.8580450415611267
75.84473466873169,0.14229434728622437,0.8577056527137756
75.85777926445007,0.14332295954227448,0.8566770553588867
75.86217093467712,0.1436997503042221,0.8563002347946167
75.86281156539917,0.14375492930412292,0.8562451004981995
75.87197136878967,0.1445513516664505,0.8554486632347107
75.88777947425842,0.14595666527748108,0.8540433049201965
75.89181208610535,0.14632153511047363,0.8536784648895264
75.90097284317017,0.14716027677059174,0.8528397083282471
75.91577935218811,0.14854516088962555,0.8514548540115356
75.91981220245361,0.1489027589559555,0.8510972857475281
75.93597316741943,0.15034514665603638,0.8496548533439636
75.96077513694763,0.15288561582565308,0.8471143841743469
75.96181225776672,0.1530003547668457,0.8469996452331543
75.97097301483154,0.15402346849441528,0.8459765911102295
75.98677515983582,0.1554538756608963,0.8445461392402649
75.9898054599762,0.15572059154510498,0.844279408454895
75.99197435379028,0.15591226518154144,0.8440877199172974
76.01577520370483,0.15806302428245544,0.8419370055198669
76.01780533790588,0.15825049579143524,0.8417494893074036
76.03497433662415,0.16083179414272308,0.8391681909561157
76.04506087303162,0.16280250251293182,0.837197482585907
76.0567729473114,0.165152907371521,0.834847092628479
76.05980515480042,0.16577252745628357,0.8342275023460388
76.0611925125122,0.16605757176876068,0.8339424729347229
76.07097434997559,0.16809512674808502,0.8319048881530762
76.07695889472961,0.31918439269065857,0.6808156371116638
76.08577299118042,0.1794193536043167,0.8205806612968445
76.08780598640442,0.17963506281375885,0.8203649520874023
76.10097432136536,0.18129394948482513,0.8187060356140137
76.12077307701111,0.18386347591876984,0.8161365389823914
76.13280606269836,0.18546150624752045,0.8145385384559631
76.13597440719604,0.18604007363319397,0.8139599561691284
76.15577054023743,0.18974508345127106,0.8102549314498901
76.1598060131073,0.1905197650194168,0.8094802498817444
76.17297434806824,0.19309461116790771,0.8069053888320923
76.18980431556702,0.19532030820846558,0.8046796917915344
76.19177055358887,0.19535206258296967,0.8046479821205139
76.20197701454163,0.1955169290304184,0.8044830560684204
76.20590662956238,0.19558054208755493,0.8044194579124451
76.21977066993713,0.19580528140068054,0.8041946887969971
76.22980427742004,0.19596825540065765,0.8040317296981812
76.22997689247131,0.1959710568189621,0.8040289878845215
76.2567675113678,0.19831934571266174,0.8016806840896606
76.26080417633057,0.1988595873117447,0.8011404275894165
76.264976978302,0.19942238926887512,0.8005775809288025
76.28779578208923,0.2026040405035019,0.7973959445953369
76.28976726531982,0.20287545025348663,0.7971245646476746
76.30197930335999,0.20433461666107178,0.7956653833389282
76.32279586791992,0.20945994555950165,0.7905400395393372
76.323979139328,0.209787979722023,0.7902120351791382
76.32576751708984,0.21028552949428558,0.7897143959999084
76.35879588127136,0.2195357084274292,0.7804642915725708
76.36076664924622,0.22010113298892975,0.7798988819122314
76.37197947502136,0.2233683168888092,0.7766317129135132
76.3887665271759,0.22874632477760315,0.7712537050247192
76.3887951374054,0.22875578701496124,0.7712442278862
76.399986743927,0.23260094225406647,0.7673990726470947
76.41676640510559,0.2387785166501999,0.7612215280532837
76.42898654937744,0.2435462772846222,0.7564536929130554
76.42979502677917,0.24388152360916138,0.7561184763908386
76.4457631111145,0.2506442368030548,0.7493557929992676
76.45779490470886,0.255920946598053,0.744079053401947
76.46498656272888,0.25915104150772095,0.7408490180969238
76.48876285552979,0.27011018991470337,0.7298898696899414
76.49279403686523,0.2720845639705658,0.7279154658317566
76.50098848342896,0.27615830302238464,0.7238417267799377
76.5157630443573,0.28344252705574036,0.716557502746582
76.52879405021667,0.28953731060028076,0.7104626893997192
76.53498840332031,0.29314881563186646,0.7068512439727783
76.54771423339844,0.3003363609313965,0.6996636390686035
76.5577621459961,0.30608370900154114,0.6939162611961365
76.55879402160645,0.30668172240257263,0.693318247795105
76.56272554397583,0.30897361040115356,0.6910263895988464
76.56298851966858,0.30912765860557556,0.6908723711967468
76.5692572593689,0.31285762786865234,0.6871423721313477
76.57669305801392,0.31781747937202454,0.6821824908256531
76.58676218986511,0.32447880506515503,0.675521194934845
76.59279465675354,0.32727518677711487,0.6727248430252075
76.6059901714325,0.33254677057266235,0.6674532890319824
76.61576223373413,0.3365413546562195,0.6634586453437805
76.62179446220398,0.3390461802482605,0.6609538197517395
76.63299012184143,0.34377485513687134,0.6562252044677734
76.65675926208496,0.35660505294799805,0.643394947052002
76.66199016571045,0.3596307337284088,0.6403692960739136
76.66279458999634,0.3600989282131195,0.6399011015892029
76.67453098297119,0.3660784959793091,0.6339215040206909
76.68575930595398,0.3721427321434021,0.6278572678565979
76.68933391571045,0.3745500147342682,0.6254500150680542
76.69079303741455,0.3755311667919159,0.6244688034057617
76.7016110420227,0.38301393389701843,0.616986095905304
76.70299172401428,0.38406774401664734,0.6159322261810303
76.70835733413696,0.47415411472320557,0.5258459448814392
76.71979284286499,0.2616136372089386,0.7383863925933838
76.72075939178467,0.26132115721702576,0.7386788129806519
76.73099184036255,0.2583650052547455,0.7416350245475769
76.75575733184814,0.2501086890697479,0.7498912811279297
76.7617928981781,0.24644194543361664,0.7535580396652222
76.76699185371399,0.24329619109630585,0.756703794002533
76.79078936576843,0.22919003665447235,0.7708100080490112
76.79175734519958,0.22863048315048218,0.7713695168495178
76.80199480056763,0.22274212539196014,0.7772579193115234
76.81488394737244,0.21540848910808563,0.784591555595398
76.81878924369812,0.21320483088493347,0.7867951989173889
76.82668924331665,0.20877450704574585,0.7912255525588989
76.8267571926117,0.20873652398586273,0.7912634611129761
76.83099484443665,0.20637570321559906,0.7936242818832397
76.84220099449158,0.20018619298934937,0.7998138070106506
76.85675382614136,0.19239205121994019,0.8076080083847046
76.86178946495056,0.18982139229774475,0.8101786375045776
76.87199473381042,0.1852794736623764,0.8147205710411072
76.88879251480103,0.1781875193119049,0.8218125104904175
76.88975381851196,0.1777854710817337,0.8222145438194275
76.90099501609802,0.17337192595005035,0.8266280889511108
76.9187924861908,0.16723614931106567,0.8327639102935791
76.92775392532349,0.16421516239643097,0.8357848525047302
76.93599486351013,0.16151729226112366,0.8384827375411987
76.94755530357361,0.15773501992225647,0.8422650098800659
76.95575189590454,0.1549542397260666,0.8450457453727722
76.95979237556458,0.15359267592430115,0.8464073538780212
76.96778917312622,0.2398417443037033,0.7601582407951355
76.96981739997864,0.3898882567882538,0.6101117730140686
76.9709951877594,0.3906366527080536,0.6093633770942688
76.99175190925598,0.404820054769516,0.5951799750328064
76.99210333824158,0.40504223108291626,0.5949577689170837
76.99479126930237,0.4067458510398865,0.5932541489601135
77.00099444389343,0.41024255752563477,0.58975750207901
77.02675199508667,0.4248582124710083,0.5751417875289917
77.02979135513306,0.426851749420166,0.573148250579834
77.03599452972412,0.43151697516441345,0.5684829950332642
77.05674886703491,0.44960883259773254,0.5503911375999451
77.05979132652283,0.45274022221565247,0.5472597479820251
77.06499457359314,0.4578776955604553,0.5421223044395447
77.08974885940552,0.4848317801952362,0.5151681900024414
77.08979535102844,0.48488327860832214,0.5151167511940002
77.100994348526,0.4961952567100525,0.5038048028945923
77.12574911117554,0.517348051071167,0.4826519191265106
77.13179516792297,0.5214590430259705,0.4785410165786743
77.13599467277527,0.5241259336471558,0.47587406635284424
77.15979528427124,0.5384548306465149,0.4615451395511627
77.16074991226196,0.5389679670333862,0.46103206276893616
77.17199420928955,0.5439704060554504,0.45602959394454956
77.18879127502441,0.5511682033538818,0.44883179664611816
77.19174981117249,0.5524499416351318,0.44755008816719055
77.19199705123901,0.5525227189064026,0.447477251291275
77.21874976158142,0.5553466081619263,0.4446534216403961
77.21979117393494,0.5554547309875488,0.44454526901245117
77.24099707603455,0.5577037334442139,0.4422962963581085
77.24774813652039,0.5584338903427124,0.4415661096572876
77.25979113578796,0.5589087605476379,0.44109126925468445
77.26199698448181,0.5589067339897156,0.4410932958126068
77.28974795341492,0.558440089225769,0.44155991077423096
77.29099941253662,0.5584299564361572,0.4415700137615204
77.2947883605957,0.55840003490448,0.44159993529319763
77.31774806976318,0.5582420825958252,0.4417579472064972
77.32978844642639,0.558172881603241,0.44182708859443665
77.33299946784973,0.5581465363502502,0.44185343384742737
77.33686208724976,0.5581156611442566,0.4418843686580658
77.35495090484619,0.4858238995075226,0.5141761302947998
77.35878825187683,0.4628886878490448,0.5371113419532776
77.36074614524841,0.46532586216926575,0.5346741080284119
77.36099934577942,0.46564164757728577,0.5343583226203918
77.38874626159668,0.5010305643081665,0.49896949529647827
77.39478778839111,0.5089252591133118,0.491074800491333
77.40500116348267,0.5224059820175171,0.4775940179824829
77.41674613952637,0.5381262898445129,0.46187371015548706
77.4297878742218,0.5557861924171448,0.4442138075828552
77.43300127983093,0.5600618124008179,0.43993818759918213
77.44574332237244,0.577101469039917,0.4228985607624054
77.45978784561157,0.596001148223877,0.40399885177612305
77.46200132369995,0.5989872813224792,0.40101268887519836
77.46402597427368,0.601719856262207,0.39828014373779297
77.4765055179596,0.6185758113861084,0.3814241588115692
77.48511576652527,0.34701961278915405,0.652980387210846
77.48774337768555,0.4044713079929352,0.5955286622047424
77.49278712272644,0.4099290072917938,0.5900709629058838
77.50306797027588,0.4212423264980316,0.578757643699646
77.5040032863617,0.4222840666770935,0.5777159333229065
77.51172256469727,0.4309588074684143,0.5690411925315857
77.51674342155457,0.43667471408843994,0.5633253455162048
77.52308344841003,0.443973571062088,0.5560264587402344
77.52778697013855,0.4494459629058838,0.5505540370941162
77.52905344963074,0.37880581617355347,0.6211942434310913
77.53400325775146,0.43610018491744995,0.56389981508255
77.53702926635742,0.4394797384738922,0.5605202913284302
77.55974292755127,0.4654461443424225,0.5345538854598999
77.56278705596924,0.46899697184562683,0.5310030579566956
77.5700032711029,0.47748464345932007,0.5225153565406799
77.58774304389954,0.49895960092544556,0.5010403990745544
77.59878754615784,0.5127187371253967,0.4872812330722809
77.6060049533844,0.5218187570571899,0.47818124294281006
77.61674284934998,0.5354914665222168,0.4645085036754608
77.6267876625061,0.5484105944633484,0.4515893757343292
77.63300514221191,0.5564618706703186,0.44353818893432617
77.64774012565613,0.5756797790527344,0.424320250749588
77.66178750991821,0.593995213508606,0.4060048460960388
77.66200518608093,0.5942760705947876,0.4057239592075348
77.68874001502991,0.6288401484489441,0.3711598515510559
77.69078207015991,0.6314802765846252,0.36851972341537476
77.69100666046143,0.631770670413971,0.36822932958602905
77.71674013137817,0.6649017333984375,0.3350982367992401
77.7187819480896,0.6675418615341187,0.33245813846588135
77.73500657081604,0.6885531544685364,0.311446875333786
77.75973725318909,0.7202206254005432,0.2797794044017792
77.76078200340271,0.7215356826782227,0.27846431732177734
77.77000665664673,0.7330556511878967,0.26694434881210327
77.78773760795593,0.754062294960022,0.2459377497434616
77.78878092765808,0.7551742196083069,0.2448257952928543
77.79406809806824,0.6049467325210571,0.39505329728126526
77.80100679397583,0.6849632263183594,0.31503674387931824
77.80825185775757,0.6934624314308167,0.30653753876686096
77.81673765182495,0.7033482789993286,0.2966517508029938
77.82680058479309,0.7020029425621033,0.2979971170425415
77.82877969741821,0.6884036064147949,0.31159645318984985
77.83078098297119,0.651674747467041,0.348325252532959
77.83600687980652,0.657758891582489,0.3422411382198334
77.85602617263794,0.6800747513771057,0.3199252784252167
77.85973501205444,0.6840534806251526,0.315946489572525
77.85978102684021,0.6841028332710266,0.315897136926651
77.87200689315796,0.697188138961792,0.3028118312358856
77.88773488998413,0.7140131592750549,0.28598684072494507
77.88778018951416,0.7140612006187439,0.2859387695789337
77.89200806617737,0.7185412049293518,0.2814587652683258
77.91673493385315,0.7437208890914917,0.2562790811061859
77.92978024482727,0.7565140128135681,0.2434859722852707
77.94100832939148,0.7671663165092468,0.2328336536884308
77.95978021621704,0.7841932773590088,0.2158067673444748
77.9607322216034,0.7850434184074402,0.21495655179023743
77.96200847625732,0.7861809134483337,0.21381910145282745
77.98773217201233,0.808526337146759,0.19147364795207977
77.98878073692322,0.8094125986099243,0.1905873864889145
78.00401186943054,0.8220558762550354,0.1779441386461258
78.01673221588135,0.8322718739509583,0.16772812604904175
78.02878046035767,0.8416475653648376,0.15835240483283997
78.03201174736023,0.8441110849380493,0.15588891506195068
78.04572987556458,0.8543238639831543,0.1456761211156845
78.0600118637085,0.8645251989364624,0.1354748159646988
78.0607807636261,0.8650616407394409,0.13493835926055908
78.08678197860718,0.8825792074203491,0.11742084473371506
78.08772993087769,0.8831899762153625,0.11681005358695984
78.10401320457458,0.8933584094047546,0.10664162039756775
78.10491251945496,0.8939021229743958,0.10609786212444305
78.1167299747467,0.9008731245994568,0.09912680834531784
78.12878203392029,0.9076513648033142,0.0923486277461052
78.13210725784302,0.8714897036552429,0.12851031124591827
78.1400134563446,0.8919795155525208,0.10802052915096283
78.1577820777893,0.901900589466095,0.09809935092926025
78.16272926330566,0.9045391082763672,0.095460906624794
78.1700131893158,0.9082526564598083,0.09174734354019165
78.18872952461243,0.9173691868782043,0.08263085782527924
78.19278240203857,0.9192553758621216,0.08074461668729782
78.20401120185852,0.9243200421333313,0.0756799578666687
78.21836185455322,0.9304521083831787,0.06954788416624069
78.2257297039032,0.9334543347358704,0.06654565036296844
78.2287826538086,0.9346697926521301,0.06533025950193405
78.23224592208862,0.8917352557182312,0.1082647517323494
78.23301124572754,0.916644275188446,0.08335569500923157
78.23877811431885,0.9192460179328918,0.08075401932001114
78.25526666641235,0.9263581037521362,0.07364191114902496
78.25778245925903,0.9274020195007324,0.07259801030158997
78.26073360443115,0.9286123514175415,0.07138766348361969
78.26101112365723,0.9287253618240356,0.07127466052770615
78.28873372077942,0.9393160939216614,0.06068391725420952
78.29378724098206,0.941112220287323,0.058887794613838196
78.30301475524902,0.9442880153656006,0.05571192875504494
78.3167335987091,0.9487667083740234,0.05123335123062134
78.32878732681274,0.9524941444396973,0.04750583693385124
78.33101487159729,0.9531607031822205,0.04683932662010193
78.35666990280151,0.9602873921394348,0.039712585508823395
78.35778737068176,0.9605688452720642,0.03943117707967758
78.36173248291016,0.9615497589111328,0.03845028951764107
78.36201477050781,0.9616191983222961,0.038380809128284454
78.36586618423462,0.962556779384613,0.03744326904416084
78.38873267173767,0.9677554368972778,0.03224458917975426
78.39278531074524,0.9686132669448853,0.03138675168156624
78.40301632881165,0.9706972241401672,0.029302747920155525
78.41773247718811,0.9734967947006226,0.026503199711441994
78.42878532409668,0.9754525423049927,0.024547453969717026
78.43101644515991,0.9758325815200806,0.024167420342564583
78.45173335075378,0.9791232943534851,0.020876726135611534
78.4577853679657,0.9800079464912415,0.019992073997855186
78.46001625061035,0.9803260564804077,0.019673949107527733
78.48673343658447,0.9838191866874695,0.01618085987865925
78.49278664588928,0.9845334887504578,0.015466537326574326
78.5020182132721,0.9855715036392212,0.014428474009037018
78.52173352241516,0.9875913858413696,0.01240864209830761
78.52178645133972,0.9875965118408203,0.012403512373566628
78.54001808166504,0.9891876578330994,0.010812378488481045
78.5567307472229,0.9904616475105286,0.0095383794978261
78.55778646469116,0.9905375838279724,0.00946242269128561
78.56001806259155,0.9906964302062988,0.009303580969572067
78.58473062515259,0.992292582988739,0.007707439828664064
78.58778810501099,0.9924715757369995,0.007528467103838921
78.60201954841614,0.9932580590248108,0.0067419554106891155
78.61973071098328,0.9941365122795105,0.0058634900487959385
78.62278819084167,0.9942782521247864,0.005721754860132933
78.6300196647644,0.9946022629737854,0.0053977323696017265
78.63272786140442,0.47579434514045715,0.5242056846618652
78.65473365783691,0.9062796831130981,0.09372031688690186
78.65778803825378,0.907688558101654,0.09231138229370117
78.67301964759827,0.9145001173019409,0.08549989014863968
78.68978524208069,0.9214732646942139,0.07852675020694733
78.69073367118835,0.9218413829803467,0.07815862447023392
78.70102143287659,0.9257570505142212,0.0742429718375206
78.71773386001587,0.9318179488182068,0.0681820809841156
78.71778535842896,0.9318360686302185,0.06816398352384567
78.73702144622803,0.9382449388504028,0.06175508722662926
78.74141907691956,0.5402857661247253,0.45971420407295227
78.74573111534119,0.3503414988517761,0.6496585011482239
78.74916172027588,0.35038331151008606,0.6496166586875916
78.75057888031006,0.35039928555488586,0.6496006846427917
78.76178526878357,0.35049840807914734,0.649501621723175
78.76506853103638,0.35051819682121277,0.6494817733764648
78.77002143859863,0.3505401313304901,0.6494598984718323
78.77612590789795,0.350553959608078,0.6494460701942444
78.78684616088867,0.3505527675151825,0.6494472026824951
78.7877311706543,0.3505505621433258,0.6494494080543518
78.7887876033783,0.3505476117134094,0.6494523882865906
78.7971420288086,0.35050779581069946,0.6494922637939453
78.801020860672,0.3504796028137207,0.6495203971862793
78.8118109703064,0.3503813147544861,0.6496186852455139
78.81573104858398,0.3503561019897461,0.6496439576148987
78.81778764724731,0.3503403067588806,0.6496597528457642
78.82268118858337,0.35029563307762146,0.6497043967247009
78.83200025558472,0.35018280148506165,0.6498172283172607
78.84002089500427,0.35005614161491394,0.6499438881874084
78.84947061538696,0.3496268391609192,0.6503731608390808
78.8577332496643,0.34892991185188293,0.6510700583457947
78.8587875366211,0.3488384783267975,0.6511615514755249
78.86102104187012,0.34864285588264465,0.651357114315033
78.87355518341064,0.5392834544181824,0.4607165455818176
78.87373471260071,0.43665647506713867,0.5633435249328613
78.88573336601257,0.4365289509296417,0.5634710192680359
78.88778519630432,0.43650051951408386,0.5634995102882385
78.88882946968079,0.5276091694831848,0.4723908007144928
78.8957290649414,0.47901758551597595,0.5209824442863464
78.90245246887207,0.4789389371871948,0.5210610628128052
78.90402007102966,0.4789230525493622,0.5210769176483154
78.91473340988159,0.47880059480667114,0.5211994647979736
78.92265796661377,0.47877559065818787,0.5212243795394897
78.92978525161743,0.47873368859291077,0.5212662816047668
78.93209981918335,0.47871503233909607,0.5212849974632263
78.93302011489868,0.47871214151382446,0.5212878584861755
78.94788980484009,0.47876331210136414,0.5212366580963135
78.95284247398376,0.27778828144073486,0.7222117781639099
78.95673298835754,0.455191969871521,0.544808030128479
78.9577853679657,0.4551367163658142,0.5448632836341858
78.96170926094055,0.4549255669116974,0.545074462890625
78.9717869758606,0.45440152287483215,0.5455985069274902
78.97302007675171,0.45434415340423584,0.5456558465957642
78.98533892631531,0.45372751355171204,0.5462724566459656
78.98573303222656,0.4537065029144287,0.5462934970855713
78.987783908844,0.45359566807746887,0.5464043617248535
78.99913382530212,0.4527822434902191,0.5472177267074585
79.00402307510376,0.45221391320228577,0.5477861166000366
79.01764988899231,0.45055079460144043,0.5494492053985596
79.01973295211792,0.45028647780418396,0.5497135519981384
79.0297839641571,0.4490109384059906,0.550989031791687
79.03202295303345,0.44872379302978516,0.5512762069702148
79.05778408050537,0.4451954960823059,0.5548045635223389
79.06173706054688,0.44458842277526855,0.5554115772247314
79.07002305984497,0.443280965089798,0.5567190051078796
79.08973693847656,0.4399903416633606,0.5600096583366394
79.09278559684753,0.4394586384296417,0.5605413913726807
79.09373879432678,0.43929117918014526,0.5607088208198547
79.10202765464783,0.43780896067619324,0.5621910095214844
79.10353064537048,0.24378176033496857,0.7562182545661926
79.1122088432312,0.359588623046875,0.640411376953125
79.11773705482483,0.3598276972770691,0.6401723027229309
79.12290239334106,0.3600434362888336,0.6399565935134888
79.12778544425964,0.3602405786514282,0.6397594809532166
79.13002753257751,0.36032894253730774,0.6396710872650146
79.13462090492249,0.6062105894088745,0.3937893807888031
79.14211678504944,0.40825751423835754,0.5917425155639648
79.15716576576233,0.40959519147872925,0.5904048085212708
79.1627368927002,0.40979403257369995,0.5902059674263
79.16278553009033,0.40979546308517456,0.5902045369148254
79.16602754592896,0.40988823771476746,0.5901117920875549
79.16919231414795,0.4099760949611664,0.5900238752365112
79.1887366771698,0.4104589819908142,0.5895410776138306
79.19076466560364,0.4105031192302704,0.589496910572052
79.19778847694397,0.41064712405204773,0.5893528461456299
79.20048260688782,0.2278568595647812,0.7721431255340576
79.20102953910828,0.36445969343185425,0.6355403065681458
79.207998752594,0.3649298846721649,0.6350701451301575
79.21773672103882,0.36609306931495667,0.6339069604873657
79.21864295005798,0.5972769260406494,0.402723103761673
79.21878838539124,0.40650704503059387,0.5934929251670837
79.2300295829773,0.4076468348503113,0.5923532247543335
79.23533463478088,0.40811434388160706,0.5918856263160706
79.24902606010437,0.4093095362186432,0.5906904339790344
79.25496172904968,0.1839321404695511,0.8160678744316101
79.25873970985413,0.23623844981193542,0.763761579990387
79.26078844070435,0.2361893355846405,0.7638106942176819
79.26580476760864,0.2360682636499405,0.7639317512512207
79.27102971076965,0.23594099283218384,0.7640590071678162
79.28193020820618,0.21157722175121307,0.7884227633476257
79.28463768959045,0.2032051384449005,0.7967948317527771
79.2887396812439,0.1661907285451889,0.8338092565536499
79.28878903388977,0.1661851853132248,0.833814799785614
79.30503177642822,0.16435401141643524,0.8356459736824036
79.30794787406921,0.28989630937576294,0.7101036906242371
79.30876564979553,0.1603151261806488,0.8396848440170288
79.31673955917358,0.15963740646839142,0.8403626084327698
79.32223582267761,0.15916778147220612,0.8408322334289551
79.32275462150574,0.15912339091300964,0.8408766388893127
79.3307888507843,0.15843312442302704,0.8415668606758118
79.33452987670898,0.1691577136516571,0.8308423161506653
79.33984661102295,0.15554046630859375,0.844459593296051
79.34203171730042,0.15534332394599915,0.8446567058563232
79.34573745727539,0.15500834584236145,0.8449916243553162
79.35253572463989,0.1543913185596466,0.8456087112426758
79.35878920555115,0.15382100641727448,0.8461790084838867
79.36203169822693,0.153524249792099,0.8464757800102234
79.36894345283508,0.1346050202846527,0.8653950095176697
79.37742638587952,0.14281195402145386,0.8571881055831909
79.3877375125885,0.14176172018051147,0.8582382798194885
79.3877899646759,0.1417563259601593,0.8582436442375183
79.38827085494995,0.14170724153518677,0.8582927584648132
79.40004777908325,0.14049974083900452,0.8595002293586731
79.40403389930725,0.14008928835391998,0.8599107265472412
79.4101779460907,0.1394548863172531,0.8605450987815857
79.41773724555969,0.13867157697677612,0.8613284230232239
79.42979001998901,0.13741640746593475,0.862583577632904
79.4314329624176,0.13724473118782043,0.8627552390098572
79.44003391265869,0.13634391129016876,0.8636561036109924
79.44628262519836,0.13590101897716522,0.8640989661216736
79.44673347473145,0.13587188720703125,0.8641281127929688
79.45922660827637,0.13506324589252472,0.8649367690086365
79.45978999137878,0.1350267231464386,0.8649733066558838
79.4600338935852,0.13501092791557312,0.8649891018867493
79.47248387336731,0.19514401257038116,0.80485600233078
79.47733044624329,0.21707944571971893,0.7829205989837646
79.4822301864624,0.1662178635597229,0.8337821364402771
79.48879098892212,0.165701761841774,0.8342982530593872
79.49073314666748,0.1655484288930893,0.8344515562057495
79.49367833137512,0.29178303480148315,0.7082169651985168
79.50303602218628,0.1654573529958725,0.8345426321029663
79.50429725646973,0.16536885499954224,0.8346311450004578
79.5136501789093,0.16471007466316223,0.8352899551391602
79.51773285865784,0.16442100703716278,0.835578978061676
79.51879096031189,0.16434594988822937,0.835654079914093
79.52752685546875,0.16372378170490265,0.8362762331962585
79.52903604507446,0.1636158972978592,0.836384117603302
79.5434501171112,0.16299809515476227,0.8370019197463989
79.55324387550354,0.16260966658592224,0.8373903632164001
79.55979084968567,0.16234979033470154,0.8376502394676208
79.56173276901245,0.1622726321220398,0.8377273678779602
79.56461572647095,0.1621580868959427,0.8378419280052185
79.57203602790833,0.1618632674217224,0.8381367325782776
79.58061027526855,0.1615222990512848,0.8384776711463928
79.58625817298889,0.16129758954048157,0.8387024402618408
79.58779120445251,0.16123658418655396,0.838763415813446
79.58973264694214,0.16115927696228027,0.8388407230377197
79.59454417228699,0.16096772253513336,0.8390322923660278
79.60103797912598,0.16070905327796936,0.8392909169197083
79.61122727394104,0.1603262722492218,0.8396737575531006
79.6167950630188,0.2568286657333374,0.7431713342666626
79.62573266029358,0.20267128944396973,0.797328770160675
79.62979125976562,0.20253108441829681,0.797468900680542
79.630038022995,0.20252254605293274,0.7974774837493896
79.63768863677979,0.26913967728614807,0.7308603525161743
79.64231324195862,0.20226462185382843,0.7977353930473328
79.64573645591736,0.20219531655311584,0.7978047132492065
79.65672183036804,0.20213626325130463,0.797863781452179
79.65979146957397,0.2021217942237854,0.7978782057762146
79.66617202758789,0.20223888754844666,0.797761082649231
79.67003798484802,0.2024259865283966,0.797573983669281
79.67511987686157,0.2026754915714264,0.797324538230896
79.68621182441711,0.20323440432548523,0.7967656254768372
79.6887366771698,0.20336435735225677,0.796635627746582
79.69203901290894,0.20353589951992035,0.7964640855789185
79.69379186630249,0.20362776517868042,0.7963722944259644
79.70494174957275,0.17832909524440765,0.8216708898544312
79.71191501617432,0.1802450567483902,0.819754958152771
79.71573686599731,0.18011292815208435,0.8198870420455933
79.72353506088257,0.17984214425086975,0.8201578855514526
79.72879195213318,0.17965875566005707,0.8203412890434265
79.7420392036438,0.1792100965976715,0.8207899332046509
79.74332594871521,0.17916731536388397,0.8208326697349548
79.75773644447327,0.17868605256080627,0.8213139176368713
79.76366639137268,0.1784868836402893,0.8215131163597107
79.76379203796387,0.17848265171051025,0.8215173482894897
79.77003884315491,0.17831797897815704,0.8216820359230042
79.7744152545929,0.17821988463401794,0.8217801451683044
79.78488326072693,0.17799952626228333,0.8220005035400391
79.78673648834229,0.17798225581645966,0.8220177292823792
79.7910406589508,0.17794258892536163,0.8220574259757996
79.79179120063782,0.17793574929237366,0.822064220905304
79.79695105552673,0.16883036494255066,0.8311696648597717
79.80486130714417,0.17044121026992798,0.829558789730072
79.81473660469055,0.17001798748970032,0.8299820423126221
79.8181357383728,0.169925257563591,0.8300747871398926
79.82608914375305,0.38625773787498474,0.6137422919273376
79.82779145240784,0.25651973485946655,0.7434803247451782
79.83600306510925,0.25695887207984924,0.7430410981178284
79.84004044532776,0.2571756839752197,0.7428243160247803
79.84325814247131,0.2573520541191101,0.7426479458808899
79.85455965995789,0.2578154504299164,0.742184579372406
79.85773277282715,0.2579245865345001,0.7420754432678223
79.86104035377502,0.2580382525920868,0.7419617176055908
79.86179113388062,0.2580641210079193,0.7419359087944031
79.8639726638794,0.25813910365104675,0.7418608665466309
79.87104105949402,0.2316662073135376,0.7683338522911072
79.87799143791199,0.25180429220199585,0.7481957077980042
79.88473272323608,0.25189706683158875,0.7481029033660889
79.88978981971741,0.2519652247428894,0.7480347752571106
79.88991332054138,0.41416236758232117,0.5858376622200012
79.891042470932,0.28741616010665894,0.7125838994979858
79.8987512588501,0.2878626585006714,0.7121373414993286
79.90991544723511,0.2885415852069855,0.7114583849906921
79.91675686836243,0.2172703593969345,0.7827296257019043
79.91778993606567,0.24291901290416718,0.7570809721946716
79.92073273658752,0.24275444447994232,0.7572455406188965
79.93404245376587,0.24199774861335754,0.7580022811889648
79.94039034843445,0.25187811255455017,0.7481219172477722
79.94360303878784,0.2070220708847046,0.7929779887199402
79.95572996139526,0.205608069896698,0.794391930103302
79.95879292488098,0.24022044241428375,0.7597795724868774
79.95978999137878,0.19271644949913025,0.8072835803031921
79.96604251861572,0.19188916683197021,0.8081108331680298
79.96882128715515,0.1915198564529419,0.8084801435470581
79.98704147338867,0.3159204423427582,0.6840795874595642
79.98878931999207,0.24104054272174835,0.7589594721794128
79.99072980880737,0.24085761606693268,0.7591423988342285
79.99204421043396,0.2407335340976715,0.7592664361000061
79.99573063850403,0.24038419127464294,0.7596157789230347
80.00448846817017,0.23954813182353973,0.7604518532752991
80.02378940582275,0.23767422139644623,0.7623258233070374
80.02572989463806,0.23748336732387543,0.7625166177749634
80.02644848823547,0.262078195810318,0.7379218339920044
80.03404426574707,0.23493032157421112,0.7650696635246277
80.0357437133789,0.23475554585456848,0.7652444839477539
80.04513216018677,0.23378337919712067,0.7662166357040405
80.04673290252686,0.23361650109291077,0.7663834691047668
80.05583477020264,0.22253897786140442,0.777461051940918
80.0597894191742,0.22651360929012299,0.7734864354133606
80.07104420661926,0.2252190113067627,0.7747809886932373
80.07544231414795,0.22470851242542267,0.7752915024757385
80.08531713485718,0.22355274856090546,0.7764472365379333
80.08778953552246,0.22326134145259857,0.7767386436462402
80.08973288536072,0.22303169965744019,0.7769683003425598
80.09768605232239,0.22208666801452637,0.7779133319854736
80.1040461063385,0.22132495045661926,0.7786750793457031
80.11014986038208,0.2205887883901596,0.7794111967086792
80.11673307418823,0.21978947520256042,0.7802104949951172
80.12140107154846,0.21921919286251068,0.7807808518409729
80.13068342208862,0.21807681024074554,0.7819231748580933
80.13178968429565,0.2179398536682129,0.7820601463317871
80.13404607772827,0.21772535145282745,0.7822746634483337
80.14416456222534,0.21688850224018097,0.7831115126609802
80.15873694419861,0.21567095816135406,0.7843290567398071
80.15978956222534,0.2155824601650238,0.7844175100326538
80.16057896614075,0.07403602451086044,0.9259639978408813
80.1634771823883,0.1157396212220192,0.8842604160308838
80.17004609107971,0.08312109112739563,0.9168789386749268
80.18295097351074,0.08275268971920013,0.9172472953796387
80.18673706054688,0.08264413475990295,0.9173558950424194
80.18978667259216,0.08255654573440552,0.9174435138702393
80.19937658309937,0.19108155369758606,0.8089184761047363
80.20604801177979,0.09308024495840073,0.9069197773933411
80.21365261077881,0.09289386868476868,0.9071061611175537
80.2187864780426,0.09276777505874634,0.9072322845458984
80.22173714637756,0.0926952138543129,0.9073047637939453
80.22298526763916,0.09266453236341476,0.9073355197906494
80.23495578765869,0.09236934781074524,0.9076306223869324
80.2350480556488,0.09236709028482437,0.9076328873634338
80.23906803131104,0.09226769953966141,0.9077323079109192
80.25011539459229,0.09199393540620804,0.9080060720443726
80.2587320804596,0.09190094470977783,0.9080991148948669
80.26134824752808,0.0918940007686615,0.9081060290336609
80.26178646087646,0.09189283847808838,0.9081071615219116
80.27004814147949,0.09187941253185272,0.9081206321716309
80.28115129470825,0.09186719357967377,0.908132791519165
80.28437376022339,0.09186437726020813,0.9081356525421143
80.28573226928711,0.09186714142560959,0.9081329107284546
80.28978657722473,0.09188374876976013,0.9081162810325623
80.29428696632385,0.09190299361944199,0.9080970287322998
80.30004978179932,0.09192895889282227,0.9080711007118225
80.305495262146,0.09195483475923538,0.9080451726913452
80.31878662109375,0.09202376008033752,0.9079762697219849
80.31929206848145,0.09339148551225662,0.906608521938324
80.32073211669922,0.09430477023124695,0.9056951999664307
80.33426785469055,0.09461948275566101,0.9053805470466614
80.33504986763,0.09463807940483093,0.9053618907928467
80.34569191932678,0.1100199744105339,0.8899800181388855
80.34677624702454,0.07631531357765198,0.9236847162246704
80.35572981834412,0.07652023434638977,0.9234797954559326
80.3558177947998,0.07652227580547333,0.9234777688980103
80.36178660392761,0.07666212320327759,0.9233379364013672
80.37104988098145,0.07688421756029129,0.9231157898902893
80.37896013259888,0.07707884907722473,0.9229211807250977
80.38120555877686,0.07713495939970016,0.9228650331497192
80.38672995567322,0.07727451622486115,0.9227254986763
80.3881242275238,0.06871257722377777,0.9312874674797058
80.38978266716003,0.07148521393537521,0.9285147786140442
80.39205265045166,0.07148424535989761,0.9285157918930054
80.39873933792114,0.07148177921772003,0.9285182356834412
80.41660904884338,0.07147806882858276,0.9285219311714172
80.41878271102905,0.07147791981697083,0.9285221099853516
80.41972994804382,0.07147786766290665,0.9285221695899963
80.42604374885559,0.07147888839244843,0.9285210967063904
80.43305277824402,0.07149815559387207,0.9285018444061279
80.435049533844,0.07150378823280334,0.928496241569519
80.45585227012634,0.07156747579574585,0.9284325242042542
80.4610526561737,0.07158473879098892,0.9284152984619141
80.4617280960083,0.07158703356981277,0.928412914276123
80.46178245544434,0.07158724218606949,0.9284127950668335
80.46208500862122,0.07158823311328888,0.9284117817878723
80.47241544723511,0.070723757147789,0.9292762279510498
80.48917889595032,0.06775783002376556,0.932242214679718
80.48972797393799,0.06776499003171921,0.932235062122345
80.4927818775177,0.06780486553907394,0.9321951866149902
80.50365471839905,0.068036749958992,0.9319632649421692
80.50405311584473,0.06805698573589325,0.9319429993629456
80.51008439064026,0.15513770282268524,0.8448622822761536
80.51772809028625,0.058036595582962036,0.9419634342193604
80.5217432975769,0.058137446641922,0.9418625831604004
80.52778196334839,0.05829013139009476,0.9417098760604858
80.53004145622253,0.05834756791591644,0.9416524171829224
80.5410532951355,0.058651115745306015,0.9413489103317261
80.54108786582947,0.05865190550684929,0.9413480758666992
80.54978203773499,0.058849260210990906,0.9411507248878479
80.56005311012268,0.05913363769650459,0.9408663511276245
80.56172609329224,0.05918131396174431,0.9408186674118042
80.58547329902649,0.048030152916908264,0.9519698619842529
80.58872604370117,0.05741211026906967,0.9425879120826721
80.59178185462952,0.05747741460800171,0.9425225853919983
80.6050546169281,0.05776314064860344,0.9422369003295898
80.61772608757019,0.05803920328617096,0.9419608116149902
80.62778186798096,0.05826057121157646,0.9417394399642944
80.63205480575562,0.05835508927702904,0.9416449069976807
80.64572262763977,0.05865561589598656,0.9413443803787231
80.6487820148468,0.05872338265180588,0.9412766098976135
80.67005467414856,0.0591931976377964,0.9408068060874939
80.68972277641296,0.05951261147856712,0.9404874444007874
80.69078159332275,0.05952814593911171,0.9404718279838562
80.70505475997925,0.05973724648356438,0.9402627944946289
80.70778822898865,0.18873541057109833,0.8112645745277405
80.7097692489624,0.0750209167599678,0.924979031085968
80.71572279930115,0.07541049271821976,0.9245895147323608
80.71673011779785,0.21652905642986298,0.7834709882736206
80.71878170967102,0.08517191559076309,0.9148281216621399
80.72743797302246,0.0859314575791359,0.9140685200691223
80.73405480384827,0.08652172982692719,0.9134782552719116
80.736643075943,0.08675491809844971,0.9132450819015503
80.74814295768738,0.05177028849720955,0.9482297301292419
80.75903296470642,0.06052307039499283,0.9394769072532654
80.76078176498413,0.060554858297109604,0.9394451379776001
80.76172256469727,0.06057196855545044,0.9394279718399048
80.76364302635193,0.06185297295451164,0.9381470680236816
80.76505446434021,0.050025805830955505,0.9499741792678833
80.7779712677002,0.058623045682907104,0.9413769841194153
80.78077912330627,0.04620009660720825,0.9537999033927917
80.78772234916687,0.04609757289290428,0.9539024233818054
80.79078698158264,0.0460527241230011,0.9539473056793213
80.79216885566711,0.13700346648693085,0.8629965782165527
80.8010573387146,0.06598824262619019,0.9340117573738098
80.80913853645325,0.06594778597354889,0.9340522289276123
80.81363606452942,0.0659247636795044,0.9340752363204956
80.82261729240417,0.07473824918270111,0.9252617359161377
80.82378697395325,0.06477688252925873,0.9352231025695801
80.8257224559784,0.06476250290870667,0.935237467288971
80.83005738258362,0.06473000347614288,0.9352700114250183
80.83822703361511,0.06466755270957947,0.9353324770927429
80.84075021743774,0.06464795023202896,0.935352087020874
80.85282754898071,0.05887381359934807,0.9411262273788452
80.85878705978394,0.06092667952179909,0.9390732645988464
80.86071944236755,0.060900114476680756,0.939099907875061
80.8650574684143,0.06084006652235985,0.9391599297523499
80.8701548576355,0.060768842697143555,0.9392311573028564
80.88337421417236,0.06058071181178093,0.9394192695617676
80.88778614997864,0.06051681190729141,0.9394832253456116
80.889719247818,0.06048865243792534,0.9395113587379456
80.89368653297424,0.06043052300810814,0.9395694732666016
80.90116667747498,0.060319650918245316,0.9396803379058838
80.90206003189087,0.06030631437897682,0.9396936893463135
80.91463375091553,0.060117319226264954,0.9398826956748962
80.91671943664551,0.060088347643613815,0.9399116635322571
80.92278599739075,0.06000344827771187,0.9399965405464172
80.92654633522034,0.05997958779335022,0.9400204420089722
80.93006014823914,0.05997169390320778,0.9400282502174377
80.94653701782227,0.059922706335783005,0.9400773048400879
80.95878601074219,0.05988030508160591,0.9401196837425232
80.95883893966675,0.050943225622177124,0.9490567445755005
80.9617190361023,0.05504222959280014,0.9449577927589417
80.97206020355225,0.05507441982626915,0.9449256062507629
80.98106646537781,0.08764931559562683,0.9123507142066956
80.98607754707336,0.0691225528717041,0.9308773875236511
80.98778104782104,0.06912051886320114,0.9308794736862183
80.98871946334839,0.06911936402320862,0.930880606174469
80.99627017974854,0.17435738444328308,0.8256425857543945
81.00106120109558,0.08392246067523956,0.9160775542259216
81.00729155540466,0.0839427188038826,0.916057288646698
81.01671886444092,0.08397399634122849,0.9160259962081909
81.01831603050232,0.08397936820983887,0.9160206317901611
81.02278089523315,0.08401337265968323,0.9159865975379944
81.0261640548706,0.08404015749692917,0.915959894657135
81.0300612449646,0.08407123386859894,0.9159287810325623
81.04153084754944,0.08416444063186646,0.9158356189727783
81.0505108833313,0.08423914015293121,0.9157608151435852
81.0577220916748,0.08430028706789017,0.9156997203826904
81.05778098106384,0.08430078625679016,0.9156992435455322
81.07052183151245,0.08441121876239777,0.9155887961387634
81.07106113433838,0.08441593497991562,0.9155840873718262
81.0827305316925,0.08451996743679047,0.9154800772666931
81.08584380149841,0.08454808592796326,0.9154519438743591
81.08772206306458,0.0845651924610138,0.9154348373413086
81.08778095245361,0.08456574380397797,0.9154342412948608
81.09477496147156,0.08473387360572815,0.9152661561965942
81.10006427764893,0.08487619459629059,0.9151238203048706
81.1026999950409,0.08494395017623901,0.915056049823761
81.11385488510132,0.1066107302904129,0.8933892846107483
81.11572217941284,0.10212705284357071,0.8978729844093323
81.12615537643433,0.16661913692951202,0.8333808779716492
81.12778091430664,0.11429429054260254,0.8857057094573975
81.13606405258179,0.11461472511291504,0.8853853344917297
81.13950085639954,0.1147492527961731,0.8852507472038269
81.15027737617493,0.11517702788114548,0.8848229646682739
81.16172194480896,0.11561661213636398,0.8843833804130554
81.16258597373962,0.11565404385328293,0.8843460083007812
81.16278100013733,0.11566249281167984,0.8843374848365784
81.17006421089172,0.11605402082204819,0.8839460015296936
81.17385053634644,0.11626601964235306,0.8837339878082275
81.18772196769714,0.11705707758665085,0.8829428553581238
81.19252824783325,0.11733650416135788,0.8826634883880615
81.1939377784729,0.09604237228631973,0.9039576053619385
81.19777727127075,0.10167898237705231,0.8983210325241089
81.20006680488586,0.10168030858039856,0.8983197212219238
81.2116551399231,0.10168641805648804,0.8983136415481567
81.2187774181366,0.10168969631195068,0.8983103036880493
81.22572183609009,0.10169941186904907,0.8983006477355957
81.22746968269348,0.10170278698205948,0.8982971906661987
81.23506665229797,0.10171728581190109,0.8982826471328735
81.24572086334229,0.10199551284313202,0.8980044722557068
81.24746465682983,0.10204225778579712,0.8979577422142029
81.25527501106262,0.10225361585617065,0.8977463841438293
81.2607774734497,0.10238678008317947,0.8976132273674011
81.26616048812866,0.10251424461603165,0.8974857330322266
81.27106666564941,0.10266067832708359,0.8973393440246582
81.28181314468384,0.10305949300527573,0.8969405293464661
81.28872084617615,0.10334140062332153,0.8966585993766785
81.28959465026855,0.0959707498550415,0.9040293097496033
81.28977823257446,0.09794162958860397,0.9020583629608154
81.30103826522827,0.09806235134601593,0.9019376635551453
81.30106616020203,0.09806232154369354,0.9019376635551453
81.30892777442932,0.09816097468137741,0.901839017868042
81.31672096252441,0.09828554838895798,0.9017144441604614
81.32193279266357,0.2894343435764313,0.7105656266212463
81.32625818252563,0.13611368834972382,0.863886296749115
81.33077812194824,0.13646844029426575,0.8635315895080566
81.33406615257263,0.13672775030136108,0.8632722496986389
81.33415460586548,0.13673478364944458,0.8632652163505554
81.34748792648315,0.1377980262041092,0.862201988697052
81.35591864585876,0.13847993314266205,0.8615200519561768
81.35877823829651,0.13871288299560547,0.8612871766090393
81.3617193698883,0.13895174860954285,0.8610482811927795
81.3620662689209,0.13897991180419922,0.8610200881958008
81.36652493476868,0.11728348582983017,0.8827165365219116
81.37248873710632,0.13459841907024384,0.865401566028595
81.38251328468323,0.3168356120586395,0.6831644177436829
81.38871932029724,0.14723527431488037,0.8527647256851196
81.38877701759338,0.14723995327949524,0.8527600169181824
81.3975601196289,0.1479582041501999,0.8520417809486389
81.40406823158264,0.14849543571472168,0.8515045642852783
81.4081244468689,0.14883248507976532,0.8511675000190735
81.41500759124756,0.09844335913658142,0.901556670665741
81.41671943664551,0.11759895086288452,0.8824010491371155
81.4237768650055,0.11764905601739883,0.8823509216308594
81.42865300178528,0.11768310517072678,0.8823169469833374
81.43206834793091,0.11770661175251007,0.8822934031486511
81.43713617324829,0.11960221081972122,0.8803977966308594
81.45080184936523,0.11235103011131287,0.8876489996910095
81.45600247383118,0.08841095864772797,0.9115890264511108
81.45977711677551,0.08824972808361053,0.911750316619873
81.4607138633728,0.0882096216082573,0.9117903709411621
81.46906805038452,0.08784990012645721,0.9121500849723816
81.47821927070618,0.21843157708644867,0.7815684080123901
81.48876786231995,0.12168009579181671,0.8783199191093445
81.49071383476257,0.12164749950170517,0.8783525228500366
81.49377632141113,0.12159594148397446,0.8784040808677673
81.49652886390686,0.12154926359653473,0.8784507513046265
81.50306820869446,0.12143728882074356,0.8785626888275146
81.50552940368652,0.14582310616970062,0.8541768789291382
81.51671385765076,0.12079622596502304,0.8792037963867188
81.51686453819275,0.12079303711652756,0.8792070150375366
81.52877640724182,0.12054000049829483,0.8794600367546082
81.53206825256348,0.12046891450881958,0.8795310854911804
81.53779458999634,0.12035065144300461,0.8796493411064148
81.55047678947449,0.11451171338558197,0.8854883313179016
81.55687832832336,0.11510612815618515,0.8848938941955566
81.55777645111084,0.11507885158061981,0.884921133518219
81.56006836891174,0.11500885337591171,0.8849911689758301
81.56171154975891,0.1149584949016571,0.8850414752960205
81.56958365440369,0.11471523344516754,0.8852847814559937
81.58298635482788,0.1142931580543518,0.8857068419456482
81.58384346961975,0.11426584422588348,0.8857342004776001
81.58771133422852,0.11414200812578201,0.8858579993247986
81.58877515792847,0.11410780251026154,0.8858922123908997
81.59408497810364,0.11394746601581573,0.8860525488853455
81.60207033157349,0.11370471119880676,0.8862953186035156
81.60409021377563,0.11364278942346573,0.8863572478294373
81.61362719535828,0.11334769427776337,0.8866523504257202
81.62571144104004,0.11296714097261429,0.8870328664779663
81.6258008480072,0.04168840870261192,0.9583116173744202
81.62777495384216,0.05424875020980835,0.9457512497901917
81.6310703754425,0.05421975255012512,0.9457802176475525
81.63481211662292,0.08364419639110565,0.9163558483123779
81.64671158790588,0.06591518968343735,0.9340848326683044
81.6501681804657,0.1657320111989975,0.8342679738998413
81.65019226074219,0.07891225069761276,0.9210878014564514
81.66107034683228,0.07889757305383682,0.9211024641990662
81.66277503967285,0.07889536023139954,0.9211046695709229
81.66471338272095,0.07889281958341599,0.9211071729660034
81.68082165718079,0.07887265831232071,0.9211273193359375
81.68971180915833,0.07886213064193726,0.9211378693580627
81.69077634811401,0.07886087894439697,0.9211391806602478
81.69408845901489,0.07885710150003433,0.9211428761482239
81.70041227340698,0.07884998619556427,0.9211500287055969
81.70107221603394,0.07884929329156876,0.9211506843566895
81.70839953422546,0.07884132862091064,0.9211586713790894
81.71771168708801,0.07883159816265106,0.9211683869361877
81.7187762260437,0.0788305327296257,0.9211695194244385
81.73007225990295,0.07881936430931091,0.9211806654930115
81.73744821548462,0.0788123682141304,0.9211876392364502
81.7427568435669,0.07880747318267822,0.9211925864219666
81.74570918083191,0.07880484312772751,0.9211952090263367
81.754314661026,0.07879728823900223,0.9212027192115784
81.76077604293823,0.07878497242927551,0.9212150573730469
81.76527285575867,0.07877612859010696,0.9212238788604736
81.76607203483582,0.07877457141876221,0.9212254285812378
81.77939462661743,0.07875431329011917,0.9212456941604614
81.7877094745636,0.07877427339553833,0.9212257266044617
81.78911113739014,0.1157633364200592,0.8842366933822632
81.78977632522583,0.09890051186084747,0.9010995030403137
81.8000738620758,0.09909110516309738,0.9009089469909668
81.80669975280762,0.16325081884860992,0.8367491960525513
81.81376457214355,0.11727600544691086,0.8827239871025085
81.8157091140747,0.11732938140630722,0.8826706409454346
81.82052373886108,0.11746255308389664,0.8825374245643616
81.82377624511719,0.11755326390266418,0.8824467658996582
81.8350739479065,0.11787322908639908,0.8821267485618591
81.8351378440857,0.11787506937980652,0.8821249604225159
81.84804797172546,0.11824984848499298,0.8817501664161682
81.85488724708557,0.11845231056213379,0.881547749042511
81.85870456695557,0.11856652796268463,0.8814334869384766
81.86077666282654,0.11862889677286148,0.8813710808753967
81.86329054832458,0.10391148179769516,0.8960885405540466
81.87007403373718,0.11298921704292297,0.8870108127593994
81.87291407585144,0.11299799382686615,0.8870020508766174
81.88410806655884,0.11303187906742096,0.8869681358337402
81.88670444488525,0.11304009705781937,0.8869599103927612
81.88777589797974,0.11304492503404617,0.8869550824165344
81.89107584953308,0.11305980384349823,0.8869402408599854
81.89541244506836,0.11310014128684998,0.8868998885154724
81.91094994544983,0.11325524747371674,0.8867447376251221
81.91570448875427,0.11330293118953705,0.8866970539093018
81.92271018028259,0.11337347328662872,0.8866265416145325
81.92477583885193,0.11339429765939713,0.8866056799888611
81.93393206596375,0.1134868934750557,0.8865131139755249
81.9350757598877,0.11349848657846451,0.8865014910697937
81.94170236587524,0.10917012393474579,0.890829861164093
81.95214366912842,0.10579680651426315,0.894203245639801
81.95770215988159,0.10574939846992493,0.8942506313323975
81.95977592468262,0.1057315245270729,0.8942685127258301
81.96186256408691,0.10571341961622238,0.894286572933197
81.97007584571838,0.10564113408327103,0.8943588733673096
81.97884058952332,0.27200785279273987,0.7279921174049377
81.98070192337036,0.13463649153709412,0.8653635382652283
81.98570227622986,0.1348685622215271,0.8651314973831177
81.98877573013306,0.13501174747943878,0.8649882674217224
81.99166345596313,0.13514664769172668,0.8648533821105957
81.99207735061646,0.1351660192012787,0.8648340106010437
82.00639295578003,0.13582275807857513,0.8641772270202637
82.0178530216217,0.13630785048007965,0.8636921644210815
82.02070212364197,0.13645140826702118,0.8635486364364624
82.02854061126709,0.11894653737545013,0.8810535073280334
82.02877593040466,0.13469532132148743,0.865304708480835
82.0397801399231,0.13515205681324005,0.8648479580879211
82.04007744789124,0.13516755402088165,0.8648324608802795
82.04818344116211,0.30374497175216675,0.6962550282478333
82.05569791793823,0.15375742316246033,0.8462426066398621
82.05707955360413,0.1538531482219696,0.846146821975708
82.0577757358551,0.15390144288539886,0.8460986018180847
82.06007719039917,0.1540614366531372,0.845938503742218
82.07227993011475,0.1549202799797058,0.8450797200202942
82.07959604263306,0.1077534630894661,0.8922465443611145
82.09069776535034,0.11546830832958221,0.8845316767692566
82.0914375782013,0.11545386910438538,0.8845461010932922
82.09277820587158,0.11542770266532898,0.8845723271369934
82.10152220726013,0.13264447450637817,0.8673555254936218
82.10308051109314,0.10807392746210098,0.891926109790802
82.10923671722412,0.12880033254623413,0.8711996674537659
82.11869788169861,0.10277357697486877,0.8972264528274536
82.11984705924988,0.10272461920976639,0.8972753882408142
82.12777805328369,0.10238533467054367,0.8976147174835205
82.13008046150208,0.10228624939918518,0.8977137207984924
82.13729524612427,0.24552753567695618,0.7544724345207214
82.14576244354248,0.14293654263019562,0.8570634722709656
82.14877820014954,0.1429136097431183,0.8570864200592041
82.15257406234741,0.14288434386253357,0.8571156859397888
82.16108059883118,0.14282749593257904,0.8571724891662598
82.16169786453247,0.1428234577178955,0.8571765422821045
82.16290354728699,0.16373178362846375,0.8362682461738586
82.17523646354675,0.14059875905513763,0.859401285648346
82.18487071990967,0.14049312472343445,0.8595069050788879
82.1886978149414,0.14045198261737823,0.859548032283783
82.19077801704407,0.14042937755584717,0.8595706224441528
82.19875073432922,0.13083051145076752,0.8691695332527161
82.20108127593994,0.12987874448299408,0.8701213002204895
82.21235871315002,0.1295563280582428,0.8704436421394348
82.21669793128967,0.1294306069612503,0.8705694079399109
82.21877813339233,0.12936997413635254,0.8706300258636475
82.22047352790833,0.12932047247886658,0.8706795573234558
82.23008131980896,0.12903691828250885,0.8709630966186523
82.23522233963013,0.12888328731060028,0.8711166977882385
82.24214887619019,0.12867425382137299,0.8713257908821106
82.25338840484619,0.12832996249198914,0.8716700673103333
82.25869631767273,0.12816520035266876,0.8718348145484924
82.26107811927795,0.1280907690525055,0.8719092011451721
82.2617781162262,0.12806886434555054,0.8719311356544495
82.270676612854,0.12778811156749725,0.8722119331359863
82.27208137512207,0.1277434378862381,0.8722565770149231
82.28669667243958,0.1272726058959961,0.8727273344993591
82.28977465629578,0.12717214226722717,0.8728278279304504
82.29140853881836,0.1957557648420334,0.8042442798614502
82.29618716239929,0.1550319939851761,0.8449680209159851
82.30108284950256,0.15498632192611694,0.8450136780738831
82.30432105064392,0.2855127453804016,0.7144872546195984
82.3171865940094,0.18181505799293518,0.8181849718093872
82.31777453422546,0.18181529641151428,0.8181846737861633
82.32169604301453,0.18181666731834412,0.8181833624839783
82.33008313179016,0.18181948363780975,0.8181805610656738
82.33023834228516,0.18181955814361572,0.8181804418563843
82.33852672576904,0.1818218231201172,0.8181781768798828
82.35236358642578,0.1818288415670395,0.8181711435317993
82.35669732093811,0.18183676898479462,0.8181632161140442
82.36077451705933,0.18184418976306915,0.818155825138092
82.36364984512329,0.18184931576251984,0.8181506991386414
82.37208318710327,0.18186429142951965,0.8181357383728027
82.3767819404602,0.1818724423646927,0.8181275725364685
82.38569736480713,0.18188147246837616,0.8181185722351074
82.38777422904968,0.18188008666038513,0.8181199431419373
82.3984911441803,0.18187224864959717,0.8181278109550476
82.4000837802887,0.18187090754508972,0.8181290626525879
82.41274809837341,0.18197382986545563,0.8180261850357056
82.42069745063782,0.1820409595966339,0.8179590702056885
82.42977404594421,0.1821182519197464,0.8178817629814148
82.43290448188782,0.18214502930641174,0.8178550004959106
82.43708372116089,0.18218092620372772,0.8178190588951111
82.44189810752869,0.1822223961353302,0.8177775740623474
82.45769190788269,0.182359516620636,0.817640483379364
82.45777440071106,0.18236027657985687,0.8176397085189819
82.46849155426025,0.18245422840118408,0.8175457715988159
82.47108364105225,0.18247702717781067,0.8175230026245117
82.47902965545654,0.24197039008140564,0.758029580116272
82.48669195175171,0.20519408583641052,0.7948059439659119
82.48806524276733,0.2881912589073181,0.7118087410926819
82.492422580719,0.23056776821613312,0.7694322466850281
82.49277472496033,0.23059004545211792,0.7694099545478821
82.50108671188354,0.23112033307552338,0.7688796520233154
82.50212287902832,0.23118700087070465,0.7688130140304565
82.5216920375824,0.232468843460083,0.7675312161445618
82.52388072013855,0.23261822760105133,0.7673817873001099
82.52681016921997,0.23277351260185242,0.76722651720047
82.5277750492096,0.2328248769044876,0.7671751379966736
82.5350866317749,0.23321624100208282,0.7667837738990784
82.54368090629578,0.2338343858718872,0.7661656141281128
82.54403376579285,0.1967451125383377,0.8032549023628235
82.54877471923828,0.20541375875473022,0.7945862412452698
82.55663275718689,0.2053375542163849,0.7946624755859375
82.55668926239014,0.20533700287342072,0.7946630120277405
82.56455779075623,0.20525863766670227,0.7947413921356201
82.566086769104,0.20524318516254425,0.7947568297386169
82.57389426231384,0.20516297221183777,0.7948369979858398
82.58568930625916,0.205037921667099,0.7949621081352234
82.59077453613281,0.20498253405094147,0.7950174808502197
82.59841418266296,0.20489764213562012,0.7951023578643799
82.60009002685547,0.2048787623643875,0.7951212525367737
82.60756087303162,0.204793319106102,0.7952066659927368
82.61213946342468,0.20474006235599518,0.795259952545166
82.61877465248108,0.2046615034341812,0.79533851146698
82.62064146995544,0.19980868697166443,0.800191342830658
82.6286895275116,0.18927119672298431,0.8107288479804993
82.6313066482544,0.18914958834648132,0.8108504414558411
82.63509011268616,0.18897280097007751,0.8110272288322449
82.64235591888428,0.1888297200202942,0.8111702799797058
82.64804601669312,0.3840254545211792,0.6159745454788208
82.65082573890686,0.2602096498012543,0.7397903800010681
82.65768480300903,0.2605814039707184,0.739418625831604
82.65854072570801,0.2606278657913208,0.7393721342086792
82.66077446937561,0.26074931025505066,0.739250659942627
82.6710901260376,0.26131197810173035,0.738688051700592
82.68249344825745,0.26193737983703613,0.7380626201629639
82.68668484687805,0.26216813921928406,0.7378318905830383
82.6897702217102,0.2623383104801178,0.7376617193222046
82.69978904724121,0.26289260387420654,0.7371073961257935
82.70009255409241,0.262909471988678,0.737090528011322
82.70639657974243,0.23687338829040527,0.7631266117095947
82.71293687820435,0.2566840350627899,0.7433159947395325
82.71568489074707,0.2567802369594574,0.743219792842865
82.72236251831055,0.4098353683948517,0.5901646614074707
82.72377014160156,0.2891426980495453,0.7108572721481323
82.7350926399231,0.2898489534854889,0.7101510167121887
82.74049782752991,0.2902114987373352,0.7097885012626648
82.75415587425232,0.2908738851547241,0.7091261148452759
82.75768375396729,0.29107794165611267,0.7089220881462097
82.75877022743225,0.2911511957645416,0.7088488340377808
82.76466679573059,0.22222241759300232,0.7777775526046753
82.77009272575378,0.2417784035205841,0.7582215666770935
82.77263593673706,0.24167560040950775,0.758324384689331
82.77846145629883,0.2587246000766754,0.7412753701210022
82.78568387031555,0.22240705788135529,0.7775929570198059
82.78777956962585,0.22225549817085266,0.777744472026825
82.78966760635376,0.25276175141334534,0.747238278388977
82.80126595497131,0.21309281885623932,0.7869071960449219
82.80609631538391,0.2126743495464325,0.7873256802558899
82.80977606773376,0.3266393542289734,0.6733606457710266
82.82068371772766,0.25891387462615967,0.7410861253738403
82.8212296962738,0.25889620184898376,0.7411038279533386
82.82277965545654,0.258845716714859,0.7411542534828186
82.8340961933136,0.2584725320339203,0.7415274977684021
82.83661198616028,0.2583884000778198,0.7416115999221802
82.85368704795837,0.25780588388442993,0.7421941757202148
82.8556797504425,0.2577365040779114,0.7422634959220886
82.85877966880798,0.2576282024383545,0.7423717975616455
82.86904954910278,0.2867664694786072,0.7132335305213928
82.87109613418579,0.2555360794067383,0.7444639801979065
82.873850107193,0.25540098547935486,0.7445990443229675
82.88778066635132,0.2547065317630768,0.7452934384346008
82.88810896873474,0.2285284698009491,0.7714715003967285
82.89067959785461,0.23430466651916504,0.765695333480835
82.8910984992981,0.23427020013332367,0.7657297849655151
82.90273714065552,0.2333044856786728,0.766695499420166
82.91750836372375,0.23205731809139252,0.7679426670074463
82.9256796836853,0.23135711252689362,0.7686429023742676
82.92978048324585,0.23100289702415466,0.7689971327781677
82.9330985546112,0.23071499168872833,0.7692850232124329
82.93389344215393,0.23064588010311127,0.7693541049957275
82.94269967079163,0.2298751026391983,0.7701249122619629
82.95445728302002,0.22883287072181702,0.7711671590805054
82.95778036117554,0.22853553295135498,0.7714645266532898
82.96009850502014,0.22832751274108887,0.7716724872589111
82.96067786216736,0.2282753884792328,0.7717246413230896
82.97616672515869,0.22686892747879028,0.7731310725212097
82.98728728294373,0.22584323585033417,0.7741567492485046
82.98777651786804,0.2257978320121765,0.7742021679878235
82.98867797851562,0.22571402788162231,0.7742859721183777
83.00310015678406,0.22436174750328064,0.7756382822990417
83.00679087638855,0.20782771706581116,0.7921723127365112
83.0131504535675,0.25098708271980286,0.7490128874778748
83.02567791938782,0.22440944612026215,0.7755905389785767
83.02777647972107,0.22433257102966309,0.7756674885749817
83.03033757209778,0.22424140572547913,0.7757586240768433
83.03110003471375,0.22421498596668243,0.7757850289344788
83.03990387916565,0.3300350606441498,0.6699649691581726
83.05098104476929,0.24152855575084686,0.7584714889526367
83.06010007858276,0.2412618100643158,0.7587382197380066
83.06067657470703,0.24124504625797272,0.7587549686431885
83.06137132644653,0.24122487008571625,0.7587751150131226
83.06277656555176,0.24118401110172272,0.7588160037994385
83.0852198600769,0.2405301332473755,0.7594698667526245
83.08967542648315,0.24039988219738007,0.7596001625061035
83.0906765460968,0.24037060141563416,0.7596294283866882
83.09277701377869,0.24030907452106476,0.7596909403800964
83.1003406047821,0.2400873899459839,0.7599126100540161
83.10209941864014,0.2400358021259308,0.7599642276763916
83.12089800834656,0.23948220908641815,0.7605178356170654
83.12109279632568,0.23947647213935852,0.7605235576629639
83.12567663192749,0.2393408566713333,0.7606591582298279
83.1277768611908,0.23927871882915497,0.7607213258743286
83.14109945297241,0.2388831377029419,0.7611169219017029
83.14497685432434,0.2387675940990448,0.7612324357032776
83.1476743221283,0.23868709802627563,0.7613129019737244
83.1600992679596,0.23850561678409576,0.7614943981170654
83.16253757476807,0.23853889107704163,0.7614611387252808
83.16277718544006,0.23854219913482666,0.7614578604698181
83.17458248138428,0.23877979815006256,0.7612202167510986
83.18201947212219,0.3208540380001068,0.6791459321975708
83.1896743774414,0.23550309240818024,0.764496922492981
83.19077730178833,0.23552435636520386,0.7644756436347961
83.19083857536316,0.3052225112915039,0.6947774887084961
83.20510125160217,0.3001120686531067,0.6998879313468933
83.20609951019287,0.3002057671546936,0.6997942328453064
83.21084260940552,0.3006534278392792,0.6993465423583984
83.21834421157837,0.30136919021606445,0.6986308097839355
83.218674659729,0.3014010190963745,0.6985990405082703
83.2187774181366,0.30141082406044006,0.6985892057418823
83.22918319702148,0.3024202287197113,0.6975797414779663
83.23210167884827,0.30270084738731384,0.6972991824150085
83.23862624168396,0.303333044052124,0.696666955947876
83.24390935897827,0.247299462556839,0.7527005076408386
83.25673460960388,0.271509051322937,0.728490948677063
83.26067352294922,0.2715359330177307,0.7284641265869141
83.2607774734497,0.2715369760990143,0.7284630537033081
83.27010154724121,0.27162492275238037,0.7283750772476196
83.27401804924011,0.2716618478298187,0.7283381223678589
83.283864736557,0.27175432443618774,0.7282456755638123
83.28877782821655,0.27180027961730957,0.7281997203826904
83.29167366027832,0.2718272805213928,0.7281727194786072
83.29210495948792,0.27183133363723755,0.7281686663627625
83.30744886398315,0.2719739079475403,0.7280260920524597
83.31955575942993,0.27205249667167664,0.7279475331306458
83.32329487800598,0.27207106351852417,0.7279289364814758
83.32567358016968,0.27208271622657776,0.7279173135757446
83.33077788352966,0.2721075415611267,0.7278924584388733
83.33410501480103,0.2721234858036041,0.7278765439987183
83.33426856994629,0.25377482175827026,0.7462251782417297
83.35567212104797,0.2470383197069168,0.7529616951942444
83.35877776145935,0.24698328971862793,0.7530167698860168
83.36054134368896,0.24695293605327606,0.7530471086502075
83.37010502815247,0.2468886822462082,0.7531113028526306
83.37191987037659,0.2468765676021576,0.7531234622001648
83.3794264793396,0.4005473554134369,0.5994526743888855
83.38867211341858,0.29300764203071594,0.7069923281669617
83.38877654075623,0.293008416891098,0.7069916129112244
83.3915901184082,0.29302728176116943,0.7069727182388306
83.40410685539246,0.29311174154281616,0.7068883180618286
83.41410064697266,0.29317954182624817,0.7068204879760742
83.41667199134827,0.2931908667087555,0.7068091630935669
83.42877650260925,0.2932218611240387,0.7067781090736389
83.4341070652008,0.2932352125644684,0.706764817237854
83.43796133995056,0.2933328449726105,0.7066671252250671
83.45043802261353,0.2939406633377075,0.7060593366622925
83.45077657699585,0.293957382440567,0.7060426473617554
83.45833730697632,0.2554316222667694,0.7445683479309082
83.45967078208923,0.2815374732017517,0.7184625864028931
83.46110701560974,0.28155359625816345,0.7184464335441589
83.46914887428284,0.28164443373680115,0.7183555960655212
83.48213052749634,0.41571053862571716,0.5842894315719604
83.48767066001892,0.3111642003059387,0.6888357996940613
83.49177742004395,0.3113259971141815,0.6886739730834961
83.49527502059937,0.31146490573883057,0.6885350942611694
83.50310969352722,0.3117793798446655,0.6882206797599792
83.50882649421692,0.31201180815696716,0.6879881620407104
83.51225996017456,0.2537601888179779,0.7462397813796997
83.51567077636719,0.2742157280445099,0.7257843017578125
83.51749992370605,0.274146169424057,0.7258538007736206
83.51977729797363,0.274059534072876,0.725940465927124
83.5256621837616,0.29030609130859375,0.7096939086914062
83.53110980987549,0.25464484095573425,0.7453551292419434
83.54217600822449,0.28813448548316956,0.7118654847145081
83.55316734313965,0.24539253115653992,0.7546074390411377
83.55766916275024,0.2449779212474823,0.7550221085548401
83.56210970878601,0.24456757307052612,0.7554324269294739
83.5627772808075,0.24450574815273285,0.7554941773414612
83.56421685218811,0.36550673842430115,0.6344932913780212
83.58666920661926,0.3015815019607544,0.6984185576438904
83.58895945549011,0.30145564675331116,0.6985443234443665
83.58977937698364,0.301410436630249,0.698589563369751
83.59551405906677,0.30109357833862305,0.698906421661377
83.60411190986633,0.30061420798301697,0.6993857622146606
83.61146783828735,0.3260282278060913,0.6739717721939087
83.61820960044861,0.2977742552757263,0.7022257447242737
83.61977934837341,0.2976694107055664,0.7023305892944336
83.62766885757446,0.29713907837867737,0.7028608918190002
83.63036370277405,0.2969566285610199,0.7030433416366577
83.63511180877686,0.2966334819793701,0.7033665180206299
83.63902974128723,0.27949896454811096,0.7205010056495667
83.65257167816162,0.28926074504852295,0.710739254951477
83.656667470932,0.28910282254219055,0.7108971476554871
83.65977931022644,0.28898245096206665,0.7110175490379333
83.66544914245605,0.28876250982284546,0.7112374901771545
83.66911172866821,0.28861990571022034,0.711380124092102
83.67686891555786,0.2883167564868927,0.7116832733154297
83.68187284469604,0.2881203591823578,0.7118796110153198
83.68566703796387,0.2879709303379059,0.7120290398597717
83.68878078460693,0.2878481447696686,0.712151825428009
83.69122409820557,0.28775155544281006,0.7122484445571899
83.70011305809021,0.28739896416664124,0.7126010060310364
83.7091977596283,0.2870365083217621,0.7129635214805603
83.72066712379456,0.2865760326385498,0.7134239673614502
83.72106456756592,0.28656005859375,0.71343994140625
83.7317807674408,0.2861269414424896,0.7138730883598328
83.73202276229858,0.34524112939834595,0.6547589302062988
83.7351131439209,0.30660703778266907,0.6933929324150085
83.7445764541626,0.33586636185646057,0.6641336679458618
83.75295925140381,0.336475670337677,0.663524329662323
83.756667137146,0.33662015199661255,0.6633798480033875
83.75860047340393,0.3932337760925293,0.6067662835121155
83.75978064537048,0.3471483290195465,0.6528517007827759
83.77023506164551,0.34784263372421265,0.6521573662757874
83.77211284637451,0.3479742407798767,0.6520258188247681
83.77907872200012,0.34845200181007385,0.6515480279922485
83.78666758537292,0.34893766045570374,0.6510623097419739
83.78878045082092,0.34907469153404236,0.6509252786636353
83.79211592674255,0.34929242730140686,0.6507075428962708
83.79679131507874,0.3496008813381195,0.6503990888595581
83.79730725288391,0.34963515400886536,0.6503648161888123
83.80601811408997,0.35022062063217163,0.6497793793678284
83.81643867492676,0.35089895129203796,0.6491010189056396
83.81778049468994,0.35097965598106384,0.6490203738212585
83.82066774368286,0.3511543869972229,0.6488456130027771
83.83397245407104,0.3519761562347412,0.6480238437652588
83.83611583709717,0.35211119055747986,0.6478888392448425
83.83874583244324,0.3522777259349823,0.6477223038673401
83.85207605361938,0.3531387448310852,0.6468612551689148
83.85566306114197,0.35337522625923157,0.646624743938446
83.85978031158447,0.35364675521850586,0.6463532447814941
83.86073541641235,0.35370877385139465,0.646291196346283
83.8611159324646,0.35373347997665405,0.646266520023346
83.88163876533508,0.4096619188785553,0.5903381109237671
83.88709449768066,0.3866935670375824,0.61330646276474
83.88777756690979,0.40777820348739624,0.5922217965126038
83.89166307449341,0.4083356261253357,0.5916643738746643
83.89672541618347,0.4091446101665497,0.5908554196357727
83.90411639213562,0.41040337085723877,0.5895966291427612
83.90522360801697,0.41059350967407227,0.5894064903259277
83.91920018196106,0.41271814703941345,0.5872818827629089
83.91966271400452,0.4127911627292633,0.5872088074684143
83.93136835098267,0.4149898886680603,0.5850101113319397
83.93177771568298,0.41506797075271606,0.5849320292472839
83.93211650848389,0.415132611989975,0.5848674178123474
83.93304705619812,0.4153103530406952,0.5846896767616272
83.94371318817139,0.3439953923225403,0.6560046076774597
83.9556610584259,0.3553352653980255,0.6446647644042969
83.95668745040894,0.3553679287433624,0.6446320414543152
83.95977759361267,0.35546693205833435,0.6445330381393433
83.96011638641357,0.35547786951065063,0.6445221304893494
83.97543501853943,0.3558792471885681,0.6441208124160767
83.98917317390442,0.3561451733112335,0.6438548564910889
83.98966073989868,0.3561541438102722,0.6438458561897278
83.98977494239807,0.35615628957748413,0.6438437700271606
84.0002052783966,0.3563525378704071,0.6436474919319153
84.00111818313599,0.35636648535728455,0.6436335444450378
84.01375579833984,0.3565555214881897,0.6434444785118103
84.01932001113892,0.3566417396068573,0.6433582305908203
84.0266604423523,0.3567584156990051,0.6432416439056396
84.03111815452576,0.3568309247493744,0.643169105052948
84.03177499771118,0.35684165358543396,0.6431583166122437
84.03386116027832,0.3563997745513916,0.6436002254486084
84.0412950515747,0.32936638593673706,0.6706336140632629
84.04502654075623,0.3291674256324768,0.6708325743675232
84.04665899276733,0.32908013463020325,0.6709198355674744
84.05889201164246,0.44980067014694214,0.5501993894577026
84.0607750415802,0.3864979147911072,0.6135020852088928
84.07053303718567,0.38713693618774414,0.6128630638122559
84.07311820983887,0.387308269739151,0.6126917600631714
84.07633471488953,0.3875225782394409,0.6124774217605591
84.08777713775635,0.3882767856121063,0.6117231845855713
84.08865904808044,0.38833099603652954,0.6116690039634705
84.09208059310913,0.38854196667671204,0.6114580631256104
84.10112166404724,0.3890530467033386,0.6109469532966614
84.1056740283966,0.38928186893463135,0.6107181310653687
84.11445355415344,0.35508954524993896,0.6449105143547058
84.11665892601013,0.36756637692451477,0.6324335932731628
84.12303805351257,0.36762264370918274,0.6323773860931396
84.12912154197693,0.36767736077308655,0.6323226094245911
84.12977719306946,0.36768338084220886,0.6323165893554688
84.13428211212158,0.4466575086116791,0.5533424615859985
84.14885807037354,0.39331310987472534,0.6066868901252747
84.15830302238464,0.39378800988197327,0.6062119603157043
84.15865731239319,0.39380601048469543,0.606194019317627
84.1587769985199,0.3938121199607849,0.6061879396438599
84.16858768463135,0.34678733348846436,0.6532126665115356
84.17212152481079,0.370970755815506,0.6290292143821716
84.17754745483398,0.3709087669849396,0.6290912628173828
84.18299984931946,0.41289564967155457,0.5871043801307678
84.1876573562622,0.36701491475105286,0.6329851150512695
84.18977355957031,0.3669661581516266,0.6330338716506958
84.18987131118774,0.4090680181980133,0.5909320116043091
84.20012545585632,0.3631538450717926,0.6368461847305298
84.20329594612122,0.3630543053150177,0.6369457244873047
84.22054862976074,0.4136926829814911,0.5863073468208313
84.22165751457214,0.3906186819076538,0.6093813180923462
84.22912502288818,0.3907047510147095,0.6092952489852905
84.22977352142334,0.39071226119995117,0.6092877388000488
84.23112940788269,0.4261525273323059,0.5738474726676941
84.24437403678894,0.4099859893321991,0.5900139808654785
84.24531626701355,0.4100112020969391,0.5899887681007385
84.25362372398376,0.4139802157878876,0.5860198140144348
84.25665330886841,0.3821083605289459,0.6178916692733765
84.26077342033386,0.3819606602191925,0.6180393695831299
84.26512503623962,0.3818037807941437,0.6181961894035339
84.26869821548462,0.38162198662757874,0.6183780431747437
84.27714657783508,0.3814227283000946,0.618577241897583
84.28565335273743,0.381316214799881,0.6186838150024414
84.28777194023132,0.3812898099422455,0.6187102198600769
84.28889679908752,0.34972497820854187,0.6502749919891357
84.30112743377686,0.3628760576248169,0.6371239423751831
84.31100559234619,0.3624351918697357,0.6375647783279419
84.32065343856812,0.3620019853115082,0.6379980444908142
84.32485389709473,0.3618124723434448,0.6381875872612
84.32877206802368,0.36163529753685,0.6383646726608276
84.3341658115387,0.3613907992839813,0.6386091709136963
84.34112739562988,0.36104464530944824,0.6389553546905518
84.35303449630737,0.3604457378387451,0.6395543217658997
84.35565185546875,0.36031341552734375,0.6396865844726562
84.35777187347412,0.36020606756210327,0.6397939920425415
84.36497640609741,0.3598399758338928,0.6401600241661072
84.36612725257874,0.3597813546657562,0.6402186751365662
84.3774926662445,0.3591998815536499,0.6408001184463501
84.39065170288086,0.35852110385894775,0.6414788961410522
84.39176893234253,0.35846325755119324,0.6415367722511292
84.39381384849548,0.35835710167884827,0.6416428685188293
84.40012955665588,0.35802868008613586,0.6419713497161865
84.40740823745728,0.3902032971382141,0.6097967028617859
84.41044425964355,0.3806335926055908,0.619366466999054
84.41865181922913,0.4237057864665985,0.5762941837310791
84.4252359867096,0.42392295598983765,0.5760770440101624
84.42976880073547,0.4240741431713104,0.575925886631012
84.43409371376038,0.4531104564666748,0.5468895435333252
84.435129404068,0.431453675031662,0.5685462951660156
84.45258927345276,0.4324605166912079,0.5675395131111145
84.45776891708374,0.43276140093803406,0.5672385692596436
84.46064925193787,0.4329299330711365,0.5670700669288635
84.4611165523529,0.43295732140541077,0.5670427083969116
84.47112941741943,0.43355271220207214,0.5664472579956055
84.47339177131653,0.4336903691291809,0.5663096904754639
84.47636151313782,0.43387189507484436,0.5661280751228333
84.48741006851196,0.43455615639686584,0.5654438138008118
84.49064946174622,0.4347470998764038,0.565252959728241
84.49113130569458,0.43477264046669006,0.5652273297309875
84.49376797676086,0.4349130094051361,0.5650870203971863
84.49695420265198,0.4350733458995819,0.5649266242980957
84.5057122707367,0.4356633424758911,0.5643366575241089
84.51021838188171,0.43606868386268616,0.5639313459396362
84.51764941215515,0.4366305470466614,0.5633695125579834
84.52073049545288,0.4368584454059601,0.5631415247917175
84.52876782417297,0.43744298815727234,0.5625569820404053
84.53413128852844,0.4378376007080078,0.5621623992919922
84.54103493690491,0.4483976364135742,0.5516023635864258
84.54518413543701,0.441554456949234,0.5584455728530884
84.5556468963623,0.4424965977668762,0.5575034022331238
84.55649542808533,0.44259390234947205,0.5574060678482056
84.55676794052124,0.4426252245903015,0.5573747754096985
84.56113147735596,0.44312813878059387,0.5568718910217285
84.56287980079651,0.4276145398616791,0.5723854303359985
84.57230424880981,0.4644976854324341,0.5355023741722107
84.58559465408325,0.466021329164505,0.5339787006378174
84.58964705467224,0.46649906039237976,0.5335009098052979
84.59177374839783,0.46680545806884766,0.5331945419311523
84.59419107437134,0.4672991931438446,0.532700777053833
84.60413265228271,0.4692818522453308,0.530718207359314
84.61009740829468,0.47043517231941223,0.5295647978782654
84.61864686012268,0.472095787525177,0.527904212474823
84.61890816688538,0.4237574636936188,0.5762425065040588
84.62167835235596,0.4510563015937805,0.5489436984062195
84.62777376174927,0.45153865218162537,0.548461377620697
84.63208651542664,0.451776921749115,0.548223078250885
84.640132188797,0.4522395730018616,0.5477604866027832
84.64510893821716,0.4526973366737366,0.5473026633262634
84.64877367019653,0.4530903995037079,0.5469095706939697
84.65717816352844,0.45399805903434753,0.5460019707679749
84.65964579582214,0.45426619052886963,0.5457338094711304
84.66013240814209,0.4543190598487854,0.5456809401512146
84.6758725643158,0.4560474455356598,0.5439525842666626
84.68739867210388,0.45733216404914856,0.5426678657531738
84.69077587127686,0.45771166682243347,0.5422883033752441
84.691645860672,0.4578096568584442,0.5421903133392334
84.70213413238525,0.45899853110313416,0.5410014390945435
84.70566821098328,0.4010142385959625,0.5989857912063599
84.71115303039551,0.41163066029548645,0.5883693695068359
84.71877574920654,0.4113958775997162,0.5886041522026062
84.7206437587738,0.41133490204811096,0.5886651277542114
84.72664594650269,0.4111371338367462,0.5888628363609314
84.73013401031494,0.41102084517478943,0.5889791250228882
84.73386645317078,0.5253284573554993,0.4746715724468231
84.7413239479065,0.480641633272171,0.5193583369255066
84.75564432144165,0.4820794463157654,0.5179206132888794
84.75583267211914,0.48209327459335327,0.5179067254066467
84.76077580451965,0.4824587404727936,0.5175412893295288
84.7657995223999,0.482960969209671,0.5170390605926514
84.77213406562805,0.4837510585784912,0.5162489414215088
84.77874493598938,0.4845812916755676,0.5154187679290771
84.78549718856812,0.42813166975975037,0.5718683004379272
84.78864431381226,0.4401966333389282,0.5598033666610718
84.790776014328,0.44020164012908936,0.5597983598709106
84.7993574142456,0.44021984934806824,0.5597801804542542
84.80013465881348,0.44022130966186523,0.5597786903381348
84.80808210372925,0.4970552325248718,0.5029447674751282
84.8166446685791,0.4537802040576935,0.5462197661399841
84.81910800933838,0.4538433253765106,0.5461567044258118
84.82377600669861,0.45396095514297485,0.5460390448570251
84.83988356590271,0.4543425738811493,0.5456574559211731
84.84113454818726,0.4543721675872803,0.5456278324127197
84.84311890602112,0.3835235834121704,0.6164764165878296
84.85287737846375,0.43324902653694153,0.5667509436607361
84.8587760925293,0.4333677589893341,0.5666322112083435
84.85964250564575,0.43337282538414,0.5666271448135376
84.86913466453552,0.43342822790145874,0.566571831703186
84.86927461624146,0.45665690302848816,0.5433430671691895
84.88764262199402,0.4107274115085602,0.5892726182937622
84.88954997062683,0.44541338086128235,0.55458664894104
84.89377617835999,0.3974909484386444,0.6025090217590332
84.89765191078186,0.3972319960594177,0.6027680039405823
84.90413451194763,0.3967047333717346,0.6032952666282654
84.91026854515076,0.45289188623428345,0.5471081733703613
84.9156424999237,0.4354642927646637,0.5645356774330139
84.92609238624573,0.43541625142097473,0.5645837783813477
84.9287760257721,0.4354189336299896,0.5645810961723328
84.93163394927979,0.4354216158390045,0.5645783543586731
84.93313455581665,0.43542298674583435,0.564577043056488
84.95041537284851,0.4710935056209564,0.528906524181366
84.95764064788818,0.42832064628601074,0.5716793537139893
84.95882725715637,0.42829930782318115,0.5717006921768188
84.9597761631012,0.428282231092453,0.5717177987098694
84.96113467216492,0.42825767397880554,0.5717423558235168
84.9648494720459,0.4281899631023407,0.5718100070953369
84.97546100616455,0.3849784731864929,0.6150215268135071
84.98664045333862,0.42307886481285095,0.5769211053848267
84.98981618881226,0.42306819558143616,0.5769318342208862
84.9927773475647,0.4230582118034363,0.5769417881965637
85.00085592269897,0.42292192578315735,0.577078104019165
85.00213718414307,0.4228942394256592,0.5771057605743408
85.01464056968689,0.42262133955955505,0.5773786306381226
85.01720714569092,0.4225536584854126,0.5774463415145874
85.02277731895447,0.4224056899547577,0.5775943398475647
85.03013706207275,0.4222079813480377,0.5777919888496399
85.03126335144043,0.4221774637699127,0.5778225660324097
85.04877734184265,0.42152225971221924,0.5784777402877808
85.05328845977783,0.4213276207447052,0.5786724090576172
85.05663466453552,0.42118215560913086,0.5788178443908691
85.06310033798218,0.42089879512786865,0.5791012644767761
85.06513714790344,0.4208088219165802,0.5791911482810974
85.07826519012451,0.42014405131340027,0.5798559784889221
85.08563446998596,0.419744074344635,0.580255925655365
85.09077787399292,0.41945767402648926,0.5805423259735107
85.09328579902649,0.44831573963165283,0.5516842603683472
85.09682822227478,0.4304507374763489,0.5695493221282959
85.10214257240295,0.46588099002838135,0.5341190695762634
85.11252665519714,0.46620747447013855,0.5337925553321838
85.11458325386047,0.5056034922599792,0.49439647793769836
85.1146342754364,0.4718594253063202,0.5281405448913574
85.11877775192261,0.472009539604187,0.527990460395813
85.13114261627197,0.47291669249534607,0.5270833373069763
85.13998699188232,0.4736769497394562,0.5263230800628662
85.14913988113403,0.47437241673469543,0.525627613067627
85.1556339263916,0.47490814328193665,0.5250918865203857
85.16077780723572,0.4753365218639374,0.524663507938385
85.16614246368408,0.47578713297843933,0.5242128968238831
85.16837692260742,0.47597602009773254,0.5240240097045898
85.16933393478394,0.47605714201927185,0.5239428281784058
85.17728114128113,0.4767354130744934,0.5232646465301514
85.18463397026062,0.47737303376197815,0.5226269364356995
85.19077944755554,0.4779392182826996,0.5220608115196228
85.19150972366333,0.47800692915916443,0.521993100643158
85.19639205932617,0.47846123576164246,0.5215387940406799
85.20114517211914,0.4789068400859833,0.5210931897163391
85.20462346076965,0.4792349934577942,0.5207650065422058
85.21895742416382,0.4806065857410431,0.5193934440612793
85.22377943992615,0.48107483983039856,0.5189251899719238
85.22663378715515,0.48135361075401306,0.5186464190483093
85.23114514350891,0.4817967712879181,0.5182032585144043
85.23663902282715,0.4823404848575592,0.5176595449447632
85.23778486251831,0.5017921328544617,0.49820786714553833
85.25016045570374,0.5002273917198181,0.4997726082801819
85.25463342666626,0.5230662226676941,0.4769338071346283
85.25977945327759,0.5239646434783936,0.47603538632392883
85.26614499092102,0.5250847935676575,0.4749152362346649
85.26623129844666,0.52510005235672,0.47489991784095764
85.26814198493958,0.5254382491111755,0.4745617210865021
85.27935576438904,0.5274416208267212,0.4725584089756012
85.28698801994324,0.5288228392601013,0.47117719054222107
85.28877806663513,0.5291488170623779,0.47085118293762207
85.2906334400177,0.5294875502586365,0.47051241993904114
85.29238176345825,0.5298075675964355,0.47019246220588684
85.30214500427246,0.5316082835197449,0.4683917164802551
85.31346702575684,0.5337257981300354,0.4662742614746094
85.31568264961243,0.4468723237514496,0.5531277060508728
85.32424092292786,0.5012293457984924,0.4987706243991852
85.32663345336914,0.5013148188591003,0.49868515133857727
85.3321464061737,0.5015174746513367,0.4984825849533081
85.3327784538269,0.5015407800674438,0.49845924973487854
85.3404335975647,0.5018244981765747,0.4981754720211029
85.35258388519287,0.5022802948951721,0.4977196753025055
85.35563135147095,0.5023956298828125,0.4976043403148651
85.35977840423584,0.5025532841682434,0.497446745634079
85.36086463928223,0.5025947690010071,0.4974052309989929
85.36114645004272,0.5026054382324219,0.4973945617675781
85.37548732757568,0.5031576156616211,0.4968423545360565
85.38877725601196,0.5036779046058655,0.49632206559181213
85.3896312713623,0.5037115812301636,0.49628838896751404
85.40098571777344,0.45541250705718994,0.5445874929428101
85.40314936637878,0.4082097113132477,0.5917903184890747
85.40777063369751,0.40740835666656494,0.5925916433334351
85.41908979415894,0.4055686295032501,0.5944314002990723
85.42663145065308,0.4044643044471741,0.5955357551574707
85.42969846725464,0.5064203143119812,0.4935796856880188
85.43077731132507,0.4879949986934662,0.5120050311088562
85.44114947319031,0.4879043400287628,0.5120956897735596
85.44230031967163,0.4878943860530853,0.5121055841445923
85.45426511764526,0.48779305815696716,0.5122069120407104
85.45977735519409,0.48774322867393494,0.5122568011283875
85.46063089370728,0.4877336919307709,0.5122662782669067
85.46216297149658,0.4877166748046875,0.5122833251953125
85.47214937210083,0.4876059889793396,0.5123940706253052
85.48276376724243,0.4876343905925751,0.5123655796051025
85.48606705665588,0.4609474837779999,0.5390525460243225
85.48863077163696,0.47313782572746277,0.5268622040748596
85.48877835273743,0.4731365442276001,0.5268634557723999
85.4911527633667,0.4731161594390869,0.5268838405609131
85.50156354904175,0.4728260338306427,0.5271739959716797
85.51525664329529,0.5308711528778076,0.46912881731987
85.51663088798523,0.5340790748596191,0.46592089533805847
85.53077840805054,0.53543621301651,0.46456378698349
85.53615283966064,0.5359587073326111,0.46404126286506653
85.54110097885132,0.5364431142807007,0.4635569155216217
85.54662919044495,0.5369572639465332,0.4630427956581116
85.55324006080627,0.4743521809577942,0.5256478786468506
85.55762577056885,0.48863688111305237,0.51136314868927
85.55877804756165,0.48861920833587646,0.5113807916641235
85.56190872192383,0.48857128620147705,0.511428713798523
85.56215286254883,0.488567590713501,0.5114324688911438
85.5876293182373,0.4881497919559479,0.5118501782417297
85.58777809143066,0.4881456792354584,0.511854350566864
85.588871717453,0.5510119199752808,0.4489881098270416
85.59123277664185,0.5510141253471375,0.44898584485054016
85.60377335548401,0.469344824552536,0.5306552052497864
85.60415506362915,0.4692935347557068,0.5307064652442932
85.61204433441162,0.4793851673603058,0.5206148028373718
85.61662936210632,0.47897619009017944,0.5210238099098206
85.62288475036621,0.4785030782222748,0.5214969515800476
85.62877821922302,0.4780474603176117,0.5219525694847107
85.63215494155884,0.4777357876300812,0.5222642421722412
85.6420910358429,0.47677555680274963,0.523224413394928
85.65739011764526,0.5266035795211792,0.4733963906764984
85.65962839126587,0.46778544783592224,0.5322145819664001
85.65977811813354,0.46776601672172546,0.5322340130805969
85.66115474700928,0.4675873816013336,0.5324126482009888
85.66232991218567,0.46743446588516235,0.5325655937194824
85.67914390563965,0.46521812677383423,0.5347818732261658
85.68777990341187,0.4640581011772156,0.5359418988227844
85.69062852859497,0.4636722803115845,0.5363277196884155
85.69141507148743,0.45607855916023254,0.5439214706420898
85.69967865943909,0.4622621238231659,0.5377379059791565
85.70315456390381,0.46176213026046753,0.5382379293441772
85.71182775497437,0.46050313115119934,0.539496898651123
85.72562837600708,0.4586818516254425,0.5413181781768799
85.73069405555725,0.45810389518737793,0.5418961644172668
85.73177981376648,0.4579600393772125,0.5420399308204651
85.73215460777283,0.45791035890579224,0.5420897006988525
85.7336585521698,0.4577105641365051,0.5422894358634949
85.75101113319397,0.4553760588169098,0.5446239709854126
85.75562691688538,0.4547455310821533,0.5452544689178467
85.75977993011475,0.45418432354927063,0.545815646648407
85.76292204856873,0.4537924528121948,0.5462075471878052
85.7731544971466,0.4525059461593628,0.5474940538406372
85.77480864524841,0.4522964358329773,0.5477035641670227
85.78328132629395,0.4173327088356018,0.5826672911643982
85.78977727890015,0.45763784646987915,0.5423622131347656
85.79062700271606,0.45757898688316345,0.5424210429191589
85.79829525947571,0.4448579251766205,0.5551420450210571
85.8011565208435,0.4769483506679535,0.5230516791343689
85.80608439445496,0.4768321216106415,0.5231679081916809
85.80611753463745,0.49878984689712524,0.5012102127075195
85.81777739524841,0.4843136966228485,0.5156863331794739
85.8210825920105,0.4842257797718048,0.5157742500305176
85.82762694358826,0.4843065142631531,0.5156934857368469
85.82912158966064,0.4843256175518036,0.515674352645874
85.83715653419495,0.4843308925628662,0.5156691074371338
85.8430233001709,0.48429858684539795,0.515701413154602
85.85204124450684,0.48425358533859253,0.5157464146614075
85.85662865638733,0.48423299193382263,0.5157670378684998
85.86169195175171,0.48420748114585876,0.5157924890518188
85.86177730560303,0.4842071235179901,0.5157929062843323
85.8711564540863,0.4841846823692322,0.5158153176307678
85.87120413780212,0.4841846823692322,0.5158153176307678
85.88562846183777,0.48404520750045776,0.5159547924995422
85.88777732849121,0.48396483063697815,0.5160351991653442
85.89477920532227,0.48372119665145874,0.5162788033485413
85.89678812026978,0.4836879372596741,0.5163120627403259
85.90115571022034,0.48361629247665405,0.516383707523346
85.91578245162964,0.483233779668808,0.5167662501335144
85.92062878608704,0.4830874502658844,0.516912579536438
85.92620706558228,0.4829193949699402,0.5170806646347046
85.92977738380432,0.4828120470046997,0.5171879529953003
85.93515586853027,0.4826507568359375,0.5173493027687073
85.9384834766388,0.46474188566207886,0.5352581739425659
85.9543468952179,0.4867331087589264,0.5132668614387512
85.95562791824341,0.5200350880622864,0.479964941740036
85.95917415618896,0.5202468633651733,0.47975319623947144
85.95977735519409,0.5202831029891968,0.4797169268131256
85.9631552696228,0.5204870700836182,0.4795129895210266
85.96711111068726,0.5207281112670898,0.47927191853523254
85.97619867324829,0.5212291479110718,0.47877082228660583
85.98777651786804,0.5217410326004028,0.47825899720191956
85.9892041683197,0.5218052864074707,0.4781947135925293
85.9906280040741,0.5218695402145386,0.4781304895877838
86.00515913963318,0.5225396752357483,0.4774603843688965
86.0143895149231,0.5229973196983337,0.47700273990631104
86.02066659927368,0.4784405529499054,0.5215594172477722
86.02692985534668,0.4903200566768646,0.5096799731254578
86.02762794494629,0.4902578294277191,0.5097421407699585
86.0287766456604,0.49015530943870544,0.5098447203636169
86.03315925598145,0.48976290225982666,0.5102370977401733
86.05524849891663,0.48778077960014343,0.512219250202179
86.05663013458252,0.48767444491386414,0.5123255848884583
86.06077647209167,0.4873543679714203,0.5126456022262573
86.07015919685364,0.4866248667240143,0.5133751630783081
86.0717830657959,0.4864979088306427,0.5135020613670349
86.08362460136414,0.48556986451148987,0.5144301056861877
86.08562994003296,0.4854263365268707,0.5145736932754517
86.08777666091919,0.48527246713638306,0.5147275924682617
86.09864234924316,0.48448848724365234,0.5155115723609924
86.1041612625122,0.48408713936805725,0.5159128308296204
86.10690402984619,0.4838869869709015,0.5161130428314209
86.11462998390198,0.4833509624004364,0.516649067401886
86.11877632141113,0.4830716550350189,0.5169283747673035
86.11888694763184,0.47061872482299805,0.5293813347816467
86.13416147232056,0.4461982846260071,0.5538017749786377
86.1349196434021,0.4460861384868622,0.5539138913154602
86.14008402824402,0.44531920552253723,0.5546807646751404
86.15525197982788,0.5686348676681519,0.43136516213417053
86.1556305885315,0.5747910737991333,0.4252089858055115
86.15977644920349,0.575212836265564,0.42478716373443604
86.16470313072205,0.5757164359092712,0.42428359389305115
86.1689920425415,0.5761569738388062,0.42384305596351624
86.17016124725342,0.5762773752212524,0.42372262477874756
86.18463063240051,0.5777797102928162,0.42222028970718384
86.18525648117065,0.5778452157974243,0.42215481400489807
86.18977332115173,0.5783190727233887,0.4216809570789337
86.19591093063354,0.5789663791656494,0.421033650636673
86.20616412162781,0.5799828171730042,0.42001715302467346
86.21099352836609,0.5328383445739746,0.46716171503067017
86.21771836280823,0.5701978802680969,0.42980214953422546
86.21963047981262,0.5702880620956421,0.4297119677066803
86.22368884086609,0.5836066007614136,0.41639336943626404
86.22377324104309,0.5859488844871521,0.4140511751174927
86.2341639995575,0.5871288180351257,0.4128711521625519
86.24285864830017,0.58812415599823,0.41187581419944763
86.25462985038757,0.5894834399223328,0.4105165898799896
86.25566935539246,0.5896040201187134,0.4103959798812866
86.25777316093445,0.5898486971855164,0.41015133261680603
86.26127862930298,0.49710848927497864,0.5028915405273438
86.26216411590576,0.5167252421379089,0.4832747280597687
86.27331590652466,0.516573429107666,0.483426570892334
86.27542543411255,0.5495797395706177,0.45042023062705994
86.28319382667542,0.5473103523254395,0.45268967747688293
86.29016757011414,0.4935469925403595,0.5064530372619629
86.29062986373901,0.49351492524147034,0.506485104560852
86.29277420043945,0.49336594343185425,0.5066340565681458
86.2990927696228,0.49295303225517273,0.5070469975471497
86.31212401390076,0.517475426197052,0.4825246036052704
86.31862926483154,0.5282301306724548,0.47176989912986755
86.3260235786438,0.5285375714302063,0.4714624583721161
86.3287742137909,0.5286530256271362,0.47134700417518616
86.3327145576477,0.52881920337677,0.47118085622787476
86.33616757392883,0.5289657115936279,0.47103431820869446
86.34327697753906,0.57457035779953,0.4254296123981476
86.35563039779663,0.5140562653541565,0.4859437644481659
86.35877418518066,0.5140047669410706,0.4859952926635742
86.36303186416626,0.513934850692749,0.486065149307251
86.37016773223877,0.5138177871704102,0.48618224263191223
86.37197804450989,0.5137879252433777,0.4862120449542999
86.38649153709412,0.47609174251556396,0.5239083170890808
86.38863039016724,0.44891878962516785,0.5510812401771545
86.39277076721191,0.44826415181159973,0.5517358779907227
86.39538860321045,0.44781750440597534,0.5521824955940247
86.40016984939575,0.44697052240371704,0.553029477596283
86.41755056381226,0.4436064064502716,0.556393563747406
86.42463040351868,0.4421692490577698,0.5578307509422302
86.42977046966553,0.44112277030944824,0.5588772892951965
86.43251609802246,0.44056081771850586,0.5594391822814941
86.43516969680786,0.44001585245132446,0.5599842071533203
86.44248461723328,0.43850409984588623,0.5614959597587585
86.4527952671051,0.43629828095436096,0.5637017488479614
86.4577705860138,0.43532082438468933,0.5646791458129883
86.45962858200073,0.4349859654903412,0.5650140047073364
86.4731695652008,0.4322877824306488,0.5677121877670288
86.47844886779785,0.4312055706977844,0.5687944889068604
86.48762845993042,0.429308146238327,0.5706918835639954
86.4921715259552,0.42836153507232666,0.5716384649276733
86.49377298355103,0.42802679538726807,0.5719732046127319
86.49826145172119,0.42708510160446167,0.5729148983955383
86.50699853897095,0.423962265253067,0.5760377049446106
86.51562857627869,0.4332851469516754,0.566714882850647
86.51949620246887,0.43262210488319397,0.5673779249191284
86.52877306938171,0.4310230314731598,0.5689769983291626
86.52904939651489,0.48319610953330994,0.5168039202690125
86.53317141532898,0.45537465810775757,0.5446253418922424
86.53995752334595,0.4543823003768921,0.5456176996231079
86.55077290534973,0.45282620191574097,0.547173798084259
86.55408215522766,0.45245078206062317,0.5475492477416992
86.55862736701965,0.45188793540000916,0.5481120944023132
86.5666606426239,0.4508697986602783,0.5491302013397217
86.56949067115784,0.45051246881484985,0.5494875907897949
86.57017135620117,0.45042648911476135,0.549573540687561
86.58629107475281,0.44838112592697144,0.5516188740730286
86.58662724494934,0.44833818078041077,0.5516618490219116
86.59116816520691,0.4477579593658447,0.5522420406341553
86.592768907547,0.4475530683994293,0.5524469614028931
86.59824395179749,0.44685062766075134,0.5531493425369263
86.60940217971802,0.4454110562801361,0.5545889139175415
86.61106324195862,0.4451960027217865,0.5548040270805359
86.62176895141602,0.4438035190105438,0.5561965107917786
86.62589311599731,0.4432644546031952,0.5567355751991272
86.6276273727417,0.44303739070892334,0.5569626092910767
86.63316822052002,0.44231000542640686,0.5576900243759155
86.63669872283936,0.4418822228908539,0.5581178069114685
86.64955639839172,0.4646568298339844,0.5353431701660156
86.64976906776428,0.45276913046836853,0.5472308397293091
86.65462899208069,0.4524296224117279,0.5475703477859497
86.65668034553528,0.4516184628009796,0.5483815670013428
86.6611680984497,0.5004390478134155,0.49956098198890686
86.66371989250183,0.5005396008491516,0.49946045875549316
86.67621421813965,0.5009586811065674,0.4990413188934326
86.68462896347046,0.50110924243927,0.49889075756073
86.68989300727844,0.5012090802192688,0.4987909197807312
86.69276738166809,0.5012676119804382,0.49873238801956177
86.69300484657288,0.5012719035148621,0.49872809648513794
86.70317125320435,0.5013827681541443,0.4986172616481781
86.71009826660156,0.50146484375,0.4985352158546448
86.71962904930115,0.5015863180160522,0.49841371178627014
86.72076725959778,0.5016014575958252,0.4983985126018524
86.7264997959137,0.5116713643074036,0.48832863569259644
86.73139500617981,0.4938746392726898,0.5061253905296326
86.73217153549194,0.49384161829948425,0.5061583518981934
86.74564170837402,0.49326565861701965,0.506734311580658
86.75076746940613,0.4930441081523895,0.5069559216499329
86.75562644004822,0.4928223192691803,0.5071776509284973
86.75875926017761,0.49267902970314026,0.5073210000991821
86.76017141342163,0.4926143288612366,0.5073856711387634
86.77552795410156,0.4919062852859497,0.5080937743186951
86.78462648391724,0.4914759695529938,0.5085240006446838
86.79167175292969,0.4911385178565979,0.5088615417480469
86.79176831245422,0.4911338686943054,0.5088661909103394
86.80070400238037,0.4907030761241913,0.5092969536781311
86.80217480659485,0.4906318485736847,0.5093681216239929
86.81509304046631,0.48747241497039795,0.512527585029602
86.81962633132935,0.480426549911499,0.519573450088501
86.81976866722107,0.4804145395755768,0.5195854902267456
86.82183313369751,0.48024046421051025,0.5197595357894897
86.83117485046387,0.47944700717926025,0.5205529928207397
86.83175325393677,0.47939759492874146,0.5206024050712585
86.8421003818512,0.5648684501647949,0.4351315498352051
86.84976840019226,0.49915260076522827,0.5008473992347717
86.8514518737793,0.49904897809028625,0.5009510517120361
86.85462880134583,0.49885278940200806,0.5011472702026367
86.85861897468567,0.4986056685447693,0.5013943910598755
86.86117506027222,0.49844682216644287,0.5015532374382019
86.87783145904541,0.4974021017551422,0.5025979280471802
86.8883147239685,0.49681487679481506,0.5031851530075073
86.89062905311584,0.4967043697834015,0.5032956600189209
86.89076447486877,0.4966979920864105,0.5033019781112671
86.89453625679016,0.48648545145988464,0.513514518737793
86.90217685699463,0.4796155095100403,0.5203845500946045
86.91676759719849,0.4776032269001007,0.5223968029022217
86.91876459121704,0.4773573875427246,0.5226426720619202
86.92562866210938,0.47650808095932007,0.5234919786453247
86.92917680740356,0.4760662615299225,0.5239337682723999
86.9305374622345,0.5704370737075806,0.42956292629241943
86.94309711456299,0.48737770318984985,0.5126222968101501
86.95562934875488,0.48617082834243774,0.5138291716575623
86.95592594146729,0.4861421585083008,0.5138578414916992
86.95769000053406,0.45593395829200745,0.5440660715103149
86.96276450157166,0.4716885983943939,0.5283113718032837
86.96617674827576,0.47125014662742615,0.5287498831748962
86.97957706451416,0.4695126712322235,0.5304872989654541
86.98463582992554,0.4843834340572357,0.5156165957450867
86.98862934112549,0.43056878447532654,0.5694312453269958
86.98976516723633,0.43037959933280945,0.5696203708648682
86.9955370426178,0.4686410129070282,0.5313590168952942
87.00017857551575,0.4092206060886383,0.5907794237136841
87.00365614891052,0.40855416655540466,0.5914458632469177
87.01534938812256,0.49812087416648865,0.501879096031189
87.01876497268677,0.47609129548072815,0.5239087343215942
87.02462935447693,0.4756278693675995,0.5243721008300781
87.02497625350952,0.4756004810333252,0.5243995785713196
87.02780485153198,0.47537603974342346,0.5246239900588989
87.03517866134644,0.47478872537612915,0.5252112746238708
87.04120945930481,0.518990695476532,0.48100927472114563
87.04759645462036,0.4609048366546631,0.5390951633453369
87.05963277816772,0.4596557915210724,0.5403441786766052
87.05976486206055,0.4596419632434845,0.5403580665588379
87.06856346130371,0.4587196111679077,0.5412803888320923
87.07017874717712,0.45854946970939636,0.541450560092926
87.0820050239563,0.4344034492969513,0.5655965805053711
87.08879494667053,0.4289496839046478,0.5710502862930298
87.08976292610168,0.42877164483070374,0.5712283849716187
87.09063291549683,0.42861154675483704,0.5713884234428406
87.1019983291626,0.4265051782131195,0.5734947919845581
87.10518169403076,0.4259103834629059,0.5740896463394165
87.10820579528809,0.4253433346748352,0.5746567249298096
87.11763286590576,0.42364412546157837,0.5763558745384216
87.13076305389404,0.4213094711303711,0.5786905288696289
87.13618159294128,0.42040932178497314,0.5795906782150269
87.13802742958069,0.4201071262359619,0.5798928737640381
87.1488037109375,0.41833293437957764,0.5816671252250671
87.15872359275818,0.41668471693992615,0.5833152532577515
87.15876293182373,0.41667816042900085,0.5833218693733215
87.15963292121887,0.4165329337120056,0.5834670662879944
87.168625831604,0.4150252640247345,0.5849747657775879
87.17018175125122,0.41476327180862427,0.5852367281913757
87.18763279914856,0.41180068254470825,0.5881993174552917
87.18876314163208,0.4116072654724121,0.5883927941322327
87.18983626365662,0.43886345624923706,0.5611366033554077
87.2001850605011,0.4179910719394684,0.5820088982582092
87.20074987411499,0.46376052498817444,0.536239504814148
87.20816779136658,0.48947060108184814,0.5105293989181519
87.21563291549683,0.4892773926258087,0.5107226371765137
87.22376298904419,0.4890686571598053,0.5109313130378723
87.23374915122986,0.5436805486679077,0.45631951093673706
87.23518514633179,0.4917301833629608,0.5082698464393616
87.24240398406982,0.4916973412036896,0.5083026885986328
87.25863337516785,0.49129387736320496,0.5087061524391174
87.26076292991638,0.49119898676872253,0.5088010430335999
87.26416015625,0.4910791516304016,0.5089208483695984
87.2721848487854,0.49092772603034973,0.5090723037719727
87.28663325309753,0.4906938970088959,0.5093061327934265
87.29376435279846,0.4905814230442047,0.5094186067581177
87.30118680000305,0.49045616388320923,0.5095438361167908
87.31563329696655,0.4901594817638397,0.5098404884338379
87.33076405525208,0.48985472321510315,0.5101452469825745
87.33618688583374,0.48974698781967163,0.5102530121803284
87.34525799751282,0.4895683825016022,0.5104316473007202
87.34977102279663,0.48948031663894653,0.5105196833610535
87.3576352596283,0.489327996969223,0.5106719732284546
87.35781192779541,0.4893245995044708,0.5106754302978516
87.3587646484375,0.4893062710762024,0.5106937289237976
87.37047052383423,0.4890826642513275,0.5109173059463501
87.37218689918518,0.4890501797199249,0.5109497904777527
87.38657593727112,0.4887804687023163,0.5112195014953613
87.38663530349731,0.48877930641174316,0.5112206935882568
87.39127779006958,0.48869332671165466,0.5113067030906677
87.3957633972168,0.48861071467399597,0.5113892555236816
87.40118718147278,0.4885113537311554,0.511488676071167
87.40576171875,0.4884282648563385,0.5115717649459839
87.41382694244385,0.48831984400749207,0.5116801857948303
87.421635389328,0.4883217513561249,0.5116782188415527
87.42496919631958,0.5775650143623352,0.4224349856376648
87.42976331710815,0.5437952280044556,0.45620474219322205
87.43374633789062,0.5691542029380798,0.43084585666656494
87.43618702888489,0.5896895527839661,0.41031044721603394
87.4434962272644,0.590980052947998,0.40901991724967957
87.45025777816772,0.5921832323074341,0.4078167676925659
87.45663547515869,0.5933282971382141,0.4066717326641083
87.45976328849792,0.5938934087753296,0.406106561422348
87.46655225753784,0.5951281785964966,0.40487179160118103
87.47118711471558,0.5959774255752563,0.40402254462242126
87.47819328308105,0.5972710251808167,0.40272900462150574
87.4857747554779,0.4646114110946655,0.5353885889053345
87.48746275901794,0.5350742936134338,0.46492570638656616
87.49163484573364,0.5351522564888,0.46484774351119995
87.49276542663574,0.5351734757423401,0.4648264944553375
87.49759125709534,0.5352639555931091,0.46473607420921326
87.50118589401245,0.5353313088417053,0.46466872096061707
87.50703597068787,0.5354412794113159,0.46455875039100647
87.51963520050049,0.5356786251068115,0.4643213748931885
87.52085995674133,0.5357017517089844,0.4642982482910156
87.52876543998718,0.5358512997627258,0.46414873003959656
87.53518581390381,0.5359728336334229,0.46402719616889954
87.53601002693176,0.535988450050354,0.4640115201473236
87.55461573600769,0.5363418459892273,0.4636581242084503
87.55563616752625,0.5363612771034241,0.46363869309425354
87.55636525154114,0.5363751649856567,0.46362489461898804
87.56476545333862,0.5365352034568787,0.46346479654312134
87.569020986557,0.4859989881515503,0.5140010118484497
87.572185754776,0.4871179163455963,0.5128821134567261
87.57920575141907,0.486558735370636,0.5134413242340088
87.58862090110779,0.48579904437065125,0.5142009854316711
87.5896360874176,0.48571643233299255,0.5142835974693298
87.59076285362244,0.48562467098236084,0.5143753290176392
87.5921881198883,0.4855083227157593,0.5144916772842407
87.59724235534668,0.6140719652175903,0.38592803478240967
87.6074800491333,0.5994137525558472,0.40058621764183044
87.61860656738281,0.6007874011993408,0.39921262860298157
87.61863613128662,0.6007909774780273,0.39920899271965027
87.62076306343079,0.6010549664497375,0.39894503355026245
87.6273512840271,0.6018758416175842,0.39812418818473816
87.63418817520142,0.602732241153717,0.39726775884628296
87.64409399032593,0.603981614112854,0.3960183560848236
87.64876246452332,0.6045739650726318,0.39542603492736816
87.6493706703186,0.5093892812728882,0.4906107783317566
87.65963506698608,0.5822239518165588,0.41777607798576355
87.660320520401,0.5822808742523193,0.41771915555000305
87.6621880531311,0.5824359059333801,0.41756412386894226
87.6822600364685,0.6432488560676575,0.3567511737346649
87.68763494491577,0.6299365758895874,0.370063453912735
87.69176316261292,0.6306037306785583,0.36939629912376404
87.69310712814331,0.6308213472366333,0.3691786825656891
87.70519018173218,0.6327871084213257,0.3672128915786743
87.71563506126404,0.6344994902610779,0.3655005395412445
87.71976327896118,0.6351795792579651,0.3648203909397125
87.720046043396,0.635226309299469,0.3647737503051758
87.72474026679993,0.5088430643081665,0.4911569654941559
87.73064184188843,0.5277731418609619,0.4722268879413605
87.73219013214111,0.5277389287948608,0.47226107120513916
87.74082803726196,0.6265693306922913,0.37343066930770874
87.7488145828247,0.6861258745193481,0.31387409567832947
87.75600218772888,0.6251775622367859,0.3748224675655365
87.75763821601868,0.6251046061515808,0.3748954236507416
87.76076316833496,0.6249646544456482,0.3750354051589966
87.76219010353088,0.6249005198478699,0.37509945034980774
87.77281475067139,0.6358954310417175,0.36410459876060486
87.7866382598877,0.6304172873497009,0.36958274245262146
87.78976106643677,0.6303293108940125,0.36967065930366516
87.79116797447205,0.630289614200592,0.36971038579940796
87.79742360115051,0.6301120519638062,0.36988797783851624
87.80319237709045,0.6299471259117126,0.37005287408828735
87.80533504486084,0.6419810652732849,0.3580189645290375
87.8177604675293,0.6152100563049316,0.38478997349739075
87.82063817977905,0.6150983572006226,0.38490167260169983
87.82358431816101,0.6149683594703674,0.3850316107273102
87.83119249343872,0.6145652532577515,0.38543474674224854
87.83274126052856,0.6144776940345764,0.3855223059654236
87.84983015060425,0.5531726479530334,0.44682735204696655
87.85469317436218,0.6001837253570557,0.39981627464294434
87.855637550354,0.6001077890396118,0.3998922109603882
87.85976076126099,0.5998088121414185,0.4001912474632263
87.86619257926941,0.5993446707725525,0.4006552994251251
87.87149691581726,0.598957896232605,0.401042103767395
87.87963652610779,0.5983573198318481,0.40164273977279663
87.8887619972229,0.5976736545562744,0.4023263156414032
87.89063739776611,0.597531795501709,0.4024682343006134
87.90034580230713,0.596790075302124,0.403209924697876
87.90119647979736,0.5967245101928711,0.4032755196094513
87.91642689704895,0.595527708530426,0.4044722616672516
87.92663741111755,0.5947037935256958,0.4052962064743042
87.92909789085388,0.5945031046867371,0.40549686551094055
87.93119645118713,0.5943313241004944,0.4056686758995056
87.93176198005676,0.5942850112915039,0.4057150185108185
87.94507265090942,0.5931807160377502,0.40681931376457214
87.95563673973083,0.5922874212265015,0.4077126383781433
87.95807576179504,0.6097381711006165,0.3902618885040283
87.95976209640503,0.6117123365402222,0.3882876932621002
87.96619653701782,0.6114989519119263,0.38850104808807373
87.96867251396179,0.5750028491020203,0.4249971807003021
87.97404527664185,0.6278313398361206,0.372168630361557
87.98975849151611,0.6283425688743591,0.3716574013233185
87.99063658714294,0.62837153673172,0.37162846326828003
88.00119686126709,0.628724217414856,0.37127581238746643
88.0022840499878,0.6443990468978882,0.3556009829044342
88.0130205154419,0.6438800096511841,0.3561200201511383
88.01963663101196,0.6439651846885681,0.3560348451137543
88.02275848388672,0.644005298614502,0.35599473118782043
88.02355885505676,0.6440156102180481,0.3559843897819519
88.03019714355469,0.6441004276275635,0.35589954257011414
88.03504085540771,0.644162118434906,0.3558379113674164
88.05563688278198,0.64449542760849,0.3555046319961548
88.05875849723816,0.6445484161376953,0.35545164346694946
88.06019711494446,0.6445727944374084,0.35542726516723633
88.06119847297668,0.6445898413658142,0.3554101884365082
88.06927919387817,0.6447546482086182,0.3552453815937042
88.08185958862305,0.645107626914978,0.35489240288734436
88.09035277366638,0.6453942060470581,0.3546058237552643
88.09063696861267,0.6454038619995117,0.35459619760513306
88.09375786781311,0.6455096006393433,0.35449036955833435
88.09665632247925,0.6456082463264465,0.35439175367355347
88.10219955444336,0.6457972526550293,0.3542027473449707
88.10783433914185,0.645990252494812,0.3540097177028656
88.11963701248169,0.6463057398796082,0.35369428992271423
88.12195587158203,0.6463665962219238,0.3536333739757538
88.12813639640808,0.6458715200424194,0.35412850975990295
88.1287579536438,0.6459049582481384,0.3540950417518616
88.14019966125488,0.64649897813797,0.35350102186203003
88.1467707157135,0.6468443870544434,0.35315561294555664
88.14927124977112,0.6310018301010132,0.3689981997013092
88.14975786209106,0.6801923513412476,0.31980761885643005
88.15663695335388,0.6809472441673279,0.3190528154373169
88.15718054771423,0.6810071468353271,0.31899288296699524
88.1601996421814,0.6813403964042664,0.31865963339805603
88.1851453781128,0.6842747330665588,0.31572529673576355
88.19008445739746,0.6848873496055603,0.3151126801967621
88.19163703918457,0.6850805282592773,0.31491947174072266
88.19175696372986,0.6850954294204712,0.3149046003818512
88.19505047798157,0.6855398416519165,0.3144601583480835
88.2042007446289,0.6867944002151489,0.31320562958717346
88.21963691711426,0.6889368891716003,0.31106311082839966
88.21975684165955,0.6889536380767822,0.3110463321208954
88.22058033943176,0.5937783718109131,0.4062215983867645
88.2240207195282,0.6606281995773315,0.33937180042266846
88.23120045661926,0.6611699461936951,0.33883005380630493
88.23679256439209,0.6615926027297974,0.33840736746788025
88.24909257888794,0.6625248789787292,0.33747509121894836
88.26020073890686,0.6633696556091309,0.33663037419319153
88.261634349823,0.6634789109230042,0.33652105927467346
88.26175689697266,0.6634882688522339,0.3365117609500885
88.26829862594604,0.6639871597290039,0.3360128402709961
88.2815043926239,0.6649971008300781,0.33500292897224426
88.28976011276245,0.6656249761581421,0.3343750238418579
88.29063439369202,0.665684700012207,0.3343152701854706
88.29356956481934,0.6658847332000732,0.33411523699760437
88.30120205879211,0.6663960218429565,0.33360397815704346
88.3052625656128,0.607842206954956,0.39215782284736633
88.3186342716217,0.6387560367584229,0.36124393343925476
88.32448744773865,0.6386956572532654,0.361304372549057
88.32476019859314,0.6386927366256714,0.3613073229789734
88.32947897911072,0.6386403441429138,0.36135968565940857
88.33606839179993,0.7069840431213379,0.2930159568786621
88.3362021446228,0.6829328536987305,0.31706711649894714
88.3476333618164,0.6843796372413635,0.31562039256095886
88.35976004600525,0.6859241724014282,0.3140758275985718
88.37220215797424,0.687519371509552,0.3124806582927704
88.37792301177979,0.6882562637329102,0.31174376606941223
88.38863325119019,0.6896417737007141,0.3103581964969635
88.3886661529541,0.6896460652351379,0.31035393476486206
88.39476704597473,0.6904386281967163,0.3095613420009613
88.4002046585083,0.6912001967430115,0.3087998032569885
88.40239334106445,0.6915310025215149,0.3084689974784851
88.41663336753845,0.6938015818595886,0.306198388338089
88.43076705932617,0.6960744857788086,0.3039255440235138
88.4372045993805,0.6972302198410034,0.3027697801589966
88.44563007354736,0.6987468600273132,0.30125316977500916
88.45076704025269,0.69964200258255,0.3003580570220947
88.4639801979065,0.5813042521476746,0.4186957776546478
88.46420454978943,0.6846009492874146,0.31539905071258545
88.46968746185303,0.6853598952293396,0.314640074968338
88.48180913925171,0.7358811497688293,0.26411882042884827
88.48863005638123,0.7071515917778015,0.2928483784198761
88.49080181121826,0.707334578037262,0.29266542196273804
88.49276924133301,0.7075002193450928,0.2924997806549072
88.49890565872192,0.7080165147781372,0.2919834852218628
88.50120449066162,0.708209753036499,0.29179027676582336
88.51115345954895,0.5170652270317078,0.48293474316596985
88.51563000679016,0.5556914806365967,0.4443085193634033
88.51923203468323,0.555435836315155,0.4445641338825226
88.5207691192627,0.5553264617919922,0.4446735382080078
88.52347087860107,0.5938270092010498,0.4061729609966278
88.53420448303223,0.5409595370292664,0.45904046297073364
88.53526210784912,0.5780819058418274,0.4219181537628174
88.55108547210693,0.5141768455505371,0.4858231246471405
88.55763244628906,0.5128536224365234,0.48714643716812134
88.56004786491394,0.5683302879333496,0.4316697418689728
88.5627691745758,0.5571036338806152,0.4428963363170624
88.56620454788208,0.556846022605896,0.443153977394104
88.56992602348328,0.556566059589386,0.4434339702129364
88.57675218582153,0.5560494661331177,0.4439505934715271
88.58663249015808,0.5552952885627747,0.44470471143722534
88.59052205085754,0.5742499232292175,0.4257500469684601
88.59076476097107,0.5439594984054565,0.45604050159454346
88.60120892524719,0.543086051940918,0.45691391825675964
88.602947473526,0.5429396629333496,0.457060307264328
88.6100172996521,0.542341411113739,0.4576586186885834
88.61876487731934,0.5415945649147034,0.458405464887619
88.62863254547119,0.5407434105873108,0.4592565894126892
88.63020873069763,0.5406064987182617,0.45939353108406067
88.63544654846191,0.5042243003845215,0.49577566981315613
88.64915084838867,0.5226098895072937,0.4773901402950287
88.65763258934021,0.5216655731201172,0.4783344566822052
88.65842604637146,0.5215767025947571,0.47842326760292053
88.66076493263245,0.5213143825531006,0.4786856174468994
88.6652090549469,0.5208141803741455,0.4791858196258545
88.67054486274719,0.5202101469039917,0.4797899127006531
88.67903923988342,0.5191767811775208,0.480823278427124
88.6856324672699,0.5183559656143188,0.48164403438568115
88.68763494491577,0.5181053876876831,0.4818946421146393
88.68876338005066,0.5179638862609863,0.48203614354133606
88.70021200180054,0.516517698764801,0.48348236083984375
88.70974516868591,0.5152153372764587,0.48478469252586365
88.71963500976562,0.5136485695838928,0.48635149002075195
88.71976327896118,0.513626217842102,0.48637378215789795
88.72063255310059,0.5134750008583069,0.4865250289440155
88.72865343093872,0.5380622148513794,0.4619378447532654
88.73521184921265,0.5333963632583618,0.4666036069393158
88.75089192390442,0.5321299433708191,0.4678700864315033
88.75563097000122,0.531744658946991,0.4682553708553314
88.75876331329346,0.5314893126487732,0.4685107171535492
88.7671320438385,0.5752915740013123,0.42470845580101013
88.77021193504333,0.5697920322418213,0.4302079975605011
88.77460193634033,0.569817304611206,0.43018272519111633
88.78563094139099,0.5699045658111572,0.43009546399116516
88.78690266609192,0.5699241161346436,0.43007588386535645
88.79376316070557,0.5700317621231079,0.4299682378768921
88.79648613929749,0.5700753927230835,0.4299246072769165
88.80621433258057,0.5702494382858276,0.42975056171417236
88.8069498538971,0.5702629089355469,0.4297370910644531
88.81742596626282,0.5704594850540161,0.4295404851436615
88.81963086128235,0.5705019235610962,0.4294981062412262
88.829763174057,0.5707013607025146,0.42929863929748535
88.83652472496033,0.5708388090133667,0.4291612207889557
88.84067606925964,0.5709238648414612,0.4290761649608612
88.84121417999268,0.5709346532821655,0.42906540632247925
88.84762907028198,0.5710638761520386,0.4289361536502838
88.85019636154175,0.5711164474487305,0.4288835823535919
88.86376333236694,0.5714021921157837,0.4285977780818939
88.86836886405945,0.5715022087097168,0.4284977614879608
88.87221431732178,0.5716167092323303,0.4283832609653473
88.88864731788635,0.5719565153121948,0.42804351449012756
88.88962912559509,0.5719506144523621,0.42804938554763794
88.89121747016907,0.5719411373138428,0.4280588924884796
88.89176368713379,0.5719377398490906,0.4280622899532318
88.90100932121277,0.555007815361023,0.44499221444129944
88.91070604324341,0.5867317914962769,0.41326820850372314
88.91385245323181,0.5737296938896179,0.4262703061103821
88.91762900352478,0.6346402168273926,0.36535975337028503
88.91976380348206,0.6349000930786133,0.3650999367237091
88.93186807632446,0.6363868713378906,0.3636131286621094
88.93521738052368,0.6368021965026855,0.36319780349731445
88.94062399864197,0.6374762654304504,0.36252373456954956
88.95839166641235,0.6397222876548767,0.3602776825428009
88.96162724494934,0.6401363611221313,0.35986360907554626
88.96176385879517,0.6401539444923401,0.3598460853099823
88.96499276161194,0.640568733215332,0.35943126678466797
88.97021746635437,0.6412456631660461,0.35875430703163147
88.9804584980011,0.5825749039649963,0.41742512583732605
88.98762726783752,0.5947098135948181,0.4052902162075043
88.98958849906921,0.5948280096054077,0.4051719903945923
88.98976397514343,0.594838559627533,0.40516147017478943
89.00021982192993,0.595470130443573,0.404529869556427
89.00750303268433,0.5958973169326782,0.4041026830673218
89.01762747764587,0.5965191721916199,0.4034808278083801
89.01789379119873,0.5965358018875122,0.4034641683101654
89.0197639465332,0.5966529250144958,0.40334704518318176
89.02693462371826,0.597141444683075,0.40285852551460266
89.03621983528137,0.5974436402320862,0.4025563895702362
89.05107235908508,0.5977997183799744,0.4022003412246704
89.05762338638306,0.5979553461074829,0.4020446836948395
89.05776834487915,0.5979587435722351,0.4020412266254425
89.06276392936707,0.5980768203735352,0.40192320942878723
89.07021975517273,0.5982519388198853,0.40174806118011475
89.08218812942505,0.585500180721283,0.41449981927871704
89.08562326431274,0.5811032056808472,0.4188968539237976
89.08976435661316,0.5810737013816833,0.41892626881599426
89.09121942520142,0.5810630321502686,0.41893693804740906
89.11876440048218,0.5808312892913818,0.41916874051094055
89.12062335014343,0.5808135271072388,0.41918647289276123
89.13421940803528,0.5806760191917419,0.41932401061058044
89.15562200546265,0.5803558230400085,0.41964420676231384
89.15932250022888,0.5803247690200806,0.4196752607822418
89.15976405143738,0.5803209543228149,0.41967901587486267
89.17021942138672,0.5802276134490967,0.4197724163532257
89.17383551597595,0.5801770091056824,0.41982296109199524
89.18379974365234,0.6099645495414734,0.3900354504585266
89.18662214279175,0.5925248861312866,0.407475084066391
89.19476437568665,0.5928601622581482,0.4071398079395294
89.20328879356384,0.5932148694992065,0.40678516030311584
89.20522141456604,0.593295693397522,0.406704306602478
89.21166968345642,0.5935637950897217,0.4064362347126007
89.2206220626831,0.5938803553581238,0.40611961483955383
89.2212233543396,0.5939053297042847,0.40609467029571533
89.23076438903809,0.594076931476593,0.405923068523407
89.23322129249573,0.5941208004951477,0.4058791697025299
89.23431086540222,0.5941492319107056,0.40585073828697205
89.24700498580933,0.5170592069625854,0.48294079303741455
89.25761938095093,0.5651682019233704,0.43483179807662964
89.25876426696777,0.5651165246963501,0.4348834753036499
89.26067733764648,0.5650300979614258,0.4349699020385742
89.26922130584717,0.5646787881851196,0.43532121181488037
89.2812180519104,0.6336216330528259,0.36637839674949646
89.28661918640137,0.571307361125946,0.42869266867637634
89.2927634716034,0.5713478326797485,0.4286521375179291
89.3002622127533,0.5714201331138611,0.4285798966884613
89.30322098731995,0.571448802947998,0.42855125665664673
89.30976247787476,0.5715125799179077,0.4284874200820923
89.31765651702881,0.479065865278244,0.5209341645240784
89.3206193447113,0.5055484771728516,0.49445149302482605
89.32076334953308,0.5055305361747742,0.49446946382522583
89.33222079277039,0.5039761662483215,0.49602383375167847
89.33543801307678,0.5034450888633728,0.4965549111366272
89.33891534805298,0.5169457197189331,0.4830542802810669
89.35288524627686,0.5067026615142822,0.49329736828804016
89.3556170463562,0.4656508266925812,0.5343492031097412
89.3576295375824,0.4653101861476898,0.5346898436546326
89.36022090911865,0.464870423078537,0.5351295471191406
89.36276316642761,0.464437872171402,0.5355620980262756
89.37177848815918,0.5621315240859985,0.43786847591400146
89.3850257396698,0.549560546875,0.4504394233226776
89.38661694526672,0.549595057964325,0.4504050016403198
89.39176487922668,0.5497046113014221,0.4502953588962555
89.40222477912903,0.5499088168144226,0.45009124279022217
89.4069230556488,0.5499988198280334,0.45000123977661133
89.4187650680542,0.5501328110694885,0.4498671591281891
89.42130970954895,0.5606130957603455,0.43938690423965454
89.42161703109741,0.520520031452179,0.47947996854782104
89.43122506141663,0.5201433897018433,0.47985661029815674
89.43208432197571,0.5201095342636108,0.47989052534103394
89.44784665107727,0.5194831490516663,0.48051688075065613
89.45761704444885,0.5190899968147278,0.48090997338294983
89.46176505088806,0.5189220309257507,0.48107799887657166
89.46222472190857,0.518903374671936,0.48109665513038635
89.46788787841797,0.5186727046966553,0.48132726550102234
89.47079062461853,0.4780685603618622,0.5219314694404602
89.48437833786011,0.4575977325439453,0.5424022674560547
89.48661684989929,0.45711031556129456,0.5428896546363831
89.48735356330872,0.4569496512413025,0.5430503487586975
89.48876667022705,0.45664098858833313,0.5433590412139893
89.4913432598114,0.45607662200927734,0.5439233779907227
89.50127744674683,0.4538823068141937,0.5461176633834839
89.50222706794739,0.45367109775543213,0.5463289022445679
89.51552820205688,0.4507380425930023,0.5492619276046753
89.52061700820923,0.4496694505214691,0.5503305792808533
89.52476286888123,0.44879379868507385,0.5512061715126038
89.53022646903992,0.44763290882110596,0.552367091178894
89.53176665306091,0.4473041892051697,0.5526958107948303
89.54110407829285,0.40552476048469543,0.594475269317627
89.54855060577393,0.422782838344574,0.5772172212600708
89.55561375617981,0.46053454279899597,0.5394654870033264
89.55701065063477,0.46035268902778625,0.5396473407745361
89.55976605415344,0.45999330282211304,0.540006697177887
89.56022644042969,0.4599331319332123,0.5400668978691101
89.56761384010315,0.5013008117675781,0.4986991882324219
89.58876633644104,0.46094319224357605,0.5390568375587463
89.592613697052,0.4605514705181122,0.5394484996795654
89.59718656539917,0.4601888060569763,0.5398111939430237
89.60223007202148,0.45975440740585327,0.5402456521987915
89.60563445091248,0.4594165086746216,0.5405834913253784
89.61412048339844,0.4585712254047394,0.5414287447929382
89.61961364746094,0.45802175998687744,0.5419782996177673
89.62876605987549,0.4571056067943573,0.5428944230079651
89.63104701042175,0.45688596367836,0.5431140065193176
89.6312301158905,0.45686769485473633,0.5431323051452637
89.64123678207397,0.4558670222759247,0.5441330075263977
89.64976644515991,0.4550749957561493,0.5449249744415283
89.6576132774353,0.4544264078140259,0.5455736517906189
89.66162014007568,0.45409494638442993,0.5459050536155701
89.66223001480103,0.454044371843338,0.5459555983543396
89.69013833999634,0.45173025131225586,0.5482698082923889
89.69061326980591,0.4516907036304474,0.5483092665672302
89.69176745414734,0.45159488916397095,0.5484051704406738
89.69817066192627,0.4510623514652252,0.5489376783370972
89.70423245429993,0.45055797696113586,0.5494420528411865
89.70664811134338,0.45035678148269653,0.5496432781219482
89.71976733207703,0.44926291704177856,0.5507370829582214
89.72040009498596,0.44921010732650757,0.5507898926734924
89.72061324119568,0.4491923153400421,0.5508077144622803
89.72556471824646,0.5096630454063416,0.49033692479133606
89.73523235321045,0.48309189081192017,0.5169081091880798
89.74209570884705,0.4839615225791931,0.5160384774208069
89.74695897102356,0.5351268649101257,0.46487313508987427
89.75661587715149,0.5363596081733704,0.463640421628952
89.75907278060913,0.5366722345352173,0.4633277356624603
89.76376724243164,0.537144660949707,0.4628553092479706
89.77023267745972,0.5376675128936768,0.46233251690864563
89.77163910865784,0.537763237953186,0.4622367322444916
89.77965712547302,0.538482666015625,0.4615173935890198
89.78864336013794,0.5392964482307434,0.4607035517692566
89.79076719284058,0.5394980311393738,0.4605019688606262
89.79261589050293,0.5396761894226074,0.46032384037971497
89.80023288726807,0.5404077768325806,0.4595922529697418
89.80161452293396,0.49166056513786316,0.5083394646644592
89.81447672843933,0.5222485065460205,0.47775155305862427
89.81961584091187,0.5222270488739014,0.47777295112609863
89.81976747512817,0.5222263932228088,0.47777366638183594
89.82616329193115,0.5221981406211853,0.4778018593788147
89.83523297309875,0.5223371386528015,0.4776628911495209
89.83561825752258,0.5223414897918701,0.4776584804058075
89.8450665473938,0.5224500298500061,0.47755002975463867
89.85755491256714,0.522655725479126,0.4773443043231964
89.85761594772339,0.5226569175720215,0.4773430824279785
89.86176705360413,0.5228243470191956,0.4771757125854492
89.8678023815155,0.5231577754020691,0.4768422544002533
89.87223291397095,0.5233690738677979,0.47663095593452454
89.88658094406128,0.5069094896316528,0.49309051036834717
89.88976836204529,0.508289635181427,0.4917103946208954
89.89061546325684,0.508292555809021,0.4917074143886566
89.89263844490051,0.5082994699478149,0.49170055985450745
89.90023612976074,0.5083246827125549,0.49167531728744507
89.90777945518494,0.508348286151886,0.491651713848114
89.9187684059143,0.5083256363868713,0.49167442321777344
89.9206154346466,0.5083210468292236,0.49167895317077637
89.93623614311218,0.5082778930664062,0.49172207713127136
89.95661783218384,0.5082080960273743,0.4917919337749481
89.96076846122742,0.5081295371055603,0.4918704628944397
89.97023606300354,0.507946252822876,0.49205371737480164
89.98561787605286,0.5076362490653992,0.4923637807369232
89.98889446258545,0.6050603985786438,0.3949396312236786
89.98976516723633,0.5197963118553162,0.4802037179470062
90.00023746490479,0.5200909972190857,0.4799090325832367
90.00713753700256,0.5202844142913818,0.4797155559062958
90.0089385509491,0.5203353762626648,0.4796646535396576
90.02061772346497,0.520710289478302,0.479289710521698
90.02076506614685,0.5207170844078064,0.4792828857898712
90.02135372161865,0.5207441449165344,0.47925588488578796
90.03323745727539,0.5212971568107605,0.4787028133869171
90.05761313438416,0.5225521326065063,0.47744783759117126
90.06123733520508,0.5227524638175964,0.47724756598472595
90.06176495552063,0.5227817296981812,0.4772183299064636
90.06204271316528,0.442757248878479,0.557242751121521
90.07686924934389,0.49618855118751526,0.5038114786148071
90.08766102790833,0.6069884896278381,0.3930114805698395
90.089763879776,0.5075259208679199,0.4924740791320801
90.09061312675476,0.5075399875640869,0.4924600124359131
90.10018968582152,0.5077117085456848,0.4922882616519928
90.10423803329468,0.507805347442627,0.49219462275505066
90.11070084571838,0.507956326007843,0.49204370379447937
90.11876368522644,0.5081477761268616,0.4918522536754608
90.1199939250946,0.39913487434387207,0.6008651256561279
90.1266131401062,0.42696917057037354,0.5730308294296265
90.1332380771637,0.42614734172821045,0.5738526582717896
90.1420087814331,0.4250527322292328,0.5749472379684448
90.14373826980592,0.42343905568122864,0.5765609741210938
90.15314412117004,0.4109461009502411,0.5890538692474365
90.16023802757265,0.37435925006866455,0.6256407499313354
90.16076374053956,0.3742472529411316,0.6257528066635132
90.16161775588988,0.37406498193740845,0.6259350180625916
90.17694664001463,0.37090733647346497,0.6290926933288574
90.18074345588684,0.5181253552436829,0.48187461495399475
90.18961787223816,0.4573136866092682,0.5426863431930542
90.1897678375244,0.45730626583099365,0.5426937341690063
90.19692206382751,0.4569500982761383,0.5430499315261841
90.2026104927063,0.4566657245159149,0.5433343052864075
90.20524048805235,0.45653408765792847,0.5434659719467163
90.21421813964844,0.469173401594162,0.5308265686035156
90.21761775016785,0.443636029958725,0.5563639998435974
90.23076796531676,0.4425560534000397,0.5574439764022827
90.2308633327484,0.4425492286682129,0.5574507713317871
90.23224067687988,0.44245022535324097,0.557549774646759
90.23935222625732,0.44193702936172485,0.5580630302429199
90.24708700180054,0.40825745463371277,0.5917425751686096
90.2486171722412,0.40642762184143066,0.5935723781585693
90.25344705581664,0.4056396782398224,0.5943603515625
90.25876784324646,0.40476685762405396,0.595233142375946
90.26224064826964,0.4042002856731415,0.5957997441291809
90.26870942115784,0.40314507484436035,0.5968549251556396
90.27991461753844,0.4013001024723053,0.5986998677253723
90.2860279083252,0.4002843499183655,0.5997156500816345
90.2906174659729,0.39951762557029724,0.6004824042320251
90.29276633262634,0.39915731549263,0.6008426547050476
90.29932928085329,0.39805206656455994,0.6019479632377625
90.30224347114564,0.39755895733833313,0.6024410128593445
90.31349635124208,0.3956410586833954,0.604358971118927
90.32061719894408,0.394418329000473,0.6055816411972046
90.32741713523863,0.393280029296875,0.606719970703125
90.32876634597778,0.39305323362350464,0.6069467663764954
90.33124351501463,0.3926362097263336,0.6073638200759888
90.34577918052672,0.3464010953903198,0.6535989046096802
90.34761667251588,0.3946928083896637,0.6053071618080139
90.3497235774994,0.4032234251499176,0.5967766046524048
90.34976625442503,0.4153370261192322,0.5846629738807678
90.35649251937866,0.41592472791671753,0.5840752720832825
90.36624336242676,0.4169263541698456,0.5830736756324768
90.37022924423218,0.45571959018707275,0.544280469417572
90.38822865486144,0.4353173077106476,0.56468266248703
90.38961672782898,0.43552032113075256,0.5644797086715698
90.3907618522644,0.43568769097328186,0.5643123388290405
90.40084218978882,0.43716615438461304,0.562833845615387
90.4012463092804,0.437225878238678,0.562774121761322
90.40604996681212,0.43793848156929016,0.5620615482330322
90.41761660575868,0.4396745562553406,0.5603254437446594
90.41876173019408,0.4398481249809265,0.5601518750190735
90.41950511932372,0.439960777759552,0.560039222240448
90.43024611473083,0.4413858950138092,0.5586141347885132
90.43103861808775,0.44150441884994507,0.5584956407546997
90.44283866882324,0.4432842433452606,0.5567157864570618
90.44661808013916,0.4438604414463043,0.5561395883560181
90.4504463672638,0.4444470703601837,0.5555528998374939
90.45637893676758,0.44536229968070984,0.5546377301216125
90.46176171302795,0.44619908928871155,0.5538009405136108
90.4712462425232,0.4476882517337799,0.5523117184638977
90.4715883731842,0.44774237275123596,0.5522576570510864
90.48005080223083,0.44909432530403137,0.5509056448936462
90.48779273033142,0.4198058247566223,0.5801941752433777
90.48861789703368,0.4713481366634369,0.5286518335342407
90.48976016044617,0.47156262397766113,0.5284374356269836
90.49520540237428,0.44659003615379333,0.5534099340438843
90.500248670578,0.46871623396873474,0.5312837958335876
90.50391578674316,0.4694955050945282,0.5305045247077942
90.51171970367432,0.47116729617118835,0.528832733631134
90.51661801338196,0.47222602367401123,0.5277740359306335
90.5187602043152,0.4726911783218384,0.5273088216781616
90.524977684021,0.47404956817626953,0.5259504914283752
90.53524875640868,0.4763188064098358,0.5236812233924866
90.54018998146056,0.47742196917533875,0.5225780606269836
90.54955172538756,0.4795320928096771,0.5204679369926453
90.55567264556883,0.388974130153656,0.611025869846344
90.55861854553224,0.4215501546859741,0.5784498453140259
90.55967664718628,0.4216712415218353,0.5783287882804871
90.5607602596283,0.4217953085899353,0.5782047510147095
90.57014298439026,0.42283716797828674,0.5771628618240356
90.57024884223938,0.422845721244812,0.577154278755188
90.5866186618805,0.42437392473220825,0.5756260752677917
90.58975768089294,0.4246829152107239,0.5753171443939209
90.5975742340088,0.4254063069820404,0.5745936632156372
90.60024952888487,0.4256550669670105,0.5743449926376343
90.61166405677795,0.42672279477119446,0.5732771754264832
90.61875772476196,0.4273916184902191,0.5726084113121033
90.61950898170473,0.42746272683143616,0.5725372433662415
90.6216185092926,0.42766258120536804,0.5723373889923096
90.63292002677916,0.42873942852020264,0.5712605714797974
90.63524985313416,0.42896270751953125,0.5710372924804688
90.64610409736632,0.41605547070503235,0.5839444994926453
90.65761947631836,0.4215472340583801,0.5784527659416199
90.6607575416565,0.4217505156993866,0.5782495141029358
90.66103553771973,0.4217686057090759,0.5782314538955688
90.668879032135,0.4222773015499115,0.5777226686477661
90.6712498664856,0.4224313199520111,0.5775687098503113
90.68939352035522,0.5002973675727844,0.4997026324272156
90.69075798988342,0.4508305490016937,0.5491694808006287
90.69161987304688,0.45096370577812195,0.5490362644195557
90.69941020011902,0.4521772265434265,0.5478227734565735
90.7002501487732,0.45230981707572937,0.547690212726593
90.70222306251526,0.4526214003562927,0.5473785996437073
90.71156525611876,0.45410454273223877,0.5458954572677612
90.71967101097108,0.45540156960487366,0.5445984601974487
90.71975779533386,0.4554155468940735,0.5445844531059265
90.72061944007874,0.45555388927459717,0.5444461107254028
90.7298457622528,0.37959006428718567,0.6204099059104919
90.7352499961853,0.4367484748363495,0.5632515549659729
90.74033379554749,0.4373471438884735,0.5626528859138489
90.75383853912354,0.5080349445343018,0.49196505546569824
90.76162147521973,0.42989638447761536,0.570103645324707
90.7627580165863,0.4300483763217926,0.569951593875885
90.7643415927887,0.43026068806648254,0.5697393417358398
90.77125000953674,0.43118998408317566,0.568809986114502
90.7728157043457,0.4314013421535492,0.5685986876487732
90.7896213531494,0.4336879253387451,0.5663120746612549
90.7897560596466,0.4337063729763031,0.5662935972213745
90.79223465919496,0.33726054430007935,0.6627395153045654
90.79448795318604,0.3744139075279236,0.6255860924720764
90.80024981498718,0.3746345341205597,0.6253654956817627
90.80735778808594,0.4091145098209381,0.5908854603767395
90.81762146949768,0.3500445485115051,0.6499554514884949
90.81975626945496,0.3498888909816742,0.6501111388206482
90.82273077964784,0.38548150658607483,0.6145184636116028
90.8332498073578,0.31356123089790344,0.686438798904419
90.83804774284364,0.31284183263778687,0.6871581673622131
90.8433394432068,0.3938042223453522,0.6061958074569702
90.85535645484924,0.37497633695602417,0.6250236630439758
90.8596215248108,0.37472307682037354,0.6252769231796265
90.85975646972656,0.37471505999565125,0.6252849698066711
90.86124992370604,0.37462595105171204,0.6253740787506104
90.86489272117616,0.3743998110294342,0.6256002187728882
90.87638306617735,0.41006097197532654,0.5899389982223511
90.8886215686798,0.3566802740097046,0.6433197855949402
90.88863277435304,0.3566790819168091,0.6433209180831909
90.888756275177,0.35666677355766296,0.6433332562446594
90.89569854736328,0.3559688925743103,0.6440311074256897
90.90425491333008,0.35509875416755676,0.6449012756347656
90.90574979782104,0.358416885137558,0.6415831446647644
90.91562151908876,0.3497202396392822,0.6502797603607178
90.92612218856812,0.34862223267555237,0.6513777375221252
90.93075633049013,0.3481324315071106,0.6518675684928894
90.93225502967834,0.34797337651252747,0.6520265936851501
90.9486322402954,0.3462129533290863,0.6537870168685913
90.94910407066344,0.3461616337299347,0.6538383960723877
90.95762085914612,0.3452332019805908,0.6547667980194092
90.95975637435912,0.345013827085495,0.6549861431121826
90.96081304550172,0.3449051082134247,0.6550949215888977
90.9671618938446,0.3442486524581909,0.6557513475418091
90.97025489807127,0.3439269959926605,0.6560730338096619
90.98134875297546,0.34276285767555237,0.65723717212677
90.98562097549438,0.3423101007938385,0.6576898694038391
90.989755153656,0.3418698012828827,0.6581302285194397
90.99902987480164,0.33954015374183655,0.6604598760604858
91.00425505638124,0.3613726794719696,0.638627290725708
91.00450134277344,0.3766225576400757,0.6233775019645691
91.01701259613036,0.4013170301914215,0.5986829996109009
91.01975512504578,0.4013315737247467,0.5986684560775757
91.02062106132507,0.40133628249168396,0.5986637473106384
91.0206527709961,0.3968525230884552,0.6031474471092224
91.0309600830078,0.4046550989151001,0.5953449606895447
91.04125499725342,0.4048132598400116,0.5951867699623108
91.04201984405518,0.40482527017593384,0.5951747298240662
91.05661725997923,0.40499332547187805,0.5950067043304443
91.06010746955872,0.40501683950424194,0.5949831604957581
91.06025505065918,0.40501779317855835,0.5949822068214417
91.06075501441956,0.40502122044563293,0.5949788093566895
91.07202529907228,0.40510040521621704,0.594899594783783
91.07941484451294,0.4051547050476074,0.5948452949523926
91.0906171798706,0.40524059534072876,0.5947594046592712
91.09475588798524,0.4052734375,0.5947266221046448
91.0999722480774,0.4053155183792114,0.5946844816207886
91.10425782203674,0.4053509533405304,0.594649076461792
91.10682916641235,0.40537235140800476,0.5946276187896729
91.1185474395752,0.40547314286231995,0.5945268869400024
91.12061715126038,0.40549126267433167,0.594508707523346
91.12669324874878,0.4055456519126892,0.5944543480873108
91.13075590133668,0.405599981546402,0.5943999886512756
91.13425779342651,0.40569019317626953,0.5943098068237305
91.13904905319214,0.4058150351047516,0.5941849946975708
91.14856171607973,0.3975144624710083,0.6024855375289917
91.15875577926636,0.4268621802330017,0.5731378197669983
91.1602578163147,0.42697569727897644,0.5730242729187012
91.16161632537842,0.42707881331443787,0.5729212164878845
91.16279673576356,0.4271686375141144,0.572831392288208
91.16969513893127,0.4161510169506073,0.5838490128517151
91.17617201805116,0.4427131712436676,0.5572868585586548
91.18678951263428,0.4440264403820038,0.5559735894203186
91.1896162033081,0.4443923532962799,0.5556076765060425
91.1897542476654,0.4444102644920349,0.5555897355079651
91.19143772125244,0.44462940096855164,0.5553706288337708
91.19750475883484,0.4453645348548889,0.5546354651451111
91.205260515213,0.446306973695755,0.5536929965019226
91.2144033908844,0.4474363327026367,0.5525636672973633
91.21451926231384,0.41438108682632446,0.5856189131736755
91.21761631965636,0.43947821855545044,0.5605218410491943
91.22375440597534,0.4397622048854828,0.5602378249168396
91.23226046562196,0.44016775488853455,0.5598322153091431
91.23738884925842,0.4404155910015106,0.5595844388008118
91.24903297424316,0.44098564982414246,0.5590143799781799
91.25961446762084,0.4415094554424286,0.5584905743598938
91.25975465774536,0.44151630997657776,0.5584836602210999
91.2622606754303,0.4416396915912628,0.5583602786064148
91.26821565628052,0.441934734582901,0.5580652356147766
91.28123927116394,0.4425719976425171,0.5574280023574829
91.28861451148988,0.44265878200531006,0.5573412775993347
91.29382371902466,0.4427802264690399,0.5572198033332825
91.29475498199464,0.4428141117095947,0.5571858882904053
91.3042631149292,0.44316238164901733,0.5568376779556274
91.30730295181274,0.43589848279953003,0.56410151720047
91.3156144618988,0.4143979847431183,0.5856020450592041
91.32875514030457,0.41492292284965515,0.5850770473480225
91.3297724723816,0.4149640202522278,0.5850359797477722
91.33076524734496,0.4150042235851288,0.5849958062171936
91.33526301383972,0.41518768668174744,0.5848122835159302
91.34006595611572,0.5130559206008911,0.4869440495967865
91.34296178817748,0.4709078371524811,0.5290921926498413
91.35092735290527,0.4717470109462738,0.5282529592514038
91.3576135635376,0.4725217819213867,0.5274782180786133
91.358384847641,0.47261157631874084,0.5273884534835815
91.36375498771667,0.4732399880886078,0.5267600417137146
91.36728262901306,0.47361868619918823,0.5263813138008118
91.36926317214966,0.47377219796180725,0.5262277722358704
91.38162732124329,0.43160879611968994,0.5683912038803101
91.38561367988586,0.4555794596672058,0.5444205403327942
91.38908982276917,0.4558406174182892,0.5441594123840332
91.3997528553009,0.45664575695991516,0.5433542132377625
91.40626692771912,0.4570975601673126,0.542902410030365
91.41442203521729,0.5190926194190979,0.4809073507785797
91.419753074646,0.47938135266304016,0.5206186771392822
91.42061376571657,0.47947344183921814,0.5205265879631042
91.42641925811768,0.4798949360847473,0.5201050639152527
91.43426704406738,0.48049697279930115,0.5195029973983765
91.43974566459656,0.48100215196609497,0.518997848033905
91.44833326339722,0.4075293242931366,0.5924707055091858
91.44975304603577,0.43461641669273376,0.5653835535049438
91.45761132240295,0.43455615639686584,0.5654438138008118
91.46226692199708,0.4345501959323883,0.5654498338699341
91.47104287147522,0.43456122279167175,0.5654388070106506
91.4753406047821,0.4660257399082184,0.533974289894104
91.48215889930724,0.4622001349925995,0.5377998352050781
91.49027061462402,0.4114794135093689,0.5885205864906311
91.49061131477356,0.4114561975002289,0.5885438323020935
91.49186491966248,0.4113738238811493,0.5886261463165283
91.49275279045104,0.411318302154541,0.588681697845459
91.50068354606628,0.4691973030567169,0.5308027267456055
91.51228404045104,0.44655686616897583,0.553443193435669
91.51905035972597,0.44662895798683167,0.5533710718154907
91.52061128616332,0.4466455578804016,0.5533544421195984
91.52735638618468,0.4584578573703766,0.541542112827301
91.52875280380248,0.4307793080806732,0.5692207217216492
91.53227066993712,0.43072766065597534,0.5692723393440247
91.53749203681946,0.43065035343170166,0.5693496465682983
91.55005812644958,0.43046024441719055,0.5695397257804871
91.55661129951476,0.4303588271141052,0.5696411728858948
91.56051397323608,0.40783634781837463,0.592163622379303
91.56127047538756,0.40746957063674927,0.5925304293632507
91.56475305557252,0.407268226146698,0.592731773853302
91.57679176330566,0.406564325094223,0.5934357047080994
91.58661127090454,0.40595167875289917,0.5940483212471008
91.58920168876648,0.4057878255844116,0.5942121744155884
91.59175038337708,0.40562596917152405,0.5943740010261536
91.60405254364014,0.4047585427761078,0.5952414274215698
91.60427141189577,0.4047408103942871,0.5952591896057129
91.6087646484375,0.4043749272823334,0.595625102519989
91.61839604377748,0.40358200669288635,0.596418023109436
91.62161135673524,0.4033147394657135,0.5966852903366089
91.62750554084778,0.403038889169693,0.5969610810279846
91.62875056266785,0.4029900133609772,0.5970099568367004
91.6402714252472,0.40252789855003357,0.5974721312522888
91.64030265808104,0.4025266170501709,0.5974734425544739
91.6576087474823,0.4018089175224304,0.5981910824775696
91.65892720222472,0.34862664341926575,0.6513733267784119
91.66127133369446,0.3760283887386322,0.6239716410636902
91.661363363266,0.38207927346229553,0.6179206967353821
91.6627504825592,0.41739335656166077,0.5826066732406616
91.68069219589232,0.41802850365638733,0.5819714665412903
91.68113112449646,0.4552595615386963,0.5447404384613037
91.69160866737366,0.43167048692703247,0.5683295726776123
91.69174885749815,0.43167707324028015,0.5683229565620422
91.6936628818512,0.4317682087421417,0.5682317614555359
91.70298624038696,0.4322178065776825,0.5677821636199951
91.70327138900755,0.4322316646575928,0.5677683353424072
91.7153024673462,0.4327905476093292,0.5672094821929932
91.71725153923036,0.4328812062740326,0.567118763923645
91.71974897384644,0.4329979121685028,0.5670021176338196
91.72060871124268,0.4330381453037262,0.5669618248939514
91.72538781166077,0.4332633912563324,0.5667365789413452
91.73127126693726,0.4335435628890991,0.5664564371109009
91.740464925766,0.4340938627719879,0.5659061670303345
91.74874901771544,0.43463677167892456,0.5653632879257202
91.75436735153198,0.43507325649261475,0.56492680311203
91.76027131080627,0.4355368912220001,0.5644630789756775
91.76160764694214,0.43564268946647644,0.564357340335846
91.76850819587708,0.43619304895401,0.5638070106506348
91.77764987945557,0.4369240403175354,0.5630759596824646
91.78939056396484,0.4378800392150879,0.5621200203895569
91.7896077632904,0.4378979206085205,0.5621020793914795
91.7897448539734,0.43790915608406067,0.5620908737182617
91.7973358631134,0.42935964465141296,0.5706403255462646
91.8022756576538,0.4522411525249481,0.5477588176727295
91.8047845363617,0.4358052611351013,0.5641947388648987
91.81339359283449,0.4792540967464447,0.5207459330558777
91.81760764122008,0.4799008369445801,0.5200991630554199
91.82474517822266,0.4810071587562561,0.5189928412437439
91.82694172859192,0.4813503921031952,0.5186495780944824
91.83027577400208,0.481874018907547,0.5181259512901306
91.84075140953064,0.4835120141506195,0.5164880156517029
91.84660387039185,0.48440301418304443,0.5155970454216003
91.85783696174622,0.4861374795436859,0.5138625502586365
91.8607451915741,0.4865918755531311,0.5134081244468689
91.86474466323853,0.4872201383113861,0.5127798318862915
91.86986112594604,0.4265555143356323,0.5734445452690125
91.8722755908966,0.46980077028274536,0.5301992297172546
91.8763370513916,0.4701528549194336,0.5298471450805664
91.88860392570496,0.47149261832237244,0.5285073518753052
91.88874673843384,0.47150829434394836,0.5284916758537292
91.89611315727234,0.4723241329193115,0.5276758670806885
91.90027618408205,0.47278881072998047,0.5272111892700195
91.91660380363464,0.47459694743156433,0.5254030227661133
91.91769886016846,0.474716454744339,0.5252835750579834
91.92474675178528,0.47548940777778625,0.5245105624198914
91.92919874191284,0.4759815037250519,0.5240184664726257
91.93727612495422,0.4768817722797394,0.523118257522583
91.93787384033205,0.47694870829582214,0.5230512619018555
91.9416184425354,0.47736966609954834,0.5226303339004517
91.95609545707704,0.41597291827201843,0.584027111530304
91.95860409736632,0.4585162401199341,0.5414837598800659
91.9597465991974,0.4585917592048645,0.5414082407951355
91.96461272239684,0.4589143693447113,0.5410856604576111
91.97027611732484,0.45929184556007385,0.5407081842422485
91.97436594963074,0.45956581830978394,0.5404341816902161
91.98760414123537,0.460460901260376,0.539539098739624
91.98974347114564,0.46060672402381897,0.5393932461738586
91.99437284469604,0.5538395047187805,0.44616052508354187
91.99912214279176,0.5253196954727173,0.4746803343296051
92.00528144836426,0.5263312458992004,0.47366881370544434
92.00852346420288,0.5268661379814148,0.4731338620185852
92.01560425758362,0.5280404686927795,0.47195950150489807
92.0203275680542,0.5288287401199341,0.4711713194847107
92.02274346351624,0.5292332172393799,0.4707668423652649
92.03328132629396,0.5310092568397522,0.4689907431602478
92.03506660461426,0.5313119292259216,0.468688040971756
92.0501983165741,0.4344061315059662,0.5655938982963562
92.05760049819946,0.5055797100067139,0.4944203495979309
92.05874347686768,0.5057003498077393,0.49429962038993835
92.06128120422365,0.5059686899185181,0.49403128027915955
92.06207609176636,0.5060528516769409,0.4939471185207367
92.06774592399596,0.5640295743942261,0.4359704554080963
92.08660054206848,0.5225651264190674,0.4774349331855774
92.08888792991638,0.5228782296180725,0.4771217703819275
92.09274744987488,0.5234082341194153,0.4765917956829071
92.09689855575562,0.5239805579185486,0.4760194718837738
92.10178065299988,0.40912196040153503,0.5908780097961426
92.10328578948976,0.43784525990486145,0.5621547102928162
92.11594676971436,0.43723371624946594,0.5627662539482117
92.12160062789916,0.436956524848938,0.563043475151062
92.12974739074708,0.43651190400123596,0.5634881258010864
92.131285905838,0.4364088773727417,0.5635911226272583
92.13903975486755,0.4631892442703247,0.5368108153343201
92.14209461212158,0.46190163493156433,0.5380983948707581
92.14874744415285,0.42719221115112305,0.572807788848877
92.15660190582275,0.42684075236320496,0.5731592774391174
92.1588990688324,0.47737017273902893,0.5226298570632935
92.16228580474854,0.46810582280158997,0.5318941473960876
92.17266392707825,0.468209445476532,0.531790554523468
92.17710661888124,0.46825331449508667,0.5317466855049133
92.18576097488403,0.4683380424976349,0.5316619873046875
92.19074940681458,0.46838653087615967,0.5316134691238403
92.1926019191742,0.46840450167655945,0.5315955281257629
92.19806981086732,0.4685743749141693,0.5314255952835083
92.20428824424744,0.4465869963169098,0.5534130334854126
92.21251487731934,0.44630488753318787,0.5536950826644897
92.21874952316284,0.44608813524246216,0.5539118647575378
92.21960186958312,0.4460582435131073,0.5539417862892151
92.22984886169434,0.4456956088542938,0.5543043613433838
92.23528814315796,0.44550028443336487,0.5544996857643127
92.2485990524292,0.44501373171806335,0.554986298084259
92.25363779067992,0.38643360137939453,0.6135664582252502
92.25789189338684,0.38798952102661133,0.6120104789733887
92.26074934005736,0.38761067390441895,0.612389326095581
92.27028822898863,0.38633689284324646,0.6136631369590759
92.27389717102052,0.38585129380226135,0.614148736000061
92.28562712669373,0.3844349682331085,0.6155650019645691
92.29059886932372,0.3838827908039093,0.6161172389984131
92.29074501991272,0.3838665187358856,0.6161335110664368
92.29218244552612,0.38370630145072937,0.616293728351593
92.30029010772704,0.38279882073402405,0.6172012090682983
92.30563020706175,0.3821973204612732,0.6178027391433716
92.3129997253418,0.3813718855381012,0.6186281442642212
92.318745136261,0.38072848320007324,0.6192715764045715
92.3205988407135,0.38052019476890564,0.6194798350334167
92.32618880271912,0.37988999485969543,0.6201099753379822
92.33528995513916,0.3788575530052185,0.6211424469947815
92.3356556892395,0.3462923765182495,0.6537076234817505
92.34630966186523,0.3886449337005615,0.6113550662994385
92.35660433769226,0.4107709228992462,0.5892291069030762
92.3607451915741,0.41058239340782166,0.5894176363945007
92.364089012146,0.41042450070381165,0.5895755290985107
92.36841297149658,0.44415050745010376,0.5558494925498962
92.3712899684906,0.4187058210372925,0.5812941789627075
92.38125801086426,0.41831469535827637,0.5816853046417236
92.3866045475006,0.41815027594566345,0.5818497538566589
92.38974714279176,0.4180627465248108,0.5819372534751892
92.40064907073976,0.4177621006965637,0.5822378993034363
92.40228772163393,0.4177171587944031,0.5822828412055969
92.4120066165924,0.41745293140411377,0.5825470685958862
92.41593265533449,0.4173469841480255,0.5826529860496521
92.42160439491272,0.4171949028968811,0.5828050971031189
92.42474746704102,0.41711103916168213,0.5828889608383179
92.4302875995636,0.41694554686546326,0.5830544829368591
92.43193864822388,0.4168684482574463,0.5831315517425537
92.4410638809204,0.4168034493923187,0.5831965208053589
92.44862580299376,0.4167650043964386,0.5832350254058838
92.4576017856598,0.416711688041687,0.5832883715629578
92.4579737186432,0.4167095720767975,0.5832903981208801
92.45974707603456,0.4166998267173767,0.5833001732826233
92.46833419799805,0.4166554808616638,0.5833445191383362
92.47128772735596,0.4166414141654968,0.5833585858345032
92.47876930236816,0.41660866141319275,0.5833913087844849
92.48560190200806,0.41658225655555725,0.5834177732467651
92.4922525882721,0.39213261008262634,0.6078673601150513
92.49474716186523,0.42912259697914124,0.5708774328231812
92.5002899169922,0.4293211102485657,0.5706788897514343
92.50812840461732,0.4296092987060547,0.5703907012939453
92.51544666290285,0.41754594445228577,0.5824540257453918
92.51881814002992,0.43371203541755676,0.5662879347801208
92.52060198783876,0.43380290269851685,0.5661970973014832
92.53174686431883,0.43448591232299805,0.5655141472816467
92.53484463691711,0.4346814453601837,0.5653185844421387
92.54129004478456,0.43509432673454285,0.5649057030677795
92.54295206069946,0.4352208077907562,0.5647792220115662
92.54899525642396,0.4358366131782532,0.5641633868217468
92.55560111999512,0.43658697605133057,0.5634130835533142
92.55707716941832,0.38777461647987366,0.6122254133224487
92.55974745750429,0.4219984710216522,0.5780015587806702
92.5683524608612,0.42208412289619446,0.5779159069061279
92.57129001617432,0.4221142828464508,0.5778856873512268
92.58507299423218,0.4222618043422699,0.5777382254600525
92.58560085296632,0.4222676753997803,0.5777323246002197
92.59129333496094,0.422370582818985,0.5776293873786926
92.5947470664978,0.42252495884895325,0.5774750709533691
92.59808421134947,0.4227050840854645,0.5772949457168579
92.60824275016785,0.4232167601585388,0.5767832398414612
92.61695981025696,0.4234546422958374,0.5765453577041626
92.62060117721558,0.42355605959892273,0.5764439702033997
92.62974691390993,0.4238159954547882,0.5761839747428894
92.63329339027403,0.42391884326934814,0.5760811567306519
92.64279389381409,0.4242430627346039,0.5757569074630737
92.6541793346405,0.39106255769729614,0.6089374423027039
92.65759778022766,0.3872102200984955,0.6127897500991821
92.65874695777892,0.38710373640060425,0.6128962635993958
92.66129326820374,0.38686713576316833,0.6131328344345093
92.66651844978333,0.3863796889781952,0.6136202812194824
92.68559765815736,0.3845769464969635,0.6154230237007141
92.69274735450745,0.3838922083377838,0.6161078214645386
92.69497060775755,0.5200978517532349,0.47990211844444275
92.70198941230774,0.4686039090156555,0.5313960909843445
92.70429301261902,0.46877774596214294,0.5312222838401794
92.71709656715392,0.470207154750824,0.5297929048538208
92.72059774398804,0.4706181585788727,0.5293818712234497
92.72174739837646,0.47075363993644714,0.5292463898658752
92.72399306297302,0.47101888060569763,0.5289811491966248
92.73695516586304,0.4725377857685089,0.5274621844291687
92.7412929534912,0.47304990887641907,0.5269501209259033
92.7487473487854,0.47398290038108826,0.5260171294212341
92.75277853012084,0.4745554029941559,0.5254445672035217
92.755597114563,0.47495779395103455,0.5250422358512878
92.76029300689696,0.4756321310997009,0.5243678689002991
92.7606565952301,0.41420724987983704,0.5857927203178406
92.76697087287904,0.46388548612594604,0.536114513874054
92.78559684753418,0.465768039226532,0.5342320203781128
92.79074501991272,0.4662487208843231,0.5337513089179993
92.80393266677856,0.46757158637046814,0.5324283838272095
92.80429339408876,0.46760836243629456,0.5323916673660278
92.8122901916504,0.4684278666973114,0.5315721035003662
92.81959700584412,0.4691840410232544,0.5308159589767456
92.81974506378174,0.46919941902160645,0.5308005809783936
92.82040905952454,0.3691489100456238,0.6308510899543762
92.83210158348083,0.3824073374271393,0.6175926327705383
92.83429336547852,0.3822205662727356,0.6177794337272644
92.83899188041688,0.40847620368003845,0.5915237665176392
92.85638332366943,0.4069836735725403,0.5930163264274597
92.85759496688844,0.35937628149986267,0.6406237483024597
92.8607451915741,0.35895493626594543,0.641045093536377
92.86129331588744,0.358881413936615,0.641118586063385
92.86533379554749,0.35833850502967834,0.6416614651679993
92.87128019332886,0.436235249042511,0.563764750957489
92.8811535835266,0.39103758335113525,0.6089624166488647
92.88708806037904,0.39052027463912964,0.6094797253608704
92.88874578475952,0.3903750777244568,0.6096249222755432
92.88959503173828,0.3903006613254547,0.6096993684768677
92.89535212516785,0.46450075507164,0.5354992151260376
92.90436887741087,0.40058988332748413,0.5994101166725159
92.9052963256836,0.4004920721054077,0.5995079874992371
92.91366314888,0.3995761573314667,0.6004238128662109
92.91759490966795,0.3992524743080139,0.6007475256919861
92.9243938922882,0.38710451126098633,0.6128954887390137
92.93074584007265,0.3807160258293152,0.6192839741706848
92.93229651451112,0.38052359223365784,0.6194764375686646
92.93321084976196,0.3804098963737488,0.6195901036262512
92.95213437080383,0.378036230802536,0.6219637393951416
92.9587459564209,0.37719714641571045,0.6228028535842896
92.95881009101868,0.37718895077705383,0.6228110790252686
92.96159434318542,0.37683403491973877,0.6231659650802612
92.96573734283449,0.3763042986392975,0.6236957311630249
92.97029638290404,0.3757190704345703,0.6242809295654297
92.9790337085724,0.37459078431129456,0.6254092454910278
92.98622846603394,0.37365517020225525,0.6263447999954224
92.9875943660736,0.37347689270973206,0.6265230774879456
92.9887444972992,0.3733266294002533,0.6266734004020691
92.99029970169067,0.3731232285499573,0.6268767714500427
92.99829387664796,0.3720729947090149,0.6279270052909851
93.00937724113464,0.3739564120769501,0.6260435581207275
93.01559448242188,0.37363889813423157,0.6263611316680908
93.02374005317688,0.3728414475917816,0.627158522605896
93.02374458312988,0.3728409707546234,0.6271589994430542
93.03229975700378,0.3720218241214752,0.6279782056808472
93.0377643108368,0.36036965250968933,0.6396303176879883
93.0505919456482,0.39745980501174927,0.6025401949882507
93.05974459648132,0.3970470726490021,0.6029529571533203
93.0612998008728,0.39697733521461487,0.6030226349830627
93.0855917930603,0.3958171606063843,0.6041828989982605
93.09474587440492,0.3953820765018463,0.6046178936958313
93.10329985618591,0.3949776291847229,0.6050223708152771
93.120591878891,0.39420071244239807,0.6057993173599243
93.13074564933775,0.39361152052879333,0.606388509273529
93.13130831718443,0.3935714066028595,0.6064286231994629
93.15559124946594,0.3918038010597229,0.6081961989402771
93.15677809715272,0.46213051676750183,0.5378694534301758
93.15874552726746,0.3964856266975403,0.6035143733024597
93.1613085269928,0.3963545858860016,0.603645384311676
93.16885113716124,0.3959703743457794,0.604029655456543
93.1798927783966,0.39541077613830566,0.6045892238616943
93.18874454498292,0.39493241906166077,0.6050676107406616
93.18983960151672,0.39486950635910034,0.6051305532455444
93.19059133529665,0.3948262333869934,0.6051737666130066
93.20185112953186,0.39417997002601624,0.6058200001716614
93.20431184768675,0.3940598666667938,0.6059401631355286
93.2185914516449,0.3937923014163971,0.6062076687812805
93.2192018032074,0.3937830328941345,0.6062170267105103
93.2237446308136,0.39371487498283386,0.6062850952148438
93.23039221763612,0.39361920952796936,0.6063807606697083
93.23231172561646,0.3935925364494324,0.6064074635505676
93.2424590587616,0.3934575319290161,0.6065424680709839
93.24525237083436,0.39342233538627625,0.6065776348114014
93.24659132957458,0.3934056758880615,0.6065943241119385
93.25682187080383,0.3932853639125824,0.6067146062850952
93.2607445716858,0.39324215054512024,0.6067578792572021
93.26131176948547,0.39323610067367554,0.6067638993263245
93.26750326156616,0.39317166805267334,0.6068283319473267
93.28859376907349,0.3929767608642578,0.6070232391357422
93.29474568367004,0.392807275056839,0.6071927547454834
93.29739141464232,0.4548965096473694,0.5451034903526306
93.3033139705658,0.4106981158256531,0.5893018841743469
93.30667066574097,0.439724326133728,0.560275673866272
93.31659364700316,0.44148755073547363,0.5585124492645264
93.32461047172546,0.4421355426311493,0.5578644871711731
93.3287456035614,0.44247594475746155,0.5575240850448608
93.32919645309448,0.44251325726509094,0.5574867725372314
93.33131408691406,0.4426894783973694,0.5573105216026306
93.33808875083923,0.4432605504989624,0.5567394495010376
93.3506190776825,0.4443467855453491,0.5556532144546509
93.35159134864809,0.44443270564079285,0.5555673241615295
93.35694217681883,0.4449096918106079,0.5550903081893921
93.36031413078308,0.4452139139175415,0.5547860860824585
93.36474585533142,0.44561806321144104,0.5543819069862366
93.365083694458,0.3676794469356537,0.6323205232620239
93.37702679634094,0.39896127581596375,0.6010386943817139
93.38449907302856,0.3988041579723358,0.6011958122253418
93.38659143447876,0.3988014757633209,0.6011985540390015
93.39174365997314,0.39874860644340515,0.6012514233589172
93.39680886268616,0.398557186126709,0.601442813873291
93.40231776237488,0.39834922552108765,0.6016507744789124
93.41312885284424,0.397941917181015,0.6020581126213074
93.42159128189088,0.39762377738952637,0.6023762822151184
93.4258315563202,0.3974645137786865,0.6025354862213135
93.42874360084534,0.3973552882671356,0.6026447415351868
93.4288055896759,0.3973529636859894,0.6026470065116882
93.43031764030457,0.3972962498664856,0.6027037501335144
93.4453558921814,0.37931540608406067,0.6206846237182617
93.45012426376344,0.3684997856616974,0.6315001845359802
93.45659017562866,0.36773616075515747,0.6322638988494873
93.45751214027403,0.3676389753818512,0.6323610544204712
93.4627435207367,0.3670866787433624,0.63291335105896
93.46745705604552,0.5570980310440063,0.44290199875831604
93.47231769561768,0.5046965479850769,0.4953034222126007
93.47759008407591,0.5052677392959595,0.49473223090171814
93.47954654693604,0.5054804682731628,0.49451956152915955
93.49174213409424,0.506815493106842,0.49318456649780273
93.49820303916933,0.5075291991233826,0.4924708306789398
93.50131916999815,0.5078750252723694,0.4921249449253082
93.51282906532288,0.5091613531112671,0.4908386766910553
93.52158999443054,0.5101498961448669,0.48985010385513306
93.52540946006776,0.5105835199356079,0.4894164800643921
93.53274202346802,0.5114202499389648,0.48857972025871277
93.53631925582886,0.5118305087089539,0.48816949129104614
93.53801655769348,0.4483473598957062,0.5516526103019714
93.5486934185028,0.5690728425979614,0.43092718720436096
93.5522243976593,0.500290036201477,0.4997100234031677
93.5555899143219,0.50059574842453,0.49940425157546997
93.56074213981628,0.5010305643081665,0.49896949529647827
93.5617458820343,0.5011135935783386,0.4988864064216614
93.5723192691803,0.5019919872283936,0.49800798296928406
93.57858991622923,0.5025162100791931,0.4974837601184845
93.58973836898804,0.5035094618797302,0.4964905083179474
93.59055185317992,0.5036071538925171,0.4963928461074829
93.5997190475464,0.41702431440353394,0.5829756855964661
93.60032272338869,0.4538165330886841,0.5461834669113159
93.60780906677246,0.4537086486816406,0.5462913513183594
93.61570405960084,0.46915680170059204,0.530843198299408
93.61873865127563,0.4314229190349579,0.5685771107673645
93.62058973312378,0.431313157081604,0.568686842918396
93.62827587127686,0.46038731932640076,0.5396127104759216
93.63632273674013,0.4183061420917511,0.5816938877105713
93.63697004318236,0.4182537794113159,0.5817462205886841
93.6500804424286,0.4884774386882782,0.5115225315093994
93.65658903121948,0.4507851302623749,0.5492148995399475
93.66173839569092,0.4506419003009796,0.5493581295013428
93.66552901268004,0.450535386800766,0.5494646430015564
93.67032265663148,0.450399249792099,0.5496007800102234
93.67576026916504,0.450242817401886,0.5497572422027588
93.67758917808531,0.4501897692680359,0.5498102903366089
93.68618822097778,0.47856730222702026,0.5214327573776245
93.68873715400696,0.4316980540752411,0.5683019161224365
93.70532369613647,0.4306489825248718,0.5693510174751282
93.70653986930849,0.4305676519870758,0.5694323778152466
93.710284948349,0.43031617999076843,0.5696837902069092
93.71892046928406,0.3946492373943329,0.6053507328033447
93.71958899497986,0.3945401608943939,0.6054598689079285
93.72373723983765,0.3939937949180603,0.6060062646865845
93.73124432563782,0.3929975628852844,0.6070024371147156
93.7343237400055,0.39258599281311035,0.6074140071868896
93.74045205116272,0.39176231622695923,0.6082377433776855
93.75558924674988,0.3896998465061188,0.6103001832962036
93.75761699676514,0.3894205689430237,0.6105794310569763
93.75873684883118,0.3892659842967987,0.6107340455055237
93.76592421531676,0.38826897740364075,0.6117309927940369
93.76632380485536,0.38821330666542053,0.6117866635322571
93.79158926010132,0.38468122482299805,0.615318775177002
93.79179906845091,0.38465213775634766,0.6153478622436523
93.79373407363892,0.384382963180542,0.615617036819458
93.79381728172302,0.38437142968177795,0.6156286001205444
93.8053252696991,0.38275817036628723,0.6172418594360352
93.8149528503418,0.38147488236427307,0.6185250878334045
93.82273411750792,0.3804456889629364,0.619554340839386
93.826589345932,0.3799326419830322,0.6200673580169678
93.82744312286376,0.4466489553451538,0.5533510446548462
93.83332586288452,0.39262568950653076,0.607374370098114
93.83879804611206,0.40208420157432556,0.597915768623352
93.8471863269806,0.4725361168384552,0.5274638533592224
93.84758424758913,0.43685203790664673,0.5631479620933533
93.85073399543762,0.43670186400413513,0.5632981061935425
93.85361886024477,0.436564177274704,0.5634358525276184
93.85942387580872,0.4362844228744507,0.5637155771255493
93.87132525444032,0.43572303652763367,0.564276933670044
93.8812530040741,0.4354186952114105,0.5645813345909119
93.88158178329468,0.4354085624217987,0.5645914077758789
93.88632273674013,0.43526360392570496,0.5647364258766174
93.89058423042296,0.4351333975791931,0.5648666024208069
93.89273285865784,0.4350678622722626,0.5649321675300598
93.90332770347597,0.434745192527771,0.565254807472229
93.90946698188782,0.43455860018730164,0.565441370010376
93.91758418083192,0.4343124032020569,0.5656875967979431
93.92038226127625,0.43422773480415344,0.565772294998169
93.92873287200928,0.4339752197265625,0.5660247802734375
93.93132758140564,0.43389686942100525,0.5661031603813171
93.93201756477356,0.43387600779533386,0.5661239624023438
93.94113636016846,0.43360111117362976,0.5663988590240479
93.95632433891296,0.43314453959465027,0.5668554902076721
93.9577329158783,0.4331022799015045,0.5668977499008179
93.95958399772644,0.4330466687679291,0.5669533610343933
93.9613275527954,0.43299439549446106,0.5670055747032166
93.96968245506288,0.4327441155910492,0.5672558546066284
93.9797706604004,0.49777522683143616,0.5022247433662415
93.98690724372864,0.44575950503349304,0.5542404651641846
93.98758387565611,0.4751894474029541,0.5248105525970459
93.99072813987732,0.4754701554775238,0.5245298743247986
93.99544048309326,0.4758947193622589,0.5241052508354187
94.00333023071288,0.47661593556404114,0.5233840942382812
94.010888338089,0.4773954153060913,0.5226046442985535
94.0175838470459,0.4781842827796936,0.5218157172203064
94.0187282562256,0.47832033038139343,0.521679699420929
94.02246475219728,0.4787561595439911,0.5212438702583313
94.0326647758484,0.47956085205078125,0.5204391479492188
94.03905916213988,0.4800746738910675,0.5199253559112549
94.04033017158508,0.48017776012420654,0.5198222994804382
94.05184864997864,0.5077791810035706,0.49222084879875183
94.05858445167542,0.4628243148326874,0.537175714969635
94.0607283115387,0.4627284109592438,0.5372716188430786
94.06233024597168,0.46265655755996704,0.537343442440033
94.06383180618286,0.4625891149044037,0.5374108552932739
94.0714123249054,0.4622473418712616,0.537752628326416
94.08627033233644,0.46157094836235046,0.5384290814399719
94.08658456802368,0.4615565538406372,0.5384434461593628
94.08872771263124,0.4614582359790802,0.5385417342185974
94.09574604034424,0.46113502979278564,0.5388649702072144
94.1033329963684,0.46082431077957153,0.5391756892204285
94.10768485069276,0.46054595708847046,0.5394540429115295
94.108957529068,0.46046435832977295,0.5395357012748718
94.118727684021,0.45983341336250305,0.5401665568351746
94.12158465385436,0.45964762568473816,0.5403524041175842
94.12621927261353,0.46724042296409607,0.5327596068382263
94.13595032691956,0.45384663343429565,0.5461533665657043
94.136332988739,0.4538100063800812,0.5461900234222412
94.14491605758668,0.45298388600349426,0.5470161437988281
94.15116262435912,0.5672252178192139,0.43277478218078613
94.1562762260437,0.46556994318962097,0.5344300270080566
94.15658473968506,0.4655516743659973,0.5344483256340027
94.15872764587402,0.4654240310192108,0.5345759391784668
94.16934990882874,0.4647884964942932,0.5352115035057068
94.17033290863036,0.4647294282913208,0.535270631313324
94.18658471107484,0.46374526619911194,0.5362547636032104
94.18891191482544,0.4636032283306122,0.5363968014717102
94.19033551216124,0.4635162651538849,0.5364837050437927
94.1937334537506,0.4633081555366516,0.5366919040679932
94.20086145401,0.46286967396736145,0.5371303558349609
94.20524311065674,0.4475223422050476,0.5524777173995972
94.21958446502686,0.39588817954063416,0.6041117906570435
94.2256953716278,0.3949090540409088,0.6050909757614136
94.22873330116272,0.39442697167396545,0.6055730581283569
94.23132872581482,0.5180057883262634,0.48199424147605896
94.24033546447754,0.41360875964164734,0.5863912105560303
94.24570846557616,0.41299930214881897,0.5870007276535034
94.24973344802856,0.41254177689552307,0.5874581933021545
94.25752687454224,0.411653995513916,0.588346004486084
94.25858449935912,0.4115331470966339,0.5884668827056885
94.26133584976196,0.4112189710140228,0.5887809991836548
94.2660002708435,0.3832290768623352,0.6167709827423096
94.27536606788637,0.3981876075267792,0.6018124222755432
94.27758455276488,0.397880494594574,0.602119505405426
94.27977466583252,0.47210320830345154,0.5278967618942261
94.2904806137085,0.47054317593574524,0.5294568538665771
94.29233741760254,0.4010559022426605,0.5989440679550171
94.29443621635436,0.40064916014671326,0.5993508696556091
94.2947323322296,0.40059176087379456,0.5994082689285278
94.31128358840942,0.49385395646095276,0.5061460733413696
94.31958436965942,0.4145292043685913,0.5854707956314087
94.31973218917848,0.414504736661911,0.5854952931404114
94.3225724697113,0.4140324294567108,0.5859676003456116
94.33233737945557,0.41245219111442566,0.587547779083252
94.33550143241882,0.4119515120983124,0.5880484580993652
94.34456181526184,0.44129252433776855,0.5587074756622314
94.35558605194092,0.4135792553424835,0.5864207744598389
94.36033725738524,0.4127209186553955,0.5872790813446045
94.36173224449158,0.4124683439731598,0.5875316858291626
94.36551189422607,0.41178253293037415,0.5882174372673035
94.37102937698364,0.41078484058380127,0.5892151594161987
94.3789119720459,0.3801702857017517,0.6198297142982483
94.3851158618927,0.40245506167411804,0.5975449681282043
94.38973021507265,0.4015509784221649,0.5984489917755127
94.39058589935304,0.40138307213783264,0.5986169576644897
94.39677953720091,0.4001639187335968,0.5998361110687256
94.40433955192566,0.39866843819618225,0.6013315916061401
94.41234016418456,0.3970768451690674,0.6029231548309326
94.4197301864624,0.39551016688346863,0.6044898629188538
94.42558598518372,0.39482739567756653,0.6051726341247559
94.42881178855896,0.3944506347179413,0.6055493950843811
94.43233966827393,0.3940381705760956,0.6059618592262268
94.44598984718324,0.39235538244247437,0.6076446175575256
94.4465856552124,0.39227303862571716,0.6077269911766052
94.46133971214294,0.39023926854133606,0.6097607016563416
94.46170115470886,0.39019373059272766,0.6098062992095947
94.46173024177553,0.3901900053024292,0.6098100543022156
94.46976017951964,0.38917431235313416,0.6108257174491882
94.4882788658142,0.4518250524997711,0.5481749773025513
94.48973107337952,0.3922317326068878,0.6077682375907898
94.4905858039856,0.39215967059135437,0.6078402996063232
94.49326157569884,0.5350618958473206,0.46493810415267944
94.50233912467957,0.4482170641422272,0.5517829060554504
94.50696086883544,0.4477766454219818,0.5522233843803406
94.51505780220032,0.5634598135948181,0.4365401566028595
94.51658582687378,0.48838990926742554,0.5116100907325745
94.51873111724854,0.4883267283439636,0.5116733312606812
94.52638745307922,0.4881027638912201,0.5118972063064575
94.53133916854858,0.48795953392982483,0.5120404362678528
94.54481863975523,0.48757559061050415,0.5124244689941406
94.5542652606964,0.48731157183647156,0.512688398361206
94.5585870742798,0.48719221353530884,0.5128078460693359
