timestamp,tracker,nis,S,R_eff
0.4396708011627197,ifo001,0.7159280981593937,4.31866658667416,0.6400000000000001
0.5346622467041016,ifo001,0.01828746325696607,1.6041634694865667,0.6395423898662252
0.682960033416748,ifo001,0.2759027826973932,1.9189865748073114,0.637502071561605
0.8467659950256348,ifo001,0.01519920141447173,1.532017917276797,0.6344292932763763
1.0743765830993652,ifo002,0.4641591375206117,9.423502985301704,0.6400000000000001
1.0892932415008545,ifo001,0.06871185627197363,1.6628851732348346,0.6299341499022098
1.1237878799438477,ifo002,0.0014306567990628825,1.340531769568263,0.6391315500088999
1.1526753902435305,ifo002,0.00445294416401255,0.9981422656679146,0.6366751294001792
1.1571457386016846,ifo002,0.0015108073164606481,0.8647919518916258,0.6327334816801861
1.177311897277832,ifo001,0.15888920691530495,1.4691198799175547,0.6242216052595012
1.2088580131530762,ifo002,0.02618984206249755,0.926586518063379,0.6274032238458892
1.236938714981079,ifo002,0.02620245149443579,0.8280746093023102,0.6208381368939418
1.338294267654419,ifo001,0.000737185223019337,2.676333640690638,0.6175706967758728
1.3445632457733154,ifo001,0.0420543975096904,0.9584874037579374,0.6097536684160112
1.3544080257415771,ifo001,0.08872772959394117,0.9354707990261396,0.600964921020351
1.4610073566436768,ifo001,0.002593391110643151,1.3278831720038,0.5914078705211004
1.4773907661437988,ifo001,0.013316586520777884,0.815653509963332,0.5809833784676373
1.5314340591430664,ifo002,0.17640158065014275,1.8355366919189469,0.6131437329470824
1.6242403984069824,ifo002,0.05984361529218745,1.9264225658307024,0.6047393975107177
1.6574811935424805,ifo001,0.0012324678402957758,1.0200359031691812,0.5698179912320921
1.7108235359191897,ifo002,0.0018468444326280636,1.4171493219103233,0.5954619221519479
1.728003978729248,ifo001,0.014291684701842429,0.9266444480059078,0.5579797681936925
1.7628686428070068,ifo002,0.001910970497006298,0.9225094949625685,0.5852813205816393
1.782198190689087,ifo002,0.0001510593336326615,0.8123819298226851,0.5743006305426868
1.797520637512207,ifo002,0.0014352767522008345,0.7439398542195075,0.562615440746192
1.8174223899841309,ifo001,0.00040060286670586074,1.085132427306228,0.5455954154060364
1.846165895462036,ifo002,0.0007327053973436788,0.7627368137363095,0.5503250996834801
1.8838927745819087,ifo002,3.0803725694512084e-07,0.707855758729056,0.5375195605135832
1.9695570468902588,ifo001,0.00497755121047598,1.6379517802516892,0.5327179890053553
1.971461057662964,ifo001,0.004183663061171729,0.7873952940026598,0.5194450561065764
1.994584560394287,ifo001,0.00046037397546804556,0.8253268655188448,0.5058543069617182
2.161198377609253,ifo001,0.000549877703735285,1.2074388569817776,0.49201039336040225
2.171639919281006,ifo001,6.328149177942123e-05,0.6973232214402596,0.4800000000000001
2.220296859741211,ifo002,1.3041715749778254e-05,1.3719927320894256,0.5242840654069746
2.3289780616760254,ifo002,0.0011779314974510987,1.1668776546387707,0.5107009126681599
2.3504021167755127,ifo001,0.003287865056428666,0.8649397911862966,0.4800000000000001
2.409644842147827,ifo002,0.0008358815024919047,1.0581776766820137,0.4968503143187252
2.439197063446045,ifo001,0.007402663130229785,0.8121847785530358,0.4800000000000001
2.4707157611846924,ifo002,0.005630205034526607,0.7560745630750072,0.48280283551816766
2.487588405609131,ifo002,0.00043581775465273843,0.668868542776158,0.4800000000000001
2.5026895999908447,ifo002,0.0062552749050256325,0.6258194596067367,0.4800000000000001
2.53413987159729,ifo001,0.0035020743579315884,0.9386495594786437,0.4800000000000001
2.6272993087768555,ifo002,1.246375557572883e-05,0.7852460361829872,0.4800000000000001
2.6387202739715576,ifo002,0.0037370682180466884,0.6413292619864582,0.4800000000000001
2.789459466934204,ifo001,0.013453211060630474,1.9331893606040094,0.4800000000000001
2.7937731742858887,ifo001,0.0010616932359745644,0.7936245465956093,0.4800000000000001
2.813583850860596,ifo001,4.998557710718136e-05,0.9616840612183333,0.4800000000000001
2.9465153217315674,ifo001,0.006864325482048016,0.8923167109207246,0.4800000000000001
2.9519283771514893,ifo001,0.002009099647230963,0.659545912503561,0.4800000000000001
3.0076491832733154,ifo002,0.006639127276824484,1.2984500063414668,0.4800000000000001
3.092146396636963,ifo002,0.00333894780007594,1.358879437935451,0.4800000000000001
3.1288504600524902,ifo001,0.0009452046567813475,0.8137157654743206,0.4800000000000001
3.191389560699463,ifo002,0.001989404249501135,1.0997333889804115,0.4800000000000001
3.2045562267303467,ifo001,0.0045736656072398385,0.7554157609005501,0.4800000000000001
3.2438106536865234,ifo002,0.0011446943499737164,0.748787066943837,0.4800000000000001
3.2648684978485107,ifo002,0.0027684109071157807,0.6867483980893067,0.4800000000000001
3.269397735595703,ifo002,0.0009100350929923733,0.6378794259975543,0.4800000000000001
3.3114013671875,ifo001,0.008939501367882165,0.9229868402934603,0.4800000000000001
3.3712575435638428,ifo002,0.008503744647033672,0.6582184386461882,0.4800000000000001
3.4157638549804688,ifo002,0.004928200045327593,0.6509543978061315,0.4800000000000001
3.502549648284912,ifo001,0.0009100774186279543,1.3443064294988485,0.4800000000000001
3.5116188526153564,ifo001,0.00036743677885638586,0.7183711651698803,0.4800000000000001
3.528064489364624,ifo001,0.007600475235954878,0.8527071754117479,0.4800000000000001
3.64496374130249,ifo001,0.010133574554588846,0.7942285098197474,0.4800000000000001
3.660787582397461,ifo001,0.006351874129590589,0.6532795076374289,0.4800000000000001
3.731789350509644,ifo002,0.0388327414658711,1.1324167773566116,0.4800000000000001
3.8269996643066406,ifo002,0.001445069614131283,1.4055642233872256,0.4800000000000001
3.8550772666931152,ifo001,0.0005465943695316703,0.8167822270259959,0.4800000000000001
3.91978907585144,ifo002,0.0009835115378423744,0.7950341393970028,0.4800000000000001
3.953364849090576,ifo001,0.00013514057274066402,0.7774738944850255,0.4800000000000001
3.9864020347595215,ifo002,0.0068853219424227135,0.7481740488539004,0.4800000000000001
4.015756130218506,ifo002,0.007814604169642237,0.6677278124280271,0.4800000000000001
4.018815040588379,ifo002,8.112218875147988e-06,0.6212854219589536,0.4800000000000001
4.062824964523315,ifo001,0.016154742258969894,0.966723690339486,0.4800000000000001
4.094367265701294,ifo002,4.516797028443213e-05,0.7589670787478171,0.4800000000000001
4.127770662307739,ifo002,4.143571211848513e-06,0.6108274973010454,0.4800000000000001
4.236989736557007,ifo001,0.004419071532625696,0.906624089854912,0.4800000000000001
4.2635931968688965,ifo001,0.0006381235974632524,0.9330920627035264,0.4800000000000001
4.407793760299683,ifo001,0.0002167259421117632,1.182058449766239,0.4800000000000001
4.421932220458984,ifo001,0.0030805282981957636,0.6721403693679249,0.4800000000000001
4.479868173599243,ifo002,0.005448540849573523,1.0387542482184489,0.4800000000000001
4.573227405548096,ifo002,0.0023852661594065696,1.0694012531762378,0.4800000000000001
4.60565996170044,ifo001,0.004108943281045661,0.7801645049848547,0.4800000000000001
4.659749984741211,ifo002,4.0291414617056274e-07,0.955602091566931,0.4800000000000001
4.681378364562988,ifo001,0.00016825532709797872,0.7241587552034151,0.4800000000000001
4.715824365615845,ifo002,0.004850421267656993,0.6995543680316522,0.4800000000000001
4.743793725967407,ifo002,0.007306398274623491,0.660703981413376,0.4800000000000001
4.755948066711426,ifo002,0.00023619604904248406,0.6286204900262722,0.4800000000000001
4.783645391464233,ifo001,0.00562604623608646,0.9262700358958322,0.4800000000000001
4.818500995635986,ifo002,0.0012106850986218784,0.6319872397313395,0.4800000000000001
4.848031044006348,ifo002,0.008158554148596599,0.6043934482150152,0.4800000000000001
4.967110872268677,ifo001,0.004616603101962028,1.153360160981314,0.4800000000000001
4.967946767807007,ifo001,0.001077507700797165,0.6945916812725144,0.4800000000000001
4.989967584609985,ifo001,0.005879108321780281,0.767291087267172,0.4800000000000001
5.104992151260376,ifo001,0.004582339673045825,0.8163533498913476,0.4800000000000001
5.118165731430054,ifo001,0.00043626062491810674,0.6278964004217374,0.4800000000000001
5.178865432739258,ifo002,0.008541076819910837,0.9249680570368007,0.4800000000000001
5.252873420715332,ifo002,0.001758847617983541,1.0958770384947445,0.4800000000000001
5.286052465438843,ifo001,0.004166850645187022,0.7473147352116305,0.4800000000000001
5.328445196151733,ifo002,0.002378055297845597,0.7528391674738069,0.4800000000000001
5.347328186035156,ifo001,0.011346483796066542,0.6921450391485898,0.4800000000000001
5.388111352920532,ifo002,0.00469066705152984,0.7210674223001484,0.4800000000000001
5.406482458114624,ifo002,0.0014192052854742538,0.6495260566382648,0.4800000000000001
5.416295289993286,ifo002,0.005015181704126628,0.6149043685169967,0.4800000000000001
5.440388202667236,ifo001,0.0024496579855015593,0.9576964920073129,0.4800000000000001
5.476792097091675,ifo002,0.003173027126633137,0.8205194048173778,0.4800000000000001
5.510892868041992,ifo002,2.3233586197052416e-05,0.6281241724797867,0.4800000000000001
5.627863645553589,ifo001,0.0033686021954875394,1.007618698464689,0.4800000000000001
5.634665250778198,ifo001,0.0003365940522020934,0.6895613668189478,0.4800000000000001
5.653438568115234,ifo001,0.00016308713946575727,0.903726208166945,0.4800000000000001
5.783144950866699,ifo001,0.0018818749064071264,0.8050912254794915,0.4800000000000001
5.798067569732666,ifo001,0.0007991133618795163,0.6345842010496623,0.4800000000000001
5.858104467391968,ifo002,5.192825744945346e-05,0.9324923036566541,0.4800000000000001
5.9332497119903564,ifo002,0.005928453734541959,1.0617657681671309,0.4800000000000001
5.960920333862305,ifo001,0.001136790195116899,0.7352669042438655,0.4800000000000001
6.021454572677612,ifo002,0.003809118390076468,0.9713859136922867,0.4800000000000001
6.0507519245147705,ifo001,0.0003795852733877295,0.7187968422799249,0.4800000000000001
6.079838514328003,ifo002,0.0007595084355036031,0.7180446388231826,0.4800000000000001
6.0961668491363525,ifo002,0.0003865718142692757,0.6581925957547704,0.4800000000000001
6.101207256317139,ifo002,9.911233206343665e-05,0.610566107695266,0.4800000000000001
6.127033472061157,ifo001,0.018908057231418227,0.9159610671761641,0.4800000000000001
6.163870573043823,ifo002,0.0016021950490966584,0.6447711603401554,0.4800000000000001
6.183184385299683,ifo002,2.4878587336932427e-05,0.5892863783935312,0.4800000000000001
6.299738883972168,ifo001,0.002048687262026421,0.9191097983966456,0.4800000000000001
6.306622743606567,ifo001,0.0012577658316565165,0.6758147278853845,0.4800000000000001
6.332449436187744,ifo001,0.01297879695520018,0.8582350941762983,0.4800000000000001
6.454093456268311,ifo001,0.0006757943395381106,0.8973883390320698,0.4800000000000001
6.474587678909302,ifo001,1.2635512689974283e-05,0.6350871141342289,0.4800000000000001
6.54899525642395,ifo002,0.011811465197304237,0.9853262643251441,0.4800000000000001
6.644680738449097,ifo002,0.0030416980784320445,1.1381885521075996,0.4800000000000001
6.669020652770996,ifo001,0.0006042668843618594,0.7574705055799438,0.4800000000000001
6.718554258346558,ifo002,0.0035619035665905782,0.7678248631772127,0.4800000000000001
6.738117694854736,ifo001,0.000517164429874645,0.7136362264394668,0.4800000000000001
6.769408464431763,ifo002,0.0034603744290241357,0.6977511754697582,0.4800000000000001
6.788014650344849,ifo002,0.00024908436034453855,0.6364079093422175,0.4800000000000001
6.793963193893433,ifo002,0.006903379297065118,0.6011210131751284,0.4800000000000001
6.814344644546509,ifo001,0.005411933509834776,0.893589656552318,0.4800000000000001
6.856334447860718,ifo002,2.490052780718697e-05,0.7404704691895023,0.4800000000000001
6.8828041553497314,ifo002,9.096037451509133e-05,0.5907885169401333,0.4800000000000001
7.004829406738281,ifo001,0.0002591449022812711,1.0027829673885733,0.4800000000000001
7.028828144073486,ifo001,0.001988739052660765,0.9367943291304954,0.4800000000000001
7.149364709854126,ifo001,0.0008452690817563515,0.8489162627850352,0.4800000000000001
7.164579391479492,ifo001,0.0006066367862004981,0.6545209093272478,0.4800000000000001
7.215039968490601,ifo002,8.073741571185366e-08,0.9536690282553018,0.4800000000000001
7.324993848800659,ifo002,0.0062247107446828705,1.0299322708291923,0.4800000000000001
7.352293252944946,ifo001,0.004094459639905774,0.7710038513377575,0.4800000000000001
7.406930446624756,ifo002,5.033449199846779e-05,0.9934840962507762,0.4800000000000001
7.426561117172241,ifo001,0.00027099784929748925,0.7212507610259482,0.4800000000000001
7.474982500076294,ifo002,1.6785830866000563e-05,0.7051702939593073,0.4800000000000001
7.50667667388916,ifo002,0.00011785146831736193,0.6578215216077798,0.4800000000000001
7.5089757442474365,ifo002,0.004999566700492745,0.6109981009045168,0.4800000000000001
7.528189659118652,ifo001,8.959565602419394e-05,0.9575201344197373,0.4800000000000001
7.585698843002319,ifo002,0.0013385744633965184,0.6891964778100469,0.4800000000000001
7.6104137897491455,ifo002,0.00031635296486529974,0.600585446944535,0.4800000000000001
7.71767258644104,ifo001,0.0049195773176282515,1.1756315687277454,0.4800000000000001
7.723095178604126,ifo001,0.0002755238704582687,0.693170002830281,0.4800000000000001
7.740864276885986,ifo001,0.00014709239709119582,0.7676317826952406,0.4800000000000001
7.862228631973267,ifo001,1.938059450034162e-06,0.8678997322925607,0.4800000000000001
7.871716260910034,ifo001,0.0010000052411893211,0.6264187713162723,0.4800000000000001
7.933281898498535,ifo002,0.004218801634187341,0.9285766392099031,0.4800000000000001
8.01938247680664,ifo002,0.005797229406769529,1.101250005406127,0.4800000000000001
8.046483755111694,ifo001,0.009016644534518977,0.7270477008610521,0.4800000000000001
8.102338552474976,ifo002,0.009249568470473748,0.9222216137138541,0.4800000000000001
8.136247396469116,ifo001,5.235338839758745e-06,0.716551319298874,0.4800000000000001
8.172173738479614,ifo002,0.0002625388384337308,0.7207064310851498,0.4800000000000001
8.198747158050537,ifo002,0.0007800698867746651,0.6697492374749063,0.4800000000000001
8.205002069473267,ifo002,0.0011536586870562373,0.6220688892369202,0.4800000000000001
8.22173547744751,ifo001,0.002886331383398555,0.9189111768702254,0.4800000000000001
8.262186050415039,ifo002,0.0025709467342162214,0.6333827208199531,0.4800000000000001
8.291743278503418,ifo002,0.00072154510802078,0.600168634373039,0.4800000000000001
8.411548614501953,ifo001,0.0005032911077310239,0.8385222414890496,0.4800000000000001
8.417333126068115,ifo001,8.64163355932101e-06,0.8530176230380235,0.4800000000000001
8.452669143676758,ifo001,0.0003446192097416122,0.864109096461567,0.4800000000000001
8.58395004272461,ifo001,0.0003038890827575538,0.833848945885741,0.4800000000000001
8.59797739982605,ifo001,0.0028305866627757782,0.6401315243639317,0.4800000000000001
8.65379524230957,ifo002,6.697503781043805e-07,0.9995039252141136,0.4800000000000001
8.75183892250061,ifo002,0.007685899958920952,1.002256777383153,0.4800000000000001
8.784001111984253,ifo001,1.2698314659443382e-07,0.7621828436932205,0.4800000000000001
8.851042032241821,ifo002,0.00042884341249834975,0.9807739895837689,0.4800000000000001
8.866036653518677,ifo001,0.0055115827738372375,0.7284422789214254,0.4800000000000001
8.897139549255371,ifo002,0.0066735780104328875,0.6945175473144737,0.4800000000000001
8.931559801101685,ifo002,8.747073542002628e-05,0.6522419955641648,0.4800000000000001
8.938164710998535,ifo002,0.00018703788948050073,0.6103433764304643,0.4800000000000001
8.955548524856567,ifo001,0.0007108530517190609,0.983585207235395,0.4800000000000001
8.98495864868164,ifo002,0.008046060414675956,0.6716830462863049,0.4800000000000001
9.030014753341677,ifo002,0.0007206805560250622,0.6033417545811685,0.4800000000000001
9.141530513763428,ifo001,0.0003817713116407161,1.1036132908904723,0.4800000000000001
9.1512930393219,ifo001,0.008450069038968094,0.688161252448143,0.4800000000000001
9.178135395050049,ifo001,0.006168781848547496,0.8294681512164981,0.4800000000000001
9.311176061630247,ifo001,0.0006966257989268916,0.8806196505027191,0.4800000000000001
9.322280645370483,ifo001,0.0014816761477777715,0.6352321211682285,0.4800000000000001
9.378685474395752,ifo002,0.016475798527415163,0.9460604930116937,0.4800000000000001
9.458075761795044,ifo002,0.000222132628980199,1.14139965899109,0.4800000000000001
9.489009141921995,ifo001,6.901512501590765e-10,0.7308916181545984,0.4800000000000001
9.549078941345217,ifo002,0.0018549466167033834,0.7967686036739945,0.4800000000000001
9.590309381484984,ifo001,0.001084956561415692,0.7323889592557031,0.4800000000000001
9.624199867248535,ifo002,0.008102878419710965,0.7130068192077142,0.4800000000000001
9.641095399856567,ifo002,0.003258926645253361,0.6456439160010439,0.4800000000000001
9.65498685836792,ifo002,0.001627433598408468,0.6100786301224425,0.4800000000000001
9.688287734985352,ifo001,0.0014724046604509774,0.9509966284192155,0.4800000000000001
9.74510645866394,ifo002,0.000981210797896163,0.7344964230183983,0.4800000000000001
9.755536317825316,ifo002,0.00131087321665481,0.6713502807004882,0.4800000000000001
9.798558712005615,ifo002,2.175656296133546e-05,0.5962851481356695,0.4800000000000001
9.88718032836914,ifo001,0.0007906538339914562,1.0767443685605254,0.4800000000000001
9.88969874382019,ifo001,0.00229665303357908,0.6913905776029331,0.4800000000000001
9.915317058563232,ifo001,0.0020479098837641024,0.8334660335676709,0.4800000000000001
10.044097900390623,ifo001,0.00024329624227128487,0.8743727015483524,0.4800000000000001
10.05325412750244,ifo001,0.006405840211357229,0.6315668888212604,0.4800000000000001
10.110353946685793,ifo002,0.00911784272214956,0.9473662700112276,0.4800000000000001
10.189074039459229,ifo002,0.002827896194386765,1.052035038377313,0.4800000000000001
10.221957683563232,ifo001,0.0027501648242988733,0.7278042550324676,0.4800000000000001
10.28260898590088,ifo002,0.00020620734196682172,0.8896269238664762,0.4800000000000001
10.295789241790771,ifo001,0.0006248087412803,0.701699650177334,0.4800000000000001
10.343763589859009,ifo002,0.00013080153016422214,0.6959589104220156,0.4800000000000001
10.368373394012451,ifo002,0.0001931737351866157,0.6449117715036179,0.4800000000000001
10.389526844024658,ifo002,0.001553986311174379,0.6137704016024204,0.4800000000000001
10.404924392700195,ifo001,0.0005975002202148498,0.9583308775592116,0.4800000000000001
10.439311265945436,ifo002,1.890881299738782e-05,0.6863997035904391,0.4800000000000001
10.470933198928831,ifo002,0.00021478295128182946,0.597492776571831,0.4800000000000001
10.568139553070068,ifo001,0.007561193079473633,1.0471017710145998,0.4800000000000001
10.571104049682615,ifo001,4.837957148404514e-06,0.6774809103334303,0.4800000000000001
10.601140975952148,ifo001,0.0005103830311542139,0.7666771267623878,0.4800000000000001
10.725066661834717,ifo001,0.004188665097411809,0.8820154812260949,0.4800000000000001
10.743175983428957,ifo001,0.0031385042182347504,0.6337841440165995,0.4800000000000001
10.80171012878418,ifo002,0.0012253931693393802,0.9579729716064446,0.4800000000000001
10.881718158721924,ifo002,4.9001473385724155e-05,0.9400427274350658,0.4800000000000001
10.911510229110718,ifo001,0.0007035149385517657,0.736786474959374,0.4800000000000001
10.985607385635376,ifo002,0.003955675088318923,0.8962604538168806,0.4800000000000001
11.00216579437256,ifo001,0.00018547299835043862,0.7233041408594304,0.4800000000000001
11.039671182632446,ifo002,0.0009075696283007313,0.6993319962248193,0.4800000000000001
11.049273014068604,ifo002,0.00019342681402818109,0.6425218629497879,0.4800000000000001
11.056514501571655,ifo002,6.857811638669189e-05,0.6040034287942401,0.4800000000000001
11.09559154510498,ifo001,0.001257470127864535,0.9537612278593954,0.4800000000000001
11.125725746154783,ifo002,7.112568154783676e-05,0.6840680064464639,0.4800000000000001
11.155534267425535,ifo002,0.00039704359862026173,0.5962265384568415,0.4800000000000001
11.233721017837524,ifo001,0.0007393310687483127,0.9760303249559701,0.4800000000000001
11.244388580322266,ifo001,6.718212095709374e-06,0.6662443238593749,0.4800000000000001
11.260355472564695,ifo001,5.6657044271430634e-05,0.7821847811357807,0.4800000000000001
11.386389255523682,ifo001,0.005694576823795645,0.8166331362478207,0.4800000000000001
11.414221048355104,ifo001,7.843890108549059e-05,0.6369105502319359,0.4800000000000001
11.457563161849976,ifo002,0.0015739039591576446,0.9147175776163493,0.4800000000000001
11.534831047058104,ifo002,0.0003500785087904112,0.9761507663124322,0.4800000000000001
11.566578149795532,ifo001,0.00014088357872080808,0.7106806441840621,0.4800000000000001
11.612937450408936,ifo002,0.0014945232375001246,0.8276900932622401,0.4800000000000001
11.634941577911375,ifo001,1.587097648194851e-06,0.6885866890184607,0.4800000000000001
11.668526887893677,ifo002,0.0017037681097925147,0.6868736968060416,0.4800000000000001
11.689841032028198,ifo002,0.0012085045941748864,0.6347571474918927,0.4800000000000001
11.700613021850586,ifo002,5.551980558583671e-05,0.6022961133579932,0.4800000000000001
11.726490259170532,ifo001,0.0011184683172410532,0.8633730973361804,0.4800000000000001
11.76075792312622,ifo002,0.0008376307121191622,0.7116020486850331,0.4800000000000001
11.791958570480348,ifo002,0.0006728960171499736,0.5955566990579104,0.4800000000000001
11.881324052810667,ifo001,6.684133095059055e-05,1.0695056824841958,0.4800000000000001
11.882544755935667,ifo001,0.0002306635637926894,0.6637127417807277,0.4800000000000001
11.912646770477297,ifo001,0.0002073659002094384,0.7621157984331401,0.4800000000000001
12.058537006378174,ifo001,0.00225864230368809,0.84549608776642,0.4800000000000001
12.076626777648926,ifo001,0.000732221713231124,0.6418693756550384,0.4800000000000001
12.13542866706848,ifo002,0.0002873724117208129,0.9389661171592065,0.4800000000000001
12.226216554641724,ifo002,0.005283270038365301,1.0316923278496541,0.4800000000000001
12.251717329025269,ifo001,3.491454250052849e-05,0.7596848657729274,0.4800000000000001
12.31909155845642,ifo002,0.0008937197410932108,0.9693707902680366,0.4800000000000001
12.345659971237184,ifo001,0.0013293456801394456,0.737539342487174,0.4800000000000001
12.384387254714966,ifo002,0.004639055264362588,0.7036145888973471,0.4800000000000001
12.405218601226808,ifo002,0.0007021546249897061,0.6475959781387142,0.4800000000000001
12.413643836975098,ifo002,0.0015517690930989742,0.6083543698750603,0.4800000000000001
12.435442447662354,ifo001,0.010020314155741325,0.9264610908767291,0.4800000000000001
12.48258137702942,ifo002,0.007801332356759544,0.7005472085243439,0.4800000000000001
12.509779453277588,ifo002,0.004474963088781761,0.6061950430488742,0.4800000000000001
12.612281560897827,ifo001,0.008669870632882444,1.2674567556636118,0.4800000000000001
12.614781856536863,ifo001,0.008106636492655488,0.7233014551977703,0.4800000000000001
12.638494491577148,ifo001,0.006303305323454541,0.696179394451863,0.4800000000000001
12.741429805755615,ifo001,0.039182807584229144,0.8203717061414519,0.4800000000000001
12.748975038528442,ifo001,0.02365290620840049,0.6563658741571875,0.4800000000000001
12.82123613357544,ifo002,0.05070861290463798,0.8844822589542769,0.4800000000000001
12.882559299468994,ifo002,0.00704866952559723,1.31240539965366,0.4800000000000001
12.919669389724731,ifo001,0.0032656884578360556,0.7093867531315654,0.4800000000000001
12.993252754211426,ifo002,0.08239164891474475,0.7504929490021417,0.4800000000000001
13.018892526626589,ifo001,0.0009064030388117974,0.7168272678271657,0.4800000000000001
13.060933828353882,ifo002,0.010636915095261709,0.7603178413135364,0.4800000000000001
13.083010911941528,ifo002,3.009811292059038e-05,0.6491103055446821,0.4800000000000001
13.085980892181396,ifo002,0.000978838059230399,0.606511615000712,0.4800000000000001
13.111831903457642,ifo001,0.0009298620491727568,0.7946635625608081,0.4800000000000001
13.14221215248108,ifo002,0.0002810770062176899,0.7722355045066227,0.4800000000000001
13.17043685913086,ifo002,0.0627110927320059,0.5953739673976732,0.4800000000000001
13.267088651657104,ifo001,0.0026520760196057495,1.1131504864671737,0.4800000000000001
13.26920247077942,ifo001,0.00021602072930256282,0.6840421006979636,0.4800000000000001
13.28981590270996,ifo001,0.015578320674267452,0.716247366206987,0.4800000000000001
13.40202784538269,ifo001,0.0393385551786542,0.7827492132421355,0.4800000000000001
13.415287256240845,ifo001,0.04347542914195796,0.6401061143130773,0.4800000000000001
13.47909927368164,ifo002,0.016645278706230747,1.0893484302993464,0.4800000000000001
13.553898334503174,ifo002,0.014908774849445685,1.1303722870418098,0.4800000000000001
13.58982801437378,ifo001,0.02278396307183539,0.7929644521694954,0.4800000000000001
13.652081966400146,ifo002,0.029445501218859773,0.756042032519207,0.4800000000000001
13.678711414337158,ifo001,0.00033320278694775685,0.7206187171703968,0.4800000000000001
13.708013534545898,ifo002,0.011216028826557528,0.7368927836848103,0.4800000000000001
13.735270023345947,ifo002,0.023782143371440384,0.6781801368967756,0.4800000000000001
13.746405124664308,ifo002,0.0017002887246648987,0.649252914539957,0.4800000000000001
13.778201341629028,ifo001,0.25719060270369326,0.8538396880708392,0.4800000000000001
13.804412126541138,ifo002,0.008059314120096696,0.9259330846387765,0.4800000000000001
13.836678266525269,ifo002,0.03522157881190373,0.6432750719271891,0.4800000000000001
13.953855276107788,ifo001,0.21086230062696548,0.8327536770383641,0.4800000000000001
13.95860767364502,ifo001,0.35073861258457634,0.6913933710255826,0.4800000000000001
13.97883367538452,ifo001,0.05304213954152039,0.7351396716183822,0.4800000000000001
14.093622207641602,ifo001,0.014509671296726248,0.8190498732574927,0.4800000000000001
14.113082647323608,ifo001,0.027337319423360117,0.626898001793959,0.4800000000000001
14.16538405418396,ifo002,0.17740886114071439,0.9525138089741436,0.4800000000000001
14.26623797416687,ifo002,0.40728897808394204,0.8511737457835405,0.4800000000000001
14.288596153259276,ifo001,0.3178553943686829,0.7302284766338878,0.4800000000000001
14.344586372375488,ifo002,0.03408617258240326,1.0591046823387908,0.4800000000000001
14.374992847442629,ifo001,0.2782281727814605,0.7232060560865421,0.4800000000000001
14.408527851104736,ifo002,0.22840587587827657,0.8496612368791743,0.4800000000000001
14.43171238899231,ifo002,0.0010594366592578096,0.6594404328019641,0.4800000000000001
14.435527563095093,ifo002,0.0005742025911583344,0.6126208523447467,0.4800000000000001
14.469914674758911,ifo001,0.3131298579428373,0.8536914456326049,0.4800000000000001
14.502019882202148,ifo002,0.46374595914762534,0.6207751470218238,0.4800000000000001
14.53769850730896,ifo002,0.2746214229362177,0.6177459567143061,0.4800000000000001
14.62966251373291,ifo001,0.08492779971430353,2.408692725112202,0.4800000000000001
14.63815212249756,ifo001,0.13039700097103057,0.6960970028227286,0.4800000000000001
14.670629262924194,ifo001,0.07203049916176588,0.69509856645069,0.4800000000000001
14.76897120475769,ifo001,0.006930196551740852,0.8154259237383177,0.4800000000000001
14.782514333724976,ifo001,0.0012190451282480892,0.6224487751721244,0.4800000000000001
14.83689022064209,ifo002,0.3410274061604855,1.2530975400146849,0.4800000000000001
14.914201021194458,ifo002,0.25536089093922454,1.0889984674867732,0.4800000000000001
14.940933465957642,ifo001,0.001356336294063868,0.7044264070872498,0.4800000000000001
14.99313759803772,ifo002,1.273359032037195e-06,0.8045092757956013,0.4800000000000001
15.009045362472534,ifo001,0.009204444426542521,0.7121394839899429,0.4800000000000001
15.03907585144043,ifo002,0.03500726792558925,0.6790039160156288,0.4800000000000001
15.062390804290771,ifo002,0.00013765721795295908,0.6571302655698119,0.4800000000000001
15.07140064239502,ifo002,0.0019272391371753488,0.6136451800990625,0.4800000000000001
15.090341567993164,ifo001,0.031792400541559684,0.6872599295607184,0.4800000000000001
15.1216938495636,ifo002,0.00010217500669945526,0.6033869746061954,0.4800000000000001
15.15382480621338,ifo002,0.01132354441165547,0.6146014010777167,0.4800000000000001
15.227997064590454,ifo001,0.03087885709487415,1.018953085694558,0.4800000000000001
15.231729984283447,ifo001,0.02174256113577849,0.6764790114220702,0.4800000000000001
15.25285506248474,ifo001,3.3301141143211734e-05,0.6456414071500105,0.4800000000000001
15.378998041152954,ifo001,0.011633552118734104,0.9076289349973936,0.4800000000000001
15.391443967819214,ifo001,0.003259853271505877,0.6342273325110696,0.4800000000000001
15.458696126937866,ifo002,0.034971324472153655,0.9927319406607462,0.4800000000000001
15.5384840965271,ifo002,0.0013692408752475488,0.8712212087305393,0.4800000000000001
15.562373876571655,ifo001,0.01647388188981329,1.0258076379496956,0.4800000000000001
15.629224061965942,ifo002,0.030189326784739547,0.7477699735994214,0.4800000000000001
15.646375894546509,ifo001,0.00027497426399079064,1.1275221408288592,0.4800000000000001
15.678773164749146,ifo002,0.04776801144025789,0.7418836588973702,0.4800000000000001
15.707810163497925,ifo002,0.0032175155211609714,0.6429025771760538,0.4800000000000001
15.718618631362917,ifo002,0.00035448402567733213,0.6057082153264182,0.4800000000000001
15.736258268356323,ifo001,0.005948466266711645,0.7269809690879172,0.4800000000000001
15.775688648223875,ifo002,0.07394017862835967,0.793831146498347,0.4800000000000001
15.785976648330688,ifo002,0.006966917998447217,1.1753219496010074,0.4800000000000001
15.908169269561768,ifo001,0.01971553997222203,0.8891497010927492,0.4800000000000001
15.916432857513428,ifo001,0.029685197352034447,0.7232532070630979,0.4800000000000001
15.93479061126709,ifo001,0.001110749103980414,0.6407075350738614,0.4800000000000001
16.061322927474976,ifo001,0.006509223896961189,0.716714918972638,0.4800000000000001
16.071549892425537,ifo001,0.003033429123056569,0.7230050635641587,0.4800000000000001
16.136389017105103,ifo002,0.08888686475269428,0.8982543372670766,0.4800000000000001
16.20954203605652,ifo002,3.2663621396619865e-06,0.875725616216487,0.4800000000000001
16.245936393737793,ifo001,0.04699134014823775,1.2199839076594006,0.4800000000000001
16.297122955322266,ifo002,0.10128715952613802,0.741806616703047,0.4800000000000001
16.31506061553955,ifo002,0.0738082857439058,0.6746177130066786,0.4800000000000001
16.33426022529602,ifo001,0.01511141774873045,0.7965487344402228,0.4800000000000001
16.36856460571289,ifo002,0.032144925673467405,0.801037978394272,0.4800000000000001
16.382117748260498,ifo002,0.07799264131265672,0.6154391960105426,0.4800000000000001
16.3913516998291,ifo002,0.048264672008419475,0.6006185804289199,0.4800000000000001
16.410220861434937,ifo001,0.047092338235282444,0.9133770239831434,0.4800000000000001
16.439303874969482,ifo002,0.011967462021661228,0.6547800616603104,0.4800000000000001
16.46796464920044,ifo002,0.00013371701267206226,0.8383616887771641,0.4800000000000001
16.55000400543213,ifo001,0.002600209218022387,0.8242953281529585,0.4800000000000001
16.571197032928467,ifo001,0.01988581440912422,0.939710009547045,0.4800000000000001
16.5850088596344,ifo001,2.8231494852261657e-05,0.6973986684181985,0.4800000000000001
16.719988584518433,ifo001,0.009813908999462568,0.6838890897368284,0.4800000000000001
16.73572325706482,ifo001,0.00047540865679735356,0.7357061208274538,0.4800000000000001
16.786510467529297,ifo002,0.025659744342391134,0.8987617838731168,0.4800000000000001
16.865074157714844,ifo002,0.04830362192785618,0.8925187585117312,0.4800000000000001
16.892322063446045,ifo001,0.027738984097581548,0.840888222794008,0.4800000000000001
16.94274353981018,ifo002,0.024338034238169177,0.7177307936171339,0.4800000000000001
16.963964462280273,ifo001,0.06184900189111463,0.7376480238977565,0.4800000000000001
17.005799293518066,ifo002,0.006490631817620656,1.2726725599314803,0.4800000000000001
17.023743152618408,ifo002,0.011295043412303134,0.8097000398344562,0.4800000000000001
17.032864570617676,ifo002,0.01018040185910741,0.7120672515792529,0.4800000000000001
17.050116539001465,ifo001,0.012980230805042346,0.8761060260243388,0.4800000000000001
17.086910486221313,ifo002,0.001630026756339613,0.6089917162027512,0.4800000000000001
17.122089862823486,ifo002,0.11958448922201363,0.6382729783938871,0.4800000000000001
17.226398944854736,ifo001,2.8747492322422045e-05,0.787889298318589,0.4800000000000001
17.228480577468872,ifo001,0.004492632287847392,0.7978745561310117,0.4800000000000001
17.246182441711426,ifo001,0.0009039293029836225,0.6505768568920455,0.4800000000000001
17.36465358734131,ifo001,0.0010770190185251179,0.6703867611367902,0.4800000000000001
17.377764463424683,ifo001,0.011751207146611197,0.7336129353885402,0.4800000000000001
17.43789291381836,ifo002,0.0296429400611748,1.148496392660066,0.4800000000000001
17.503212213516235,ifo002,0.0893332554954447,0.7933219719218443,0.4800000000000001
17.52936291694641,ifo001,0.002167020146725732,0.8379943370204082,0.4800000000000001
17.575273275375366,ifo002,0.023543956441520613,0.8124925607699871,0.4800000000000001
17.585601806640625,ifo001,0.02160265661226866,0.7103464916836157,0.4800000000000001
17.624037265777588,ifo002,0.025079417404670016,0.7300029167465831,0.4800000000000001
17.647931337356567,ifo002,0.00029973422027447516,0.8477023669164861,0.4800000000000001
17.64849305152893,ifo002,0.00042395288396249094,0.6949191589673064,0.4800000000000001
17.68126106262207,ifo001,0.024917689017248057,0.895651451000795,0.4800000000000001
17.71044659614563,ifo002,0.09984304013076495,0.6192398705903845,0.4800000000000001
17.754581928253174,ifo002,0.11516746713401356,0.6598733234553357,0.4800000000000001
17.859535455703735,ifo001,0.001922555983094031,0.8581417432575489,0.4800000000000001
17.861042499542236,ifo001,0.026944689500994972,0.7296152229547661,0.4800000000000001
17.88990569114685,ifo001,0.0071724524470145375,0.6426427337460133,0.4800000000000001
18.008595943450928,ifo001,0.0027037048887708403,0.7326970466585282,0.4800000000000001
18.015817880630493,ifo001,0.016657894715248547,0.6713941822679224,0.4800000000000001
18.09206914901733,ifo002,0.0016731952965755759,1.0216602558566008,0.4800000000000001
18.19435286521912,ifo002,0.04930868421390118,0.891667432671442,0.4800000000000001
18.22642016410828,ifo001,0.002031468886926819,1.2361488901954742,0.4800000000000001
18.2802152633667,ifo002,0.12153715581105201,1.0286854110710277,0.4800000000000001
18.300281047821045,ifo001,0.002031333980592424,0.9022036924402584,0.4800000000000001
18.33791971206665,ifo002,0.05759157853271045,0.7139001030209375,0.4800000000000001
18.36417388916016,ifo002,0.0001133695260111562,0.89800765160823,0.4800000000000001
18.36981201171875,ifo002,7.838319453925493e-05,0.7112056588734833,0.4800000000000001
18.38838529586792,ifo001,0.012272290628810016,0.7662151037780949,0.4800000000000001
18.4232017993927,ifo002,0.0035607348071532113,0.6094715678917317,0.4800000000000001
18.464582443237305,ifo002,1.9197928718215897e-06,0.6000891333332138,0.4800000000000001
18.56893301010132,ifo001,0.13929947433393342,0.8112288780230203,0.4800000000000001
18.57319688796997,ifo001,0.027266045355335645,0.7795929814163312,0.4800000000000001
18.60711979866028,ifo001,0.010789446686349072,0.6473102492924491,0.4800000000000001
18.737380027771,ifo001,0.020356958051119273,0.7335616723318554,0.4800000000000001
18.767322540283203,ifo001,0.02195161457150165,0.693748328302553,0.4800000000000001
18.819599866867065,ifo002,0.04017610601044771,1.6483709765007029,0.4800000000000001
18.892016172409058,ifo002,3.173642058646386e-05,0.976269466759087,0.4800000000000001
18.92086935043335,ifo001,0.04730800935205002,1.6037454020375619,0.4800000000000001
18.97445106506348,ifo002,0.0029181817655776674,0.8745194160575981,0.4800000000000001
18.997588396072388,ifo001,0.0066704267519560574,0.7217105303561895,0.4800000000000001
19.040580987930294,ifo002,0.00011190789099060506,0.7640410726326055,0.4800000000000001
19.062098026275635,ifo002,0.015979674420530644,0.6501902878906711,0.4800000000000001
19.07568311691284,ifo002,0.005327461734981175,0.6122584597751687,0.4800000000000001
19.103025197982788,ifo001,0.0029137780891725536,0.969601777871791,0.4800000000000001
19.13307905197144,ifo002,0.0002757431233913086,0.7051508519333923,0.4800000000000001
19.16583633422852,ifo002,0.0008370530613763525,0.6161497959836199,0.4800000000000001
19.26488184928894,ifo001,0.006558526179638389,0.7983678144635358,0.4800000000000001
19.27795672416687,ifo001,0.010620036870319892,0.8277445419637792,0.4800000000000001
19.29131484031677,ifo001,0.00520818585766384,0.6818945301638327,0.4800000000000001
19.419058561325077,ifo001,0.021674521875342512,0.67631403715786,0.4800000000000001
19.42297077178955,ifo001,0.001906188328570746,0.7368676614608551,0.4800000000000001
19.497687816619877,ifo002,0.028360940174019602,1.1629575479504513,0.4800000000000001
19.592625379562374,ifo002,2.318865487885539e-05,1.1215851143437026,0.4800000000000001
19.61726713180542,ifo001,0.006855035044717487,0.9035364761553801,0.4800000000000001
19.67001819610596,ifo002,0.007356284520518771,0.8825312835559751,0.4800000000000001
19.704777002334595,ifo001,0.00019778588612054263,0.7585831824908993,0.4800000000000001
19.74010753631592,ifo002,0.06156778664455618,0.7939443581556853,0.4800000000000001
19.815029859542847,ifo002,0.008474197857416162,0.6992391217942961,0.4800000000000001
19.81948971748352,ifo002,0.0030770373588139767,0.6314356175689976,0.4800000000000001
19.837159872055054,ifo001,0.0029808500624725434,0.9917776228163925,0.4800000000000001
19.881863832473755,ifo002,0.0020546838474074245,0.8099041195142287,0.4800000000000001
19.92558217048645,ifo002,0.0017785385448009278,0.6972046170332733,0.4800000000000001
20.02392864227295,ifo001,0.0016015377001791045,0.851183175983635,0.4800000000000001
20.033845901489254,ifo001,0.0016590716243337462,0.8967530361882536,0.4800000000000001
20.04881858825684,ifo001,0.004955744404451471,0.7300440892994969,0.4800000000000001
20.185157537460327,ifo001,0.021496725935607957,0.6926170792178568,0.4800000000000001
20.20398092269897,ifo001,0.0020614144067425413,0.7668055876666147,0.4800000000000001
20.26450610160828,ifo002,0.007790313009957052,0.9728482053895597,0.4800000000000001
20.334184646606445,ifo002,0.00422375629567932,1.079078754890432,0.4800000000000001
20.36038064956665,ifo001,3.252201347779251e-06,0.8072060641582508,0.4800000000000001
20.41952085494995,ifo002,0.0027690950417567223,0.9948756869787956,0.4800000000000001
20.44888186454773,ifo001,0.002559799184695083,0.7716982538496044,0.4800000000000001
20.4882550239563,ifo002,0.059333719645936006,0.7582794955196972,0.4800000000000001
20.501098155975345,ifo002,1.684614939343623e-05,0.6516166612697613,0.4800000000000001
20.50534439086914,ifo002,5.7247913097529495e-05,0.6081842468330654,0.4800000000000001
20.52606773376465,ifo001,0.001193352577590948,0.9053244911598698,0.4800000000000001
20.559313535690308,ifo002,0.0016580425660419902,0.7281572528403184,0.4800000000000001
20.598604917526245,ifo002,0.0008582688428817091,0.7334906102331948,0.4800000000000001
20.70949506759644,ifo001,0.0022803410238023607,0.8618775016571465,0.4800000000000001
20.71812438964844,ifo001,0.008242761032696614,0.7568703196083786,0.4800000000000001
20.74548649787903,ifo001,0.0018525223399332756,0.748899368694683,0.4800000000000001
20.880635738372803,ifo001,0.221227485670148,0.6937394950909028,0.4800000000000001
20.886701583862305,ifo001,0.007155160682501513,0.7231229842376551,0.4800000000000001
20.94863605499268,ifo002,0.013334047967106155,1.1462565314647026,0.4800000000000001
21.04580903053284,ifo002,0.00026363372031803074,1.043396674430587,0.4800000000000001
21.081757068634037,ifo001,0.0040358512983022345,1.1460208293878622,0.4800000000000001
21.132254600524902,ifo002,0.02407788999564706,0.8584795856915622,0.4800000000000001
21.154701471328732,ifo001,0.016303723695689738,0.8899387271400663,0.4800000000000001
21.190460920333862,ifo002,0.020709082567981384,0.796792625592968,0.4800000000000001
21.21052408218384,ifo002,0.008929339680540141,0.6545746413027294,0.4800000000000001
21.24544477462769,ifo002,0.00020255346505004796,0.6237963323903436,0.4800000000000001
21.257513999938965,ifo001,0.038597423764613344,0.7380888817637753,0.4800000000000001
21.3018217086792,ifo002,0.007122968612168846,0.7157081345762469,0.4800000000000001
21.335700750350952,ifo002,0.012644314617167855,0.6404129891141626,0.4800000000000001
21.437490224838257,ifo001,0.024216788726109096,0.8280700053657573,0.4800000000000001
21.43885612487793,ifo001,0.08151878790652872,0.8657169756166556,0.4800000000000001
21.457831859588623,ifo001,0.029720801087278956,0.7440052536523947,0.4800000000000001
21.58522129058838,ifo001,0.15338343767248572,0.7479650313756243,0.4800000000000001
21.602041721343998,ifo001,0.005314667754957948,0.7948316608096281,0.4800000000000001
21.657140254974365,ifo002,0.04770226547450165,0.9682991467158144,0.4800000000000001
21.725927352905277,ifo002,0.03342591841526955,1.1392099906222497,0.4800000000000001
21.766199350357056,ifo001,0.02057255832344403,1.125627149145176,0.4800000000000001
21.81425905227661,ifo002,0.008033973071149258,0.9846565074139011,0.4800000000000001
21.844997882843018,ifo001,6.870122581978742e-05,0.7877396915243773,0.4800000000000001
21.87574052810669,ifo002,0.057753616196495425,0.7281626581218361,0.4800000000000001
21.89043235778809,ifo002,0.0016711784941950485,0.6756882791965707,0.4800000000000001
21.912859439849854,ifo002,0.0004297889101482816,0.6264197805975218,0.4800000000000001
21.92405867576599,ifo001,0.0007781316524588149,0.8076607445589408,0.4800000000000001
21.97078537940979,ifo002,6.736474140285194e-05,0.6788630858610767,0.4800000000000001
22.01015520095825,ifo002,4.135394570540082e-05,0.6683419008314372,0.4800000000000001
22.089879035949707,ifo001,0.009534984092728346,0.7982340506317347,0.4800000000000001
22.101152658462524,ifo001,0.0057893534574844545,0.9046865536285917,0.4800000000000001
22.12094759941101,ifo001,0.0013791531841475426,0.648655270169809,0.4800000000000001
22.246674060821533,ifo001,0.0023646277550681163,0.6775253926083624,0.4800000000000001
22.26081204414368,ifo001,0.002845423350081352,0.7563343461917886,0.4800000000000001
22.316154718399048,ifo002,0.0007855572968562677,1.0083245844003086,0.4800000000000001
22.38911867141724,ifo002,0.01418831782007361,0.9927187933036202,0.4800000000000001
22.410834550857544,ifo001,0.009846542476414389,1.0729817861872724,0.4800000000000001
22.463149309158325,ifo002,0.027752353717835104,0.7276507187174659,0.4800000000000001
22.484204053878784,ifo001,0.0043468526019644765,0.9353020996484969,0.4800000000000001
22.51288652420044,ifo002,0.022329110353698688,1.0234859034631443,0.4800000000000001
22.525675535202023,ifo002,0.00019248912407749264,0.6295254783848099,0.4800000000000001
22.529528856277462,ifo002,8.278993857032237e-05,0.5957704518239972,0.4800000000000001
22.549585342407227,ifo001,0.00677290408627223,0.6881942612938801,0.4800000000000001
22.599417448043823,ifo002,0.01357201629142024,0.79364053260163,0.4800000000000001
22.62710404396057,ifo002,0.01872143054251774,0.8725503268555233,0.4800000000000001
22.720768928527832,ifo001,0.1154801351561757,0.7716941010667306,0.4800000000000001
22.754274606704712,ifo001,0.007045698492445606,0.8655975164989186,0.4800000000000001
22.77545809745789,ifo001,0.0032335365025666835,0.6451715762237684,0.4800000000000001
22.897165298461918,ifo001,0.27566171488372865,0.6881078894210351,0.4800000000000001
22.9063503742218,ifo001,0.08355016429516722,0.6665125257384328,0.4800000000000001
22.95776104927063,ifo002,0.0003591542091158334,0.9143403334938222,0.4800000000000001
23.047298908233643,ifo002,0.0022059011832221828,0.8180328903784571,0.4800000000000001
23.07595944404602,ifo001,0.1339049017403533,1.0479559102822336,0.4800000000000001
23.1202974319458,ifo002,0.02791626654472501,0.7430312994957895,0.4800000000000001
23.1414155960083,ifo001,0.1352196262447637,0.6929552742550027,0.4800000000000001
23.17389178276062,ifo002,0.005409096536291395,1.037704797142601,0.4800000000000001
23.194518327713013,ifo002,0.0013292973748314674,0.7680096970366302,0.4800000000000001
23.206313848495483,ifo002,0.0014896585584365952,0.657416602189786,0.4800000000000001
23.22056794166565,ifo001,0.0040182565124454095,0.9153056238005861,0.4800000000000001
23.26363039016724,ifo002,0.005113156344964969,0.6255983930991917,0.4800000000000001
23.285505533218384,ifo002,0.004124565883473963,0.6827705234499569,0.4800000000000001
23.377603769302368,ifo001,0.008012366317646355,0.7861443252247471,0.4800000000000001
23.3794264793396,ifo001,0.015496141898846596,0.7756831458231497,0.4800000000000001
23.39827680587769,ifo001,0.00044964126514393006,0.8190421260574534,0.4800000000000001
23.525424003601078,ifo001,0.038871134277904805,0.6833961613425915,0.4800000000000001
23.539692163467407,ifo001,0.004570839605299152,0.725023713271972,0.4800000000000001
23.59720206260681,ifo002,0.018795272497413418,1.0880186695857834,0.4800000000000001
23.732703685760494,ifo002,0.00713073296277326,0.9276507651811202,0.4800000000000001
23.7488009929657,ifo001,0.0019776346666229667,0.7847652439573345,0.4800000000000001
23.80123805999756,ifo002,0.0390734338392188,0.8218418782489401,0.4800000000000001
23.82583785057068,ifo001,0.0001515344577960799,0.7520217094613397,0.4800000000000001
23.858010053634644,ifo002,0.007402531607154441,0.8279061208073123,0.4800000000000001
23.87561416625977,ifo002,0.0009612790916573668,0.7369642154157556,0.4800000000000001
23.88627004623413,ifo002,0.0003141509672348998,0.6594134053781557,0.4800000000000001
23.910719871521,ifo001,0.0003934994002242386,0.9832872449119654,0.4800000000000001
23.94328284263611,ifo002,0.008708830983169318,0.6317549662600914,0.4800000000000001
23.996824741363525,ifo002,0.053442924863584894,0.6865928577547774,0.4800000000000001
24.1099214553833,ifo001,0.0034347261780040663,0.9207895250541102,0.4800000000000001
24.11058187484741,ifo001,0.014137948184740174,0.7514992424135427,0.4800000000000001
24.141314268112183,ifo001,0.0035238001059054013,0.7472112460122879,0.4800000000000001
24.27658200263977,ifo001,0.00427527191167514,0.7080656177268063,0.4800000000000001
24.281834363937374,ifo001,0.005873735556059104,0.7434026777465743,0.4800000000000001
24.352713584899902,ifo002,0.09716420685468163,1.4229679942013798,0.4800000000000001
24.437281370162964,ifo002,0.008067963914225774,1.0064323980588468,0.4800000000000001
24.459510803222656,ifo001,0.0010656957408950178,0.7294058952044706,0.4800000000000001
24.514249563217163,ifo002,0.09458507425105603,0.7443451840984295,0.4800000000000001
24.531317949295044,ifo001,9.024444547698627e-05,0.7004187948193253,0.4800000000000001
24.56745147705078,ifo002,0.06589101603631783,0.9959565156067136,0.4800000000000001
24.595360040664676,ifo002,0.011278257189747065,0.7915408187761349,0.4800000000000001
24.59689712524414,ifo002,0.00658349889366578,0.6506598169655563,0.4800000000000001
24.62600159645081,ifo001,0.0295979609658138,1.057419955382278,0.4800000000000001
24.667661428451535,ifo002,0.005151276526350941,0.6570016417070899,0.4800000000000001
24.69856190681457,ifo002,0.05504124404502178,0.6873298809318207,0.4800000000000001
24.805586576461792,ifo001,0.016567264151465522,0.9326441001424439,0.4800000000000001
24.814728260040283,ifo001,0.002398378021187615,0.7872159029357644,0.4800000000000001
24.83361959457397,ifo001,0.022885790810863827,0.7148722832953752,0.4800000000000001
24.942482233047485,ifo001,0.008652564985746248,0.7311630692007427,0.4800000000000001
24.953378677368164,ifo001,0.005023864649399518,0.6783147090783449,0.4800000000000001
25.01084852218628,ifo002,0.021866057087072777,1.0439188948717972,0.4800000000000001
25.09927654266357,ifo002,0.03558114721402666,0.8443051375625746,0.4800000000000001
25.13939499855041,ifo001,0.0021370661271162697,0.8032116052510934,0.4800000000000001
25.195457696914676,ifo002,0.01816942160229789,0.8121927082571546,0.4800000000000001
25.221835374832157,ifo001,0.003836118134348231,0.7493766377631768,0.4800000000000001
25.24963116645813,ifo002,0.0005564695535974632,0.8885261900733752,0.4800000000000001
25.258633852005005,ifo002,0.011427213515171598,0.7507095935836172,0.4800000000000001
25.27259826660156,ifo002,0.010665088028237086,0.6848307634378418,0.4800000000000001
25.289711713790894,ifo001,0.014179822452169137,0.8530411812957857,0.4800000000000001
25.33010077476501,ifo002,0.0002696071660978043,0.6133252113453974,0.4800000000000001
25.374603748321533,ifo002,0.008165658546141551,0.6674677902998939,0.4800000000000001
25.468815326690677,ifo001,0.25016847210463466,0.8877165067262219,0.4800000000000001
25.473849534988403,ifo001,0.0605675928698943,0.6850194920997217,0.4800000000000001
25.49170684814453,ifo001,0.017480330302722523,0.6450879329942522,0.4800000000000001
25.61176705360413,ifo001,0.3148631493140093,0.7529570323997561,0.4800000000000001
25.61732816696167,ifo001,0.19443338084566658,0.6405907487490887,0.4800000000000001
25.689117670059204,ifo002,0.00046650553427405553,1.1101307562078313,0.4800000000000001
25.781655073165894,ifo002,0.00025075961997395366,0.8029868193107709,0.4800000000000001
25.87983465194702,ifo001,0.14848077813709845,1.6571251400912144,0.4800000000000001
25.940642595291138,ifo002,0.009971125295673587,1.0221401662679326,0.4800000000000001
25.961118936538696,ifo001,0.03622902363676796,0.8209438779473803,0.4800000000000001
25.99113821983337,ifo002,0.02218088026702835,0.8151393789315577,0.4800000000000001
26.00634717941284,ifo002,0.004870544348652008,0.7161692228480456,0.4800000000000001
26.01267886161804,ifo002,0.0006776210120058751,0.6313362111264903,0.4800000000000001
26.03758978843689,ifo001,0.03712871766945173,1.004872393538438,0.4800000000000001
26.0649516582489,ifo002,0.019492503857059383,0.717694338817256,0.4800000000000001
26.09800338745117,ifo002,0.000193657920442089,0.8765094016108478,0.4800000000000001
26.19965386390686,ifo001,0.8800226631029617,0.8443845188969554,0.4800000000000001
26.21973729133606,ifo001,0.22216900883518811,0.6945952903309667,0.4800000000000001
26.22965431213379,ifo001,0.04135598306227005,0.6490766933801091,0.4800000000000001
26.359973669052124,ifo001,0.0020940559139702333,0.7371540331856212,0.4800000000000001
26.38642168045044,ifo001,0.04455274550350751,0.669431987988482,0.4800000000000001
26.434718370437626,ifo002,0.00019336138500274428,0.9681537246338697,0.4800000000000001
26.513559818267822,ifo002,0.02930637810062032,0.9157334984345455,0.4800000000000001
26.535908460617065,ifo001,0.16521393523183556,1.0185504423595568,0.4800000000000001
26.585405111312863,ifo002,0.07528228926908337,0.7264193028470568,0.4800000000000001
26.603243827819824,ifo001,0.026274165594932054,0.7117161035619859,0.4800000000000001
26.62916660308838,ifo002,0.021721920697039085,1.1800711862308826,0.4800000000000001
26.656185388565063,ifo002,0.044723869390616816,0.650784339091816,0.4800000000000001
26.66466164588928,ifo002,0.03915449651581849,0.617020933958744,0.4800000000000001
26.673140048980716,ifo001,0.006869521797772373,1.0958723870696363,0.4800000000000001
26.719318389892575,ifo002,0.018915989668718613,0.6748047906172949,0.4800000000000001
26.743419885635376,ifo002,0.010748343629790528,0.8625750831982597,0.4800000000000001
26.86419105529785,ifo001,0.01262240874409229,0.8087911799154799,0.4800000000000001
26.87472486495972,ifo001,0.005803231536992109,0.9206174472199784,0.4800000000000001
26.8914258480072,ifo001,0.0004517399505955242,0.8669651072835056,0.4800000000000001
27.011232137680054,ifo001,0.019500670265536958,0.6886119820795997,0.4800000000000001
27.02017593383789,ifo001,0.005119115720877429,0.6856831040885608,0.4800000000000001
27.067323446273804,ifo002,0.0060668361068389525,1.012439227113897,0.4800000000000001
27.146849870681763,ifo002,0.004791949751334893,0.7808163307360316,0.4800000000000001
27.17102551460266,ifo001,0.014796783654243157,0.6929339177688514,0.4800000000000001
27.22584724426269,ifo002,0.028882720193793895,0.8095790213340541,0.4800000000000001
27.25114893913269,ifo001,0.014076592194401459,0.6901066104746645,0.4800000000000001
27.26668739318848,ifo001,0.025446645461002997,0.636173375737051,0.4800000000000001
27.305935859680176,ifo002,0.0009276694476841392,0.8263584136886206,0.4800000000000001
27.324164628982544,ifo002,0.000325594752105965,0.8225375282059564,0.4800000000000001
27.336060047149655,ifo002,0.006404294949693492,0.6805702727608612,0.4800000000000001
27.36206817626953,ifo001,3.415846498336023e-05,0.9060395528203188,0.4800000000000001
27.41093277931213,ifo002,0.0029964551802833376,0.636837725879889,0.4800000000000001
27.44257092475891,ifo002,0.013033291058855862,0.7573075808847076,0.4800000000000001
27.5532009601593,ifo001,0.31309725250076587,0.9480605059881086,0.4800000000000001
27.565203428268436,ifo001,0.014701112675016881,0.7074118603646602,0.4800000000000001
27.58145833015442,ifo001,0.013800844755696734,0.6396373674987719,0.4800000000000001
27.7008056640625,ifo001,0.09946175361388356,0.8595920010352824,0.4800000000000001
27.70854759216309,ifo001,0.003195721357694171,0.7687645015206097,0.4800000000000001
27.78360939025879,ifo002,0.04055606368619165,1.0413268279749675,0.4800000000000001
27.98729181289673,ifo002,0.006054238714715475,0.9835127317898906,0.4800000000000001
28.01066827774048,ifo001,1.897250124954013e-07,0.9642610365737955,0.4800000000000001
28.069154739379883,ifo002,0.0013535887546984792,0.8476819875494542,0.4800000000000001
28.09170866012573,ifo001,0.0001591609405784136,0.8305683951800025,0.4800000000000001
28.13823866844177,ifo002,0.024393096690091886,1.1320994530725217,0.4800000000000001
28.17010736465454,ifo002,2.9500638264219857e-05,0.6979472962014656,0.4800000000000001
28.173773527145386,ifo002,0.017052688928380758,0.6311188953845747,0.4800000000000001
28.19747805595398,ifo001,0.004308722318229921,0.9650692979840669,0.4800000000000001
28.243507146835327,ifo002,0.005042234513996505,0.6823900655300772,0.4800000000000001
28.280377864837646,ifo002,0.02482076510949124,0.9951627932807293,0.4800000000000001
28.371734142303467,ifo001,0.316293085635976,0.8827398032892303,0.4800000000000001
28.380522966384888,ifo001,0.18595849423314914,0.6876367787207666,0.4800000000000001
28.398587703704838,ifo001,0.006820802430848573,0.6415111401174479,0.4800000000000001
28.52418637275696,ifo001,0.06439246808152509,0.8425582118180562,0.4800000000000001
28.54726767539978,ifo001,0.25838899783572544,0.6452896719684542,0.4800000000000001
28.60056185722351,ifo002,0.061745514886726444,0.9521767035543536,0.4800000000000001
28.698699712753296,ifo002,0.017650064227078106,0.8910809140641738,0.4800000000000001
28.74130249023437,ifo001,0.16698799252534174,1.1718066651197612,0.4800000000000001
28.80408453941345,ifo002,0.01567002745942991,0.7926252358686803,0.4800000000000001
28.8184072971344,ifo001,0.1851260922102026,0.8227099490652008,0.4800000000000001
28.85170555114746,ifo002,0.0019966976507464484,1.4566165685111665,0.4800000000000001
28.86832022666931,ifo002,0.016302751304314324,0.6995219501196426,0.4800000000000001
28.890419006347656,ifo002,0.011305031464598544,0.6522821754650432,0.4800000000000001
28.91321992874145,ifo001,0.0019395920099235465,0.9607649111273278,0.4800000000000001
28.951488256454468,ifo002,0.005668154101923273,0.6479834587992858,0.4800000000000001
28.9871563911438,ifo002,0.02687664709180502,0.7979178358982612,0.4800000000000001
29.06947231292725,ifo001,0.006884082062804822,0.8030766364330786,0.4800000000000001
29.077229261398315,ifo001,0.010710871415366646,0.8473078173853953,0.4800000000000001
29.091710090637207,ifo001,0.008442921425484471,0.758170954644652,0.4800000000000001
29.20845675468445,ifo001,0.0035309294008995682,0.7047988743464384,0.4800000000000001
29.22563052177429,ifo001,0.03104305162222436,0.7138343403030741,0.4800000000000001
29.287015438079838,ifo002,0.007654250639148572,1.0631677849523165,0.4800000000000001
29.37662124633789,ifo002,0.0022657871942169073,0.8094452642454454,0.4800000000000001
29.395222663879395,ifo001,0.0008212718199082575,0.7677241876750218,0.4800000000000001
29.454652547836304,ifo002,0.06157579895790764,0.748771065877087,0.4800000000000001
29.485885858535767,ifo001,0.004244105722818815,0.7793622236053095,0.4800000000000001
29.52707862854004,ifo002,0.01215471880147989,1.0208028889467733,0.4800000000000001
29.542248249053955,ifo002,0.008805583039729285,0.7198072979234545,0.4800000000000001
29.54476046562195,ifo002,0.011994127564358721,0.6538419144129546,0.4800000000000001
29.569257974624637,ifo001,0.014458537642891744,0.9152955050337559,0.4800000000000001
29.60304045677185,ifo002,9.297293176261677e-06,0.6107461515434276,0.4800000000000001
29.637131690979004,ifo002,0.08169184676520228,0.707417187700147,0.4800000000000001
29.736251831054688,ifo001,0.28601703381751287,0.7972010345298003,0.4800000000000001
29.746082544326782,ifo001,0.016276669667064037,0.7572116521954313,0.4800000000000001
29.75709104537964,ifo001,0.017232091107173945,0.6346837258185928,0.4800000000000001
29.87228107452393,ifo001,0.08391838552234339,0.8357383749746532,0.4800000000000001
29.892377853393555,ifo001,0.025180359624740436,0.6321777205937202,0.4800000000000001
29.944361686706543,ifo002,0.10486019415519025,1.0208258551899774,0.4800000000000001
30.03515839576721,ifo002,0.020585117677697665,0.8167860644619837,0.4800000000000001
30.055023908615112,ifo001,0.07216141150611358,1.3636633632151887,0.4800000000000001
30.12755584716797,ifo002,0.0010478979485251132,0.7472177632286694,0.4800000000000001
30.149762868881226,ifo001,0.0728020497566639,0.7263459242762713,0.4800000000000001
30.192035675048828,ifo002,5.663946007638059e-05,1.0241977047603332,0.4800000000000001
30.212142944335938,ifo002,0.0002926544422176673,0.8017448626347602,0.4800000000000001
30.217119455337524,ifo002,0.004769762952041201,0.6803632104244808,0.4800000000000001
30.248167276382446,ifo001,0.00909242795574458,1.0147052713841955,0.4800000000000001
30.284969329833984,ifo002,0.0004958547792913175,0.6169894484694793,0.4800000000000001
30.317764043807983,ifo002,0.012913990003635236,0.7200240284138768,0.4800000000000001
30.404873847961422,ifo001,0.006992972012764568,0.9128660549940879,0.4800000000000001
30.405520915985107,ifo001,0.09090636637970895,0.7196725730074163,0.4800000000000001
30.4301278591156,ifo001,0.0003839936938625059,0.6319765023680934,0.4800000000000001
30.5557234287262,ifo001,0.5800365187101966,0.7521541267221908,0.4800000000000001
30.574952840805054,ifo001,0.11587852318775542,0.6636789989840781,0.4800000000000001
30.63850736618042,ifo002,0.0013474842550856775,1.0177609219041288,0.4800000000000001
30.740499258041385,ifo002,0.06262836872814882,0.808266929349347,0.4800000000000001
30.76523470878601,ifo001,0.26490622193212615,1.1464371567540361,0.4800000000000001
30.819064617156982,ifo002,0.09585138389152956,0.7507141178792784,0.4800000000000001
30.84707856178284,ifo001,0.12537066014366935,0.7490610341350543,0.4800000000000001
30.879376649856567,ifo002,0.00811629008353569,0.9835901226266962,0.4800000000000001
30.899019241333008,ifo002,0.018452885168743376,0.8226425829048389,0.4800000000000001
30.906561136245728,ifo002,0.011318740152371762,0.735546886498814,0.4800000000000001
30.961488008499146,ifo001,0.0010292741306749836,1.1052503139056433,0.4800000000000001
30.999669551849365,ifo002,0.0003971677995134983,0.6294752747602879,0.4800000000000001
31.03665423393249,ifo002,0.011303232495060838,0.7164635306850318,0.4800000000000001
31.13604164123535,ifo001,0.09607455454124363,0.8327657875279488,0.4800000000000001
31.13958191871643,ifo001,0.01362769174797078,0.8670781930734563,0.4800000000000001
31.151979684829712,ifo001,0.019379700228209368,0.715002072901807,0.4800000000000001
31.17079854011536,ifo001,0.01005579175451438,0.6266058983432444,0.4800000000000001
31.2819082736969,ifo001,0.08233994392073841,0.6811627592829697,0.4800000000000001
31.30125212669373,ifo001,0.004065915690963634,0.6793679230144472,0.4800000000000001
31.36618065834045,ifo002,0.10632724287556976,1.1573069118713208,0.4800000000000001
31.447211265563965,ifo002,0.030678609674336884,0.8903575067251781,0.4800000000000001
31.4796679019928,ifo001,0.0821465281091718,0.7208771846530787,0.4800000000000001
31.542283058166504,ifo002,0.0019893424192291443,0.7953305408287263,0.4800000000000001
31.56172204017639,ifo001,0.03771138600530207,0.7077124478375669,0.4800000000000001
31.59717631340027,ifo002,0.00978767113086426,1.0050129228523177,0.4800000000000001
31.62083649635315,ifo002,0.015815108196647963,0.7296015949870341,0.4800000000000001
31.63008499145508,ifo002,0.010386406508140851,0.6717783330081792,0.4800000000000001
31.64550018310547,ifo001,0.001069858876747111,1.0499427269146528,0.4800000000000001
31.68940234184265,ifo002,0.01211581809020762,0.6195504033863275,0.4800000000000001
31.70782971382141,ifo002,0.02053583882579693,0.6896621152420706,0.4800000000000001
31.79552245140076,ifo001,0.4091085782226356,0.965099368889476,0.4800000000000001
31.8368501663208,ifo001,0.002072495762648331,0.7652667265011714,0.4800000000000001
31.9576895236969,ifo001,0.02345693487134904,0.9193060197589202,0.4800000000000001
31.968282222747803,ifo001,0.05281003464340525,0.6522364528355448,0.4800000000000001
32.0240581035614,ifo002,0.04670962547319937,1.0100085227817976,0.4800000000000001
32.10800552368164,ifo002,0.015787613337025868,0.8279419258534684,0.4800000000000001
32.134931564331055,ifo001,0.15197628345209224,0.9318003726476666,0.4800000000000001
32.21257185935974,ifo002,2.2591012336643488e-05,0.8206285494631569,0.4800000000000001
32.25015926361084,ifo001,0.05718160423729691,0.7461886517703366,0.4800000000000001
32.28169107437134,ifo002,0.0185039010595742,1.0166125554815602,0.4800000000000001
32.29869484901428,ifo002,0.008561979084209801,0.7026075968407197,0.4800000000000001
32.30604386329651,ifo002,0.00199767643798492,0.6478676715987749,0.4800000000000001
32.326796770095825,ifo001,0.0004858522452681211,1.0176315477752103,0.4800000000000001
32.337671518325806,ifo001,5.074393915600758e-06,0.7282142276950331,0.4800000000000001
32.367785692214966,ifo002,0.0030572170941472417,0.6621933487476235,0.4800000000000001
32.40929126739502,ifo002,0.028965148680270766,0.8285469890249701,0.4800000000000001
32.52116179466248,ifo001,0.17395557809644213,0.826284122096049,0.4800000000000001
32.52411675453186,ifo001,0.017657578340769052,0.6576186767372633,0.4800000000000001
32.5376033782959,ifo001,0.009981983241194104,0.6177334285026616,0.4800000000000001
32.66856408119202,ifo001,0.06884603853993373,0.7988129360723744,0.4800000000000001
32.68692970275879,ifo001,0.00019583771306308728,0.6273155838597957,0.4800000000000001
32.75008773803711,ifo002,0.005191342832478402,1.108425895884853,0.4800000000000001
32.81528663635254,ifo002,0.0008350610255665535,0.7973190482593149,0.4800000000000001
32.84215307235718,ifo001,0.053057812220319175,1.4524409676121874,0.4800000000000001
32.90005040168762,ifo002,0.016913490060599817,0.7535336979701608,0.4800000000000001
32.91574239730835,ifo001,0.03892755511642291,0.7332281347614282,0.4800000000000001
32.95281934738159,ifo002,0.007097740891518822,0.9659956491193026,0.4800000000000001
32.97691631317139,ifo002,0.007699291357375265,0.765040021519197,0.4800000000000001
32.9840452671051,ifo002,0.012648519748137282,0.6855584868929786,0.4800000000000001
32.99618673324585,ifo001,0.022616210156231997,0.8646892323587171,0.4800000000000001
33.04552245140076,ifo002,0.0010915440931216435,0.6111710519196526,0.4800000000000001
33.08370399475098,ifo002,0.02200684054865854,0.6734331428607644,0.4800000000000001
33.17423343658447,ifo001,0.28913772253554265,0.7985003886640067,0.4800000000000001
33.17648935317993,ifo001,0.01655790489163084,0.8120180213951369,0.4800000000000001
33.19837999343872,ifo001,0.012068281495258957,0.633556411118725,0.4800000000000001
33.32711863517761,ifo001,0.15435807720803887,0.7231961402212743,0.4800000000000001
33.332977056503296,ifo001,0.000757598140579461,0.7671025745847342,0.4800000000000001
33.37991499900818,ifo002,0.03754355895035264,1.060781473717996,0.4800000000000001
33.4605450630188,ifo002,0.015911154704280266,0.831869307472601,0.4800000000000001
33.47808218002319,ifo001,0.08140662998647707,0.9149300221499278,0.4800000000000001
33.52653288841248,ifo002,0.0046792882739952356,0.7596072711882993,0.4800000000000001
33.542710065841675,ifo001,0.06951983608695184,0.7093796074764727,0.4800000000000001
33.56948518753052,ifo002,0.07133036445656817,0.818707314398555,0.4800000000000001
33.58929467201233,ifo002,0.0004880595683905359,0.6480029425529903,0.4800000000000001
33.59169840812683,ifo002,0.005407285728778819,0.6068627742010273,0.4800000000000001
33.61436104774475,ifo001,0.00016706245599997492,0.8703379899574291,0.4800000000000001
33.660680055618286,ifo002,0.010848186591895936,0.6680124659275721,0.4800000000000001
33.67841863632202,ifo002,0.0035549711646507415,0.8274944329139773,0.4800000000000001
33.7718939781189,ifo001,0.004076967212906745,0.8517167994087818,0.4800000000000001
33.77965307235718,ifo001,0.0004003718044822843,0.9409451595202656,0.4800000000000001
33.79369020462036,ifo001,0.0007054107143416458,0.6450458224840091,0.4800000000000001
33.95416975021362,ifo001,0.0016828862934457343,0.7005789132238422,0.4800000000000001
33.96372365951538,ifo001,0.0007605600509326504,0.7369120917665843,0.4800000000000001
34.03689455986023,ifo002,0.00036862593166781915,0.9268633101973515,0.4800000000000001
34.107675313949585,ifo002,0.005234330070611656,0.9699002282992633,0.4800000000000001
34.138190507888794,ifo001,1.7231407260757374e-06,0.997333652109126,0.4800000000000001
34.21124339103699,ifo002,0.0446616938334699,0.7536387191887026,0.4800000000000001
34.240434646606445,ifo001,0.00018121545221562395,0.8826365832225462,0.4800000000000001
34.28420066833496,ifo002,0.035330094632141235,1.7193030055027436,0.4800000000000001
34.301000118255615,ifo002,0.06666979624118442,0.6583771757149206,0.4800000000000001
34.30559730529785,ifo002,0.03922512754604843,0.6123781054734437,0.4800000000000001
34.33612513542175,ifo001,0.0009650156032275164,0.7553002148570107,0.4800000000000001
34.378913164138794,ifo002,0.0013499791265724403,0.7672722598881537,0.4800000000000001
34.40433144569397,ifo002,0.06850743660947449,0.8502762171022304,0.4800000000000001
34.49488139152527,ifo001,0.6168853587293118,0.7916653439453749,0.4800000000000001
34.50086760520935,ifo001,0.0050805340804204015,0.9057377404306484,0.4800000000000001
34.51453733444214,ifo001,0.00032572518206493644,0.6305070209831959,0.4800000000000001
34.63617515563965,ifo001,0.0056393659260516715,0.6659588692534704,0.4800000000000001
34.64121079444885,ifo001,0.024649272652448425,0.7586400573757824,0.4800000000000001
34.70758390426636,ifo002,0.01019615485060521,1.1185259630492912,0.4800000000000001
34.79313635826111,ifo002,9.570502693772258e-05,0.8029084052581648,0.4800000000000001
34.828019857406616,ifo001,0.0019569149798544035,0.8701825130724317,0.4800000000000001
34.88748073577881,ifo002,0.03682889950643456,0.8613801230108195,0.4800000000000001
34.904141664505005,ifo001,0.00700788846838195,0.8026423770255107,0.4800000000000001
34.94347357749939,ifo002,0.029041780069944814,0.7247709123465231,0.4800000000000001
34.97079062461853,ifo002,0.00021079342164180014,0.7495711164625409,0.4800000000000001
34.97606325149536,ifo002,0.003348522823873498,0.6580418815204732,0.4800000000000001
34.99307680130005,ifo001,0.010984766232045426,0.8047601563103427,0.4800000000000001
35.0349907875061,ifo002,0.0005411282423787992,0.6173848999151221,0.4800000000000001
35.10434317588806,ifo002,0.029660134476097836,0.6323150899161571,0.4800000000000001
35.189183950424194,ifo001,0.13469349663835894,0.8291281330969884,0.4800000000000001
35.20074105262756,ifo001,0.003948808127384342,0.935884143257416,0.4800000000000001
35.224976539611816,ifo001,9.288380869623789e-05,0.6475309503282314,0.4800000000000001
35.39039158821106,ifo001,0.0012901013982532289,0.7394674240167063,0.4800000000000001
35.39255475997925,ifo001,0.011487204424712518,0.7205481086683163,0.4800000000000001
35.46105194091797,ifo002,8.05968637988642e-05,1.2914666562623518,0.4800000000000001
35.54921865463257,ifo002,2.768472065367184e-05,1.034477423663025,0.4800000000000001
35.577316999435425,ifo001,0.004212448567485485,1.2110857510096193,0.4800000000000001
35.64928913116455,ifo002,0.03836523078812414,0.8839963875788903,0.4800000000000001
35.67506217956543,ifo001,0.0008602532160291677,0.9665530493161987,0.4800000000000001
35.70438313484192,ifo002,0.06163455037094153,0.7667055648775071,0.4800000000000001
35.72995448112488,ifo002,0.05366233584272622,0.6595731637117029,0.4800000000000001
35.73359298706055,ifo002,0.004618001778373117,0.620865892013452,0.4800000000000001
35.76086735725403,ifo001,0.0014495328318943875,0.7659286014921198,0.4800000000000001
35.790449380874634,ifo002,0.026029766860835003,0.6328982845966049,0.4800000000000001
35.82977867126465,ifo002,0.00199145749487089,0.5997707146419778,0.4800000000000001
35.94770526885986,ifo001,2.9272052689665705e-07,0.8296981142523646,0.4800000000000001
35.94850182533264,ifo001,0.0019547796357722224,0.8700179559324008,0.4800000000000001
35.97872543334961,ifo001,2.272867674425964e-05,0.6714377288202372,0.4800000000000001
36.12226176261902,ifo001,0.029982942716288742,0.6976267626886655,0.4800000000000001
36.139800786972046,ifo001,0.020755705301941648,0.7564896517158813,0.4800000000000001
36.19812917709351,ifo002,0.09491472278780563,1.7991444959732856,0.4800000000000001
36.28160214424133,ifo002,0.012426624464239281,1.1705957789635622,0.4800000000000001
36.31110143661499,ifo001,0.00035723883416837864,0.8248306688189202,0.4800000000000001
36.37194347381592,ifo002,0.0002451087051136049,0.8221154192318211,0.4800000000000001
36.39426898956299,ifo001,0.00017469502295983105,0.751664750988938,0.4800000000000001
36.421966552734375,ifo002,0.014643874267738775,0.8315772124939534,0.4800000000000001
36.45322036743164,ifo002,0.00092894935649917,0.652486323476838,0.4800000000000001
36.46322679519653,ifo002,0.0015808140818647795,0.6115747566049394,0.4800000000000001
36.4919056892395,ifo001,0.0005857945240198132,0.8483067774214919,0.4800000000000001
36.53059244155884,ifo002,0.007895234087334424,0.7303107171177203,0.4800000000000001
36.57059144973755,ifo002,0.015473322828623135,0.6975150212941065,0.4800000000000001
36.66462850570679,ifo001,0.029680603432363076,0.8436943040697213,0.4800000000000001
36.6670708656311,ifo001,0.20109793179092636,0.7343894884496475,0.4800000000000001
36.692564964294434,ifo001,0.03832566406300724,0.6368081211160999,0.4800000000000001
36.8411226272583,ifo001,1.9459898490268736e-05,0.9027233819758029,0.4800000000000001
36.86141467094421,ifo001,0.01645890992390811,0.6697735199049997,0.4800000000000001
36.94041609764099,ifo002,0.010643859744762731,1.0087075993094041,0.4800000000000001
37.01158547401428,ifo002,0.1441885941780563,0.9657345779447192,0.4800000000000001
37.03617525100708,ifo001,0.023557163529869522,1.3082365217047498,0.4800000000000001
37.09049105644226,ifo002,0.031687612870852276,0.818209235979136,0.4800000000000001
37.116865158081055,ifo001,0.0010341283904763327,0.7361816586645689,0.4800000000000001
37.15583372116089,ifo002,0.08870936572660369,0.9806778130160018,0.4800000000000001
37.16845798492432,ifo002,0.016039373658028027,0.7871977461315378,0.4800000000000001
37.17509317398071,ifo002,0.006729637584621024,0.6433575299860019,0.4800000000000001
37.191956758499146,ifo001,0.013014082210068747,0.8915292363749486,0.4800000000000001
37.21871066093445,ifo002,0.021164061835849443,0.640982595803626,0.4800000000000001
37.24714112281799,ifo002,0.08279555450359741,0.6694882078524091,0.4800000000000001
37.34586954116821,ifo001,1.1073306310643009e-05,0.7982108842085947,0.4800000000000001
37.3567373752594,ifo001,0.014525631548221257,0.7371727598712101,0.4800000000000001
37.36853647232056,ifo001,0.009308997656437631,0.6344436747583383,0.4800000000000001
37.50971555709839,ifo001,0.014252617341021824,0.7431911721725211,0.4800000000000001
37.5335705280304,ifo001,0.06520032885928807,0.7160865767099551,0.4800000000000001
37.57268977165222,ifo002,0.12175599889655556,1.0331329755619212,0.4800000000000001
37.67329096794128,ifo002,0.055642170600748254,0.9809739024010846,0.4800000000000001
37.70304846763611,ifo001,0.0976278279678579,1.1584552786861673,0.4800000000000001
37.75109601020813,ifo002,0.17801403532139917,0.7894367900292474,0.4800000000000001
37.78393912315369,ifo001,0.04895614482494749,0.7355424585225743,0.4800000000000001
37.815951108932495,ifo002,0.1824351786835362,0.8780395795285334,0.4800000000000001
37.83791947364807,ifo002,0.027090036976707487,0.9308152524959536,0.4800000000000001
37.847249269485474,ifo002,0.01771391417861005,0.6664390614572288,0.4800000000000001
37.87271595001221,ifo001,0.021804709557568164,1.0149398906326987,0.4800000000000001
37.91836261749268,ifo002,0.044883143456032545,0.6706799486631938,0.4800000000000001
37.953686237335205,ifo002,0.050780116119604396,0.6614659711076969,0.4800000000000001
38.069738149642944,ifo001,0.004782104142845992,0.8506078570238653,0.4800000000000001
38.07315325737,ifo001,0.004892865997355437,0.7872281538170434,0.4800000000000001
38.09178805351257,ifo001,0.00916231809517117,0.6963623677255844,0.4800000000000001
38.204652547836304,ifo001,0.03260289058738009,0.7297373395087243,0.4800000000000001
38.21362662315369,ifo001,0.0005123545819402325,0.7000201345218461,0.4800000000000001
38.2840838432312,ifo002,0.002633837549312582,1.1938256103603355,0.4800000000000001
38.39049291610718,ifo002,0.012708417201134907,0.9290742979035569,0.4800000000000001
38.41996216773987,ifo001,0.007819322462943224,0.7833398639030369,0.4800000000000001
38.47529339790344,ifo002,0.012590951898616889,0.8502869890109643,0.4800000000000001
38.49390125274658,ifo001,0.0003174637049117131,0.7397219881155854,0.4800000000000001
38.525381326675415,ifo002,8.160339956704815e-05,0.8490008181099122,0.4800000000000001
38.54359412193298,ifo002,0.004067499194142744,0.7616824698716289,0.4800000000000001
38.549423933029175,ifo002,0.00716872652027076,0.6758485305490272,0.4800000000000001
38.5696165561676,ifo001,1.4649057704638681e-05,1.0612962047245906,0.4800000000000001
38.61302900314331,ifo002,0.008768930679704818,0.6215637474741427,0.4800000000000001
38.65413165092468,ifo002,1.483326404414616e-05,0.6365702523077692,0.4800000000000001
38.76096224784851,ifo001,0.002948450129039616,0.8455124721109092,0.4800000000000001
38.76852798461914,ifo001,0.10148460419172561,0.832494626355285,0.4800000000000001
38.790783166885376,ifo001,0.006492933977083814,0.9995139138377911,0.4800000000000001
38.93107891082764,ifo001,0.08064099862062532,0.696891401731456,0.4800000000000001
38.94530725479126,ifo001,0.030844149759791457,0.7100466825958361,0.4800000000000001
39.008381843566895,ifo002,0.0004145800580977347,1.393809700996764,0.4800000000000001
39.09876990318298,ifo002,0.0011823122857075434,0.8562868778990391,0.4800000000000001
39.13248014450073,ifo001,0.007473930198440916,0.8230822913072882,0.4800000000000001
39.19231843948364,ifo002,0.007429899111159324,0.8897447196539892,0.4800000000000001
39.22174644470215,ifo001,0.017168708188810354,0.7379532913082498,0.4800000000000001
39.2545018196106,ifo002,0.0031969875620019702,0.8363383796764974,0.4800000000000001
39.28087878227234,ifo002,9.029327281494733e-05,0.671209492937098,0.4800000000000001
39.30462956428528,ifo002,0.002681946693399625,0.6285397230834673,0.4800000000000001
39.30982780456543,ifo001,0.06161164105930974,0.9088133560547746,0.4800000000000001
39.35279560089111,ifo002,0.001983070871528538,0.6894627327328524,0.4800000000000001
39.379356145858765,ifo002,0.012061966122409182,0.6252001813282501,0.4800000000000001
39.47419834136963,ifo001,0.0003628302074731172,0.792969097403863,0.4800000000000001
39.475717067718506,ifo001,0.6214910822390693,0.8622083562079695,0.4800000000000001
39.5087034702301,ifo001,0.20311773628404528,0.960510129566248,0.4800000000000001
39.653141260147095,ifo001,0.3332091150159269,0.8083033239228616,0.4800000000000001
39.66554665565491,ifo001,0.5049299033385828,0.6574439983846119,0.4800000000000001
39.72412610054016,ifo002,0.017793905126669857,0.9128630715094739,0.4800000000000001
39.80584979057312,ifo002,0.00020807364451335818,1.0111228324740622,0.4800000000000001
40.0854868888855,ifo002,0.0815752085791583,1.0311879119340466,0.4800000000000001
40.11712694168091,ifo001,0.16597778190727344,1.5083344877445204,0.4800000000000001
40.15726137161255,ifo002,6.0019324978160724e-05,2.121953453443374,0.4800000000000001
40.16921925544739,ifo002,0.0007226406373006811,0.7920598074414728,0.4800000000000001
40.18809986114502,ifo002,0.002483330891709531,0.6846545364699257,0.4800000000000001
40.20620894432068,ifo001,0.03853161242639122,1.8888401608452425,0.4800000000000001
40.240946531295776,ifo002,0.0008410979974778235,0.6328432102407452,0.4800000000000001
40.293292760849,ifo002,0.009539818971304367,0.7203476335819375,0.4800000000000001
40.396764039993286,ifo001,0.03697970491886605,0.9255621168381483,0.4800000000000001
40.40574765205383,ifo001,0.4426783854448834,0.8318338761422082,0.4800000000000001
40.440600633621216,ifo001,0.07127379766131632,0.7235898948502468,0.4800000000000001
40.58953475952149,ifo001,0.049800436234777215,0.831380407177168,0.4800000000000001
40.5963716506958,ifo001,0.014643272459922934,0.7082782744351195,0.4800000000000001
40.67692303657532,ifo002,4.734567959057277e-05,1.198705687932553,0.4800000000000001
40.7496771812439,ifo002,0.01997199505220215,0.8315822118996896,0.4800000000000001
40.76713013648987,ifo001,0.11890406558914532,0.962245928406954,0.4800000000000001
40.81764531135559,ifo002,0.05222691384289652,0.771281660677898,0.4800000000000001
40.85214805603027,ifo001,0.05645931206012245,0.7211886251240458,0.4800000000000001
40.87912940979004,ifo002,5.653065869673299e-05,0.8418994106935808,0.4800000000000001
40.90084624290466,ifo002,0.0001906566001743668,0.9017434354200409,0.4800000000000001
40.912171363830566,ifo002,0.0005938859912343894,0.7041563761552312,0.4800000000000001
40.95756506919861,ifo001,0.001150127172763522,1.2288537337068157,0.4800000000000001
40.99107313156128,ifo002,0.030295971164771528,0.6254757235648328,0.4800000000000001
41.030869245529175,ifo002,0.003579454856213826,0.6883917749063528,0.4800000000000001
41.1235089302063,ifo001,0.028341350884437257,0.8307799298218628,0.4800000000000001
41.12804007530213,ifo001,7.451383973168972e-05,0.8275540168551851,0.4800000000000001
41.15122866630554,ifo001,7.703197197398754e-05,0.8489652412349856,0.4800000000000001
41.297457456588745,ifo001,0.012858523360758385,0.7814763598084213,0.4800000000000001
41.30301237106323,ifo001,0.0036029102429610974,0.6576523123407609,0.4800000000000001
41.387003660202026,ifo002,0.09359559576562086,1.0457644118238187,0.4800000000000001
41.47820353507996,ifo002,0.002043748844754666,1.077005470679265,0.4800000000000001
41.50177454948425,ifo001,0.04975519651005063,0.7691026114754183,0.4800000000000001
41.55583477020264,ifo002,0.010019322143697032,0.7437614561826704,0.4800000000000001
41.577062368392944,ifo001,0.06126913389679819,0.7597275256596896,0.4800000000000001
41.62172484397888,ifo002,2.403948886587136e-05,1.4946572073917195,0.4800000000000001
41.640055418014526,ifo002,0.08703629357539827,0.7166941198641914,0.4800000000000001
41.67095518112183,ifo002,0.01708389478544029,0.692974173580534,0.4800000000000001
41.68216347694397,ifo001,0.02434171909118226,0.8220328587674464,0.4800000000000001
41.72281789779663,ifo002,0.032884306872162636,0.6172680678812065,0.4800000000000001
41.76227045059204,ifo002,0.015465819072698794,0.6640451970721701,0.4800000000000001
41.85481572151184,ifo001,0.2332210612624936,0.9144140648189361,0.4800000000000001
41.86157035827637,ifo001,0.0015741917198203548,0.6814858324341488,0.4800000000000001
41.87068700790405,ifo001,3.5738639385061454e-06,0.6377426491920979,0.4800000000000001
42.01182532310486,ifo001,0.006635992872093001,0.8924269234381138,0.4800000000000001
42.02178168296814,ifo001,0.03620332297875361,0.6345602318771479,0.4800000000000001
42.07913613319397,ifo002,0.07038882108193882,1.213186081850037,0.4800000000000001
42.15164279937744,ifo002,0.0010757026733165913,0.8920373973740219,0.4800000000000001
42.18298625946045,ifo001,0.053426396217918774,0.9825692057570713,0.4800000000000001
42.229708671569824,ifo002,0.07555183222931726,0.7352726202194259,0.4800000000000001
42.27632665634155,ifo001,0.00977851460179357,0.7147518055763962,0.4800000000000001
42.311686515808105,ifo002,0.0004653534919130016,1.0992554519619073,0.4800000000000001
42.33153986930847,ifo002,0.00029570764667917,0.7158683774208873,0.4800000000000001
42.33925175666809,ifo002,0.0019093947689036374,0.6397752699476381,0.4800000000000001
42.36164212226868,ifo001,0.006718349303866062,1.1523974422653966,0.4800000000000001
42.41130185127258,ifo002,0.10194998044176383,0.6490215340256297,0.4800000000000001
42.45303702354431,ifo002,0.00044777944550500147,0.7153868349121068,0.4800000000000001
42.56566524505615,ifo001,0.0009352978673993235,0.8778379552894899,0.4800000000000001
42.56969952583313,ifo001,0.5124024682138849,0.8173586476990607,0.4800000000000001
42.594759941101074,ifo001,0.024891376880018117,0.7969901697626326,0.4800000000000001
42.73034286499024,ifo001,0.022989158779466154,0.8273271292781577,0.4800000000000001
42.75394296646118,ifo001,0.20171502701015653,0.6451716704882572,0.4800000000000001
42.82562065124512,ifo002,0.02621821269587287,1.0953252664922868,0.4800000000000001
42.91746687889099,ifo002,0.029918143806823377,0.8299650433533656,0.4800000000000001
42.93952298164368,ifo001,0.41382654601910657,1.0551665477632315,0.4800000000000001
42.99400687217712,ifo002,0.01583109534149344,0.7495283690635861,0.4800000000000001
43.017441511154175,ifo001,0.27916115622769166,0.8054979189798843,0.4800000000000001
43.04736399650574,ifo002,0.011517607961898562,1.0224808751435952,0.4800000000000001
43.06756234169006,ifo002,0.002269628319677149,0.9732602851978396,0.4800000000000001
43.068994998931885,ifo002,0.0011965493654891091,0.701133642419574,0.4800000000000001
43.09035992622376,ifo001,0.005296687862959805,0.9194205626269231,0.4800000000000001
43.11850666999817,ifo002,0.020800541985354404,0.6087822040313349,0.4800000000000001
43.14495754241944,ifo002,0.0048118414530691515,0.7176941800566456,0.4800000000000001
43.252302169799805,ifo001,0.003125632509934453,0.789465513823415,0.4800000000000001
43.26129388809204,ifo001,0.05029453074992279,0.7875420832693514,0.4800000000000001
43.28566360473633,ifo001,0.0008625466963255883,0.7557609288881348,0.4800000000000001
43.40929412841797,ifo001,0.10712144789380519,0.6817506279193357,0.4800000000000001
43.41968607902527,ifo001,0.019980061059046775,0.7806610769139426,0.4800000000000001
43.47799205780029,ifo002,0.007629086725690872,0.9455439925332537,0.4800000000000001
43.57473611831665,ifo002,0.003907685092517877,0.8205720288936992,0.4800000000000001
43.60039401054382,ifo001,0.003616508807760063,0.74275098641241,0.4800000000000001
43.64824175834656,ifo002,0.008140531351272646,0.735521011864432,0.4800000000000001
43.68142580986023,ifo001,0.002661180091176334,0.7167819474381742,0.4800000000000001
43.708399295806885,ifo002,0.012795913210134664,1.0523675846899607,0.4800000000000001
43.72697401046753,ifo002,0.004768988050984662,0.8894322329454005,0.4800000000000001
43.73605513572693,ifo002,0.007906696188667732,0.7318228248512127,0.4800000000000001
43.7896420955658,ifo001,0.0004972148464544848,1.2179783936109845,0.4800000000000001
43.82028865814209,ifo002,0.0013421397879113187,0.6262607173118678,0.4800000000000001
43.85190773010254,ifo002,0.016176722251897046,0.6308922428442386,0.4800000000000001
43.9335527420044,ifo001,0.006779782251515164,0.8121764441435702,0.4800000000000001
43.94336819648743,ifo001,0.05158789222929078,0.8196223993016676,0.4800000000000001
43.96193885803223,ifo001,0.00040299874953793444,0.8947023337537797,0.4800000000000001
44.08526587486267,ifo001,0.06090456529596727,0.6846780211797261,0.4800000000000001
44.09818124771118,ifo001,0.014545393356787548,0.6792166992933488,0.4800000000000001
44.156733751297,ifo002,0.04222441835142524,1.055438090575349,0.4800000000000001
44.24188184738159,ifo002,0.016923157561248337,0.8123352034011084,0.4800000000000001
44.28408861160278,ifo001,0.02783350511450326,0.8607955715910109,0.4800000000000001
44.33229327201843,ifo002,0.003297244097574398,0.8346699789768196,0.4800000000000001
44.363518476486206,ifo001,0.010156911972018677,0.8381213784677635,0.4800000000000001
44.40662837028504,ifo002,0.013752256153052197,0.9792571483952759,0.4800000000000001
44.42236304283142,ifo002,8.887264995912355e-05,0.6797133323503571,0.4800000000000001
44.430288314819336,ifo002,0.00578153333198423,0.6242172734737882,0.4800000000000001
44.45210695266724,ifo001,0.05451545236229437,0.7337678930746558,0.4800000000000001
44.47770404815674,ifo002,0.007160561099314076,0.7527296922721889,0.4800000000000001
44.51291751861572,ifo002,0.00222661442345048,1.0053143933090465,0.4800000000000001
44.6310453414917,ifo001,0.01651545661178316,0.9214283310231881,0.4800000000000001
44.646045207977295,ifo001,0.020348159255469584,0.7564890792235279,0.4800000000000001
44.66503190994263,ifo001,0.056250618538073574,0.6396691756277842,0.4800000000000001
44.80466175079346,ifo001,0.04391620753846822,0.7913800281739497,0.4800000000000001
44.82669305801392,ifo001,0.11881370861729128,0.7506955929586149,0.4800000000000001
44.89336705207825,ifo002,0.017366616810856498,1.0534864912039086,0.4800000000000001
44.97087454795837,ifo002,0.013229820594751935,0.9486807820052812,0.4800000000000001
44.99860405921936,ifo001,0.009741153076875064,0.7435973285028923,0.4800000000000001
45.02616453170776,ifo001,9.966899835212267e-06,0.6664180614686153,0.4800000000000001
45.08758544921875,ifo002,0.018028321164633616,0.7844740530556491,0.4800000000000001
45.11081099510193,ifo001,0.0058119523691642526,0.6715957129006005,0.4800000000000001
45.1517333984375,ifo002,0.05797155306337268,1.0939383232636537,0.4800000000000001
45.169464349746704,ifo002,0.009446625852136034,0.9135076165980511,0.4800000000000001
45.18414831161499,ifo002,0.02625734210980882,0.7454570970258083,0.4800000000000001
45.27724075317383,ifo001,0.12561060324013978,1.0574428434403398,0.4800000000000001
45.323864459991455,ifo002,0.02278409701404578,0.6834576660180438,0.4800000000000001
45.355884313583374,ifo002,0.06240148772419668,0.7295180357023583,0.4800000000000001
45.44817066192627,ifo001,0.01805299957419791,0.8625240033895377,0.4800000000000001
45.4491183757782,ifo001,0.06980609613088527,1.0525091012960162,0.4800000000000001
45.46986031532288,ifo001,0.1408897228855799,0.6964566201391551,0.4800000000000001
45.59182286262512,ifo001,0.003914514254474027,0.8027649839397497,0.4800000000000001
45.60339045524597,ifo001,0.049748057957860935,0.6414097665260081,0.4800000000000001
45.67366147041321,ifo002,0.002995029602764496,1.031711409758997,0.4800000000000001
45.76500725746155,ifo002,0.04231747507022452,0.8359950602934869,0.4800000000000001
45.7876558303833,ifo001,0.077826658102307,1.1535701520794688,0.4800000000000001
45.83169388771057,ifo002,0.011538320431049149,0.7478957423388088,0.4800000000000001
45.857571840286255,ifo001,0.04008606790450649,0.7066628238284207,0.4800000000000001
45.89742851257324,ifo002,0.023326833704127064,0.9292983871027695,0.4800000000000001
45.90990805625916,ifo002,0.006137743258221202,0.9305633808765807,0.4800000000000001
45.924126863479614,ifo002,0.011127103195599057,0.7531896469624033,0.4800000000000001
45.93717193603516,ifo001,0.04984964662850843,0.9615318356511917,0.4800000000000001
45.97078466415405,ifo002,0.005314470902235824,0.603470605808561,0.4800000000000001
45.99757218360901,ifo002,0.028930333585432975,0.6235211531450696,0.4800000000000001
46.10327935218811,ifo001,0.05042273598530049,0.7874822332830036,0.4800000000000001
46.11405205726624,ifo001,0.019194628393312048,0.7638546729285006,0.4800000000000001
46.13194966316223,ifo001,0.027895762831150063,0.6616326561937376,0.4800000000000001
46.24473118782044,ifo001,0.004032820750700804,0.7054409014776067,0.4800000000000001
46.249330043792725,ifo001,0.02121038980946307,0.6903979498685721,0.4800000000000001
46.30983924865723,ifo002,0.01838203207287262,1.153682818953069,0.4800000000000001
46.423770904541016,ifo002,0.00019145573897531525,0.8185190207150936,0.4800000000000001
46.44289255142212,ifo001,0.00021915694049539632,1.0584437852463582,0.4800000000000001
46.49650764465332,ifo002,0.01523096682961231,0.8704095179529452,0.4800000000000001
46.52734613418579,ifo001,0.0005355063401016877,0.8862951807972916,0.4800000000000001
46.571478843688965,ifo002,0.001491623564810011,0.7529472656775752,0.4800000000000001
46.58597540855408,ifo002,0.011096802141270632,0.7523453833113163,0.4800000000000001
46.589338064193726,ifo002,0.010651573188612587,0.6789590008734756,0.4800000000000001
46.62207865715027,ifo001,0.007187508087606271,0.7948803004523164,0.4800000000000001
46.664616107940674,ifo002,0.00207398155178903,0.6261589704197928,0.4800000000000001
46.70003151893616,ifo002,0.0005756974372405732,0.6327436291895295,0.4800000000000001
46.79166555404663,ifo001,0.21659524643679784,0.8004982016856466,0.4800000000000001
46.79601907730103,ifo001,0.010403168776009686,0.8725094284540755,0.4800000000000001
46.82158660888672,ifo001,0.013912914464488687,0.6412578425630935,0.4800000000000001
46.95934796333313,ifo001,0.49868968311162637,0.7252243666525843,0.4800000000000001
46.966235876083374,ifo001,0.2206992421914956,0.629795918945829,0.4800000000000001
47.0239851474762,ifo002,0.07292539220365818,1.069443877573073,0.4800000000000001
47.116615533828735,ifo002,0.006182167400765648,1.0094115429158066,0.4800000000000001
47.14106369018555,ifo001,0.1681142530303798,1.553786115369241,0.4800000000000001
47.19655680656433,ifo002,0.002465969767301985,0.7903141799282534,0.4800000000000001
47.21780014038086,ifo001,0.020172629308798252,0.724117450398175,0.4800000000000001
47.25105142593384,ifo002,0.004195532318872514,0.8229812464076631,0.4800000000000001
47.26281023025513,ifo002,3.4897500599900572e-06,0.7013279294287202,0.4800000000000001
47.27485346794128,ifo002,0.0001452159193794633,0.6373276028087101,0.4800000000000001
47.29578638076782,ifo001,0.0020754037893605036,1.0222762874388185,0.4800000000000001
47.32875347137451,ifo002,0.0025524166498843443,0.6464088105592585,0.4800000000000001
47.35709476470947,ifo002,0.00019340928742195767,0.6635062853998018,0.4800000000000001
47.43492484092712,ifo001,0.7687216228485616,0.7678502153388289,0.4800000000000001
47.44117140769959,ifo001,0.013351924699212306,0.8398501304488046,0.4800000000000001
47.47731018066406,ifo001,0.30628395800539593,0.7337882544275539,0.4800000000000001
47.60954856872559,ifo001,0.30677546334887235,0.7073171552819622,0.4800000000000001
47.626781940460205,ifo001,0.006317771285705786,0.6433518172855895,0.4800000000000001
47.67897891998291,ifo002,0.0008834538111004843,1.4150798974775816,0.4800000000000001
47.744930028915405,ifo002,0.00020801092558355228,0.767127663285434,0.4800000000000001
47.772587060928345,ifo001,0.2995797592236696,0.8373322078216413,0.4800000000000001
47.8422954082489,ifo002,0.0003990628926560214,0.9943460157534942,0.4800000000000001
47.86730813980103,ifo001,0.09162057559533042,0.723679765699012,0.4800000000000001
47.90378022193909,ifo002,0.026040989792346945,0.6999076227370762,0.4800000000000001
47.93216967582703,ifo002,0.0002720072764370386,0.6593005651373062,0.4800000000000001
47.93509578704834,ifo002,0.006221280183068999,0.611435056218735,0.4800000000000001
47.94746780395508,ifo001,0.044328612152500765,0.9158185607539315,0.4800000000000001
47.988293409347534,ifo002,0.004797630202884666,0.6202360553254747,0.4800000000000001
48.0241322517395,ifo002,0.00232837634551711,0.6137370571475267,0.4800000000000001
48.123116970062256,ifo001,0.0034364096199523526,0.8094905617080268,0.4800000000000001
48.12731504440308,ifo001,0.002554446812791789,0.7455608430292164,0.4800000000000001
48.147940158844,ifo001,0.0005021847377104352,0.6527241816804921,0.4800000000000001
48.260483264923096,ifo001,0.05426736757776122,0.6896980249614254,0.4800000000000001
48.26838088035584,ifo001,0.001062873682773715,0.6414811324662579,0.4800000000000001
48.33162307739258,ifo002,0.2649624718671128,1.1940450996815226,0.4800000000000001
48.41544151306152,ifo002,0.07536940766067281,1.3090788965925457,0.4800000000000001
48.44982933998108,ifo001,0.07079555179097609,0.998473683895175,0.4800000000000001
48.524943351745605,ifo002,0.01564939110074795,0.8986096020677297,0.4800000000000001
48.54185891151428,ifo001,0.0008495048422276519,1.3248689888468568,0.4800000000000001
48.56831932067871,ifo002,0.0020136412097254658,0.7005452765090284,0.4800000000000001
48.59464478492737,ifo002,0.01798508557858584,0.654036821398979,0.4800000000000001
48.6099841594696,ifo002,0.0028756592866374477,0.613433832771324,0.4800000000000001
48.6254301071167,ifo001,0.0016460981863203816,0.7162444957200627,0.4800000000000001
48.65354776382446,ifo002,0.005189344364711813,0.6209045852733124,0.4800000000000001
48.677263259887695,ifo002,0.0015701097379245965,0.6135318208470989,0.4800000000000001
48.76561665534973,ifo001,0.01153502236171218,0.7593794718451825,0.4800000000000001
48.772469997406006,ifo001,0.005456247632247425,0.7733817687532107,0.4800000000000001
48.782156467437744,ifo001,0.0007444437999043995,0.6212367520068591,0.4800000000000001
48.89986205101013,ifo001,0.030144139516265017,0.6670397124727241,0.4800000000000001
48.915406942367554,ifo001,0.001204720947485259,0.6895116027799479,0.4800000000000001
48.97758865356445,ifo002,0.0790772376586633,0.9305955272264156,0.4800000000000001
49.04899501800537,ifo002,1.435070274270891e-05,1.218247100902601,0.4800000000000001
49.07449960708618,ifo001,0.008344138780815842,1.0757447480825812,0.4800000000000001
49.212663650512695,ifo002,1.0661415419743827e-08,0.8744283011529876,0.4800000000000001
49.23313665390015,ifo001,0.008504437211865829,0.843238037696243,0.4800000000000001
49.26883912086487,ifo002,0.10563328519241363,0.7762737814542882,0.4800000000000001
49.29109334945679,ifo002,0.00022353099782489744,0.6936263344101978,0.4800000000000001
49.31318092346192,ifo002,7.605663571805261e-06,0.6404568767755077,0.4800000000000001
49.33343505859375,ifo001,0.004851456877061328,1.0280980858393074,0.4800000000000001
49.3796501159668,ifo002,0.02224278828828904,0.8151048716565921,0.4800000000000001
49.40690755844116,ifo002,0.04472040811492933,0.8533309993023018,0.4800000000000001
49.48612809181213,ifo001,0.07600100753206908,0.8350750010838955,0.4800000000000001
49.49332237243652,ifo001,0.006818591942105249,0.9309384300924904,0.4800000000000001
49.51338076591492,ifo001,0.08580473286234862,0.7103279008847199,0.4800000000000001
49.64496064186096,ifo001,0.057558995871849136,0.6872162598586284,0.4800000000000001
49.65689992904663,ifo001,0.12477194074793248,0.681995229087913,0.4800000000000001
49.71894073486328,ifo002,0.015003670885671165,0.92970211657565,0.4800000000000001
49.73142623901367,ifo002,0.0022633909777676968,0.7382554680852649,0.4800000000000001
49.82013368606568,ifo002,0.006244080338780513,0.8646311995826115,0.4800000000000001
49.8484354019165,ifo001,0.049715071937723836,1.1617050221273237,0.4800000000000001
49.91020464897156,ifo002,0.024077021593440006,0.7289188658343224,0.4800000000000001
49.93076419830322,ifo001,0.017758087004549734,0.7398456866688388,0.4800000000000001
49.95347094535828,ifo002,0.0018009619001735947,1.2731205983865959,0.4800000000000001
49.97688055038452,ifo002,1.3618958449799282e-05,0.6661868190257362,0.4800000000000001
49.9923300743103,ifo002,0.011420282924243495,0.6226680740635406,0.4800000000000001
50.005115032196045,ifo001,0.00432676479456016,0.9443633368896105,0.4800000000000001
50.05046105384827,ifo002,0.002558315763597058,0.6154304865277792,0.4800000000000001
50.08093953132629,ifo002,0.00947730113867761,0.6972386741859233,0.4800000000000001
50.18236422538757,ifo001,0.003949601779628264,0.9149279477652548,0.4800000000000001
50.18803334236145,ifo001,0.5045103522437833,0.6948064443817867,0.4800000000000001
50.20617651939392,ifo001,0.0899243544978648,0.6443953691610524,0.4800000000000001
50.354952573776245,ifo001,0.1988478313363323,0.8104049890818036,0.4800000000000001
50.35768103599548,ifo001,0.04679633923148937,0.7417650657328705,0.4800000000000001
50.42156100273132,ifo002,0.009528157090991233,0.9809517129065389,0.4800000000000001
50.51449871063232,ifo002,0.021215068994430698,0.8331372922876812,0.4800000000000001
50.55416917800903,ifo001,0.01841684407861948,0.9431202843311032,0.4800000000000001
50.61705493927002,ifo002,0.0032506472641664302,0.7883274721213982,0.4800000000000001
50.643075466156006,ifo001,2.8534922944518535e-05,0.7532628873497955,0.4800000000000001
50.67785596847534,ifo002,0.0019737853460316496,1.3142098248422882,0.4800000000000001
50.69986605644226,ifo002,0.00012658344103295066,0.7755661568752921,0.4800000000000001
50.70545387268066,ifo002,0.0005615895441665396,0.6628053622665753,0.4800000000000001
50.73090505599976,ifo001,0.0003226242588396639,0.9759148945910154,0.4800000000000001
50.77167654037476,ifo002,0.011248736881884805,0.6477314821384776,0.4800000000000001
50.79413461685181,ifo002,0.010623369183875936,0.7627620563921813,0.4800000000000001
50.89587926864624,ifo001,0.2928580447526412,0.8020913479166885,0.4800000000000001
50.91062760353088,ifo001,0.09984245893224897,0.7331559445208478,0.4800000000000001
50.92657804489136,ifo001,0.09125657057092716,0.6325714361358898,0.4800000000000001
51.03445386886597,ifo001,0.0941249712691209,0.8048884751832782,0.4800000000000001
51.04534983634949,ifo001,0.14308271792763683,0.625509344434203,0.4800000000000001
51.12012958526611,ifo002,0.013276672011023706,0.924550964754877,0.4800000000000001
51.19155502319336,ifo002,0.02146371673325192,0.7872224773734657,0.4800000000000001
51.21718525886536,ifo001,0.08267786693249096,1.259486381308369,0.4800000000000001
51.27603006362915,ifo002,7.756987933489739e-05,0.7656983908878345,0.4800000000000001
51.29862427711487,ifo001,0.043185025149592736,0.710373564680125,0.4800000000000001
51.34649133682251,ifo002,0.014951655691932927,0.9774359265156948,0.4800000000000001
51.361916065216064,ifo002,0.004104994575049829,1.0137914161953074,0.4800000000000001
51.369083881378174,ifo002,0.00013754026205692639,0.7685600602263027,0.4800000000000001
51.40014886856079,ifo001,0.01238616184879982,1.0748948252193986,0.4800000000000001
51.4285614490509,ifo002,0.038940264812751264,0.6115957774525581,0.4800000000000001
51.4591269493103,ifo002,0.012680699129761133,0.6379543343078969,0.4800000000000001
51.57676863670349,ifo001,0.006876727733546973,0.8907874520756733,0.4800000000000001
51.5775830745697,ifo001,0.2752471105679641,0.7187094054507219,0.4800000000000001
51.60051798820496,ifo001,0.03425867077277608,0.6421463516957953,0.4800000000000001
51.73678731918335,ifo001,0.002068273073861385,0.8257514134368664,0.4800000000000001
51.75066804885864,ifo001,0.020283665432674264,0.6434328487039257,0.4800000000000001
51.81637787818909,ifo002,0.001893470696037938,1.1927786348997609,0.4800000000000001
51.88607382774353,ifo002,0.2753804321400785,0.7916079953660281,0.4800000000000001
51.91550016403198,ifo001,0.0005110086849137771,1.2754556699574509,0.4800000000000001
51.968260049819946,ifo002,0.02655050125114013,0.810644642649081,0.4800000000000001
51.99759125709534,ifo001,0.0006033646568262156,0.9071056703206815,0.4800000000000001
52.056570529937744,ifo002,0.03388421078767438,0.88687340978528,0.4800000000000001
52.07260990142822,ifo002,0.003120208843703629,0.8075422159169632,0.4800000000000001
52.08505725860596,ifo002,0.002297372974624265,0.6696328362364048,0.4800000000000001
52.1002414226532,ifo001,0.01715980541304638,0.7694066980180998,0.4800000000000001
52.14554524421692,ifo002,0.16660596600971503,0.6720061439364423,0.4800000000000001
52.1775267124176,ifo002,0.048015805345583674,0.7648661567147115,0.4800000000000001
52.27462005615234,ifo001,0.0012012618056270099,0.8182592396895694,0.4800000000000001
52.41441226005554,ifo001,0.004719167378014123,0.8975602481742871,0.4800000000000001
52.557825565338135,ifo001,0.0035441793595371723,0.8791087150435752,0.4800000000000001
52.57012224197388,ifo001,0.00566992623051328,0.7830993472994585,0.4800000000000001
52.61958336830139,ifo002,0.0001983770091666586,1.2243772310593917,0.4800000000000001
52.68377923965454,ifo002,0.0009422769998325496,0.9462396706418867,0.4800000000000001
52.72495579719544,ifo001,0.054359919197370425,1.017733048545558,0.4800000000000001
52.7747848033905,ifo002,0.01949536507501002,0.9284057487422754,0.4800000000000001
52.79226589202881,ifo001,0.005526041224867886,0.7044234058508183,0.4800000000000001
52.84899044036865,ifo002,0.04175301604758407,0.7930785255137349,0.4800000000000001
52.878299713134766,ifo002,0.009671339699129419,0.7192750885317613,0.4800000000000001
52.88484644889832,ifo002,0.00044695686633150397,0.6621650237771333,0.4800000000000001
52.90929245948792,ifo001,5.1589556965281745e-06,1.3094315149036162,0.4800000000000001
52.95113134384155,ifo002,0.0002303152488863914,0.6747461729772414,0.4800000000000001
52.99081301689148,ifo002,0.00509917784914126,0.7017306455752272,0.4800000000000001
53.08987808227539,ifo001,0.03252162947941477,0.8272354343982491,0.4800000000000001
53.09484386444092,ifo001,0.000802318872534222,0.8318699156733491,0.4800000000000001
53.10741925239563,ifo001,0.0029307320855120047,0.7290994130067516,0.4800000000000001
53.24600267410278,ifo001,0.0017589511238025768,0.7190042662448717,0.4800000000000001
53.26024866104126,ifo001,0.01909431044866248,0.6926027677413746,0.4800000000000001
53.322534799575806,ifo002,0.001315917915254845,1.063227763990291,0.4800000000000001
53.40292716026306,ifo002,0.0038467613502217515,0.9465316151277428,0.4800000000000001
53.42554593086243,ifo001,0.011331360313886416,1.0177979485494204,0.4800000000000001
53.4864649772644,ifo002,0.006031801565517609,0.7839128352631042,0.4800000000000001
53.60205054283142,ifo001,0.005690074930187719,0.8458112026454456,0.4800000000000001
53.65005326271057,ifo002,0.0006120684638740655,1.23244713232334,0.4800000000000001
53.67894959449768,ifo002,0.004321966712726151,0.7405629204494724,0.4800000000000001
53.68500280380249,ifo002,0.0038395586080739105,0.6467447884140899,0.4800000000000001
53.71202206611633,ifo001,0.0038200951267970923,1.0887014651247764,0.4800000000000001
53.74998879432678,ifo002,0.030577901882579365,0.7054673052096765,0.4800000000000001
53.782506227493286,ifo002,0.00432524349315859,0.6549562054258543,0.4800000000000001
53.8787739276886,ifo001,0.005813077290489207,0.8432160390732186,0.4800000000000001
53.88971781730652,ifo001,0.004755689814028155,0.8522571264096392,0.4800000000000001
53.90377593040466,ifo001,0.002369568779256576,0.745670459567018,0.4800000000000001
54.03673434257507,ifo001,9.67358849490235e-07,0.6928027928834186,0.4800000000000001
54.04871296882629,ifo001,0.010873397848998887,0.7231713776177171,0.4800000000000001
54.099085569381714,ifo002,0.07636579552892436,1.373254407404399,0.4800000000000001
54.20787072181702,ifo002,0.012993226377405676,1.0820081181786176,0.4800000000000001
54.238276720047,ifo001,0.040528600311044584,0.9244090103810699,0.4800000000000001
54.29287171363831,ifo002,0.05393234045579639,0.7601590599534411,0.4800000000000001
54.3134834766388,ifo001,0.009780144443338492,0.9280828630303489,0.4800000000000001
54.3465142250061,ifo002,0.014190024773851027,0.99192553085895,0.4800000000000001
54.364436626434326,ifo002,0.0002136897488441187,0.7390381680560518,0.4800000000000001
54.38379693031311,ifo002,0.0001899955385439909,0.6596288214088066,0.4800000000000001
54.40226054191589,ifo001,0.006507222434626287,0.7648438898210587,0.4800000000000001
54.43841791152954,ifo002,0.016313771298851903,0.6142808336922834,0.4800000000000001
54.47662115097046,ifo002,0.04807161013251649,0.6092150105533019,0.4800000000000001
54.561681270599365,ifo001,6.27254845596431e-05,0.7803168311548436,0.4800000000000001
54.56645894050598,ifo001,0.013955269071610007,0.8459413785858795,0.4800000000000001
54.582213401794434,ifo001,0.0006235752414788728,0.6254923165911236,0.4800000000000001
54.71799612045288,ifo001,7.712615963394806e-05,0.7310685937281514,0.4800000000000001
54.72681927680969,ifo001,0.025822739143497808,0.6937282670368674,0.4800000000000001
54.8018970489502,ifo002,0.11055149445545136,1.0091811842824412,0.4800000000000001
54.90595197677612,ifo002,0.11377595125676211,0.9811903514951834,0.4800000000000001
54.93994331359863,ifo001,0.004397424325475804,1.1991895724667234,0.4800000000000001
54.99096894264221,ifo002,2.0485676260315234e-05,0.8527301106453031,0.4800000000000001
55.01196026802063,ifo001,0.006965618832952814,0.9221980701380549,0.4800000000000001
55.05195927619934,ifo002,0.08089072422533564,0.7974209718020955,0.4800000000000001
55.07513618469238,ifo002,1.928014525628263e-05,0.699542693850619,0.4800000000000001
55.0864474773407,ifo002,0.005022418023808456,0.6364428111427647,0.4800000000000001
55.1073944568634,ifo001,0.0008225725374432099,0.7672308416778768,0.4800000000000001
55.13981485366821,ifo002,1.0270280306825246e-05,0.6740902214889241,0.4800000000000001
55.17895293235779,ifo002,0.041991054897294655,0.8277196035773264,0.4800000000000001
55.27140545845032,ifo001,0.0004964196434039258,1.116611274308411,0.4800000000000001
55.28891754150391,ifo001,0.0004451176710884461,0.6877573726265303,0.4800000000000001
55.42701745033264,ifo001,0.0041757377678412295,0.736790488005318,0.4800000000000001
55.45631551742554,ifo001,0.03800756252838915,0.7832452678721132,0.4800000000000001
55.514761447906494,ifo002,0.012271994602727227,0.9114005704285489,0.4800000000000001
55.596540451049805,ifo002,0.00098472947992421,0.8457781223162151,0.4800000000000001
55.63204789161682,ifo001,0.008384971235950852,1.3854168703328495,0.4800000000000001
55.68883204460144,ifo002,0.0020698206476213983,0.7781136003894962,0.4800000000000001
55.70088338851929,ifo001,0.008451867614830761,0.7960440468067266,0.4800000000000001
55.73185706138611,ifo002,0.017665773290561338,0.9501138151369748,0.4800000000000001
55.76775407791138,ifo002,0.0027431130483299157,0.7072129154683205,0.4800000000000001
55.77785515785217,ifo002,0.0010870361993042593,0.6302436940016602,0.4800000000000001
55.79662847518921,ifo001,0.006170173569002381,0.7961440938961674,0.4800000000000001
55.832550048828125,ifo002,0.006242505872960679,0.68736772868919,0.4800000000000001
55.87323617935181,ifo002,0.015721651347596646,0.8590415298684126,0.4800000000000001
55.9811589717865,ifo001,0.007600335757014616,1.077909464465894,0.4800000000000001
55.98136305809021,ifo001,0.0032632501683279164,0.683048674336467,0.4800000000000001
56.00781226158142,ifo001,0.014390110794762061,0.67529579632467,0.4800000000000001
56.13473582267761,ifo001,0.09233792044268185,0.6843542380515997,0.4800000000000001
56.143823862075806,ifo001,0.0001572729040567353,0.7807785476716184,0.4800000000000001
56.2147216796875,ifo002,0.005057127347061567,1.0661793745528003,0.4800000000000001
56.30360746383667,ifo002,2.5336523273574417e-05,0.855702544390138,0.4800000000000001
56.36436438560486,ifo001,0.06173216136411954,0.788028448554512,0.4800000000000001
56.43562364578247,ifo002,0.09472516883658398,0.815131312454796,0.4800000000000001
56.4643132686615,ifo001,0.002082449929994962,0.758933853047025,0.4800000000000001
56.48857378959656,ifo002,0.02034591589115682,1.036950259880107,0.4800000000000001
56.50806784629822,ifo002,0.0793002174462919,0.7011637162102783,0.4800000000000001
56.51362180709839,ifo002,0.036977801643528825,0.6838232148157056,0.4800000000000001
56.53515267372131,ifo001,0.029843654713019873,0.8966432070946015,0.4800000000000001
56.56544804573059,ifo002,0.009113857578333922,0.6069890406731816,0.4800000000000001
56.60595679283142,ifo002,0.019495376420922455,0.6184388990887533,0.4800000000000001
56.68394064903259,ifo001,9.747208843145719e-05,0.7949863343568147,0.4800000000000001
56.69552183151245,ifo001,0.019532241401333878,0.7436761906151079,0.4800000000000001
56.70969009399414,ifo001,0.002960357791311569,0.6241512277006473,0.4800000000000001
56.84892272949219,ifo001,0.01624437892419716,0.7573382192093314,0.4800000000000001
56.85989189147949,ifo001,0.04076586368776037,0.7182619525575756,0.4800000000000001
56.90852546691895,ifo002,0.29727038006527357,1.1864472650246647,0.4800000000000001
56.988627910614014,ifo002,0.1343259461324471,1.2127052372592784,0.4800000000000001
57.01592803001404,ifo001,0.0020093949545889776,1.1096552888778932,0.4800000000000001
57.07645392417908,ifo002,0.015176467830040813,0.8044900537938925,0.4800000000000001
57.10432887077332,ifo001,0.015513771657034325,0.943608516716683,0.4800000000000001
57.127116441726685,ifo002,0.006412354701281632,0.8238878306781532,0.4800000000000001
57.14841175079346,ifo002,0.00813864499329148,0.7299171628284358,0.4800000000000001
57.15847325325012,ifo002,0.0046853972022338364,0.6371575304160266,0.4800000000000001
57.17573547363281,ifo001,0.006323870513866613,0.7093194264260424,0.4800000000000001
57.20759439468384,ifo002,0.007779774692369361,0.6566978747940417,0.4800000000000001
57.23026061058045,ifo002,0.020229462866480672,0.7185726486114593,0.4800000000000001
57.33372235298157,ifo001,0.019305495849310073,0.7637420302195634,0.4800000000000001
57.33891606330872,ifo001,0.00026271518842545564,0.8096757907230203,0.4800000000000001
57.35991454124451,ifo001,0.009330320163874676,0.6669812471546517,0.4800000000000001
57.58150339126587,ifo001,0.027129285501784683,0.764658233771391,0.4800000000000001
57.58572506904602,ifo001,0.019057195287568485,0.8044373298830612,0.4800000000000001
57.66687989234924,ifo002,0.020581752451251708,1.0782819496773224,0.4800000000000001
57.742902755737305,ifo002,0.0043115966592698445,0.9209899448165575,0.4800000000000001
57.774637937545776,ifo001,0.0545962709139398,1.3120055569311084,0.4800000000000001
57.8359591960907,ifo002,0.0031812041899927394,0.7761426513209502,0.4800000000000001
57.85325264930725,ifo001,0.00018291567386481553,1.2607816724793346,0.4800000000000001
57.89797806739807,ifo002,0.00037718785854223136,1.1481383355932502,0.4800000000000001
57.9148895740509,ifo002,0.003427354273316657,0.7807525832753848,0.4800000000000001
57.91848087310791,ifo002,0.005868121532922904,0.6827823113553049,0.4800000000000001
57.93764472007752,ifo001,0.008036754317598285,0.7239363613014009,0.4800000000000001
57.98088479042053,ifo002,0.034481010938165996,0.6370409066155972,0.4800000000000001
58.012126207351685,ifo002,3.8120073063479087e-06,0.8009286604145385,0.4800000000000001
58.11475729942322,ifo001,0.1890804501291304,0.8381179577987578,0.4800000000000001
58.12741804122925,ifo001,0.2767765285086924,0.6959671455362041,0.4800000000000001
58.13886594772339,ifo001,0.05581209352254865,0.6936675125718463,0.4800000000000001
58.2603063583374,ifo001,0.01732524658675292,0.6892500602334365,0.4800000000000001
58.273277759552,ifo001,0.08906817175085999,0.7052187215364613,0.4800000000000001
58.3485631942749,ifo002,0.021616377379597904,0.9466672878914877,0.4800000000000001
58.43078684806824,ifo002,0.0094240989869466,0.8039848787812929,0.4800000000000001
58.46441626548767,ifo001,0.18011125142009884,1.253832256242474,0.4800000000000001
58.52514266967773,ifo002,0.05022388981793531,0.7566631736802685,0.4800000000000001
58.55400991439819,ifo001,0.091062503715264,0.7425957421894287,0.4800000000000001
58.58614993095398,ifo002,0.014062242399819267,1.2485848519636882,0.4800000000000001
58.604182958602905,ifo002,0.006327824974415605,1.0133478927747523,0.4800000000000001
58.62476706504822,ifo002,0.17243592616620207,0.6848591829747281,0.4800000000000001
58.6306517124176,ifo002,0.11510709460649467,0.6716161031637087,0.4800000000000001
58.65044593811035,ifo001,0.011357636203265253,0.9695515380010788,0.4800000000000001
58.67975544929504,ifo002,0.033979050417089485,0.5962130935711818,0.4800000000000001
58.720388650894165,ifo002,0.0014574041544581395,0.7187871479960599,0.4800000000000001
58.79756665229797,ifo001,0.0019867384987050075,0.7987232443986702,0.4800000000000001
58.8021092414856,ifo001,0.07483884353328861,0.8369166370585102,0.4800000000000001
58.82508182525635,ifo001,0.0034871350262623496,0.6780587210725189,0.4800000000000001
58.94458532333374,ifo001,0.009760394840338886,0.6709443782119499,0.4800000000000001
58.96884799003601,ifo001,0.03465660738156361,0.7952386662895559,0.4800000000000001
59.01891493797302,ifo002,0.0031294866634124147,0.8388846279807172,0.4800000000000001
59.10809755325317,ifo002,0.008620098161652939,0.7834241929476058,0.4800000000000001
59.21994400024414,ifo001,9.182865351580369e-05,1.0566108471976714,0.4800000000000001
59.27857398986816,ifo002,0.0010752098493256794,0.8604467587795182,0.4800000000000001
59.3068437576294,ifo001,0.005810868747826101,0.8603891191436681,0.4800000000000001
59.35178112983704,ifo002,0.07354841504101389,1.2684196837648387,0.4800000000000001
59.37888765335083,ifo002,0.06240651898686995,1.1279131763423194,0.4800000000000001
59.3904447555542,ifo002,0.005172673658884733,0.8492617344631217,0.4800000000000001
59.41963839530945,ifo001,0.026356230081132106,0.979126360407269,0.4800000000000001
59.46491289138794,ifo002,0.003806317046393976,0.6457974041976758,0.4800000000000001
59.492583990097046,ifo002,0.11970610728418092,0.6451484949278706,0.4800000000000001
59.57732200622559,ifo001,0.02138788700940554,0.8460660147237533,0.4800000000000001
59.58203673362732,ifo001,0.012647774238713211,1.032741360805363,0.4800000000000001
59.60582852363586,ifo001,4.5817907676206486e-05,0.7374346893579253,0.4800000000000001
59.72991538047791,ifo001,0.001043647073457573,0.6778901131959123,0.4800000000000001
59.74244546890259,ifo001,0.0001422842666571668,0.729823926715639,0.4800000000000001
59.79303336143494,ifo002,0.002374727459048822,0.9624277681419022,0.4800000000000001
59.86906576156616,ifo002,0.021239327105290376,0.7735357526479769,0.4800000000000001
59.91255307197571,ifo001,0.05222206221690817,0.9458741124760117,0.4800000000000001
59.96760940551758,ifo002,0.0032571600815484098,0.7606132438984696,0.4800000000000001
59.98458671569824,ifo001,0.02085928602370455,0.7113837371538019,0.4800000000000001
60.05104970932007,ifo002,0.021648994765801618,0.9722884008947845,0.4800000000000001
60.08249020576477,ifo002,0.007592908309084024,0.9128311248972112,0.4800000000000001
60.087641954422,ifo002,4.275012821231592e-06,0.7360052471076152,0.4800000000000001
60.1081600189209,ifo001,0.003869198910275195,0.9622240907444086,0.4800000000000001
60.13787794113159,ifo002,0.01600589825814223,0.6173449990966682,0.4800000000000001
60.171478271484375,ifo002,0.019466705858803095,0.6716162839256155,0.4800000000000001
60.28176259994507,ifo001,0.18989978342656438,0.8277829558813241,0.4800000000000001
60.28342604637146,ifo001,0.00021834230401493533,0.7730054801579498,0.4800000000000001
60.30653190612793,ifo001,0.01806204990900238,0.6567358429262512,0.4800000000000001
60.453204870224,ifo001,0.056768185721503765,0.7421673686937118,0.4800000000000001
60.46250820159912,ifo001,0.006697208468618204,0.7486395959948902,0.4800000000000001
60.54222512245178,ifo002,0.007416919574566726,1.0876958512125376,0.4800000000000001
60.62010455131531,ifo002,0.03769006917133876,0.8131100143228966,0.4800000000000001
60.65592432022095,ifo001,9.235440530022889e-05,0.838205127942789,0.4800000000000001
60.70512676239014,ifo002,0.010542088774378677,0.7782563908746947,0.4800000000000001
60.738760232925415,ifo001,0.0001473839815219892,0.759644065390211,0.4800000000000001
60.77458119392395,ifo002,0.0507684299936936,0.9446212348405598,0.4800000000000001
60.79972815513611,ifo002,0.006277206061948982,0.9523865832148782,0.4800000000000001
60.802117347717285,ifo002,0.0006639598805883476,0.6900802396343788,0.4800000000000001
60.820528507232666,ifo001,0.020719593251539756,0.9144718981411206,0.4800000000000001
60.85417985916138,ifo002,0.0015202857715967161,0.6242807554081929,0.4800000000000001
60.88494086265564,ifo002,0.02580173535088181,0.6902124444310941,0.4800000000000001
60.98356699943543,ifo001,0.003196026078668148,0.9086502769881739,0.4800000000000001
60.999478340148926,ifo001,0.0025918202607817086,0.7310196990661393,0.4800000000000001
61.02100992202759,ifo001,0.0037217467228891537,0.6333044101019805,0.4800000000000001
61.15538477897644,ifo001,0.002044338687411217,0.8090707321451016,0.4800000000000001
61.16252565383911,ifo001,0.002734726023390096,0.6816955005084359,0.4800000000000001
61.219921350479126,ifo002,0.02004004080254551,1.1488317326649553,0.4800000000000001
61.31016206741333,ifo002,0.029317635326900272,0.8477263980877644,0.4800000000000001
61.34939622879028,ifo001,0.022059134659553344,1.043997680372099,0.4800000000000001
61.419594526290894,ifo002,0.04383517143304127,1.1121062239702457,0.4800000000000001
61.44033646583557,ifo001,0.016396120214923468,1.093047552962469,0.4800000000000001
61.47449254989624,ifo002,0.021016019026080246,0.8118737550064126,0.4800000000000001
61.50128960609436,ifo002,0.019646680725260077,0.668994102222954,0.4800000000000001
61.50753355026245,ifo002,0.00396334260764952,0.616502234230005,0.4800000000000001
61.53747034072876,ifo001,0.000489661908000017,0.7357021373937513,0.4800000000000001
61.56641745567322,ifo002,1.824135189600915e-05,0.6910291574432248,0.4800000000000001
61.60087060928345,ifo002,0.0046435300446773286,0.6942075285987714,0.4800000000000001
61.68366193771362,ifo001,0.030426155810490706,0.8355457994709203,0.4800000000000001
61.69161987304688,ifo001,0.0001811054761576563,0.827111328664195,0.4800000000000001
61.72200036048889,ifo001,0.0025049082596022955,0.6339302043326556,0.4800000000000001
61.86108899116516,ifo001,0.0637899459474861,0.7048554164419998,0.4800000000000001
61.870566606521606,ifo001,0.0006559482068528028,0.8386717512439232,0.4800000000000001
61.94920015335083,ifo002,0.014713705412155472,0.958702228305741,0.4800000000000001
62.0407452583313,ifo002,0.004210189742820793,0.9925733725997616,0.4800000000000001
62.07218265533447,ifo001,0.02606178437116428,1.1043281234726128,0.4800000000000001
62.13048553466797,ifo002,0.0008743283364249013,0.8940672734947961,0.4800000000000001
62.1580183506012,ifo001,5.4401825518020055e-05,0.7591505281382129,0.4800000000000001
62.20167875289917,ifo002,0.01079562508178999,0.8802530493599694,0.4800000000000001
62.21113085746765,ifo002,0.008476095364163135,0.6840436648685481,0.4800000000000001
62.226104974746704,ifo002,0.004942257545740604,0.6422180440885062,0.4800000000000001
62.24219274520874,ifo001,0.0019542170422682495,1.0533738913380173,0.4800000000000001
62.279393434524536,ifo002,0.0012898838449083227,0.6446966758283023,0.4800000000000001
62.31391286849976,ifo002,0.0005104574684971136,0.7186357341754235,0.4800000000000001
62.42137575149536,ifo001,0.559772476454812,0.8195397920348231,0.4800000000000001
62.42591738700867,ifo001,0.03657121317227857,0.8916597514343956,0.4800000000000001
62.44250249862671,ifo001,0.05140606964092385,0.6370157242579648,0.4800000000000001
62.45430135726929,ifo001,0.004114895380392801,0.602382035446448,0.4800000000000001
62.5727014541626,ifo001,0.117155156663961,0.6464602133178494,0.4800000000000001
62.58336138725281,ifo001,0.10901184133389664,0.6738916051027176,0.4800000000000001
62.63296341896057,ifo002,0.04214162679384424,0.9411216220885945,0.4800000000000001
62.647953271865845,ifo002,0.010514954139712084,0.711692360942252,0.4800000000000001
62.74242210388184,ifo002,0.010250830132888184,0.8296872821595939,0.4800000000000001
62.77933144569397,ifo001,0.19176526728280932,1.2642072942202578,0.4800000000000001
62.85874795913696,ifo002,0.04544275497868614,0.725819940830932,0.4800000000000001
62.87823128700256,ifo001,0.09158645616311212,0.7451930002611764,0.4800000000000001
62.92201328277588,ifo002,0.0021635974383689286,1.5115121359960666,0.4800000000000001
62.93456411361694,ifo002,0.0035671471962822952,0.7179423547563194,0.4800000000000001
62.96158456802368,ifo002,8.56448380542993e-05,0.6859734949763114,0.4800000000000001
62.9676296710968,ifo001,0.045315629809806364,1.0290797006096932,0.4800000000000001
63.01929545402527,ifo002,0.001741769034308588,0.6424878254848787,0.4800000000000001
63.04425311088562,ifo002,0.024000231208934502,0.7750535753255346,0.4800000000000001
63.14953327178955,ifo001,0.05342291339862616,0.8719773079035928,0.4800000000000001
63.15774774551392,ifo001,0.27956107568971783,0.7395006274494278,0.4800000000000001
63.17396831512451,ifo001,0.07599787956865343,0.6458776773007802,0.4800000000000001
63.31864905357361,ifo001,0.0006803540870256256,0.6998324681766628,0.4800000000000001
63.459303855896,ifo001,0.09557115967847675,0.8872197129818643,0.4800000000000001
63.53978157043457,ifo002,0.0019924829477303203,1.4376506626708874,0.4800000000000001
63.61024165153504,ifo002,0.0006699004288164942,0.886289564100901,0.4800000000000001
63.66227984428406,ifo001,0.08860149771935866,0.8765677869172226,0.4800000000000001
63.721189975738525,ifo002,0.02437579616966851,0.8034770015925612,0.4800000000000001
63.74214172363281,ifo001,0.03171894443043436,0.7837482440265513,0.4800000000000001
63.77451920509338,ifo002,0.002577388563765346,0.9607844482569365,0.4800000000000001
63.80763697624207,ifo002,0.01763811591231723,0.8780347416660448,0.4800000000000001
63.8134343624115,ifo002,0.0033022311504576026,0.6545694434541978,0.4800000000000001
63.838040590286255,ifo001,0.07651517624106498,1.2771790090580222,0.4800000000000001
63.87482500076294,ifo002,0.008158382227393452,0.6872168417173848,0.4800000000000001
63.90377259254456,ifo002,0.012657605844088355,0.8190848943962881,0.4800000000000001
64.01532292366028,ifo001,0.07023250478037071,1.2506189594452266,0.4800000000000001
64.02133464813232,ifo001,0.03988000317404676,0.7131921546439781,0.4800000000000001
64.03397727012634,ifo001,0.06867453568591725,0.7916131105925766,0.4800000000000001
64.20810747146606,ifo001,0.010499095699722794,0.7404981656990953,0.4800000000000001
64.22527837753296,ifo001,0.0063001650755916015,0.7081961582353956,0.4800000000000001
64.28859353065491,ifo002,0.01025468354540595,1.0680159656808978,0.4800000000000001
64.38831806182861,ifo002,0.19489496280269736,0.8724536473158555,0.4800000000000001
64.42782020568848,ifo001,0.13277061734266346,0.7877414690469006,0.4800000000000001
64.47568821907043,ifo002,0.03005755658125412,0.7878013253759992,0.4800000000000001
64.49832129478455,ifo001,0.061865721772495,0.7316024247605362,0.4800000000000001
64.53081512451172,ifo002,0.0013544716812950157,1.5631229743005033,0.4800000000000001
64.54346585273743,ifo002,0.006768621227762809,0.7045994490386057,0.4800000000000001
64.55625033378601,ifo002,0.019726215280497963,0.6467521261164425,0.4800000000000001
64.5762369632721,ifo001,0.05214284404213455,0.771833244355035,0.4800000000000001
64.61955165863037,ifo002,0.0019079460147438272,0.6649636057078425,0.4800000000000001
64.66350507736206,ifo002,0.005544272973317838,0.8741205109611487,0.4800000000000001
64.77511715888977,ifo001,0.11638320451366553,1.1330681542075702,0.4800000000000001
64.79160261154175,ifo001,0.26337096157525364,0.7803557048790246,0.4800000000000001
64.80846500396729,ifo001,0.1011808451230845,0.6524162084639415,0.4800000000000001
64.9394862651825,ifo001,0.11035675880559981,0.7125472880162099,0.4800000000000001
64.95689725875854,ifo001,0.04188635071538813,0.8161912702316567,0.4800000000000001
65.01906394958496,ifo002,0.02772688507920483,0.9746633339477868,0.4800000000000001
65.12551665306091,ifo002,0.0060474367038109815,0.9106823148019434,0.4800000000000001
65.15893745422363,ifo001,0.21237982082328488,1.3023423824359655,0.4800000000000001
65.21752858161926,ifo002,0.009458264775009915,0.8295789453534437,0.4800000000000001
65.2401475906372,ifo001,0.04074763815222751,0.8178199361124263,0.4800000000000001
65.2663004398346,ifo002,0.023282812340620903,1.467075062245397,0.4800000000000001
65.28909301757812,ifo002,0.026676732030469177,0.8540210001982225,0.4800000000000001
65.29544067382812,ifo002,0.013696455383327503,0.7246564820500029,0.4800000000000001
65.3421585559845,ifo001,0.0016046835817410913,1.0171198321213983,0.4800000000000001
65.37183547019958,ifo002,0.0019163234060419548,0.6301716817337009,0.4800000000000001
65.40434217453003,ifo002,0.0852788121545897,0.7169239035485306,0.4800000000000001
65.50077152252197,ifo001,0.44651708835802667,0.801616902626148,0.4800000000000001
65.50598168373108,ifo001,0.10618864713549116,0.7619918159552919,0.4800000000000001
65.53240704536438,ifo001,0.0748639554623655,0.6506957042463101,0.4800000000000001
65.66467499732971,ifo001,0.001417987906716341,0.7373982459381265,0.4800000000000001
65.66975665092468,ifo001,0.009795635119942917,0.6709779024766553,0.4800000000000001
65.73258781433105,ifo002,0.037512130273422005,0.930599320905942,0.4800000000000001
65.81040406227112,ifo002,0.02176554689789577,0.8071283377978495,0.4800000000000001
65.83931517601013,ifo001,0.08540424592935922,1.220856771402148,0.4800000000000001
65.8947925567627,ifo002,0.0016186308793574764,0.7663051164709532,0.4800000000000001
65.91005730628967,ifo001,0.05792691863816698,0.7028760268750359,0.4800000000000001
65.95442867279053,ifo002,0.06760658420573872,1.1816215350187553,0.4800000000000001
65.97397685050964,ifo002,0.006394896278367458,0.9991809410043558,0.4800000000000001
65.99062585830688,ifo002,0.024988413308986976,0.7586049081515799,0.4800000000000001
66.06939578056335,ifo001,0.005676257054181884,1.0422978460566739,0.4800000000000001
66.10391044616699,ifo002,0.0019968289494589806,0.6584027886347388,0.4800000000000001
66.14754939079285,ifo002,0.13214666572731132,0.6866624486518182,0.4800000000000001
66.23770403862,ifo001,0.003298856173736897,0.8383830934012173,0.4800000000000001
66.2417962551117,ifo001,0.08157211222247567,0.9136314273761041,0.4800000000000001
66.27870631217957,ifo001,0.0031979898080625496,0.843766985732843,0.4800000000000001
66.43651866912842,ifo001,0.0009269974618574056,0.7263522434462848,0.4800000000000001
66.44314694404602,ifo001,0.015465892698200636,0.8461690773440539,0.4800000000000001
66.50659775733948,ifo002,0.012843960458420902,1.367354180165473,0.4800000000000001
66.60005497932434,ifo002,0.008010588487981949,0.8586324203521161,0.4800000000000001
66.62909507751465,ifo001,0.0165980946699769,0.8148138761463177,0.4800000000000001
66.7011468410492,ifo002,0.01034244990408681,0.8123722295151715,0.4800000000000001
66.72069644927979,ifo001,0.004221386964825405,0.8340434243445197,0.4800000000000001
66.77322602272034,ifo002,0.0026087451998914614,0.86190179129329,0.4800000000000001
66.79502296447754,ifo002,0.005812008431204985,0.7905699666140658,0.4800000000000001
66.81044840812683,ifo002,0.006194293407316468,0.6951195363946472,0.4800000000000001
66.89116096496582,ifo001,0.03995839501231595,1.0030764977181614,0.4800000000000001
66.9356529712677,ifo002,0.010130739161291247,0.6670071380188163,0.4800000000000001
66.97270846366882,ifo002,0.018618584021125893,0.7008977648089523,0.4800000000000001
67.05751037597656,ifo001,0.004420745165667229,0.8814871266727874,0.4800000000000001
67.05928587913513,ifo001,0.0009902332282201811,0.9362187631575312,0.4800000000000001
67.08189344406128,ifo001,0.008137397471662961,0.7456264154247729,0.4800000000000001
67.22793745994568,ifo001,0.012920121602923891,0.7026298663727637,0.4800000000000001
67.23521542549133,ifo001,0.006239272178212502,0.7586769818763313,0.4800000000000001
67.29030513763428,ifo002,0.0008697662429656917,1.5170319415864633,0.4800000000000001
67.3818027973175,ifo002,0.485340012572461,0.8277516298327166,0.4800000000000001
67.40678095817566,ifo001,0.0008806929342248302,0.7342538758184425,0.4800000000000001
67.47639346122742,ifo002,0.10102262641256199,0.8615116884956155,0.4800000000000001
67.49913763999939,ifo001,0.005001786659405209,0.724693726040011,0.4800000000000001
67.53532075881958,ifo002,0.06410483030673532,0.8263926377775994,0.4800000000000001
67.55654406547546,ifo002,0.05135488812956863,0.7026806514023729,0.4800000000000001
67.56147766113281,ifo002,0.001747108887797783,0.6153134341383408,0.4800000000000001
67.58855080604553,ifo001,8.25567844990993e-05,1.0843356959696704,0.4800000000000001
67.63354444503784,ifo002,0.07491583700607986,0.666277445059436,0.4800000000000001
67.65633034706116,ifo002,0.19808974994024192,0.6689324555352836,0.4800000000000001
67.75402402877808,ifo001,0.014611701634647797,0.8017523678214953,0.4800000000000001
67.7565507888794,ifo001,0.014761288429085171,0.7689825252442142,0.4800000000000001
67.7785017490387,ifo001,0.01989582864685265,0.759869603472453,0.4800000000000001
67.90233278274536,ifo001,0.0031558751573388098,0.7313863271108396,0.4800000000000001
67.92033696174622,ifo001,0.0283902563687236,0.6480764724258194,0.4800000000000001
67.98542618751526,ifo002,0.25333032286054036,1.5891466981539795,0.4800000000000001
68.08956789970398,ifo002,0.04865591690293338,1.098652398286677,0.4800000000000001
68.13015294075012,ifo001,0.023794944068258463,0.8504139633660015,0.4800000000000001
68.18219494819641,ifo002,0.01796319650722241,0.8328545972514636,0.4800000000000001
68.20913887023926,ifo001,0.026993539196595442,0.8746773830157628,0.4800000000000001
68.23929929733276,ifo002,0.006538012324164189,0.7438586997044949,0.4800000000000001
68.26814913749695,ifo002,4.482411324307752e-06,0.6530966833728101,0.4800000000000001
68.29773211479187,ifo001,0.08625990603313054,1.0930190536781703,0.4800000000000001
68.33193254470825,ifo002,0.0006696222248549187,0.7153668610840509,0.4800000000000001
68.36276388168335,ifo002,0.041632178116684064,0.6356454755715921,0.4800000000000001
68.46163010597229,ifo001,0.04727685640234792,0.9434878119876616,0.4800000000000001
68.47164607048035,ifo001,0.12501273299161433,0.7242306865628931,0.4800000000000001
68.4941234588623,ifo001,0.09169059981528026,0.7000076568698246,0.4800000000000001
68.62855935096741,ifo001,6.025958180470744e-06,0.755310535632997,0.4800000000000001
68.63835597038269,ifo001,0.047827638436768294,0.6336170177690723,0.4800000000000001
68.70677638053894,ifo002,0.14386859105888364,1.5445362162700516,0.4800000000000001
68.80529880523682,ifo002,0.0016457383244800148,1.222209972924061,0.4800000000000001
68.83800005912781,ifo001,0.0021255552412973782,0.9626239252482015,0.4800000000000001
68.96990299224854,ifo002,0.02565299123031707,0.8600462209446935,0.4800000000000001
68.99997305870056,ifo001,0.010436710536697508,0.8523930920825568,0.4800000000000001
69.03448915481567,ifo002,0.03455161016700904,1.0670335114600689,0.4800000000000001
69.05191564559937,ifo002,0.00217609439145678,0.6723959873862827,0.4800000000000001
69.05396485328674,ifo002,0.0014843795376451089,0.61811607030959,0.4800000000000001
69.07801079750061,ifo001,0.1063590081670647,0.8460266837387422,0.4800000000000001
69.11262059211731,ifo002,0.04773424535449934,0.7796345798650874,0.4800000000000001
69.1522901058197,ifo002,0.08326409763596947,0.8444757154230063,0.4800000000000001
69.23259615898132,ifo001,0.06699598817319821,1.391364778498097,0.4800000000000001
69.23817086219788,ifo001,0.07628036135677417,0.8754271237553224,0.4800000000000001
69.25478649139404,ifo001,0.15342798892454929,0.6469270882794591,0.4800000000000001
69.387615442276,ifo001,0.0012074458781105824,0.8499480483080619,0.4800000000000001
69.4003095626831,ifo001,0.03002993853302688,0.6314136134270775,0.4800000000000001
69.48336338996887,ifo002,0.000536965964453127,1.0102724497456386,0.4800000000000001
69.55811166763306,ifo002,0.03476318007779367,0.8233856861428916,0.4800000000000001
69.59153914451599,ifo001,0.050431766662521624,0.7550396695894465,0.4800000000000001
69.6327576637268,ifo002,0.009565959634290886,0.8566972142613575,0.4800000000000001
69.64863753318787,ifo001,0.01389252523536771,0.7076575154136672,0.4800000000000001
69.67987704277039,ifo002,0.00025044491289168765,0.7313926456501865,0.4800000000000001
69.69167613983154,ifo002,0.028591198771645846,0.7043888827154728,0.4800000000000001
69.70091700553894,ifo002,0.0023364095777967603,0.6155167882362551,0.4800000000000001
69.71976923942566,ifo001,0.12114654270295816,0.8150468703120539,0.4800000000000001
69.75658702850342,ifo002,0.06652149474735652,0.695988163420582,0.4800000000000001
69.7861967086792,ifo002,0.07395833734784824,0.7947816376325518,0.4800000000000001
69.87978053092957,ifo001,0.00043265335304167046,1.1436630219955104,0.4800000000000001
69.88537359237671,ifo001,0.025238817173320438,0.6686582285701095,0.4800000000000001
69.90042901039124,ifo001,0.10046269249305644,0.6749587183352005,0.4800000000000001
70.07121086120605,ifo001,0.00021710974671237233,0.9722827928412217,0.4800000000000001
70.07288432121277,ifo001,0.0020214238757398336,0.6402943238719996,0.4800000000000001
70.1570086479187,ifo002,0.020259851151228032,1.1500327533860646,0.4800000000000001
70.31419086456299,ifo002,0.005181392710724448,1.240673289994377,0.4800000000000001
70.34223580360413,ifo001,0.09042382838188587,0.8580663570949854,0.4800000000000001
70.39527249336243,ifo002,0.08590204889545162,0.7945526036384678,0.4800000000000001
70.41356086730957,ifo001,0.04555369472988069,0.8142575096339872,0.4800000000000001
70.45394730567932,ifo002,0.013648937213792619,1.486589650809711,0.4800000000000001
70.46762466430664,ifo002,0.07006129858656608,0.6573314518461009,0.4800000000000001
70.47335767745972,ifo002,0.041518910849851084,0.6131295278543087,0.4800000000000001
70.48878598213196,ifo001,0.05295126520819898,0.7539454559852057,0.4800000000000001
70.53291583061218,ifo002,0.04739589821922777,0.6495456412194579,0.4800000000000001
70.5632598400116,ifo002,0.0707200716116264,0.6782820663164768,0.4800000000000001
70.66386246681213,ifo001,0.01164329851849373,1.1674988874964933,0.4800000000000001
70.68565964698792,ifo001,0.05409838444767379,0.6918959304815493,0.4800000000000001
70.89910745620728,ifo001,0.0003309737556817284,1.0531557525150723,0.4800000000000001
70.91360092163086,ifo001,0.017682429661260154,0.7217897195192868,0.4800000000000001
70.97999811172485,ifo002,0.0005594407021360152,1.3401627809548229,0.4800000000000001
71.05187392234802,ifo002,0.00867824609981048,0.8346609867978507,0.4800000000000001
71.09015488624573,ifo001,0.002031573316186183,1.026251145937529,0.4800000000000001
71.16225266456604,ifo002,0.0029541122312158807,0.8233289493997951,0.4800000000000001
71.17456650733948,ifo001,0.0024999816752221287,0.8339867125963021,0.4800000000000001
71.21894955635071,ifo002,0.003352122147877429,0.947304389449952,0.4800000000000001
71.25062704086304,ifo002,1.0761803977425354e-05,0.7237771216950479,0.4800000000000001
71.25683736801147,ifo002,0.00037273626853082906,0.6450511742805423,0.4800000000000001
71.27758717536926,ifo001,0.02351269004956749,0.983382022858875,0.4800000000000001
71.32284998893738,ifo002,0.03216854543762837,0.655865833760067,0.4800000000000001
71.35144305229187,ifo002,0.0780216237262202,0.6594020068478318,0.4800000000000001
71.44674515724182,ifo001,0.006481440374398111,0.8849565117352285,0.4800000000000001
71.4562611579895,ifo001,0.0005971010052663269,0.742092769342457,0.4800000000000001
71.47671604156494,ifo001,0.07041591977584821,0.6380015777970945,0.4800000000000001
71.60997033119202,ifo001,0.02026529292159614,0.7682337323000779,0.4800000000000001
71.6342248916626,ifo001,0.006849949556379915,0.788790254761547,0.4800000000000001
71.7043559551239,ifo002,0.051886543129553965,1.6402892127989417,0.4800000000000001
71.79778552055359,ifo002,0.004739300442274573,0.9159463278447392,0.4800000000000001
71.83532190322876,ifo001,0.007943329469371476,1.501130132954593,0.4800000000000001
71.85544180870056,ifo001,0.003835029147483024,0.7369313928504289,0.4800000000000001
71.90383529663086,ifo002,0.018705693523594687,0.7797326617429434,0.4800000000000001
71.9253420829773,ifo001,0.0074726144904835035,0.7312185274892065,0.4800000000000001
71.95580053329468,ifo002,0.0029182866348895324,1.127130151049284,0.4800000000000001
71.98536920547485,ifo002,0.02830887949335578,0.7017531181320338,0.4800000000000001
71.99145126342773,ifo002,0.011074705395710026,0.6498921325766155,0.4800000000000001
72.01904344558716,ifo001,3.325154163905837e-05,0.8625867760201689,0.4800000000000001
72.0625250339508,ifo002,0.011532129241146837,0.6531441755508192,0.4800000000000001
72.08794927597046,ifo002,0.012578687367648477,0.6953658622913235,0.4800000000000001
72.17435073852539,ifo001,0.02283287922920143,0.7720598252350643,0.4800000000000001
72.18034338951111,ifo001,0.000675535276514062,0.8694223278698661,0.4800000000000001
72.19336915016174,ifo001,0.0012681740206952616,0.6226215312654224,0.4800000000000001
72.32694005966187,ifo001,0.09358599901807221,0.7375401634714016,0.4800000000000001
72.34190344810486,ifo001,0.004652221195730976,0.6349786535059637,0.4800000000000001
72.39408802986145,ifo002,0.0007197419495267617,1.0308880075917901,0.4800000000000001
72.4814076423645,ifo002,0.0004049765397225535,0.8218331405997924,0.4800000000000001
72.5254578590393,ifo001,0.0720051362762106,1.4409125825795237,0.4800000000000001
72.5817346572876,ifo002,0.13125791671493828,0.7530387162848897,0.4800000000000001
72.6092917919159,ifo001,0.08375120219011538,0.7628068086018063,0.4800000000000001
72.64851379394531,ifo002,0.00023142999359754556,1.2037460757368694,0.4800000000000001
72.66739177703857,ifo002,0.029744617292926465,0.7205547747717728,0.4800000000000001
72.67826771736145,ifo002,0.012639459767423297,0.6706598124950678,0.4800000000000001
72.70424485206604,ifo001,0.022741511494923556,0.9282822760952552,0.4800000000000001
72.73544144630432,ifo002,0.009358528998390393,0.6297640779139629,0.4800000000000001
72.77282953262329,ifo002,0.02353225416772148,0.7003710186639052,0.4800000000000001
72.85986924171448,ifo001,0.8230264290175497,0.7915112857916917,0.4800000000000001
72.86510610580444,ifo001,0.012377853042077582,0.8146671415884585,0.4800000000000001
72.88413977622986,ifo001,0.04446298196288951,0.632506291723371,0.4800000000000001
72.8993170261383,ifo001,0.015382554325529828,0.6016322971948662,0.4800000000000001
73.01665925979614,ifo001,0.4073028334385875,0.6642124823791198,0.4800000000000001
73.02491211891174,ifo001,0.015483474342244594,0.6088894237513969,0.4800000000000001
73.09476113319397,ifo002,0.004559802863809688,1.2180464642259667,0.4800000000000001
73.19641447067261,ifo002,0.0015613821904956818,0.8235061802817776,0.4800000000000001
73.23020386695862,ifo001,0.30555620337154504,1.2774376426663263,0.4800000000000001
73.41357231140137,ifo002,0.002085621680574415,1.0349808897215165,0.4800000000000001
73.44430732727051,ifo001,0.2501617694034596,0.9560736332661777,0.4800000000000001
73.48875951766968,ifo002,0.0009500048459397604,0.9443471944468218,0.4800000000000001
73.51161456108093,ifo002,0.022348641575515332,0.8456161629029952,0.4800000000000001
73.52116894721985,ifo002,0.014654472402748375,0.6559888137992029,0.4800000000000001
73.56063652038574,ifo001,0.001872874556368332,1.1533542263361434,0.4800000000000001
73.59172010421753,ifo002,0.24830771493970646,0.6718607593461681,0.4800000000000001
73.6309654712677,ifo002,0.2049857480396577,0.6361272897890405,0.4800000000000001
73.70992398262024,ifo001,0.00294413843073987,0.8333897136445682,0.4800000000000001
73.71502923965454,ifo001,7.0587725883468e-05,0.8900816118570358,0.4800000000000001
73.73189616203308,ifo001,0.00013307935216500674,0.6618952197019775,0.4800000000000001
73.87320446968079,ifo001,0.0006209118712105135,0.7838031478147724,0.4800000000000001
73.89307498931885,ifo001,0.022614182076552972,0.7055960694186239,0.4800000000000001
73.94954466819763,ifo002,0.03658409992964047,1.8779165509058675,0.4800000000000001
74.0421302318573,ifo002,0.0013986580469199726,0.9113339047712459,0.4800000000000001
74.07699370384216,ifo001,0.06730508551499548,1.195523819708553,0.4800000000000001
74.12900304794312,ifo002,0.12256689425856557,0.7788913439136878,0.4800000000000001
74.15683007240295,ifo001,0.00032067770032980793,1.2170454598586782,0.4800000000000001
74.19424557685852,ifo002,0.06853483265084441,0.7772292098584852,0.4800000000000001
74.20884799957275,ifo002,0.026374667626844317,0.6529895795798597,0.4800000000000001
74.2251296043396,ifo002,0.004136041983265288,0.6136358294917542,0.4800000000000001
74.25107502937317,ifo001,0.027465242971971608,0.7293470667656674,0.4800000000000001
74.27617597579956,ifo002,0.0073845792770366086,0.6893532567552733,0.4800000000000001
74.31448745727539,ifo002,0.01162083415118505,0.7110118413116268,0.4800000000000001
74.41051816940308,ifo001,1.0793426572420364,0.7890409282402799,0.4800000000000001
74.42130279541016,ifo001,0.016818459897094427,0.7258849318044873,0.4800000000000001
74.43699240684509,ifo001,0.11150457137478183,0.6969663238339856,0.4800000000000001
74.5610933303833,ifo001,0.02393821293075206,0.6778781243814311,0.4800000000000001
74.57517552375793,ifo001,0.0027107348654510873,0.6926942117281965,0.4800000000000001
74.63103318214417,ifo002,0.04146387106966541,1.269445421869378,0.4800000000000001
74.7145414352417,ifo002,0.0033573076036893038,0.8231064298099877,0.4800000000000001
74.75793075561523,ifo001,0.275726907250697,1.1625976064317882,0.4800000000000001
74.81341052055359,ifo002,0.00341010876166714,0.8377256642890045,0.4800000000000001
74.82586193084717,ifo001,0.14642455455964548,0.7340767479043178,0.4800000000000001
74.86960935592651,ifo002,0.13086994765229884,0.7972588716024874,0.4800000000000001
74.89129185676575,ifo002,0.010777366868047037,0.6453130155320459,0.4800000000000001
74.90037703514099,ifo002,0.0038081608469212025,0.6074227130012355,0.4800000000000001
74.91925930976868,ifo001,0.008402513097582706,0.9435221958919382,0.4800000000000001
74.9603340625763,ifo002,0.06177425921850412,0.6885456491691605,0.4800000000000001
74.99064445495605,ifo002,0.001084445066372687,1.0820401279654845,0.4800000000000001
75.08596014976501,ifo001,0.6213117599423363,0.8745093528653229,0.4800000000000001
75.09015488624573,ifo001,0.09912680040414745,1.1571976420763597,0.4800000000000001
75.1169204711914,ifo001,0.05643935020310937,0.6563800647885251,0.4800000000000001
75.23766160011292,ifo001,0.32118608649821195,0.68058506769065,0.4800000000000001
75.24560284614563,ifo001,0.00013792569205356602,0.7264649628543561,0.4800000000000001
75.2986114025116,ifo002,0.007773072574154147,0.8742405532622843,0.4800000000000001
75.3967547416687,ifo002,0.038184540015208206,0.8195427906977268,0.4800000000000001
75.41652250289917,ifo001,0.031809193107125745,0.8395018319241083,0.4800000000000001
75.47479104995728,ifo002,0.043695473800447776,0.8858573252674407,0.4800000000000001
75.49557089805603,ifo001,0.0033655110509939264,0.7495356008458416,0.4800000000000001
75.5332624912262,ifo002,0.09498358377677076,0.7090605477742717,0.4800000000000001
75.5560302734375,ifo002,0.00029480185830802884,0.6715993961700539,0.4800000000000001
75.56697130203247,ifo002,0.0002660808815854316,0.6200224287235174,0.4800000000000001
75.5800244808197,ifo001,0.027401678096866618,0.983089371072103,0.4800000000000001
75.61749529838562,ifo002,0.003958589465145258,0.6732896483624945,0.4800000000000001
76.07695889472961,ifo001,0.1408298261640491,1.5085981073387669,0.4800000000000001
76.70835733413696,ifo001,0.0004792085153417776,3.1737331673858957,0.4800000000000001
76.96778917312622,ifo002,0.1652875269317801,7.963032836302351,0.4800000000000001
77.35495090484619,ifo002,0.000863816583020774,11.471232850382487,0.4800000000000001
77.48511576652527,ifo001,0.04683224739480105,3.626796371942702,0.4800000000000001
77.52905344963074,ifo002,0.02444504901733957,1.060056998848144,0.4800000000000001
77.79406809806824,ifo002,3.23488137906405e-05,1.456821024988138,0.4800000000000001
77.82680058479309,ifo002,0.0023750101277294784,0.9765824814678163,0.4800000000000001
77.82877969741821,ifo002,0.0002154460328610695,0.7439821483847637,0.4800000000000001
78.13210725784302,ifo002,4.5612816465318724e-05,1.1077859065609639,0.4800000000000001
78.23224592208862,ifo002,0.0013578761331693473,1.077610116630973,0.4800000000000001
78.63272786140442,ifo001,0.0612308767815222,9.849364318900292,0.4800000000000001
78.74141907691956,ifo001,0.013517241130822666,11.892611489530742,0.4800000000000001
78.87355518341064,ifo001,0.02264557759527049,1.234786770871775,0.4800000000000001
78.88882946968079,ifo001,0.00775908601355206,0.7310404196963571,0.4800000000000001
78.95284247398376,ifo002,0.07879020506230827,2.724965650982628,0.4800000000000001
79.10353064537048,ifo002,0.01998973794478432,1.666544428318212,0.4800000000000001
79.13462090492249,ifo001,6.78419071461566e-05,0.8864221608009246,0.4800000000000001
79.20048260688782,ifo002,0.00084261742977016,0.9512321603683317,0.4800000000000001
79.21864295005798,ifo001,0.0017964490712043138,0.7947622922889959,0.4800000000000001
79.25496172904968,ifo002,0.017324422551983243,1.4779513350752689,0.4800000000000001
79.28193020820618,ifo002,0.005308358297172398,1.1430330687288957,0.4800000000000001
79.28463768959045,ifo002,0.000219479231203528,0.7145726339356921,0.4800000000000001
79.30794787406921,ifo001,0.15716654891951337,0.826514280763149,0.4800000000000001
79.33452987670898,ifo002,0.013763056803718077,0.61485086700956,0.4800000000000001
79.36894345283508,ifo002,0.004827037341781909,0.7032563315250179,0.4800000000000001
79.47248387336731,ifo001,0.1001970272949042,1.0849063061279898,0.4800000000000001
79.47733044624329,ifo001,0.09456855045552404,0.7211204853060791,0.4800000000000001
79.49367833137512,ifo001,0.09000812868558673,0.6334695279829247,0.4800000000000001
79.6167950630188,ifo001,0.00031190059565208234,0.8200733449410252,0.4800000000000001
79.63768863677979,ifo001,0.10609224612600335,0.6563503930802471,0.4800000000000001
79.70494174957275,ifo002,0.0020780141074122015,1.07115722826082,0.4800000000000001
79.79695105552673,ifo002,0.004816306965059731,0.8280968270816328,0.4800000000000001
79.82608914375305,ifo001,0.009986355228787363,1.2839959985812932,0.4800000000000001
79.87104105949402,ifo002,0.021299137513142653,0.7589116644067821,0.4800000000000001
79.88991332054138,ifo001,0.0002781008981707732,0.7559265998980831,0.4800000000000001
79.91675686836243,ifo002,0.017459184371676095,0.9641211626462345,0.4800000000000001
79.94039034843445,ifo002,0.002912815350779721,0.9992073154177743,0.4800000000000001
79.95879292488098,ifo002,0.0044409625768638,0.7609373012209679,0.4800000000000001
79.98704147338867,ifo001,0.0021803683026008812,0.943314100664673,0.4800000000000001
80.02644848823547,ifo002,0.016341475896723266,0.621075517609952,0.4800000000000001
80.05583477020264,ifo002,0.00030642858148528074,0.6358024217787703,0.4800000000000001
80.16057896614075,ifo001,0.86867392161417,0.8678157015605887,0.4800000000000001
80.1634771823883,ifo001,0.07648558063591168,0.6859045403819688,0.4800000000000001
80.19937658309937,ifo001,0.03953030213216245,0.6594692543541245,0.4800000000000001
80.31929206848145,ifo001,0.15376452483006936,0.7835173597266469,0.4800000000000001
80.34569191932678,ifo001,0.2813041180849767,0.6482277676619129,0.4800000000000001
80.3881242275238,ifo002,0.03504528097858009,0.9644950133441448,0.4800000000000001
80.47241544723511,ifo002,0.00024463167904104554,0.826492653425102,0.4800000000000001
80.51008439064026,ifo001,0.44395403696762054,1.2911247217565878,0.4800000000000001
80.58547329902649,ifo002,0.00013926885839454792,0.7757786081860663,0.4800000000000001
80.70778822898865,ifo001,0.14503954333317087,1.2145302795537454,0.4800000000000001
80.71673011779785,ifo001,0.07757155608924736,0.7167067614759598,0.4800000000000001
80.74814295768738,ifo002,0.0003012894497853787,1.2241603108037433,0.4800000000000001
80.76364302635193,ifo002,0.001073567864945066,0.958041803275367,0.4800000000000001
80.7779712677002,ifo002,0.002216078421021675,0.7449114384724416,0.4800000000000001
80.79216885566711,ifo001,0.013386770289280588,0.977830285279244,0.4800000000000001
80.82261729240417,ifo002,0.0010890396667954769,0.6282223868353031,0.4800000000000001
80.85282754898071,ifo002,0.0003895607352404966,0.6767274839576937,0.4800000000000001
80.95883893966675,ifo001,0.2068056283824794,0.7962646067238606,0.4800000000000001
80.98106646537781,ifo001,0.002058291893957949,0.7088310651174174,0.4800000000000001
80.99627017974854,ifo001,0.0006964461515626942,0.6335407475220182,0.4800000000000001
81.11385488510132,ifo001,0.04418495839688382,0.7560242086325573,0.4800000000000001
81.12615537643433,ifo001,0.04274995415154351,0.6266590249773704,0.4800000000000001
81.1939377784729,ifo002,0.005697266672090162,1.0429978738156955,0.4800000000000001
81.28959465026855,ifo002,0.00014846112553010501,0.8328071945455634,0.4800000000000001
81.32193279266357,ifo001,0.12717305107407842,1.4106954290909894,0.4800000000000001
81.36652493476868,ifo002,0.014509500939900628,0.7597534421223069,0.4800000000000001
81.38251328468323,ifo001,0.06386926840518159,0.7086862466484105,0.4800000000000001
81.41500759124756,ifo002,0.010024217480675883,0.9550701527621285,0.4800000000000001
81.43713617324829,ifo002,0.001334416586731089,0.9509450492256397,0.4800000000000001
81.45080184936523,ifo002,0.001019644582356042,0.7462167877041158,0.4800000000000001
81.47821927070618,ifo001,0.00012739706647957053,1.0280229857831507,0.4800000000000001
81.50552940368652,ifo002,0.01706808644780463,0.6089358689989195,0.4800000000000001
81.55047678947449,ifo002,0.006697287267590249,0.6669197385425456,0.4800000000000001
81.6258008480072,ifo001,0.6262422387188353,0.7880094764881944,0.4800000000000001
81.63481211662292,ifo001,0.018527404976644,0.6889748771930029,0.4800000000000001
81.6501681804657,ifo001,0.007511108342049509,0.6245392015094541,0.4800000000000001
81.78911113739014,ifo001,0.0002763743907430651,0.7437763350577229,0.4800000000000001
81.80669975280762,ifo001,0.01951155856709727,0.6671779875667384,0.4800000000000001
81.86329054832458,ifo002,0.024127119011267188,0.8948564256461604,0.4800000000000001
81.94170236587524,ifo002,0.007107269424269254,0.8344416637175746,0.4800000000000001
81.97884058952332,ifo001,0.11703552348100019,1.1368918871192086,0.4800000000000001
82.02854061126709,ifo002,0.01625263281122129,0.7380058559359073,0.4800000000000001
82.04818344116211,ifo001,0.029683874987384194,0.7042930064685001,0.4800000000000001
82.07959604263306,ifo002,0.00206663690391031,1.0980069408742343,0.4800000000000001
82.10152220726013,ifo002,0.011892615572776807,0.7277443857009397,0.4800000000000001
82.10923671722412,ifo002,0.012402840245714903,0.6689817284506147,0.4800000000000001
82.13729524612427,ifo001,0.0010589214550454338,1.0356924596666763,0.4800000000000001
82.16290354728699,ifo002,0.002638913811952237,0.6131929902787822,0.4800000000000001
82.19875073432922,ifo002,0.002763665485365052,0.7156207507776495,0.4800000000000001
82.29140853881836,ifo001,0.011250763715162829,0.8705397818067425,0.4800000000000001
82.30432105064392,ifo001,0.0020131538729353604,0.7181501073427867,0.4800000000000001
82.47902965545654,ifo001,0.039065450098117106,0.8036808866456295,0.4800000000000001
82.48806524276733,ifo001,0.02268783582539102,0.7020947541839474,0.4800000000000001
82.54403376579285,ifo002,0.021889578726969783,1.0716712660171641,0.4800000000000001
82.62064146995544,ifo002,0.00040772347064538716,0.8631765677541747,0.4800000000000001
82.64804601669312,ifo001,0.018337374534511622,1.1701731522343741,0.4800000000000001
82.70639657974243,ifo002,0.002800873429110147,0.7512714679430811,0.4800000000000001
82.72236251831055,ifo001,0.006348375827347476,0.7474967158520684,0.4800000000000001
82.76466679573059,ifo002,0.0007578042163369562,1.0308607823568843,0.4800000000000001
82.77846145629883,ifo002,0.00033034356025016346,0.7703969740963883,0.4800000000000001
82.78966760635376,ifo002,0.0025833210087570137,0.6627314483604163,0.4800000000000001
82.80977606773376,ifo001,0.0006011085789712806,0.9357403896203267,0.4800000000000001
82.86904954910278,ifo002,0.00241794216278063,0.6561853500172956,0.4800000000000001
82.88810896873474,ifo002,0.00013847895239460183,0.7701219849618536,0.4800000000000001
83.00679087638855,ifo001,0.19636002019260612,0.8343906268530772,0.4800000000000001
83.0131504535675,ifo001,0.010669213133073225,0.7556524991753208,0.4800000000000001
83.03990387916565,ifo001,0.018926640391305902,0.6422110245232621,0.4800000000000001
83.18201947212219,ifo001,0.14334188882551124,0.7757310066188647,0.4800000000000001
83.19083857536316,ifo001,8.307649005736818e-05,0.8347563604191078,0.4800000000000001
83.24390935897827,ifo002,0.026909053423900077,1.0935281665870704,0.4800000000000001
83.33426856994629,ifo002,0.012311770692493531,0.9500756852496532,0.4800000000000001
83.3794264793396,ifo001,0.0031218642806943903,0.8813062515334982,0.4800000000000001
83.45833730697632,ifo002,0.023488757255455354,0.8339908004772423,0.4800000000000001
83.48213052749634,ifo001,0.0007730782837880416,0.772467619124634,0.4800000000000001
83.51225996017456,ifo002,0.0010921397762180957,0.9174353349523825,0.4800000000000001
83.5256621837616,ifo002,0.0002511482289288245,0.7699666271901497,0.4800000000000001
83.54217600822449,ifo002,0.019893024330478706,0.6727379488491291,0.4800000000000001
83.56421685218811,ifo001,0.002932448350222867,0.9920369608144893,0.4800000000000001
83.61146783828735,ifo002,0.018155243474385775,0.6279345078568032,0.4800000000000001
83.63902974128723,ifo002,0.000172335425787451,0.6259334755265991,0.4800000000000001
83.73202276229858,ifo001,0.02580894260456682,0.8296856347391457,0.4800000000000001
83.7445764541626,ifo001,0.008165260612569893,0.7660875281434172,0.4800000000000001
83.75860047340393,ifo001,0.015954006002126216,0.630946119075769,0.4800000000000001
83.88163876533508,ifo001,0.0006472809811394134,0.70006658833418,0.4800000000000001
83.88709449768066,ifo001,0.0012236976260194617,0.7211371457543752,0.4800000000000001
83.94371318817139,ifo002,0.0010275515573502933,1.1537768552359098,0.4800000000000001
84.03386116027832,ifo002,0.0001035680595803255,0.8999099002147002,0.4800000000000001
84.05889201164246,ifo001,5.094947613674274e-07,0.9755803375149458,0.4800000000000001
84.11445355415344,ifo002,0.00032489270166878413,0.8205320394615665,0.4800000000000001
84.13428211212158,ifo001,0.016011365899928964,0.7875593113543513,0.4800000000000001
84.16858768463135,ifo002,0.010706517045935149,0.7931139229218638,0.4800000000000001
84.18299984931946,ifo002,0.009988986822866011,0.6448681770592226,0.4800000000000001
84.18987131118774,ifo002,0.003913905922638852,0.6088432859418431,0.4800000000000001
84.22054862976074,ifo001,0.00038012157672266157,0.7902776256298775,0.4800000000000001
84.23112940788269,ifo001,1.3180718772252415e-05,0.6831094681023662,0.4800000000000001
84.25362372398376,ifo002,0.0005147794543707573,0.7376876241306198,0.4800000000000001
84.28889679908752,ifo002,0.004896706863218637,0.6902321916217665,0.4800000000000001
84.40740823745728,ifo001,0.0009984001352309002,0.7780692910830824,0.4800000000000001
84.41044425964355,ifo001,0.010758248865535164,0.8526658543175518,0.4800000000000001
84.43409371376038,ifo001,0.016002301998437867,0.6268943008167356,0.4800000000000001
84.54103493690491,ifo001,0.036212359632133116,0.6525362376253311,0.4800000000000001
84.56287980079651,ifo001,0.059447377762004656,0.7149737676650403,0.4800000000000001
84.61890816688538,ifo002,0.007183188833227164,0.9222279903868003,0.4800000000000001
84.70566821098328,ifo002,0.029329038909482852,0.9730681436509198,0.4800000000000001
84.73386645317078,ifo001,0.008241201206259027,1.0416745461718055,0.4800000000000001
84.78549718856812,ifo002,0.0003704905928449083,0.9043729555619557,0.4800000000000001
84.80808210372925,ifo001,7.165548656772459e-05,0.7146518330294167,0.4800000000000001
84.84311890602112,ifo002,0.0072500617394646895,0.7635829442000575,0.4800000000000001
84.86927461624146,ifo002,0.00033377152859370143,0.7236544006657522,0.4800000000000001
84.88954997062683,ifo002,9.384683575916345e-05,0.6590586627068657,0.4800000000000001
84.91026854515076,ifo001,0.03664496302559133,0.8984621512723192,0.4800000000000001
84.95041537284851,ifo002,0.014839832002661387,0.6403634182908553,0.4800000000000001
84.97546100616455,ifo002,0.07185187187598358,0.6458886769128656,0.4800000000000001
85.09328579902649,ifo001,0.005581535782280198,0.8204936538001736,0.4800000000000001
85.09682822227478,ifo001,0.006840870380294556,0.7986829820207253,0.4800000000000001
85.11458325386047,ifo001,0.014610202213298916,0.636531882890008,0.4800000000000001
85.23778486251831,ifo001,0.0004634838409253211,0.6820272209390053,0.4800000000000001
85.25016045570374,ifo001,0.040620101621992935,0.7253745828272244,0.4800000000000001
85.31568264961243,ifo002,0.3109794490807646,1.1656520793907796,0.4800000000000001
85.40098571777344,ifo002,0.04393635285895537,1.2886336180850733,0.4800000000000001
85.42969846725464,ifo001,0.017492228328137835,1.088083343437321,0.4800000000000001
85.48606705665588,ifo002,0.00432299094229294,0.7730845245897789,0.4800000000000001
85.51525664329529,ifo001,0.006652561997421086,1.0333489324290017,0.4800000000000001
85.55324006080627,ifo002,0.0006577085159599428,0.9244566952104851,0.4800000000000001
85.588871717453,ifo002,0.09465326849619961,0.7531303723366181,0.4800000000000001
85.59123277664185,ifo002,0.08250206880753878,0.7171253333661698,0.4800000000000001
85.61204433441162,ifo001,0.0009344207360338432,0.7276955264647565,0.4800000000000001
85.65739011764526,ifo002,0.005630701779778286,0.626768338102321,0.4800000000000001
85.69141507148743,ifo002,0.03782853249169148,0.6034618912577546,0.4800000000000001
85.78328132629395,ifo001,0.06435418549790388,0.8150501366309975,0.4800000000000001
85.79829525947571,ifo001,0.02235297686804381,0.745835332136402,0.4800000000000001
85.80611753463745,ifo001,0.0006427181067337858,0.6309393784157009,0.4800000000000001
85.9384834766388,ifo001,0.019091884163129094,0.7246124919470487,0.4800000000000001
85.9543468952179,ifo001,0.010847854258245365,0.672146551001606,0.4800000000000001
86.02066659927368,ifo002,0.1476622764411534,1.0820737958085265,0.4800000000000001
86.11888694763184,ifo002,0.0032497842123148293,0.9150214071589191,0.4800000000000001
86.15525197982788,ifo001,0.011474257580209844,1.4102040399930025,0.4800000000000001
86.21099352836609,ifo002,0.0021038798546642863,0.7597443636930856,0.4800000000000001
86.22368884086609,ifo001,0.011554579768094089,0.7699250425556475,0.4800000000000001
86.26127862930298,ifo002,0.014040134489026959,1.011198261062639,0.4800000000000001
86.27542543411255,ifo002,0.00019936750635497977,0.6664698483081942,0.4800000000000001
86.28319382667542,ifo002,0.011055936860889915,0.6171137396940545,0.4800000000000001
86.31212401390076,ifo001,0.0012510641658639945,0.8620589453185026,0.4800000000000001
86.34327697753906,ifo002,0.11780351485835716,0.7336524925150492,0.4800000000000001
86.38649153709412,ifo002,0.0065969477364120985,1.152604811275771,0.4800000000000001
86.50699853897095,ifo001,0.026630447781186513,0.8317875554091727,0.4800000000000001
86.52904939651489,ifo001,0.006629640402130882,0.7704430826526882,0.4800000000000001
86.64955639839172,ifo001,0.004886261061364421,0.7392114623777375,0.4800000000000001
86.65668034553528,ifo001,0.041437275863405454,0.833231511667041,0.4800000000000001
86.7264997959137,ifo002,0.08657792681378625,0.9268375822938089,0.4800000000000001
86.81509304046631,ifo002,0.040712409445305894,0.8159683240548496,0.4800000000000001
86.8421003818512,ifo001,0.004236183303989698,0.7816472816537514,0.4800000000000001
86.89453625679016,ifo002,0.09209781095515661,0.8392544710340537,0.4800000000000001
86.9305374622345,ifo001,0.0002626970440957285,0.734226102993583,0.4800000000000001
86.95769000053406,ifo002,0.023693739363661672,0.7316415715370428,0.4800000000000001
86.98463582992554,ifo002,0.0002455050675440201,0.7890473888208831,0.4800000000000001
86.9955370426178,ifo002,0.0005819170646601088,0.6696350552343215,0.4800000000000001
87.01534938812256,ifo001,0.022443040152193637,0.9420188254787017,0.4800000000000001
87.04120945930481,ifo002,0.011449564439184394,0.6390099806823664,0.4800000000000001
87.0820050239563,ifo002,0.012485788152802033,0.7168748526900703,0.4800000000000001
87.18983626365662,ifo001,0.025851142106225383,0.802939480523104,0.4800000000000001
87.20074987411499,ifo001,0.012114339861067507,0.9100381319011687,0.4800000000000001
87.23374915122986,ifo001,0.02488020961151151,0.6456038949191593,0.4800000000000001
87.42496919631958,ifo001,0.020986321096014858,0.905416503155797,0.4800000000000001
87.43374633789062,ifo001,0.005526250934790878,0.799536218928559,0.4800000000000001
87.4857747554779,ifo002,0.0648448829233261,1.2385108670196396,0.4800000000000001
87.569020986557,ifo002,0.002916882338422258,0.9898600914536103,0.4800000000000001
87.59724235534668,ifo001,0.004574231197905283,1.3329950963039499,0.4800000000000001
87.6493706703186,ifo002,0.0013527393293185723,0.7958317868599483,0.4800000000000001
87.6822600364685,ifo001,0.0035937031236148655,1.0312731719943906,0.4800000000000001
87.72474026679993,ifo002,0.001224748012174463,1.345490924850436,0.4800000000000001
87.74082803726196,ifo002,0.2804121148776752,0.6794216206889411,0.4800000000000001
87.7488145828247,ifo002,0.41954398246206825,0.6678444470528063,0.4800000000000001
87.77281475067139,ifo001,0.00010023840228271204,0.7194244013326282,0.4800000000000001
87.80533504486084,ifo002,3.6827280324406786e-05,0.6116990893287924,0.4800000000000001
87.84983015060425,ifo002,0.01357318189835656,0.6158897945299489,0.4800000000000001
87.95807576179504,ifo001,0.007197578014240459,0.871563058399611,0.4800000000000001
87.96867251396179,ifo001,0.09737384187439982,0.8241852472305937,0.4800000000000001
88.0022840499878,ifo001,0.004802784323677441,0.7089341789741108,0.4800000000000001
88.12813639640808,ifo001,0.05240460042612891,0.6886722070805424,0.4800000000000001
88.14927124977112,ifo001,0.01692503567965102,0.8302424162072395,0.4800000000000001
88.22058033943176,ifo002,0.0014448102351730407,0.9538485910876149,0.4800000000000001
88.3052625656128,ifo002,0.0012003313617672893,0.849672069011923,0.4800000000000001
88.33606839179993,ifo001,0.01371846776687711,0.9935084813596317,0.4800000000000001
88.4639801979065,ifo002,0.0011127229163675216,0.8228993359357175,0.4800000000000001
88.48180913925171,ifo001,5.035306745597981e-05,0.8628204795975956,0.4800000000000001
88.51115345954895,ifo002,9.179355123164537e-05,1.580760899250674,0.4800000000000001
88.52347087860107,ifo002,0.10446769234811999,0.7984098773450131,0.4800000000000001
88.53526210784912,ifo002,0.041048551390242015,0.7764044365590226,0.4800000000000001
88.56004786491394,ifo001,0.03594953404434724,0.9919887356372522,0.4800000000000001
88.59052205085754,ifo002,0.002801259421583113,0.617050933503417,0.4800000000000001
88.63544654846191,ifo002,0.014300776870014055,0.6604302525453434,0.4800000000000001
88.72865343093872,ifo001,0.0017128116554951573,0.8736648614904189,0.4800000000000001
88.7671320438385,ifo001,0.050136774800700404,0.9424681032048998,0.4800000000000001
88.90100932121277,ifo001,0.019221544132885418,0.7979057484993385,0.4800000000000001
88.91385245323181,ifo001,0.010432519065436971,1.0065044154703968,0.4800000000000001
88.9804584980011,ifo002,0.0005713345415932077,1.1395301038333994,0.4800000000000001
89.08218812942505,ifo002,0.011785157623710272,0.858343459013619,0.4800000000000001
89.18379974365234,ifo001,0.017159294967862483,0.8681243220721714,0.4800000000000001
89.24700498580933,ifo002,0.018582540572040472,0.905661391914214,0.4800000000000001
89.2812180519104,ifo001,0.02737717559524433,0.7900017651685225,0.4800000000000001
89.31765651702881,ifo002,0.01588269831857996,1.0108796618921811,0.4800000000000001
89.33891534805298,ifo002,0.000975014733608697,0.733296711748051,0.4800000000000001
89.35288524627686,ifo002,0.00032278542071670385,0.6491197085190131,0.4800000000000001
89.37177848815918,ifo001,0.0020380387838326223,1.1524307174984743,0.4800000000000001
89.42130970954895,ifo002,0.022876348270556447,0.7418549332279772,0.4800000000000001
89.47079062461853,ifo002,0.007274187054864937,1.0069804540372327,0.4800000000000001
89.54110407829285,ifo001,0.1323489948512789,0.8517580076292218,0.4800000000000001
89.54855060577393,ifo001,0.00459350014532301,0.7365700853850426,0.4800000000000001
89.56761384010315,ifo001,0.04193425223444356,0.6527545728045716,0.4800000000000001
89.72556471824646,ifo001,0.10636433061500675,0.8722538698616311,0.4800000000000001
89.74209570884705,ifo001,9.792677204349609e-05,0.8504135744650438,0.4800000000000001
89.80161452293396,ifo002,0.03675872300987715,0.9510481029339175,0.4800000000000001
89.88658094406128,ifo002,0.0091062740312261,0.8261421976537746,0.4800000000000001
89.98889446258545,ifo001,0.01975305203788248,0.8360394907513682,0.4800000000000001
90.06204271316528,ifo002,0.003909983218659548,0.8812412612460088,0.4800000000000001
90.08766102790833,ifo001,0.0006811781555809061,0.7810401260075099,0.4800000000000001
90.1199939250946,ifo002,0.010442398025032607,1.030463046103967,0.4800000000000001
90.14373826980592,ifo002,0.00047027976283526673,0.7755832001175487,0.4800000000000001
90.15314412117004,ifo002,0.00013760647696382843,0.6621995569188472,0.4800000000000001
90.18074345588684,ifo001,0.025437497052778806,1.0602244580025428,0.4800000000000001
90.21421813964844,ifo002,0.005090724643451496,0.6452690517118475,0.4800000000000001
90.24708700180054,ifo002,0.001877427443647232,0.7506949614245347,0.4800000000000001
90.34577918052672,ifo001,0.552951194853469,1.219950218446336,0.4800000000000001
90.3497235774994,ifo001,0.2058141220481911,1.0403731287474602,0.4800000000000001
90.37022924423218,ifo001,0.029970231489350498,0.6796732000780645,0.4800000000000001
90.48779273033142,ifo001,0.008559989247815692,0.7146128956378569,0.4800000000000001
90.49520540237428,ifo001,0.11744468445060686,0.6589486037790988,0.4800000000000001
90.55567264556883,ifo002,0.006442767949533121,1.0520820089868148,0.4800000000000001
90.64610409736632,ifo002,0.022054407395752637,0.7924468007493071,0.4800000000000001
90.68939352035522,ifo001,0.11863040368219115,0.9734835982996803,0.4800000000000001
90.7298457622528,ifo002,0.019349584775068023,0.7789563430135095,0.4800000000000001
90.75383853912354,ifo001,0.11080128116177625,0.7012023721038909,0.4800000000000001
90.79223465919496,ifo002,0.02002268390716683,0.9027033656722316,0.4800000000000001
90.80735778808594,ifo002,0.16148875848776986,0.85987487716961,0.4800000000000001
90.82273077964784,ifo002,0.0638853699783668,0.9435097368858824,0.4800000000000001
90.8433394432068,ifo001,0.0020661484721620723,1.0134282300750423,0.4800000000000001
90.87638306617735,ifo002,0.01919844437004571,0.7364142637120823,0.4800000000000001
90.90574979782104,ifo002,0.01381497721144619,0.6033638596947517,0.4800000000000001
90.99902987480164,ifo001,0.019003313453128633,0.8009469817860337,0.4800000000000001
91.00450134277344,ifo001,0.022234625329442873,0.8915015561368227,0.4800000000000001
91.0206527709961,ifo001,0.059117084302406434,0.6372810668728167,0.4800000000000001
91.14856171607973,ifo001,0.0004429572385227487,0.7023419292853508,0.4800000000000001
91.16969513893127,ifo001,0.0381668059078318,0.6840402505365563,0.4800000000000001
91.21451926231384,ifo002,0.09015727962935913,0.8769226235760421,0.4800000000000001
91.30730295181274,ifo002,0.012628921353395,0.8876742106160656,0.4800000000000001
91.34006595611572,ifo001,0.011720826791706385,1.0049474592202612,0.4800000000000001
91.38162732124329,ifo002,0.010517567131176828,0.7688383714262936,0.4800000000000001
91.41442203521729,ifo001,0.001189358262551258,0.7401617994912622,0.4800000000000001
91.44833326339722,ifo002,2.1774520588311746e-05,0.8587596668041754,0.4800000000000001
91.4753406047821,ifo002,0.0010708119087656015,0.6945869626916192,0.4800000000000001
91.48215889930724,ifo002,0.0034040942536966174,0.6286169450911019,0.4800000000000001
91.50068354606628,ifo001,1.0154668924352222e-05,0.8432105109726726,0.4800000000000001
91.52735638618468,ifo002,0.003318690780502118,0.6590478677313255,0.4800000000000001
91.56051397323608,ifo002,0.002156909878232919,0.6973909893013472,0.4800000000000001
91.65892720222472,ifo001,0.20017167989129103,0.7751868516153939,0.4800000000000001
91.661363363266,ifo001,0.0035189531626162625,0.8394329990139686,0.4800000000000001
91.68113112449646,ifo001,0.0035898777215909255,0.6338950463850939,0.4800000000000001
91.7973358631134,ifo001,0.008801011324767422,0.6729681640922209,0.4800000000000001
91.8047845363617,ifo001,0.008775465313602729,0.6992720118604868,0.4800000000000001
91.86986112594604,ifo002,0.037573718504978905,0.8711078765825784,0.4800000000000001
91.95609545707704,ifo002,0.010734282778913733,0.8158996977222308,0.4800000000000001
91.99437284469604,ifo001,0.010218334577541411,1.064573039460305,0.4800000000000001
92.0501983165741,ifo002,0.03526144448662168,0.8204639749878918,0.4800000000000001
92.06774592399596,ifo001,0.02031988651514889,0.7464812198026545,0.4800000000000001
92.10178065299988,ifo002,0.026284844232339722,1.0607619786388203,0.4800000000000001
92.13903975486755,ifo002,0.011776907822431648,0.6649619689658276,0.4800000000000001
92.14209461212158,ifo002,0.010873339479907682,0.615567467087067,0.4800000000000001
92.1588990688324,ifo001,0.001482028280277582,0.8983699271277137,0.4800000000000001
92.19806981086732,ifo002,0.014731067967460165,0.7104432324348856,0.4800000000000001
92.25363779067992,ifo002,0.00035466545273943605,1.0003812282541076,0.4800000000000001
92.3356556892395,ifo001,0.08306340165835616,0.8028142512699195,0.4800000000000001
92.34630966186523,ifo001,0.03271883580118941,0.8436665736138578,0.4800000000000001
92.36841297149658,ifo001,0.004328329538408825,0.6359560580499123,0.4800000000000001
92.4922525882721,ifo001,0.06398299870580873,0.7441738512525913,0.4800000000000001
92.51544666290285,ifo001,0.04001629872746967,0.6423053306376999,0.4800000000000001
92.55707716941832,ifo002,0.013289876117739267,0.8610569726818622,0.4800000000000001
92.6541793346405,ifo002,1.1139173055186497e-05,0.9391839659075398,0.4800000000000001
92.69497060775755,ifo001,0.04951629435120067,1.2289039621593378,0.4800000000000001
92.7606565952301,ifo002,0.0017645270902865128,0.7503741348793155,0.4800000000000001
92.82040905952454,ifo002,1.2689613823331936e-05,1.2050658591714503,0.4800000000000001
92.83899188041688,ifo002,0.006511910266478792,0.7356227738952328,0.4800000000000001
92.85638332366943,ifo002,0.031537874037252764,0.6678154137474108,0.4800000000000001
92.87128019332886,ifo001,0.027863989863521003,0.9916251146866644,0.4800000000000001
92.89535212516785,ifo002,0.1452678131975177,0.6365981693367468,0.4800000000000001
92.9243938922882,ifo002,0.043842299934166815,0.7612913710537124,0.4800000000000001
93.00937724113464,ifo001,0.0799184492652964,0.842104912759986,0.4800000000000001
93.0377643108368,ifo001,0.008387409564964062,0.7989045077956825,0.4800000000000001
93.15677809715272,ifo001,0.05084669462028896,0.727358934048087,0.4800000000000001
93.29739141464232,ifo001,0.0030138812166618646,0.7827862006292805,0.4800000000000001
93.30667066574097,ifo001,0.002841586364156266,0.7374876384283502,0.4800000000000001
93.365083694458,ifo002,0.0020552634600329925,1.16154942889556,0.4800000000000001
93.4453558921814,ifo002,0.0030835846197398947,0.9249048035212468,0.4800000000000001
93.46745705604552,ifo001,0.007289459379700425,1.41892558250455,0.4800000000000001
93.53801655769348,ifo002,0.00036879248182077913,0.8215964322821222,0.4800000000000001
93.5486934185028,ifo001,0.012099599791949026,0.7470591743879395,0.4800000000000001
93.5997190475464,ifo002,0.000239300763535993,0.8677879163320735,0.4800000000000001
93.61570405960084,ifo002,0.00043519127736034755,0.7296863842523398,0.4800000000000001
93.62827587127686,ifo002,0.006113205965914065,0.652241412931724,0.4800000000000001
93.6500804424286,ifo001,0.017392635252211495,0.849153907931609,0.4800000000000001
93.68618822097778,ifo002,0.032703707082179206,0.7013486916235817,0.4800000000000001
93.71892046928406,ifo002,0.007662295690511429,0.8012346069275607,0.4800000000000001
93.82744312286376,ifo001,0.006982096233745348,0.8145521482601198,0.4800000000000001
93.83879804611206,ifo001,0.010772945173946814,0.804530004913456,0.4800000000000001
93.8471863269806,ifo001,0.00031043277655068424,0.6452097424049928,0.4800000000000001
93.9797706604004,ifo001,0.0123004149541944,0.7109855996934242,0.4800000000000001
93.98690724372864,ifo001,1.2024900702636368e-05,0.6951029625966058,0.4800000000000001
94.05184864997864,ifo002,0.21157635157231094,1.0267282004053193,0.4800000000000001
94.12621927261353,ifo002,0.05219547204191245,0.8007441932291595,0.4800000000000001
94.15116262435912,ifo001,0.02470492834546346,0.7210279092816145,0.4800000000000001
94.20524311065674,ifo002,0.024852052658086862,1.040000937587629,0.4800000000000001
94.23132872581482,ifo001,0.037870764404181245,0.7514569442016045,0.4800000000000001
94.2660002708435,ifo002,0.015427932391924554,0.7097769942221863,0.4800000000000001
94.27977466583252,ifo002,0.14032572775007698,0.6659960404264422,0.4800000000000001
94.2904806137085,ifo002,0.07343370620260369,0.6424519773874722,0.4800000000000001
94.31128358840942,ifo001,0.0012966903549167209,0.7272266438167614,0.4800000000000001
94.34456181526184,ifo002,0.07766810066631194,0.605097233701485,0.4800000000000001
94.3789119720459,ifo002,0.05604003961692663,0.6202912835993519,0.4800000000000001
94.4882788658142,ifo001,0.03276739372011334,0.7906803460658989,0.4800000000000001
94.49326157569884,ifo001,0.0023521355392428704,0.8115687759646859,0.4800000000000001
94.51505780220032,ifo001,0.0005148070856660917,0.7193276447205638,0.4800000000000001
94.6553554534912,ifo001,0.00011218899145171033,0.8030329110969943,0.4800000000000001
94.67194676399232,ifo001,0.057990810841585035,0.6809866857601604,0.4800000000000001
94.72255182266235,ifo002,0.00012479965539423092,1.0347887822362303,0.4800000000000001
94.81809568405151,ifo002,0.008578067544193704,0.8949321420214887,0.4800000000000001
94.85014939308168,ifo001,0.00014354644123768632,1.7193969120080514,0.4800000000000001
94.91234397888184,ifo002,0.004620808373127336,0.8587249586521053,0.4800000000000001
94.92702341079712,ifo001,0.000460812142971987,0.9476734473913658,0.4800000000000001
94.96993947029114,ifo002,0.05198800403348334,0.879918556889989,0.4800000000000001
94.99543118476868,ifo002,0.003690894613970528,0.6564890156573489,0.4800000000000001
95.01553463935852,ifo002,0.0010375950502997896,0.6166231522515871,0.4800000000000001
95.03486490249634,ifo001,0.004438819938310858,0.7575196791271939,0.4800000000000001
95.0710837841034,ifo002,0.07267598318083694,0.7330214092906502,0.4800000000000001
95.11324119567873,ifo002,0.011405369751054054,1.0096860814820316,0.4800000000000001
95.198251247406,ifo001,0.0023126974223029706,0.8078635588540248,0.4800000000000001
95.2197926044464,ifo001,0.022542405167229822,0.8621829049532219,0.4800000000000001
95.25285291671752,ifo001,0.003547202873423751,0.6504842588734205,0.4800000000000001
95.38232970237732,ifo001,0.04254958390774473,0.7091949786296091,0.4800000000000001
95.39389133453368,ifo001,0.00024485926653594896,0.7952929708209502,0.4800000000000001
95.4701292514801,ifo002,0.0011646440590602934,0.9512565036621136,0.4800000000000001
95.54941582679749,ifo002,0.004858091631564858,1.0108100531790503,0.4800000000000001
95.60507917404176,ifo001,0.14626808084448586,1.2954159217980261,0.4800000000000001
95.67449307441711,ifo002,0.003522639221108469,0.8036969025960948,0.4800000000000001
95.709557056427,ifo001,0.010657643719347845,0.7743276019792911,0.4800000000000001
95.74301958084106,ifo002,0.02519065677871682,1.2953674309547256,0.4800000000000001
95.77210903167725,ifo002,0.030541491869244815,0.8804340797841386,0.4800000000000001
95.7815487384796,ifo002,0.005774220984414878,0.7661558193181907,0.4800000000000001
95.79789328575134,ifo001,0.00045291776896047906,1.049311113385012,0.4800000000000001
95.82406497001648,ifo002,0.004384457309665775,0.6138151587742591,0.4800000000000001
95.86179089546204,ifo002,0.023602443580504708,0.6117881950615042,0.4800000000000001
95.96080446243286,ifo001,0.013168353990721119,0.9102254196878816,0.4800000000000001
95.97460556030272,ifo001,0.023835390835992853,1.001170691438893,0.4800000000000001
95.99887156486513,ifo001,0.004726954801614055,0.6903681610872229,0.4800000000000001
96.14972853660583,ifo001,0.009712154319694735,0.7183552812971136,0.4800000000000001
96.15706944465636,ifo001,0.0038591729010359938,0.7464357755250539,0.4800000000000001
96.20877170562744,ifo002,0.003206932600628057,1.2043151333522892,0.4800000000000001
96.28748416900636,ifo002,0.0408717480970513,0.8255773853552624,0.4800000000000001
96.31268358230592,ifo001,0.0008694194028677364,0.8680084218678825,0.4800000000000001
96.3673174381256,ifo002,0.0025429045072014106,0.8310103537814586,0.4800000000000001
96.38728046417236,ifo001,0.0017198026980217542,0.7401066838418794,0.4800000000000001
96.42112684249878,ifo002,0.007577888712921461,0.7438636277226639,0.4800000000000001
96.43789720535278,ifo002,0.0003469709972699143,0.7291985525166216,0.4800000000000001
96.44315004348756,ifo002,0.001303612526872023,0.650333896377693,0.4800000000000001
96.47315049171448,ifo001,0.022047807924313777,0.764608249128339,0.4800000000000001
96.50808119773863,ifo002,0.08198191013231353,0.641386049412082,0.4800000000000001
96.54216623306274,ifo002,0.008652189119878277,0.682158957537947,0.4800000000000001
96.63821983337402,ifo001,0.004590480235748994,0.7828977716640804,0.4800000000000001
96.64648699760436,ifo001,0.006109266428441617,0.7953176126647579,0.4800000000000001
96.6649248600006,ifo001,0.00010220788687330355,0.6480164249228619,0.4800000000000001
96.79765939712524,ifo001,0.0021865454656208165,0.6824962477961594,0.4800000000000001
96.81999373435974,ifo001,0.00020922579223177818,0.7468105848656825,0.4800000000000001
96.89103865623474,ifo002,0.04750388041757075,1.174121661597392,0.4800000000000001
96.97641086578368,ifo002,0.07725297876565576,1.0166906433602572,0.4800000000000001
97.0235698223114,ifo001,0.03047871515078617,0.9482846481330118,0.4800000000000001
97.07709002494812,ifo002,0.1727932902862211,0.786004889480544,0.4800000000000001
97.10945105552672,ifo001,0.0004225066938202602,0.9133765177154101,0.4800000000000001
97.14908480644226,ifo002,0.17591935635410635,0.9023274389020225,0.4800000000000001
97.17456889152528,ifo002,0.02616247768878532,0.9485427773588493,0.4800000000000001
97.18696713447572,ifo002,0.0012378785043930481,0.6692851696018284,0.4800000000000001
97.20278096199036,ifo001,0.015033384327309725,0.8263242277349341,0.4800000000000001
97.24083089828493,ifo002,0.029699840840929623,0.6478176224403821,0.4800000000000001
97.2679054737091,ifo002,0.12149298137883845,0.640427779089207,0.4800000000000001
97.34761238098145,ifo001,0.0024262666777987384,0.7717531993771385,0.4800000000000001
97.36761021614076,ifo001,0.056693133862611496,0.80030100722057,0.4800000000000001
97.38509559631348,ifo001,0.08807969439967483,0.6307890056714545,0.4800000000000001
97.5179705619812,ifo001,0.04225992526541447,0.7009631830264538,0.4800000000000001
97.5267083644867,ifo001,0.10644849380999802,0.7545342951378006,0.4800000000000001
97.59294390678406,ifo002,0.1259667634040069,1.2255672902798351,0.4800000000000001
97.6701385974884,ifo002,0.0872730605653821,0.9680158125150571,0.4800000000000001
97.71005606651306,ifo001,0.008922207478488764,1.3498897031613422,0.4800000000000001
97.76775884628296,ifo002,0.018243106606261338,0.8339790060984504,0.4800000000000001
97.79911732673644,ifo001,0.0025293200455475603,0.7475600965709026,0.4800000000000001
97.83805298805235,ifo002,0.005435775396556583,0.8627170460665379,0.4800000000000001
97.85900497436523,ifo002,0.011298508726024902,0.7312810910833025,0.4800000000000001
97.86714434623718,ifo002,0.00935347389145717,0.6651539314764785,0.4800000000000001
97.8889138698578,ifo001,0.08860081110675556,0.9626528443385327,0.4800000000000001
97.92133808135986,ifo002,0.0010736521156361496,0.6316163393881223,0.4800000000000001
97.9580090045929,ifo002,0.0041706346787370755,0.6424090606471167,0.4800000000000001
98.05914258956908,ifo001,0.011791655322187743,0.8829921390348315,0.4800000000000001
98.07260584831238,ifo001,0.0019749864357097376,0.7722787516139913,0.4800000000000001
98.08488249778748,ifo001,0.015150460892783818,0.6582880596158528,0.4800000000000001
98.09738945961,ifo001,0.009599706097896728,0.6075378077845714,0.4800000000000001
98.2117154598236,ifo001,0.000929646125235269,0.6917125018717942,0.4800000000000001
98.22238326072691,ifo001,0.006653554358642609,0.6729720253326088,0.4800000000000001
98.29454278945924,ifo002,0.0002524267072775843,1.1687291861281945,0.4800000000000001
98.37019300460815,ifo002,0.0073019088552004445,0.8794196009754021,0.4800000000000001
98.40193939208984,ifo001,0.007303522426544412,0.8524308929653356,0.4800000000000001
98.4645974636078,ifo002,0.006290965980992249,0.7889379520713005,0.4800000000000001
98.47634315490724,ifo001,0.003073367821220898,0.7922049779400738,0.4800000000000001
98.50344657897948,ifo002,0.014253813169360993,0.8791038498604187,0.4800000000000001
98.5223798751831,ifo002,0.0009115317654514581,0.6685859352691335,0.4800000000000001
98.5454125404358,ifo002,0.00020384928295020442,0.6250441592976894,0.4800000000000001
98.55441784858704,ifo001,0.0008516954740377008,0.8437285563413706,0.4800000000000001
98.58880686759947,ifo002,0.010430597422839732,0.7212925558465701,0.4800000000000001
98.61661124229433,ifo002,0.0009526377275698432,0.8259724493209123,0.4800000000000001
98.73293352127077,ifo001,0.76007415792918,0.8230981964416286,0.4800000000000001
98.7391128540039,ifo001,0.00919061283453118,0.6746154610949011,0.4800000000000001
98.76875233650208,ifo001,0.0038030576285046237,0.6520686564742284,0.4800000000000001
98.91215658187866,ifo001,0.07612920213170075,0.8237985314603127,0.4800000000000001
98.9203131198883,ifo001,0.06621382696670981,0.6354051492109274,0.4800000000000001
98.98523545265198,ifo002,0.0005363921957658354,0.9023259831787486,0.4800000000000001
99.0702383518219,ifo002,8.79168527280873e-05,0.8063207007285984,0.4800000000000001
99.10565662384032,ifo001,0.22497096120400906,1.4688088019101526,0.4800000000000001
99.16804075241087,ifo002,0.009885098572577678,0.7545606044227446,0.4800000000000001
99.18535923957825,ifo001,0.09799224489374231,0.8176334176955486,0.4800000000000001
99.23907160758972,ifo002,0.001791557481073182,1.0378836431440388,0.4800000000000001
99.25291514396667,ifo002,0.0024258758163113485,0.8789599215238582,0.4800000000000001
99.26351046562196,ifo002,0.1897338564379602,0.6902211058619646,0.4800000000000001
99.28592944145204,ifo001,0.011531488382454925,0.9901279441724372,0.4800000000000001
99.324933052063,ifo002,0.0020888534164636777,0.6146481576727436,0.4800000000000001
99.35856986045836,ifo002,0.0010910952068216326,0.6390872429168106,0.4800000000000001
99.50026941299438,ifo001,0.26996231900935386,0.873441938894362,0.4800000000000001
99.50435280799866,ifo001,0.020325709698332393,0.7725826769612195,0.4800000000000001
99.5309784412384,ifo001,0.05337332351243063,0.6470331521262063,0.4800000000000001
99.67158436775208,ifo001,0.06648756255255038,0.7762805034450002,0.4800000000000001
99.69667506217957,ifo001,0.06996816293916176,0.6488760405690996,0.4800000000000001
99.77178192138672,ifo002,0.024055346400134524,1.2506687444984408,0.4800000000000001
99.84822607040404,ifo002,0.03564405771598699,0.9296501892354336,0.4800000000000001
99.87801885604858,ifo001,0.11546432904952537,1.3322856906299958,0.4800000000000001
99.94326400756836,ifo002,0.005605551797727492,0.7969615852602985,0.4800000000000001
99.96625065803528,ifo001,0.13323845980717697,0.739983233715026,0.4800000000000001
100.01318311691284,ifo002,0.0031904554111637146,1.2089020575481626,0.4800000000000001
100.02610874176024,ifo002,0.04996989923833627,0.7650825109130566,0.4800000000000001
100.03461718559264,ifo002,0.00021235425505408456,0.625922473391248,0.4800000000000001
100.05794382095335,ifo001,0.03345432390083979,1.0232226632287338,0.4800000000000001
100.08735156059264,ifo002,0.0277319266144445,0.7255427093730287,0.4800000000000001
100.13595414161682,ifo002,0.017182780250840742,0.9834747151106432,0.4800000000000001
100.23316049575806,ifo001,0.07854484525683912,0.8225771699462979,0.4800000000000001
100.24880027770996,ifo001,0.0025221671175100343,0.772940162427223,0.4800000000000001
100.35719203948976,ifo001,0.00013679566298943887,0.7289154809421695,0.4800000000000001
100.49634313583374,ifo001,0.2163274984890216,0.8139039864649772,0.4800000000000001
100.50377917289734,ifo001,0.05315478252092976,0.6581031145192819,0.4800000000000001
100.5665590763092,ifo002,0.008687236023271136,1.078915418611853,0.4800000000000001
100.632559299469,ifo002,0.0016871746961719227,0.8430962195194089,0.4800000000000001
100.66438221931458,ifo001,0.18051590866276587,1.4375034245825533,0.4800000000000001
100.71521258354188,ifo002,0.0013187279517504846,0.7318823033344712,0.4800000000000001
100.73352336883544,ifo001,0.12581354867085096,0.7775558080292856,0.4800000000000001
100.77034425735474,ifo002,0.012010029380407381,1.0147330133326402,0.4800000000000001
100.8004219532013,ifo002,0.0036143131900665537,0.9419378116066459,0.4800000000000001
100.805490732193,ifo002,0.004032731016670439,0.6958592623941556,0.4800000000000001
100.82912158966064,ifo001,0.0013328300608845595,1.023260616673811,0.4800000000000001
100.87051844596864,ifo002,0.0001776800743811123,0.6349349564999643,0.4800000000000001
100.89957284927368,ifo002,0.0003113282270072323,0.7590953969505829,0.4800000000000001
100.99340724945068,ifo001,0.002572742388267541,0.7914659662886303,0.4800000000000001
100.99934554100037,ifo001,0.023353310421487753,0.835782869074245,0.4800000000000001
101.01405692100523,ifo001,0.0026773843464731103,0.7295741973106428,0.4800000000000001
101.12841010093688,ifo001,0.006090714649855442,0.6716604290206782,0.4800000000000001
101.1472384929657,ifo001,0.0041659610794291145,0.7263175623963606,0.4800000000000001
101.21511507034302,ifo002,0.010969997810177972,0.9509955925138818,0.4800000000000001
101.30165457725523,ifo002,0.03340759706436778,0.8144828625838816,0.4800000000000001
101.32944345474245,ifo001,0.022198637934873276,0.8350305511598277,0.4800000000000001
101.37893033027648,ifo002,4.024359061576518e-07,0.7758094308634294,0.4800000000000001
101.3998522758484,ifo001,0.0235660635633518,0.8095562138987876,0.4800000000000001
101.42925572395325,ifo002,0.004369777678160811,0.9220563836603729,0.4800000000000001
101.44447588920592,ifo002,0.02752588215554391,0.8198275747135086,0.4800000000000001
101.45755124092102,ifo002,0.0004506658399051937,0.7382066339298492,0.4800000000000001
101.47147130966188,ifo001,0.0007102020259135627,0.7702690807951813,0.4800000000000001
101.5035982131958,ifo002,0.013073567279114325,0.6017472396515725,0.4800000000000001
101.54391813278198,ifo002,4.174990409888355e-05,0.6093945757354502,0.4800000000000001
101.64110040664671,ifo001,0.06203443033471761,0.7867461107737284,0.4800000000000001
101.64836573600768,ifo001,0.040724347907797914,0.77624779278195,0.4800000000000001
101.66359448432922,ifo001,0.004120635750308171,0.6711161712660685,0.4800000000000001
101.7675120830536,ifo001,0.04289916944825405,0.6652855603708836,0.4800000000000001
101.78488755226137,ifo001,0.0678231033818771,0.6855417016694709,0.4800000000000001
101.8409366607666,ifo002,0.01577606896744191,1.1081789889886493,0.4800000000000001
101.91707491874696,ifo002,0.027870286293585657,0.811814920738525,0.4800000000000001
101.94310212135316,ifo001,0.0005013728642966319,0.7788009723801178,0.4800000000000001
101.99282884597778,ifo002,0.0042373010050163196,0.7372464475732743,0.4800000000000001
102.01325345039368,ifo001,0.025156455686767165,0.7190613106241749,0.4800000000000001
102.06003046035768,ifo002,0.007818601539229779,0.8407688740020759,0.4800000000000001
102.07414865493774,ifo002,0.04711107370077786,0.7236400837944272,0.4800000000000001
102.08645915985107,ifo002,0.008705292646596204,0.6192961873341167,0.4800000000000001
102.11399936676024,ifo001,0.04775863523283734,0.9500076416764717,0.4800000000000001
102.14368271827698,ifo002,0.010387365297096583,0.6735735174947767,0.4800000000000001
102.16993618011476,ifo002,0.00030486545557364107,0.6643201956520358,0.4800000000000001
102.28058385849,ifo001,0.0008823880996340622,0.8380882289598931,0.4800000000000001
102.28870248794556,ifo001,0.0002862127682868878,0.7539205463010077,0.4800000000000001
102.30717968940736,ifo001,0.04710969015070236,0.6325314488607108,0.4800000000000001
102.4351930618286,ifo001,0.008747628679431815,0.7146749135013196,0.4800000000000001
102.4492733478546,ifo001,0.002805735135682189,0.7314892526249477,0.4800000000000001
102.50620532035828,ifo002,0.01248120479232228,0.9330410203914876,0.4800000000000001
102.57656836509705,ifo002,0.003717256049568428,0.8715841173603345,0.4800000000000001
102.60258507728577,ifo001,0.0898258632687218,1.099355917926994,0.4800000000000001
102.6503758430481,ifo002,0.0020435016036518417,0.7390664781444497,0.4800000000000001
102.6805169582367,ifo001,8.768171388544281e-06,1.2023537254952363,0.4800000000000001
102.72421979904176,ifo002,0.005669181657216342,0.9907728693906722,0.4800000000000001
102.74044966697691,ifo002,0.006774298781245606,0.8030059528043294,0.4800000000000001
102.74877214431764,ifo002,0.0028802046300114036,0.6521069334753669,0.4800000000000001
102.77150130271912,ifo001,0.06318318955410285,0.70597270432209,0.4800000000000001
102.80079197883606,ifo002,0.02010261883790043,0.6481444715657426,0.4800000000000001
102.82666730880736,ifo002,0.010263604378184634,0.732142275291173,0.4800000000000001
102.91392946243286,ifo001,0.07867151573034906,0.781223617965219,0.4800000000000001
102.92521977424622,ifo001,0.0020838329384189444,0.7040824331355278,0.4800000000000001
102.96560764312744,ifo001,0.02802743048367491,0.6481584276572288,0.4800000000000001
103.09287071228027,ifo001,0.021762427042810405,0.6939082523669067,0.4800000000000001
103.1005403995514,ifo001,0.0003575419858303745,0.7274087720423565,0.4800000000000001
103.18472051620483,ifo002,0.0017377574708772137,0.9346532080340012,0.4800000000000001
103.26014184951782,ifo002,0.0007552901918332469,0.8370565680895586,0.4800000000000001
103.28623819351196,ifo001,0.06170845267889692,1.0893919248909527,0.4800000000000001
103.35406351089478,ifo002,0.006348318582406153,0.7765482312550656,0.4800000000000001
103.37552332878111,ifo001,0.06162779906267172,0.7320964891793638,0.4800000000000001
103.41898512840272,ifo002,0.002666446985952471,1.174413751097768,0.4800000000000001
103.44327306747437,ifo002,0.0020497937261550647,0.8040256387335661,0.4800000000000001
103.45685744285583,ifo002,0.00031303485337532224,0.6670508425123152,0.4800000000000001
103.47734546661376,ifo001,0.035112282163140315,1.0816249588496443,0.4800000000000001
103.51610231399536,ifo002,0.021473865467622383,0.6624780103969629,0.4800000000000001
103.5500030517578,ifo002,0.008244643164472534,0.731665307669777,0.4800000000000001
103.65763854980467,ifo001,0.0023435305929714162,0.8322887589499477,0.4800000000000001
103.66576385498048,ifo001,0.09873093961081379,0.8789338099124667,0.4800000000000001
103.68498730659483,ifo001,0.014076601444421842,0.7605981147828464,0.4800000000000001
103.81788277626038,ifo001,0.0060643870905500155,0.6869290659957009,0.4800000000000001
103.8250696659088,ifo001,0.0012037684532327647,0.7700454271725223,0.4800000000000001
103.8886947631836,ifo002,0.003335508105466914,1.0522354452878537,0.4800000000000001
103.97081184387208,ifo002,0.007733320198469713,0.8667439802329152,0.4800000000000001
104.00404167175292,ifo001,0.0010204446700409907,0.9017085231936943,0.4800000000000001
104.0846049785614,ifo002,0.004790887280760528,0.8896634536542294,0.4800000000000001
104.11662244796752,ifo001,0.007608422463970373,0.8283538565947769,0.4800000000000001
104.15202474594116,ifo002,0.00473284910387479,0.926874185025534,0.4800000000000001
104.17837905883788,ifo002,0.0009190176881805602,0.7342109767972422,0.4800000000000001
104.18919777870178,ifo002,0.001993990767342972,0.6568109265331608,0.4800000000000001
104.20500802993774,ifo001,0.07231361318973667,0.7933976757928098,0.4800000000000001
104.24501514434814,ifo002,0.0037971743796552343,0.6785632217922062,0.4800000000000001
104.26796340942384,ifo002,1.7973489837666665e-06,0.7267066326918507,0.4800000000000001
104.3555417060852,ifo001,0.012409673323598559,0.8549075552901559,0.4800000000000001
104.36437344551086,ifo001,0.003307158600101923,0.7845504615955758,0.4800000000000001
104.40896248817444,ifo001,0.00615885573389725,0.641329592351817,0.4800000000000001
104.5446424484253,ifo001,0.036657397586667084,0.7619000034678185,0.4800000000000001
104.55307412147522,ifo001,0.01876442923275051,0.7881434348409421,0.4800000000000001
104.64529204368591,ifo002,0.008223980494384385,0.9782299946191699,0.4800000000000001
104.73163390159608,ifo002,0.011989605031996725,0.9679407335892071,0.4800000000000001
104.77131152153017,ifo001,0.002502592058726725,1.5950663873097812,0.4800000000000001
104.818861246109,ifo002,0.05185553155192113,0.7542440881800512,0.4800000000000001
104.8394012451172,ifo001,0.006770714784697391,0.9211972816444051,0.4800000000000001
104.88399624824524,ifo002,0.012987685595191577,0.9293432710667815,0.4800000000000001
104.90098595619202,ifo002,0.028755090090446127,0.7112028386635767,0.4800000000000001
104.90565466880798,ifo002,0.07649003930533523,0.6723275952616755,0.4800000000000001
104.9277889728546,ifo001,0.0002592837789387105,0.8154259975311834,0.4800000000000001
104.96172165870668,ifo002,0.0038996415354552194,0.6250828790239568,0.4800000000000001
104.99403619766235,ifo002,1.2953273898957337e-05,0.687265736962825,0.4800000000000001
105.11546754837036,ifo001,0.003510462575573444,0.8229656310577647,0.4800000000000001
105.12100124359132,ifo001,0.0075456200413200275,0.8726653668591104,0.4800000000000001
105.13517355918884,ifo001,0.00533710156203715,0.6460765959559774,0.4800000000000001
105.2672929763794,ifo001,7.2730491777565525e-06,0.6817799366021976,0.4800000000000001
105.27696895599364,ifo001,0.0003411903030621943,0.7303300754428814,0.4800000000000001
105.34474873542786,ifo002,0.019930553911637,0.9884344806445803,0.4800000000000001
105.42845010757446,ifo002,0.020338007658621912,1.0242056644166257,0.4800000000000001
105.45636200904846,ifo001,0.026783618729021717,1.2120896409350914,0.4800000000000001
105.51796650886536,ifo002,0.0017522362370315718,0.8432337212999232,0.4800000000000001
105.5414936542511,ifo001,0.036175024984371563,0.7627885978244564,0.4800000000000001
105.58018136024477,ifo002,0.003980024641339869,1.0527813585946801,0.4800000000000001
105.59131026268004,ifo002,0.0003787067534645105,0.7632254994326726,0.4800000000000001
105.61395454406738,ifo002,0.003081347717833187,0.6644837244231743,0.4800000000000001
105.63313746452332,ifo001,0.014798706717901438,0.804645660120981,0.4800000000000001
105.6914894580841,ifo002,0.018612022284903326,0.6862386779099777,0.4800000000000001
105.72638845443726,ifo002,0.0007005340809628616,0.6896863736598758,0.4800000000000001
105.84886860847472,ifo001,0.00022341207867058769,0.8623309549256152,0.4800000000000001
105.85247421264648,ifo001,0.003999554050406225,0.8517311206647499,0.4800000000000001
105.87581658363342,ifo001,0.0009682482267869954,0.6536837006186533,0.4800000000000001
105.99339079856873,ifo001,0.01541123833181433,0.7030484884045364,0.4800000000000001
106.00229334831238,ifo001,0.0040543792538725795,0.7521939003821183,0.4800000000000001
106.06357645988464,ifo002,0.024085719788470676,0.9443506169638831,0.4800000000000001
106.1390368938446,ifo002,0.037936224942827085,0.9881124190897838,0.4800000000000001
106.17067837715148,ifo001,0.009434807975532929,0.9413983885328826,0.4800000000000001
106.23688530921936,ifo002,7.277137595077202e-05,0.9014469713740496,0.4800000000000001
106.33330988883972,ifo001,0.00028125010804990245,0.821932955828695,0.4800000000000001
106.38019728660583,ifo002,0.006955228580966369,1.0075222621718383,0.4800000000000001
106.39616298675536,ifo002,0.004109556214440596,0.9224706455935366,0.4800000000000001
106.40596389770508,ifo002,0.0008607952765028796,0.7421377604317365,0.4800000000000001
106.43399333953856,ifo001,0.0001799790193896382,1.142800016250224,0.4800000000000001
106.47731018066406,ifo002,0.013290729134658865,0.6454971584739676,0.4800000000000001
106.50282526016235,ifo002,0.01334197417138916,0.6819356632748039,0.4800000000000001
106.58489155769348,ifo001,0.000313372084874119,0.8157293916093755,0.4800000000000001
106.59339141845705,ifo001,0.0029055473713116217,0.8951766778423615,0.4800000000000001
106.61708331108092,ifo001,0.001114913260685805,0.6960042171189578,0.4800000000000001
106.87815189361572,ifo001,0.0022646418665345667,0.8555590254109081,0.4800000000000001
106.90820050239564,ifo001,0.002482596892327224,0.8301114263840614,0.4800000000000001
106.9777500629425,ifo002,0.0010010224956612948,2.1320468663492935,0.4800000000000001
107.06276893615724,ifo002,0.0176164355295096,0.9536348525328543,0.4800000000000001
107.09266185760498,ifo001,0.017412808121013482,1.1765403192918877,0.4800000000000001
107.148118019104,ifo002,0.034500209650711766,0.8414783058631038,0.4800000000000001
107.1789939403534,ifo001,0.012253327991868632,1.0756592376611125,0.4800000000000001
107.20467758178712,ifo002,0.01585222839556073,0.828170542936857,0.4800000000000001
107.21952891349792,ifo002,0.017763217498045866,0.6768224502245201,0.4800000000000001
107.23876452445984,ifo002,0.00030737014894098287,0.6408628036729074,0.4800000000000001
107.25594186782835,ifo001,0.06085970373599008,0.7300855260988499,0.4800000000000001
107.29765343666077,ifo002,0.06060739524743736,0.680609131358799,0.4800000000000001
107.31075119972228,ifo002,0.0005616359333147629,0.7378101078171375,0.4800000000000001
107.40056920051576,ifo001,0.00010115114987399351,0.7599369555479609,0.4800000000000001
107.40796947479248,ifo001,0.064319179297654,0.8657421135981543,0.4800000000000001
107.4334614276886,ifo001,0.0008041037619338396,0.8549675891225383,0.4800000000000001
107.57427978515624,ifo001,0.008087939881066467,0.6925316729003206,0.4800000000000001
107.58177757263184,ifo001,0.011733797966573126,0.7674740335933732,0.4800000000000001
107.63777446746826,ifo002,0.003401868459452389,1.1367864298313475,0.4800000000000001
107.71278691291808,ifo002,0.04559914933238694,0.8310717432513786,0.4800000000000001
107.7464406490326,ifo001,0.014673479739255422,0.7257581786623095,0.4800000000000001
107.80394983291626,ifo002,0.006086086333667225,1.0223603771940613,0.4800000000000001
107.82350206375122,ifo001,0.028287753425000728,0.7110682405872866,0.4800000000000001
107.85429286956789,ifo002,0.004109883451113121,0.6942519234972802,0.4800000000000001
107.87315487861632,ifo002,0.014902214288095534,0.6995299060446217,0.4800000000000001
107.89247226715088,ifo002,0.012051451676861407,0.6294382612223933,0.4800000000000001
107.91235089302064,ifo001,0.0009583403344117928,1.0745356369970391,0.4800000000000001
107.94119787216188,ifo002,0.0011044239039798003,0.661006984002434,0.4800000000000001
107.97482943534852,ifo002,0.006877820022024954,0.6091187813702919,0.4800000000000001
108.09315061569214,ifo001,0.0012801362811219676,0.8047485138681096,0.4800000000000001
108.09984016418456,ifo001,0.00031034793430655274,0.7363004618477015,0.4800000000000001
108.11665105819702,ifo001,0.03767165664046346,0.7542096903300703,0.4800000000000001
108.23732900619508,ifo001,0.0014862208632911123,0.7505898610031623,0.4800000000000001
108.24639844894408,ifo001,0.017064966147599066,0.6279142525182387,0.4800000000000001
108.30282425880432,ifo002,0.24774680394619558,1.3748872134608994,0.4800000000000001
108.40862703323364,ifo002,0.04177747481687435,1.3646397156251209,0.4800000000000001
108.43150210380554,ifo001,0.0019432065107079703,0.7418465659889533,0.4800000000000001
108.5017156600952,ifo002,1.8644063861183417e-05,0.8541691944863151,0.4800000000000001
108.52064752578735,ifo001,0.0016857256089152831,0.7242634007000479,0.4800000000000001
108.56021285057068,ifo002,0.0257519158697681,0.7519089178071051,0.4800000000000001
108.57240796089172,ifo002,0.0002172649783508103,0.6474432513496651,0.4800000000000001
108.60109615325928,ifo002,0.0008801124265934732,0.6193479362441514,0.4800000000000001
108.62668824195862,ifo001,0.037339581143396125,0.9387348732412659,0.4800000000000001
108.65814590454102,ifo002,0.0008284941950583921,0.675254736175976,0.4800000000000001
108.70687985420228,ifo002,0.000473444805058253,0.6225320828523653,0.4800000000000001
108.80552983283997,ifo001,0.010382378680370244,1.065940687444129,0.4800000000000001
108.81175136566162,ifo001,0.09590310170174113,0.6893491202150611,0.4800000000000001
108.83358860015868,ifo001,0.006099309366030566,0.6384307368614762,0.4800000000000001
108.85731053352356,ifo001,0.05066557940155464,0.7206270642531791,0.4800000000000001
108.99482345581056,ifo001,0.0006208407322289466,1.11605943687451,0.4800000000000001
109.08998346328735,ifo001,0.03905398398456862,0.6889573559537816,0.4800000000000001
109.17357420921326,ifo002,0.0005768561618101229,1.5690355063028076,0.4800000000000001
109.27970504760742,ifo002,0.01583361183046833,1.010249826747846,0.4800000000000001
109.31832003593443,ifo001,0.07574984222454759,0.8716601123112016,0.4800000000000001
109.38059568405151,ifo002,0.013996816712454573,0.9372698216464244,0.4800000000000001
109.4013967514038,ifo001,0.03742821590784249,0.893873734415343,0.4800000000000001
109.43905782699584,ifo002,0.14775723690765266,0.7131427786763036,0.4800000000000001
109.46111369132996,ifo002,0.013032259175824085,0.6562652872064784,0.4800000000000001
109.46762824058531,ifo002,0.004508166374671495,0.6123328917703528,0.4800000000000001
109.49699926376344,ifo001,1.0566864195549726e-08,0.8015655249070779,0.4800000000000001
109.74440002441406,ifo002,0.003495235846068494,1.020917916887906,0.4800000000000001
109.85023403167725,ifo001,0.06789894447683058,1.3291696148985936,0.4800000000000001
109.86712884902954,ifo001,0.07341081539163102,0.7707373013045431,0.4800000000000001
109.883483171463,ifo001,0.016817698896280646,0.6731020190248663,0.4800000000000001
110.01606512069702,ifo001,0.11262380775893496,1.019904616099657,0.4800000000000001
110.0296230316162,ifo001,0.02796496277742052,1.3327151631398246,0.4800000000000001
110.08013606071472,ifo002,0.0018937136294961705,1.1759529286728185,0.4800000000000001
110.15349197387695,ifo002,0.022354813920596735,0.9746631323569652,0.4800000000000001
110.1880874633789,ifo001,0.004926651390774586,0.9440738911846578,0.4800000000000001
110.23993849754332,ifo002,0.047661566852015204,0.9974192107597677,0.4800000000000001
110.27172493934631,ifo001,0.0035359285675170176,0.7399176901023978,0.4800000000000001
110.30246686935423,ifo002,0.006058147344115088,1.4109600692523807,0.4800000000000001
110.31478238105774,ifo002,0.0799715570106918,0.6921110058605286,0.4800000000000001
110.31858444213869,ifo002,0.052149551495511516,0.6057590330284514,0.4800000000000001
110.33317804336548,ifo001,0.006870323875923565,0.8778501911246668,0.4800000000000001
110.36037278175354,ifo002,0.005921627837412565,0.711517042174893,0.4800000000000001
110.39885258674622,ifo002,0.00899333182691051,0.7060714639627119,0.4800000000000001
110.49878358840942,ifo001,0.1925209543474174,0.779672720674589,0.4800000000000001
110.51957535743712,ifo001,0.0898393021591138,0.7590317207887847,0.4800000000000001
110.5278491973877,ifo001,0.0034222403269525145,0.6253471970194829,0.4800000000000001
110.6530294418335,ifo001,0.0008320828518485867,0.808735635374525,0.4800000000000001
110.660080909729,ifo001,0.07995140275564806,0.6428235296255997,0.4800000000000001
110.712495803833,ifo002,0.033028066321650104,1.0022910494870652,0.4800000000000001
110.79566931724548,ifo002,0.0029963005445868074,0.8994234610023741,0.4800000000000001
110.82524800300598,ifo001,0.10295459468687335,0.973804760118824,0.4800000000000001
110.87190794944765,ifo002,0.027348639481079573,0.7534872196481435,0.4800000000000001
110.89419102668762,ifo001,0.016822912578091192,0.6897282676346831,0.4800000000000001
110.92424154281616,ifo002,0.03298166671520902,0.9204400220928934,0.4800000000000001
110.93658590316772,ifo002,0.004597477121689331,0.6677889975221862,0.4800000000000001
110.95578265190125,ifo002,1.345227497644531e-05,0.631457523945899,0.4800000000000001
110.97735404968262,ifo001,0.0003551818157940626,1.1290415756138619,0.4800000000000001
111.01512026786804,ifo002,0.0006797892826978415,0.6665445187106539,0.4800000000000001
111.04843711853027,ifo002,0.0002532791452550072,0.7450961113769465,0.4800000000000001
111.12835884094238,ifo001,0.010417601707688446,0.7851987962095641,0.4800000000000001
111.13385272026062,ifo001,0.0036020703378068035,0.7803758822584659,0.4800000000000001
111.15390825271606,ifo001,0.018476539912162335,0.6750639396050024,0.4800000000000001
111.27212905883788,ifo001,0.00016778775000382624,0.6859468303612117,0.4800000000000001
111.27919936180116,ifo001,0.0005799086867783008,0.697065341466725,0.4800000000000001
111.32828664779665,ifo002,0.001388138123827232,0.8732947743341888,0.4800000000000001
111.4038143157959,ifo002,0.0047586163793728415,0.8425354479027953,0.4800000000000001
111.4272768497467,ifo001,0.03270937471563165,0.8942420304415498,0.4800000000000001
111.49761700630188,ifo002,0.08808651259951586,0.7968626824545533,0.4800000000000001
111.51292419433594,ifo001,0.020175575933076756,0.9840013376374714,0.4800000000000001
111.5517556667328,ifo002,0.01951820079341503,0.7456618070098197,0.4800000000000001
111.56894993782043,ifo002,0.013567507333718974,0.764761104952141,0.4800000000000001
111.58208894729614,ifo002,0.0017103581110335722,0.7128742419365756,0.4800000000000001
111.61093926429749,ifo001,4.181734799355194e-05,0.706131984600969,0.4800000000000001
111.64885759353638,ifo002,0.015653728953806036,0.6141868063011545,0.4800000000000001
111.70780968666077,ifo002,0.0001724775842071201,0.6664663419435237,0.4800000000000001
111.81692004203796,ifo001,0.1095806537885291,0.8596201872074101,0.4800000000000001
111.826354265213,ifo001,0.25426447388733586,0.7695778739012719,0.4800000000000001
111.83886742591858,ifo001,0.1331987643853965,0.708536627792093,0.4800000000000001
111.98882555961607,ifo001,0.17020581673753155,0.733372121471229,0.4800000000000001
112.00389003753662,ifo001,0.043869415330280125,0.6577167213719385,0.4800000000000001
112.07732224464417,ifo002,0.0013274898062046112,1.1289913334025172,0.4800000000000001
112.16112232208252,ifo002,0.005889441714368235,0.9277237852457034,0.4800000000000001
112.18591713905334,ifo001,0.464075568534063,1.0733262145974911,0.4800000000000001
112.24621844291688,ifo002,1.39677549872958e-05,0.7707293749626821,0.4800000000000001
112.26944971084596,ifo001,0.30060351339917063,0.9013176066056581,0.4800000000000001
112.30489158630373,ifo002,0.0004855078549153325,1.08545298790347,0.4800000000000001
112.32188415527344,ifo002,0.006554758027779891,0.6991704286033442,0.4800000000000001
112.32321906089784,ifo002,0.0008649144689684915,0.6186514542729855,0.4800000000000001
112.34605360031128,ifo001,0.14431185394477208,0.771538768618404,0.4800000000000001
112.39596676826476,ifo002,0.0035052732736412856,0.72707288431535,0.4800000000000001
112.4301176071167,ifo002,0.014819108686053815,0.8306246642985993,0.4800000000000001
112.51629114151,ifo001,0.036588812309668976,0.8885331030769221,0.4800000000000001
112.54645657539368,ifo001,0.00011468771262699151,0.7618934692272243,0.4800000000000001
112.6718418598175,ifo001,0.01754250478432008,0.7484000124236694,0.4800000000000001
112.68532586097716,ifo001,0.014483756582677679,0.7899836069345346,0.4800000000000001
112.74513912200928,ifo002,0.05357829732303683,1.1332940987905329,0.4800000000000001
112.83948612213136,ifo002,0.031275417297735426,0.897596565883571,0.4800000000000001
112.86943340301514,ifo001,0.021074981330253168,1.1977973751093036,0.4800000000000001
112.92392015457152,ifo002,0.007026234629200545,0.7789079824344176,0.4800000000000001
112.94373607635498,ifo001,0.0001976098906094525,1.1354428100458218,0.4800000000000001
112.9718668460846,ifo002,0.00234579433293234,0.9328835894325386,0.4800000000000001
112.99297285079956,ifo002,0.0005314556540339142,0.6745300498223656,0.4800000000000001
112.99868774414062,ifo002,0.005709371058752039,0.6224809548542141,0.4800000000000001
113.02753138542175,ifo001,0.024492139694278943,0.7264215005025616,0.4800000000000001
113.07029461860655,ifo002,0.007384719104498084,0.6743329638816549,0.4800000000000001
113.094153881073,ifo002,0.005679387587382775,0.7840216439608767,0.4800000000000001
113.17815613746644,ifo001,0.14784197254492334,0.7723003134628292,0.4800000000000001
113.18577599525452,ifo001,0.0071254506050506825,0.8981169207055035,0.4800000000000001
113.20491290092468,ifo001,0.003490623143598891,0.7013830730515122,0.4800000000000001
113.34225678443909,ifo001,0.06343221284168259,0.6875399422224775,0.4800000000000001
113.38369345664978,ifo001,0.002802393658007253,0.7269328389278115,0.4800000000000001
113.42542266845705,ifo002,0.0006218956428646074,0.98136779907334,0.4800000000000001
113.50872874259947,ifo002,0.031172159152798844,0.8045263490503105,0.4800000000000001
113.54049587249756,ifo001,0.032433069725601525,0.9586655503230985,0.4800000000000001
113.60648345947266,ifo002,0.0009839832064590735,0.7433348718482495,0.4800000000000001
113.63526892662048,ifo001,0.03705581184278188,0.7507349876099482,0.4800000000000001
113.6652889251709,ifo002,0.000174147070390983,1.2242241872274593,0.4800000000000001
113.67847919464111,ifo002,0.11282206048963385,0.7220923358754227,0.4800000000000001
113.6903121471405,ifo002,0.008536713246659666,0.7019532910510334,0.4800000000000001
113.7123725414276,ifo001,0.00017993435096210942,1.0517121220343388,0.4800000000000001
113.7408766746521,ifo002,0.009889543938859512,0.6053104677992425,0.4800000000000001
113.775084733963,ifo002,0.05137639796774942,0.6410665260393631,0.4800000000000001
113.87616515159608,ifo001,0.31554453885047523,0.7923503007545207,0.4800000000000001
113.88630223274232,ifo001,0.0033944958685653433,0.8186044215734954,0.4800000000000001
113.90556359291077,ifo001,0.005719416416171344,0.6825343336508861,0.4800000000000001
114.0593400001526,ifo001,0.05072897266124925,0.7165899551572559,0.4800000000000001
114.0852234363556,ifo001,0.015352975728665608,0.7439339907845173,0.4800000000000001
114.1397421360016,ifo002,0.04909526217460199,1.371539749357897,0.4800000000000001
114.23400855064392,ifo002,6.164172338547213e-05,0.8518529000496153,0.4800000000000001
114.25866866111755,ifo001,0.12702588404223117,0.7678072774467629,0.4800000000000001
114.32304525375366,ifo002,0.007581012918056039,0.7987229902487369,0.4800000000000001
114.34660339355467,ifo001,0.030837567630869197,0.7270465300392511,0.4800000000000001
114.38447785377502,ifo002,0.0008091178521508646,0.8403936868002848,0.4800000000000001
114.39697432518004,ifo002,0.046196993291690844,0.7083500702917042,0.4800000000000001
114.40409445762634,ifo002,0.007684552109854089,0.6131350149260655,0.4800000000000001
114.43043065071106,ifo001,0.051498065254881764,1.078622082174447,0.4800000000000001
114.48218417167664,ifo002,0.0016796130528737155,0.7050680916179,0.4800000000000001
114.51295447349548,ifo002,0.04375701431981248,0.7759961429852062,0.4800000000000001
114.60999846458436,ifo001,0.03999216571343298,0.9617205875990772,0.4800000000000001
114.61532044410706,ifo001,0.46535187172011755,0.6835135537993953,0.4800000000000001
114.63911724090576,ifo001,0.27354070826654514,0.6418033150118654,0.4800000000000001
114.7498025894165,ifo001,0.0281393527472145,0.8112847352264867,0.4800000000000001
114.764821767807,ifo001,0.0052095229739850995,0.6703795785584598,0.4800000000000001
114.83459448814392,ifo002,0.12463050185697211,1.0326660910083993,0.4800000000000001
114.9371349811554,ifo002,0.042557816940730755,0.9800198099047935,0.4800000000000001
114.96742820739746,ifo001,0.01776190339820354,0.9231421873091987,0.4800000000000001
115.0226593017578,ifo002,0.054731887111919994,0.8878075331758557,0.4800000000000001
115.07225775718688,ifo001,0.3739799395331939,0.7986066538311163,0.4800000000000001
115.0931453704834,ifo002,0.0010937797320331906,0.9714442499821729,0.4800000000000001
115.12791037559508,ifo002,0.010444861600341518,0.6757833868378855,0.4800000000000001
115.14902925491332,ifo001,0.39852429496471975,0.7183277091389783,0.4800000000000001
115.17983865737916,ifo002,0.0026567844975228906,0.7099501806956019,0.4800000000000001
115.21602368354796,ifo002,0.01571302416600919,0.7264320723920761,0.4800000000000001
115.30580735206604,ifo001,0.0022451897921472704,0.8581532097037774,0.4800000000000001
115.32575964927672,ifo001,0.0563918273230975,0.7294867876396749,0.4800000000000001
115.34025311470032,ifo001,0.005779945579029734,0.7210091433728484,0.4800000000000001
115.49218344688416,ifo001,0.01193775996047154,0.8578439739214752,0.4800000000000001
115.49677205085754,ifo001,0.15412151935624233,0.6351919236301583,0.4800000000000001
115.56117486953735,ifo002,0.01260791706307591,1.2241508415383442,0.4800000000000001
115.64005327224731,ifo002,0.0032823394922687475,0.9153685898782253,0.4800000000000001
115.66162967681883,ifo001,0.020391081063131998,1.3834523249858282,0.4800000000000001
115.72091484069824,ifo002,0.0022313233078863686,0.7820690071871251,0.4800000000000001
115.82495546340942,ifo002,0.021264594518602475,1.1656074109999945,0.4800000000000001
115.83581495285034,ifo002,0.08029735530506359,0.6743660570943739,0.4800000000000001
115.844003200531,ifo002,0.05176000479177498,0.6308149989077303,0.4800000000000001
115.86701536178587,ifo001,0.0847665088423511,0.867614178807379,0.4800000000000001
115.90617060661316,ifo002,0.00464397513086183,0.6944697800254404,0.4800000000000001
115.9312982559204,ifo002,0.006495167559664363,0.7122175488658284,0.4800000000000001
116.0424826145172,ifo001,0.002860284082316658,0.9029526699046189,0.4800000000000001
116.0457727909088,ifo001,0.004136887205469941,0.8390201890200459,0.4800000000000001
116.06525111198424,ifo001,0.11797019140630878,0.6486032705100148,0.4800000000000001
116.1728446483612,ifo001,0.00013142769001335037,0.7019272028400767,0.4800000000000001
116.1882381439209,ifo001,0.010931869130977212,0.6871415422144991,0.4800000000000001
116.25421571731567,ifo002,0.01244389315878302,1.3437371720752846,0.4800000000000001
116.3491415977478,ifo002,0.0027033166445524517,0.8231703834132034,0.4800000000000001
116.3870451450348,ifo001,0.17089301782415892,1.2995652258150123,0.4800000000000001
116.44020485877992,ifo002,0.05193184284830304,0.9880560321349569,0.4800000000000001
116.45813632011414,ifo001,0.11238339096245635,1.3126070732322366,0.4800000000000001
116.49831295013428,ifo002,0.04099656604738088,0.6934848407818455,0.4800000000000001
116.52487587928772,ifo002,0.0010678171782047697,0.7506349583969383,0.4800000000000001
116.53392124176024,ifo002,0.00012227683538560658,0.6633791253756463,0.4800000000000001
116.5688989162445,ifo001,0.0073473009254838365,0.7667160404084759,0.4800000000000001
116.60004925727844,ifo002,0.0003147626790009931,0.6228440679757545,0.4800000000000001
116.63241696357728,ifo002,0.014784088820280896,0.5978512174313867,0.4800000000000001
116.75078201293944,ifo001,0.02907713166653392,0.8607274031306809,0.4800000000000001
116.75731015205383,ifo001,0.00013891470667591892,0.8517711529857346,0.4800000000000001
116.7903344631195,ifo001,0.014876310666317005,0.6504333846641399,0.4800000000000001
116.92530155181883,ifo001,0.006907170009208708,0.6981935646721389,0.4800000000000001
116.93482518196106,ifo001,0.005898430580541541,0.7315414208390919,0.4800000000000001
116.98742437362672,ifo002,0.24789486895586707,1.0723047929149887,0.4800000000000001
117.06974077224731,ifo002,0.030807864400069086,1.3155300648748398,0.4800000000000001
117.10382914543152,ifo001,0.013886193417962106,0.9359834627348913,0.4800000000000001
117.16879177093506,ifo002,0.10016485685871475,0.9070302596896631,0.4800000000000001
117.18499183654784,ifo001,0.014013651484635528,0.8373279653250474,0.4800000000000001
117.21454906463624,ifo002,0.001960786830942915,0.9968336992872429,0.4800000000000001
117.23178505897522,ifo002,0.0003845730746687936,0.6515885509162354,0.4800000000000001
117.24178004264832,ifo002,0.0010228161649848482,0.6121019234313858,0.4800000000000001
117.25553512573242,ifo001,0.07144237399206599,0.6916135393943552,0.4800000000000001
117.2941255569458,ifo002,0.008028389957888361,0.745657428547069,0.4800000000000001
117.3261456489563,ifo002,0.012904433609451463,0.7555346378746666,0.4800000000000001
117.43630933761597,ifo001,0.0007417366135294837,0.7887798272123487,0.4800000000000001
117.44523572921752,ifo001,0.08412639204003258,0.7722016344887873,0.4800000000000001
117.4641568660736,ifo001,0.03613628461142753,0.6911364563153459,0.4800000000000001
117.60168600082396,ifo001,0.025842485768999,0.6849333470603265,0.4800000000000001
117.60972690582275,ifo001,0.07892506870565816,0.7190316584840095,0.4800000000000001
117.6745662689209,ifo002,0.025321722056146,0.934246676934124,0.4800000000000001
117.74495673179626,ifo002,0.01378734166121299,0.8740189754471435,0.4800000000000001
117.85162591934204,ifo001,0.0759144985009191,1.3300046605001659,0.4800000000000001
117.91129183769226,ifo002,0.01864174712672791,0.8267274234878176,0.4800000000000001
117.92650747299194,ifo001,0.04296392348826973,0.7499627977159546,0.4800000000000001
117.97467231750488,ifo002,0.04049940680925048,1.1944756017613554,0.4800000000000001
117.99266839027403,ifo002,0.05074856730318439,0.6955473520740063,0.4800000000000001
117.9992175102234,ifo002,0.05516033495518245,0.6432159429089797,0.4800000000000001
118.02066040039062,ifo001,0.058438669869908956,0.9099759666201551,0.4800000000000001
118.04976415634157,ifo002,0.0005562270002353796,0.6731810575881295,0.4800000000000001
118.09567546844482,ifo002,0.0026398274857126866,0.8459908208248582,0.4800000000000001
118.22249984741212,ifo001,0.02108871372837603,1.0136724218557807,0.4800000000000001
118.23563504219057,ifo001,0.00034529324662605523,0.907868743503305,0.4800000000000001
118.2533040046692,ifo001,0.005459451767565564,0.6451719589624766,0.4800000000000001
118.40316128730774,ifo001,0.00045840689011984693,0.7046005323680695,0.4800000000000001
118.41203713417052,ifo001,0.07162313580809403,0.7704483687484753,0.4800000000000001
118.48081612586977,ifo002,0.012518359639438132,1.0621425180269353,0.4800000000000001
118.55815434455872,ifo002,0.004336935577463839,0.9287308552084297,0.4800000000000001
118.59101390838624,ifo001,0.025037383108376117,1.3355108884735134,0.4800000000000001
118.64833402633668,ifo002,0.01953729724660684,0.7712648522905892,0.4800000000000001
118.66767263412476,ifo001,0.050116091080834146,0.7821080831014564,0.4800000000000001
118.69925117492676,ifo002,0.006670302226086309,1.5247267090231889,0.4800000000000001
118.71442914009094,ifo002,0.11757037538524348,0.7984798531416364,0.4800000000000001
118.72354984283449,ifo002,0.0646660785071227,0.7557613566184025,0.4800000000000001
118.73943972587584,ifo001,0.03676688901048119,0.7391450240806375,0.4800000000000001
118.77188277244568,ifo002,0.004152079970995306,0.6066602933847016,0.4800000000000001
118.82301211357117,ifo002,0.05726852947795084,0.6800695462774473,0.4800000000000001
118.91397786140442,ifo001,0.003522049277736284,0.7909197106420955,0.4800000000000001
118.92708969116212,ifo001,0.001728237841085628,0.8352183431328983,0.4800000000000001
118.95642757415771,ifo001,0.031027766968871644,0.6490535406596324,0.4800000000000001
119.08927059173584,ifo001,0.00021593983438331622,0.6921077238527152,0.4800000000000001
119.10181546211244,ifo001,0.511364198114854,0.8531000988543513,0.4800000000000001
119.17769289016724,ifo002,0.0003642222688264235,0.9359577612072927,0.4800000000000001
119.2441680431366,ifo002,0.006193367176746872,0.7906656426716618,0.4800000000000001
119.26828598976137,ifo001,0.0006830905584029687,0.7572222475564833,0.4800000000000001
119.33698916435242,ifo002,0.0027551471650280367,0.7383081556085083,0.4800000000000001
119.36623907089232,ifo001,0.25122888639788293,0.7465597029461388,0.4800000000000001
119.40480613708496,ifo002,0.03356008267863499,1.2083831651744412,0.4800000000000001
119.43601822853088,ifo002,0.0418338445305388,1.004227590218955,0.4800000000000001
119.44755506515504,ifo002,0.010131966519500457,0.810861839368338,0.4800000000000001
119.46564555168152,ifo001,0.1173502762540415,0.9096704151149417,0.4800000000000001
119.49946451187134,ifo002,0.01283165319738767,0.6247019162595401,0.4800000000000001
119.5345332622528,ifo002,0.06469363934586746,0.6423164447045713,0.4800000000000001
119.62124514579772,ifo001,0.1403107484440921,0.8720799733449147,0.4800000000000001
119.642112493515,ifo001,0.001334424532235318,0.6859274978373553,0.4800000000000001
119.66536664962769,ifo001,0.004719287383368442,0.7770826167075707,0.4800000000000001
119.79785418510436,ifo001,0.07272796833595385,0.7636729017466541,0.4800000000000001
119.8118999004364,ifo001,9.72977309689035e-05,0.8506073258653507,0.4800000000000001
119.85499739646912,ifo002,0.0031021726892983582,0.8666167538207172,0.4800000000000001
119.93933272361755,ifo002,0.044999611654198204,0.782403798423859,0.4800000000000001
119.97482705116272,ifo001,0.026781095444938945,0.9066840532995638,0.4800000000000001
120.02287793159483,ifo002,0.004236686118312339,0.7388615391596483,0.4800000000000001
120.0591640472412,ifo001,0.006165739211579061,0.7074462943050327,0.4800000000000001
120.09535574913023,ifo002,0.053073934216838134,1.0690526183335483,0.4800000000000001
120.11454248428343,ifo002,0.038022954928930784,1.0205922471793192,0.4800000000000001
120.13633751869202,ifo001,0.01479469666666139,0.9601503360153927,0.4800000000000001
120.14462065696716,ifo002,0.0032508182340670526,0.8437386373074489,0.4800000000000001
120.1790828704834,ifo002,0.012416194292313842,0.6203331363338822,0.4800000000000001
120.22404050827026,ifo002,0.04636578121574429,0.6237325549399164,0.4800000000000001
120.32505178451538,ifo001,0.0002991744760526868,0.8375018293210255,0.4800000000000001
120.32732582092284,ifo001,0.06855740163859453,1.0478869448908434,0.4800000000000001
120.34303021430968,ifo001,0.001729787908457799,0.8626325134242775,0.4800000000000001
120.48002290725708,ifo001,0.0018797030402511329,0.7280278493155379,0.4800000000000001
120.4813060760498,ifo001,0.007934520026579187,0.8207996839238512,0.4800000000000001
120.54293489456175,ifo002,0.0372534201188932,1.4300390364132345,0.4800000000000001
120.6237726211548,ifo002,0.0002621523485971394,0.812954333034926,0.4800000000000001
120.65522718429564,ifo001,0.0009172292632141845,0.7351000982267372,0.4800000000000001
120.71861219406128,ifo002,0.0008362009633730739,0.9269668162952934,0.4800000000000001
120.74267315864564,ifo001,0.014405608497794955,0.7207970611431941,0.4800000000000001
120.77782130241394,ifo002,0.00013066597065461533,0.7098204751169375,0.4800000000000001
120.79867005348206,ifo002,0.02307860801436445,0.7037654007977296,0.4800000000000001
120.80477094650269,ifo002,0.0017223564254009872,0.6263678329946168,0.4800000000000001
120.82105422019958,ifo001,0.0025827370632612472,0.9153251478107025,0.4800000000000001
120.8547465801239,ifo002,0.0060258052267745405,0.635753877926,0.4800000000000001
120.90194010734558,ifo002,2.0976233956862117e-05,0.6428376522279755,0.4800000000000001
121.00704002380373,ifo001,0.0007416605576447987,0.845729749050325,0.4800000000000001
121.01067566871644,ifo001,0.003025421494536554,0.7877571020737613,0.4800000000000001
121.03557991981506,ifo001,0.013401059749957886,0.7148334627742149,0.4800000000000001
121.16775155067444,ifo001,0.019110753361519583,0.7438006454768283,0.4800000000000001
121.17976117134094,ifo001,0.0026284710019682457,0.7255969735122344,0.4800000000000001
121.23334288597108,ifo002,0.15948766228506644,1.1159453711982419,0.4800000000000001
121.31639051437378,ifo002,0.007290411049535121,0.9725343533243562,0.4800000000000001
121.34041285514832,ifo001,0.0003096338666178641,0.7658943490067417,0.4800000000000001
121.39287424087524,ifo002,0.014769062386853746,0.7882588845675925,0.4800000000000001
121.40656328201294,ifo001,0.002724095163968078,0.712540156508889,0.4800000000000001
121.43743705749512,ifo002,0.0491937333457346,0.8772295432131199,0.4800000000000001
121.46043467521667,ifo002,0.010201826966522987,0.6401601251146767,0.4800000000000001
121.46774578094482,ifo002,0.004916604007962812,0.6034470619901606,0.4800000000000001
121.48362278938292,ifo001,0.02006621801460644,0.9074493915530646,0.4800000000000001
121.53156685829164,ifo002,0.000909116152514185,0.7515759468384886,0.4800000000000001
121.5625867843628,ifo002,0.003993809786163354,0.8423997245916912,0.4800000000000001
121.66305947303772,ifo001,0.001090056091738955,1.08579603755433,0.4800000000000001
121.66576552391052,ifo001,0.000355738057407075,0.7049917830376426,0.4800000000000001
121.696524143219,ifo001,0.004567093076336792,0.7522959265799688,0.4800000000000001
121.8363790512085,ifo001,0.00013371310032096953,0.8854536697197534,0.4800000000000001
121.85176825523376,ifo001,0.012802273601968934,0.6579827795786661,0.4800000000000001
121.90977263450624,ifo002,0.0079027375627215,0.9040202889747735,0.4800000000000001
122.00613021850586,ifo002,0.0062446582681996415,1.0473482157835345,0.4800000000000001
122.0416979789734,ifo001,0.0011111720605064515,0.7606000156872805,0.4800000000000001
122.08355665206908,ifo002,0.04049203110368488,0.7539775182684145,0.4800000000000001
122.11441206932068,ifo001,0.013652165842564234,0.7141242671459065,0.4800000000000001
122.15331435203552,ifo002,2.791390529210774e-05,0.94176739451227,0.4800000000000001
122.16784906387328,ifo002,0.0009520354135451796,0.7628291377065894,0.4800000000000001
122.18196296691896,ifo002,0.011301949959688626,0.6588962057033882,0.4800000000000001
122.2021460533142,ifo001,0.0007465286298000455,1.0378767806904219,0.4800000000000001
122.23427987098694,ifo002,0.006206211789697066,0.6311522125990117,0.4800000000000001
122.2663459777832,ifo002,0.0036550526951083305,0.7188151413685668,0.4800000000000001
122.35202479362488,ifo001,0.18725756843360303,1.4797160892803345,0.4800000000000001
122.35695004463196,ifo001,0.012324126008405609,0.8147888525127771,0.4800000000000001
122.367919921875,ifo001,0.0038783047362889052,0.634040993186168,0.4800000000000001
122.49257493019104,ifo001,0.007508558004369324,0.9298443440336759,0.4800000000000001
122.49584364891052,ifo001,0.002190172965071246,0.6225975006063975,0.4800000000000001
122.55399584770204,ifo002,1.4831513481168075e-06,0.9392446897473801,0.4800000000000001
122.63847064971924,ifo002,0.0027797108624147025,0.7797628936947217,0.4800000000000001
122.67530751228333,ifo001,0.010382068332668722,0.7238572300512587,0.4800000000000001
122.72710347175598,ifo002,0.004871796853789797,0.8256915486126067,0.4800000000000001
122.763991355896,ifo001,0.024786560264162462,0.7188656465303473,0.4800000000000001
122.79849171638487,ifo002,0.00023949831625832372,0.856425584624648,0.4800000000000001
122.82149004936218,ifo002,0.0037867819733381942,0.9275542174474121,0.4800000000000001
122.8260235786438,ifo002,0.004576535719620858,0.6886233668525601,0.4800000000000001
122.8571424484253,ifo001,0.01972331165489955,0.9149210817178242,0.4800000000000001
122.88178825378418,ifo002,0.00351253617609795,0.6278209177379647,0.4800000000000001
122.92458295822144,ifo002,0.008009152797971387,0.7412066187771968,0.4800000000000001
123.04990768432616,ifo001,0.009488135069980967,1.2887714478073127,0.4800000000000001
123.05469059944151,ifo001,0.0024905727537126205,0.7084910530118577,0.4800000000000001
123.07406306266785,ifo001,0.0009372524308443689,0.8561970273903428,0.4800000000000001
123.21545195579527,ifo001,0.027116113071236854,0.8028537948530385,0.4800000000000001
123.22678542137146,ifo001,0.007801160748897161,0.642899188690169,0.4800000000000001
123.27511596679688,ifo002,0.0020896871055165397,0.9798649152939265,0.4800000000000001
123.36889266967772,ifo002,0.01076552786313304,0.8191515062501455,0.4800000000000001
123.3919517993927,ifo001,0.022491949087698748,0.7364521916070141,0.4800000000000001
123.43804693222046,ifo002,0.013058748686463739,0.8148925205772335,0.4800000000000001
123.44965839385986,ifo001,3.577236721539375e-05,0.687450144939733,0.4800000000000001
123.48661494255066,ifo002,0.07394931910230328,0.8813970992864311,0.4800000000000001
123.50619387626648,ifo002,0.010709864312359697,0.6883375163397956,0.4800000000000001
123.5136559009552,ifo002,0.0007767783633616785,0.6149940285311173,0.4800000000000001
123.52384400367735,ifo002,0.0018948097068615386,0.5875818286221817,0.4800000000000001
123.55033707618712,ifo001,0.012796805673816353,0.8082569809444815,0.4800000000000001
123.57977604866028,ifo002,0.008374698768588148,0.717504034715962,0.4800000000000001
123.61304926872252,ifo002,3.871292215862806e-05,0.8073450283808523,0.4800000000000001
123.70093297958374,ifo001,0.1253920101841748,0.8248635296829214,0.4800000000000001
123.70921754837036,ifo001,0.14472176958911537,0.8961052254911959,0.4800000000000001
123.72891855239868,ifo001,0.0022456267442383937,1.0288620319946347,0.4800000000000001
123.86416816711426,ifo001,0.05247789374930144,0.7061140139093371,0.4800000000000001
123.88589215278624,ifo001,0.06839196389395596,0.7890857697088471,0.4800000000000001
123.95459008216858,ifo002,0.0244370357800336,0.8871025514686948,0.4800000000000001
124.05168533325195,ifo002,0.019974031324995978,0.8240743463958526,0.4800000000000001
124.08578276634216,ifo001,0.08399006549505753,0.8998795744114829,0.4800000000000001
124.15730333328248,ifo002,0.03407574911137646,0.8045358331536808,0.4800000000000001
124.16950821876526,ifo001,0.03106729773923632,0.7507516802245714,0.4800000000000001
124.1946747303009,ifo002,0.00016758677263348137,1.1020035637856669,0.4800000000000001
124.20885014533997,ifo002,0.0888948575606494,0.7565951385875986,0.4800000000000001
124.22497987747192,ifo002,0.017651644304394514,0.7595313890841144,0.4800000000000001
124.237233877182,ifo002,0.007809954482771427,0.6990316481971602,0.4800000000000001
124.25622653961182,ifo001,0.032951430152363556,0.8692358549203176,0.4800000000000001
124.2972502708435,ifo002,0.0011118369886892333,0.5938824376946732,0.4800000000000001
124.33065128326416,ifo002,0.0010249000187690222,0.6103692457601828,0.4800000000000001
124.4268307685852,ifo001,0.0027780150605746143,0.8312326302392459,0.4800000000000001
124.43984818458556,ifo001,0.034530967604416415,0.7686114924365968,0.4800000000000001
124.45762944221497,ifo001,0.001971993735235716,0.6457425460418231,0.4800000000000001
124.70507073402403,ifo001,0.05691231196761535,0.839151355773156,0.4800000000000001
124.7240731716156,ifo001,0.0599777481753553,0.7489489437874761,0.4800000000000001
124.7966480255127,ifo002,0.006741409691713025,1.9018061662890724,0.4800000000000001
124.89958620071413,ifo002,0.12048711135113852,0.8935674965443319,0.4800000000000001
124.93484306335448,ifo001,0.015413702340709153,1.4596301704248704,0.4800000000000001
124.99113774299622,ifo002,0.07106183496405571,1.2439726239435536,0.4800000000000001
125.01735401153564,ifo001,0.2050179931571403,1.251407074469716,0.4800000000000001
125.05912280082704,ifo002,0.06524630006326519,0.7189383464864336,0.4800000000000001
125.086767911911,ifo002,0.00010225801832509976,0.7045340569986884,0.4800000000000001
125.09910702705383,ifo002,0.001598717519845581,0.6383447859738102,0.4800000000000001
125.1274163722992,ifo001,0.030644050377101793,0.9619118897414822,0.4800000000000001
125.1733582019806,ifo002,0.19670269104301857,0.7846534561271423,0.4800000000000001
125.19485259056091,ifo002,0.0266239025926324,0.7342827287726628,0.4800000000000001
125.31255960464478,ifo001,2.524897319166153e-06,1.01240380872435,0.4800000000000001
125.32184314727785,ifo001,0.04682586138877995,0.7164289279743699,0.4800000000000001
125.3455982208252,ifo001,0.09754561868922854,0.6733571222749146,0.4800000000000001
125.584246635437,ifo001,9.144838455012996e-05,0.820668277258839,0.4800000000000001
125.59332656860352,ifo001,0.006513601532260893,0.8304603851870834,0.4800000000000001
125.66897344589232,ifo002,0.012675353451048038,1.2629162234640037,0.4800000000000001
125.7647578716278,ifo002,0.004102429212020717,1.3864194088537174,0.4800000000000001
125.78971672058104,ifo001,0.501690786393247,1.0540894333894182,0.4800000000000001
125.8357458114624,ifo002,0.018922273051139138,0.8697481471665702,0.4800000000000001
125.85517692565918,ifo001,0.31148107775584843,0.8427527402980028,0.4800000000000001
125.8827302455902,ifo002,0.01801293931403239,0.7914490038196228,0.4800000000000001
125.89964747428894,ifo002,0.03511829385408299,0.6424733284851063,0.4800000000000001
125.91039729118349,ifo002,0.04198922822001088,0.6069305486703422,0.4800000000000001
125.92687845230104,ifo001,0.006372820827620088,0.8492977853611172,0.4800000000000001
125.98422050476074,ifo002,0.02455487034135446,0.7164144229577483,0.4800000000000001
126.0121853351593,ifo002,0.004298990239044355,0.5994553367180311,0.4800000000000001
126.10855770111084,ifo001,0.09130383313404124,1.0756026908065528,0.4800000000000001
126.10943627357484,ifo001,0.24264677791416586,0.7021443189500423,0.4800000000000001
126.130606174469,ifo001,0.09579898119092807,0.7049039736478787,0.4800000000000001
126.3133294582367,ifo001,0.007411152490938832,0.7258972698621166,0.4800000000000001
126.33683967590332,ifo001,0.0014891028366954228,0.7592883373405421,0.4800000000000001
126.4051525592804,ifo002,6.987441286969609e-05,1.462377796874263,0.4800000000000001
126.49154686927795,ifo002,0.012213585541787048,0.989504519539302,0.4800000000000001
126.51921606063844,ifo001,0.13390650382503902,1.0875236379412583,0.4800000000000001
126.5792989730835,ifo002,0.014064173582799076,0.8192407826869074,0.4800000000000001
126.59678339958192,ifo001,0.056542115410901976,0.749263383512622,0.4800000000000001
126.6306631565094,ifo002,0.018241229424048464,0.8378434314100018,0.4800000000000001
126.64888501167296,ifo002,0.004949240488063517,0.6419258859625123,0.4800000000000001
126.67282724380492,ifo001,0.0008384696562760281,1.012365396878557,0.4800000000000001
126.70188665390016,ifo002,0.0015319978386820264,0.75430413669035,0.4800000000000001
126.7332239151001,ifo002,0.019643118738694176,0.6541638198549022,0.4800000000000001
126.81324410438538,ifo001,0.444546936826101,0.7614076828963445,0.4800000000000001
126.82602500915527,ifo001,0.00572665817108933,0.9001407685390772,0.4800000000000001
126.84194421768188,ifo001,0.005752285891990375,0.6590854151410029,0.4800000000000001
127.02100324630736,ifo001,0.01965104870166107,0.7222846459230021,0.4800000000000001
127.03376626968384,ifo001,0.07258333733113141,0.7854221583100254,0.4800000000000001
127.10699105262756,ifo002,0.11598734755161087,1.1997004009675898,0.4800000000000001
127.20411586761476,ifo002,0.016925332470413636,1.2218196170768583,0.4800000000000001
127.234450340271,ifo001,0.02740066121498672,1.169287280811337,0.4800000000000001
127.30426931381226,ifo002,0.19145082142596515,0.8146685030353419,0.4800000000000001
127.33680558204652,ifo001,3.797542793833208e-05,0.7696331957254903,0.4800000000000001
127.38906455039978,ifo002,0.09957466941585882,0.9087917032569035,0.4800000000000001
127.40237164497375,ifo002,0.05708001710754015,0.9019319587307493,0.4800000000000001
127.41737985610962,ifo002,0.02735336542384497,0.6403739985539928,0.4800000000000001
127.43014693260191,ifo001,0.020114450879303986,1.1070192930835001,0.4800000000000001
127.4684488773346,ifo002,0.03203338723198548,0.7083649824949061,0.4800000000000001
127.50029826164246,ifo002,0.004155597033940758,0.6748450267212086,0.4800000000000001
127.57629346847534,ifo001,0.008294988909683592,0.8024789709499169,0.4800000000000001
127.61137318611144,ifo001,0.010021794145526371,0.8046979731001441,0.4800000000000001
127.73078966140748,ifo001,0.01616509195301227,0.7214512807414301,0.4800000000000001
127.7437105178833,ifo001,0.024484165796143022,0.7500849782190209,0.4800000000000001
127.79392147064208,ifo002,0.02415876610841404,0.9124168682840401,0.4800000000000001
127.88421654701231,ifo002,0.10705130547256515,0.8613071285530435,0.4800000000000001
127.91182899475098,ifo001,0.02024019771117644,0.8656299684780602,0.4800000000000001
127.97159695625304,ifo002,0.013652379635930634,0.917530315680483,0.4800000000000001
127.99501085281372,ifo001,0.01938329630151946,0.7177984710769212,0.4800000000000001
128.0477113723755,ifo002,0.0068593164603867815,0.9229016613476602,0.4800000000000001
128.06738686561584,ifo002,0.00010562047244176803,0.7721713253497022,0.4800000000000001
128.0740396976471,ifo002,0.00028732295741338616,0.6677671878546971,0.4800000000000001
128.09559178352356,ifo001,0.1332378325661947,1.0618520270797247,0.4800000000000001
128.13890647888184,ifo002,0.004631005975774356,0.6434982989381522,0.4800000000000001
128.15971684455872,ifo002,0.004289398586265941,0.6591989403945385,0.4800000000000001
128.24761056900024,ifo001,0.01094624468456213,0.9035290917372041,0.4800000000000001
128.25719785690308,ifo001,1.2048339109547189e-06,0.7326966487617339,0.4800000000000001
128.2788062095642,ifo001,0.08682929671997484,0.6600626071520075,0.4800000000000001
128.40297031402588,ifo001,0.4904425378745078,0.7506582544415406,0.4800000000000001
128.42215752601624,ifo001,0.11775088599632398,0.6496560569259788,0.4800000000000001
128.48772501945496,ifo002,0.02175053725508266,0.9358405085020167,0.4800000000000001
128.5681436061859,ifo002,0.007976969546227853,0.7805765291262818,0.4800000000000001
128.59992790222168,ifo001,0.0892388797254144,1.1626729144794554,0.4800000000000001
128.66684746742249,ifo002,0.04441803227147428,0.8363117434015268,0.4800000000000001
128.68509340286255,ifo001,0.08919698450381151,0.7270120577594115,0.4800000000000001
128.7203676700592,ifo002,0.033947669955169874,0.7276663390203306,0.4800000000000001
128.73512053489685,ifo002,0.00032860097515977077,0.8157157963750125,0.4800000000000001
128.74992394447327,ifo002,0.002665792285410411,0.676989941677103,0.4800000000000001
128.76223731040955,ifo001,0.12266557224883161,1.0591559219075983,0.4800000000000001
128.80175685882568,ifo002,0.012178509004729816,0.6261401363009886,0.4800000000000001
128.8351640701294,ifo002,0.005336395239789223,0.7726011836202495,0.4800000000000001
128.9123339653015,ifo001,0.19778244539319523,0.8303614861743973,0.4800000000000001
128.9237916469574,ifo001,0.1441098671120855,0.6704380688998546,0.4800000000000001
128.9440460205078,ifo001,0.020594311561096923,0.6340173651341549,0.4800000000000001
129.09868597984314,ifo001,0.027793523400923344,0.776723155731894,0.4800000000000001
129.1765115261078,ifo001,0.02195607737741427,0.7832089488440495,0.4800000000000001
129.24179863929749,ifo002,0.03120465261019537,1.0661471496958441,0.4800000000000001
129.3271028995514,ifo002,3.4785573479809525e-05,0.8826856644042784,0.4800000000000001
129.35424900054932,ifo001,0.07729589330810177,1.1678406495061828,0.4800000000000001
129.4154188632965,ifo002,8.305335606378687e-05,0.7918970109963228,0.4800000000000001
129.463684797287,ifo001,0.015646057468398616,0.7810606595808016,0.4800000000000001
129.47793292999268,ifo001,0.0059656074817843584,0.6745155055800744,0.4800000000000001
129.49959444999695,ifo002,0.0002192526502025452,1.0716568004561857,0.4800000000000001
129.5238287448883,ifo002,0.00019278981646444717,0.7956720982711676,0.4800000000000001
129.53458905220032,ifo002,0.0004778763858505403,0.6834436133822781,0.4800000000000001
129.55068707466123,ifo001,0.01066692627488905,1.1079597045370952,0.4800000000000001
129.58156204223633,ifo002,0.010450249648174327,0.6807534903567147,0.4800000000000001
129.61061263084412,ifo002,8.575708932626652e-06,0.9155226090796655,0.4800000000000001
129.7109818458557,ifo001,0.7658877976204568,0.7508328635887128,0.4800000000000001
129.72477078437805,ifo001,0.003753227159629125,0.7184103014026593,0.4800000000000001
129.7449963092804,ifo001,0.03491060893493491,0.6305466659271306,0.4800000000000001
129.8815851211548,ifo001,0.17877793216109014,0.7517429146091307,0.4800000000000001
129.89089393615723,ifo001,0.030459220810907073,0.6270021872002776,0.4800000000000001
129.96048140525818,ifo002,0.020993213241518788,0.9317158464476867,0.4800000000000001
130.04375314712524,ifo002,0.0025407466637689716,0.8478792624820931,0.4800000000000001
130.07888460159302,ifo001,0.1523853766923442,1.324058015377891,0.4800000000000001
130.1455943584442,ifo002,0.053091907341855496,0.7599098752651126,0.4800000000000001
130.16468977928162,ifo001,0.059384814492025165,0.7535780546058272,0.4800000000000001
130.20742106437683,ifo002,8.287757434855794e-05,1.442507076351242,0.4800000000000001
130.22556924819946,ifo002,0.002915989357335693,0.7752886527634222,0.4800000000000001
130.23567938804626,ifo002,0.002140981818025273,0.6564500853034707,0.4800000000000001
130.26329016685486,ifo001,0.005775497586934301,1.1108527287098617,0.4800000000000001
130.30776286125183,ifo002,0.005392245114252143,0.6754323971152537,0.4800000000000001
130.33433985710144,ifo002,0.007220847719888236,0.8905548389992428,0.4800000000000001
130.42345666885376,ifo001,0.08922140448241443,0.8026288209528885,0.4800000000000001
130.43246746063232,ifo001,0.00022550190574811482,0.7844285564851736,0.4800000000000001
130.44500374794006,ifo001,0.0012915624008156092,0.6614757487326532,0.4800000000000001
130.60004329681396,ifo001,0.35761155532583927,0.7309602993107762,0.4800000000000001
130.6160168647766,ifo001,0.02982459397693674,0.6447671924031841,0.4800000000000001
130.6680703163147,ifo002,0.008725800726844726,0.9341324956880521,0.4800000000000001
130.74977588653564,ifo002,0.04617557363220059,0.7957734916157198,0.4800000000000001
130.7806272506714,ifo001,0.137253706132248,1.1964549625727736,0.4800000000000001
130.84057712554932,ifo002,7.668145729244831e-05,0.7538642339152284,0.4800000000000001
130.87092924118042,ifo001,0.011204040092056347,0.7251057781580584,0.4800000000000001
130.901353597641,ifo002,0.00015502689645804986,1.0281043251941835,0.4800000000000001
130.9162518978119,ifo002,0.0004279488115769576,0.857654873555719,0.4800000000000001
130.93835353851318,ifo002,0.002625285215912316,0.7141100132667283,0.4800000000000001
130.96884107589722,ifo001,0.02450139960688031,1.041371754489143,0.4800000000000001
131.01289057731628,ifo002,0.007155235942743153,0.6255312386331997,0.4800000000000001
131.05237483978271,ifo002,0.0008253741133229804,0.6840476480179991,0.4800000000000001
131.16456699371338,ifo001,0.08915420284610966,0.8805524008961174,0.4800000000000001
131.17015314102173,ifo001,0.046926871320570426,0.717025786296296,0.4800000000000001
131.1981544494629,ifo001,0.015943156736754484,0.7039529791050914,0.4800000000000001
131.3155701160431,ifo001,0.008690925276435434,0.7033817048820267,0.4800000000000001
131.35717606544495,ifo001,0.0817516174380087,0.7477460912639573,0.4800000000000001
131.53165006637573,ifo002,0.0007163102837689039,1.7096452768788897,0.4800000000000001
131.64118027687073,ifo002,0.012535602459699561,1.0239710594517573,0.4800000000000001
131.66473865509033,ifo001,0.00024784596463517253,0.9345195584561394,0.4800000000000001
131.73165774345398,ifo002,0.0035812801054536775,0.8122707700168551,0.4800000000000001
131.7529308795929,ifo001,4.840074553864187e-06,0.8098943712412205,0.4800000000000001
131.77998065948486,ifo002,0.0027428147495933736,1.1096775047176513,0.4800000000000001
131.81091284751892,ifo002,0.0011318244217911344,0.7106352139539409,0.4800000000000001
131.8153555393219,ifo002,0.008791908850468948,0.6428274291858525,0.4800000000000001
131.83932614326477,ifo001,0.08938027071369663,1.1069891144028792,0.4800000000000001
131.87342715263367,ifo002,0.022214241923605126,0.6901925550724923,0.4800000000000001
131.93807411193848,ifo002,0.00999074626539299,0.8524007336177564,0.4800000000000001
132.04053258895874,ifo001,0.007019400246288978,1.23428521562369,0.4800000000000001
132.0495731830597,ifo001,0.00014772493696281816,0.700770227891047,0.4800000000000001
132.06878566741943,ifo001,0.07348963475765631,0.65630323422865,0.4800000000000001
132.22034645080566,ifo001,0.019622168857647365,0.7306623504946502,0.4800000000000001
132.2325041294098,ifo001,0.02882725535244706,0.7943532475397399,0.4800000000000001
132.29068112373352,ifo002,0.023322056078324837,1.070230353397731,0.4800000000000001
132.38735222816467,ifo002,0.02510135648980837,0.8496768141206923,0.4800000000000001
132.414048910141,ifo001,0.027786272688288163,0.7671215946903959,0.4800000000000001
132.47771954536438,ifo002,0.00247316987000975,0.8249505905140266,0.4800000000000001
132.48835015296936,ifo001,0.004535500541593004,0.7635380717639108,0.4800000000000001
132.5230700969696,ifo002,0.010749295845434983,0.9148210992805088,0.4800000000000001
132.56474804878235,ifo002,0.017994981377975977,0.8428805983122151,0.4800000000000001
132.5682737827301,ifo002,3.3361586789750503e-06,0.646307735930846,0.4800000000000001
132.5979061126709,ifo001,0.05148252570505196,0.9018974355283429,0.4800000000000001
132.61062836647034,ifo001,0.03135082055848891,0.6603645063685637,0.4800000000000001
132.64539885520935,ifo002,0.01843565106855323,0.7373387686344905,0.4800000000000001
132.67253184318542,ifo002,0.013929182443738657,0.8656300281697193,0.4800000000000001
132.78543543815613,ifo001,0.0037832331906468117,0.7644907582345268,0.4800000000000001
132.78545546531677,ifo001,0.00022577127679660117,0.8615087362382223,0.4800000000000001
132.80534291267395,ifo001,0.01408745727069604,0.6418245108868711,0.4800000000000001
132.93424487113953,ifo001,0.17945895533111467,0.8016012768315296,0.4800000000000001
132.9493646621704,ifo001,0.01011304220404351,0.6654393161969305,0.4800000000000001
133.01387667655945,ifo002,0.0048799040195974365,1.0026373437268938,0.4800000000000001
133.1013219356537,ifo002,0.0027327822010614444,0.9137126121912695,0.4800000000000001
133.13894128799438,ifo001,0.015629016306740854,1.9118126972842227,0.4800000000000001
133.18974781036377,ifo002,0.0002890820043913392,0.7540621256174029,0.4800000000000001
133.21193885803223,ifo001,0.003563441380379848,0.7659120727647458,0.4800000000000001
133.24302911758423,ifo002,0.04692293288620615,0.9722369893406535,0.4800000000000001
133.26605701446533,ifo002,2.202643224781212e-05,0.875027701907032,0.4800000000000001
133.2756986618042,ifo002,0.003277374282873854,0.7040460592835546,0.4800000000000001
133.29317450523376,ifo001,0.0002903897309634402,0.8666616680033331,0.4800000000000001
133.3236026763916,ifo002,0.0018116879774636564,0.6171633305958155,0.4800000000000001
133.34773087501526,ifo002,0.022020636321161715,0.6356526045847699,0.4800000000000001
133.4595284461975,ifo001,0.0660851737454418,0.7916727187910907,0.4800000000000001
133.4640097618103,ifo001,0.00031298233170795755,0.7906307741926919,0.4800000000000001
133.4841058254242,ifo001,0.037984481204164755,0.6792165861186088,0.4800000000000001
133.62385845184326,ifo001,0.036836448699232825,0.7240749306859138,0.4800000000000001
133.64664006233215,ifo001,0.004221455645272431,0.7396164790529902,0.4800000000000001
133.68625116348267,ifo002,0.019707085617865657,1.2415942262470425,0.4800000000000001
133.75960493087769,ifo002,0.01295629939286498,0.8085873081029638,0.4800000000000001
133.78059887886047,ifo001,0.0011554599925026276,1.0528362362198465,0.4800000000000001
133.8515100479126,ifo002,0.008046254845865946,0.8177380639842576,0.4800000000000001
133.87865614891052,ifo001,0.003621547397238187,0.876077669477506,0.4800000000000001
133.91558289527893,ifo002,0.01548766344685748,0.8385699488965743,0.4800000000000001
133.93833994865415,ifo002,0.012302615616262058,0.7179548975458602,0.4800000000000001
133.94711565971377,ifo002,0.0005601216960984458,0.6299241327013414,0.4800000000000001
133.9690763950348,ifo001,0.012643042739939762,0.8039386151530206,0.4800000000000001
134.0120930671692,ifo002,0.013269244557757933,0.7087708347987852,0.4800000000000001
134.0466270446777,ifo002,0.000771836697400311,0.8597992415541442,0.4800000000000001
134.12762665748596,ifo001,0.04322453955666954,0.8115191502358945,0.4800000000000001
134.1346287727356,ifo001,9.577710072317014e-05,0.724928231936163,0.4800000000000001
134.15295720100403,ifo001,0.0022506247829558656,0.6331768141164565,0.4800000000000001
134.30270862579346,ifo001,0.018864074121733153,0.7773814456798877,0.4800000000000001
134.3215992450714,ifo001,0.02352799943635475,0.6978942275251974,0.4800000000000001
134.37299823760986,ifo002,0.06618216122132581,0.9354652754780306,0.4800000000000001
134.45062685012817,ifo002,0.00419805385339276,0.9037432715064877,0.4800000000000001
134.48598265647888,ifo001,0.08398049482803908,1.061167538084844,0.4800000000000001
134.52978444099426,ifo002,0.010288921878968672,0.7390742872717918,0.4800000000000001
134.55130124092102,ifo001,0.04838114839092631,0.6925846317179974,0.4800000000000001
134.5944278240204,ifo002,0.01293699558209416,1.0578623495136683,0.4800000000000001
134.60583639144895,ifo002,0.00011841048315037795,0.7459769036720594,0.4800000000000001
134.61590600013733,ifo002,0.009504890461612625,0.657343798254504,0.4800000000000001
134.63391304016113,ifo001,0.06730034793319657,0.9415857129805008,0.4800000000000001
134.6677098274231,ifo002,0.0007984064285676102,0.6400638170948794,0.4800000000000001
134.69540524482727,ifo002,0.0010364365979410948,0.7349951090097813,0.4800000000000001
134.89016819000244,ifo001,0.016637012785812175,0.9492347474764152,0.4800000000000001
134.90132474899292,ifo001,0.0005386354563666381,0.8660329830787632,0.4800000000000001
134.9221272468567,ifo001,0.0021315181729016242,0.6563280720604581,0.4800000000000001
135.09014058113098,ifo001,0.009812221376959099,0.8258919644351626,0.4800000000000001
135.11192345619202,ifo001,0.002045286374323289,0.7596928844021251,0.4800000000000001
135.16297602653503,ifo002,0.007863657988864596,1.2597544816616069,0.4800000000000001
135.24486374855042,ifo002,0.011437466072674752,1.1128178117518863,0.4800000000000001
135.27939772605896,ifo001,0.005958675911012857,1.2193854006434073,0.4800000000000001
135.35659337043762,ifo002,0.01728919336325383,0.8893085338752247,0.4800000000000001
135.3853964805603,ifo001,4.0946309095845975e-06,0.8538753896320725,0.4800000000000001
135.4404480457306,ifo002,0.0759644811926908,1.7094474522112093,0.4800000000000001
135.4645478725433,ifo002,0.04104225139319122,0.8896912481910338,0.4800000000000001
135.46868324279785,ifo002,0.010980902077822537,0.7345911648999245,0.4800000000000001
135.48997735977173,ifo001,5.098224183417856e-05,0.8079439497142875,0.4800000000000001
135.53191685676575,ifo002,0.05208389474931513,0.6309030441433368,0.4800000000000001
135.56598711013794,ifo002,0.10129531725511655,0.6547102531765022,0.4800000000000001
135.65132665634155,ifo001,0.1091616748440729,0.8029891541731728,0.4800000000000001
135.65714740753174,ifo001,0.032956748620577424,0.8975856044005877,0.4800000000000001
135.67305731773376,ifo001,0.09896011845657955,0.687529583869915,0.4800000000000001
135.7994384765625,ifo001,0.01496887468582889,0.6886942132808553,0.4800000000000001
135.80353689193726,ifo001,0.07514854953330137,0.7299077323305592,0.4800000000000001
135.86054039001465,ifo002,0.004781220350053982,1.135429314188933,0.4800000000000001
135.9638125896454,ifo002,0.025372509466193977,0.8153941405858679,0.4800000000000001
135.98640394210815,ifo001,0.11577543170978993,0.7644728785511119,0.4800000000000001
136.05055594444275,ifo002,0.001026430953669092,0.7990669029222143,0.4800000000000001
136.07347989082336,ifo001,0.024043746937044454,0.7196817444929546,0.4800000000000001
136.11139488220215,ifo002,0.024776638345629244,0.8127986790606336,0.4800000000000001
136.1248414516449,ifo002,0.007044540924173706,0.8098208379723842,0.4800000000000001
136.14107370376587,ifo002,0.0016830456341791833,0.7023425881516164,0.4800000000000001
136.15199065208435,ifo001,0.06484284899649952,1.0128351351459677,0.4800000000000001
136.1944260597229,ifo002,1.3216915452754925e-06,0.6175365889653487,0.4800000000000001
136.2246527671814,ifo002,0.005164001011926492,0.6518812199240139,0.4800000000000001
136.32967925071716,ifo001,0.0010533392770034561,0.8525383498997936,0.4800000000000001
136.3327877521515,ifo001,0.0245384197520636,0.7620704694206348,0.4800000000000001
136.353040933609,ifo001,0.04283604321691721,0.6437798903206012,0.4800000000000001
136.46298956871033,ifo001,0.006949398464306631,0.7029716655896648,0.4800000000000001
136.47563695907593,ifo001,0.002699804298274399,0.6679458604744541,0.4800000000000001
136.52509570121765,ifo002,0.011409554443696844,0.9649323052342673,0.4800000000000001
136.6148977279663,ifo002,0.024933959454675216,0.7921628394728111,0.4800000000000001
136.641175031662,ifo001,0.03905828549057406,1.129123627381897,0.4800000000000001
136.7075264453888,ifo002,0.0666635804947687,0.8237183206859706,0.4800000000000001
136.73081827163696,ifo001,4.218220758327603e-07,0.7337690791631057,0.4800000000000001
136.76608991622925,ifo002,0.005167252180675342,0.7381525049669458,0.4800000000000001
136.78661465644836,ifo002,0.0012267914139485238,0.7499434264813503,0.4800000000000001
136.78680849075317,ifo002,0.004562654668842775,0.6617680891906554,0.4800000000000001
136.82080221176147,ifo001,0.000607365144257486,0.8874457264070732,0.4800000000000001
136.84814929962158,ifo002,0.0001607850612769801,0.6269872458564705,0.4800000000000001
136.89062476158142,ifo002,0.0005406265800074064,0.6487891492471635,0.4800000000000001
137.00262713432312,ifo001,0.09389719534504658,0.8591197280335182,0.4800000000000001
137.01508951187134,ifo001,0.010931387624488306,1.0513321119638634,0.4800000000000001
137.03934693336487,ifo001,0.03647171700391451,0.8003687042723557,0.4800000000000001
137.16623377799988,ifo001,0.2788127071617531,0.6841522196703996,0.4800000000000001
137.17564725875854,ifo001,0.022527203828448597,0.6982760466587186,0.4800000000000001
137.24442744255066,ifo002,0.003992189918406473,1.2010889161354579,0.4800000000000001
137.32652878761292,ifo002,0.0024353474334544625,0.8912787590316831,0.4800000000000001
137.3536605834961,ifo001,0.013086210225002998,0.8594072892601854,0.4800000000000001
137.42128920555115,ifo002,0.004020776608091902,1.0043701305426191,0.4800000000000001
137.45133924484253,ifo001,1.9684581480494892e-05,0.7293558298313607,0.4800000000000001
137.49536037445068,ifo002,0.01681275738108909,0.7303918782829499,0.4800000000000001
137.53274655342102,ifo002,0.009846545565359919,0.746816899472698,0.4800000000000001
137.53901195526123,ifo002,0.0014872271638083647,0.6352162182941924,0.4800000000000001
137.56214332580566,ifo001,0.0008585080319530288,0.9928176464996102,0.4800000000000001
137.59528493881226,ifo002,0.00021670067548371392,0.6837369973659063,0.4800000000000001
137.62891793251038,ifo002,7.120206966066909e-06,0.6378946092128303,0.4800000000000001
137.72761726379397,ifo001,0.2636328392380584,0.8084448766944947,0.4800000000000001
137.7447214126587,ifo001,0.06233099244817807,0.7895601069466396,0.4800000000000001
137.75590014457703,ifo001,0.06036738795173195,0.6500142177014029,0.4800000000000001
137.89615416526794,ifo001,0.03465456520803925,0.7968393184616062,0.4800000000000001
137.89854311943054,ifo001,0.039049809731631975,0.7038361279556893,0.4800000000000001
137.96435618400574,ifo002,0.08318087688908823,1.245702361260005,0.4800000000000001
138.03708052635193,ifo002,0.045552977882720606,1.090560640755693,0.4800000000000001
138.0752363204956,ifo001,0.05046502972563567,0.8746091085565193,0.4800000000000001
138.13255667686462,ifo002,2.2286298462830344e-05,1.0480883689901903,0.4800000000000001
138.15660214424133,ifo001,0.01817086102430109,1.062329754287819,0.4800000000000001
138.18792152404785,ifo002,0.08970694984986885,0.7132146180682332,0.4800000000000001
138.2083957195282,ifo002,0.014797323276498091,0.6724668171751329,0.4800000000000001
138.222327709198,ifo002,0.0312452319593787,0.6174376664674024,0.4800000000000001
138.236914396286,ifo002,0.006069397603495468,0.5903284267693067,0.4800000000000001
138.2624843120575,ifo001,0.0007277547255721789,0.7497812337926522,0.4800000000000001
138.29860472679138,ifo002,0.00044910242940276513,0.6627841920773928,0.4800000000000001
138.32267022132874,ifo002,0.04909437856840374,0.6426674547277628,0.4800000000000001
138.41876602172852,ifo001,0.0008067667663976201,0.8176214290532845,0.4800000000000001
138.42642498016355,ifo001,0.0013602658719329768,0.7892509984284835,0.4800000000000001
138.4427764415741,ifo001,0.0014781461435764262,0.7009027824272267,0.4800000000000001
138.5673930644989,ifo001,0.01904578069874208,0.7257272857392201,0.4800000000000001
138.57370972633362,ifo001,0.0020585869576528557,0.6636288389796199,0.4800000000000001
138.63955545425415,ifo002,0.1978070771017208,1.0794822157361024,0.4800000000000001
138.7570414543152,ifo002,0.008116878224174784,1.1172453562356353,0.4800000000000001
138.77344918251038,ifo001,0.014064388465562612,0.9403725570954247,0.4800000000000001
138.81978368759155,ifo002,0.019448585355932406,0.7870518519421592,0.4800000000000001
138.84180736541748,ifo001,0.008480209303209064,0.9715838674274279,0.4800000000000001
138.88214707374573,ifo002,0.04040977810666307,0.7665788572902921,0.4800000000000001
139.02791833877563,ifo002,0.013032070095544445,0.7582724732586186,0.4800000000000001
139.0384910106659,ifo002,0.015879234571130833,0.6637281313168845,0.4800000000000001
139.04957246780396,ifo002,0.00015592782315833141,0.6183749212302782,0.4800000000000001
139.0753948688507,ifo001,2.877928415289862e-05,0.9435253010959503,0.4800000000000001
139.10657811164856,ifo002,0.053550858347625664,0.8099961121844559,0.4800000000000001
139.1488537788391,ifo002,0.0069376056453535045,1.0018626323124065,0.4800000000000001
139.26630306243896,ifo001,0.027992865890006702,0.9304946326895358,0.4800000000000001
139.26738357543945,ifo001,0.06115480661875968,0.8455664551360318,0.4800000000000001
139.28440284729004,ifo001,0.02146735998872122,0.6515555599634313,0.4800000000000001
139.40849924087524,ifo001,0.043512202885214235,0.8730566252756897,0.4800000000000001
139.42135524749756,ifo001,0.05034885568398728,0.7647803577888067,0.4800000000000001
139.4680745601654,ifo002,0.00028415274378304446,0.9028051723739081,0.4800000000000001
139.55785417556763,ifo002,0.00562995986073526,1.1048442218658627,0.4800000000000001
139.588721036911,ifo001,0.028220027170707738,1.2338560508219991,0.4800000000000001
139.63951325416565,ifo002,0.021927190383994922,0.7194838971555982,0.4800000000000001
139.66415452957153,ifo001,0.0047302580543998165,0.708765899830277,0.4800000000000001
139.6933970451355,ifo002,7.429206045083622e-05,0.9613727513090522,0.4800000000000001
139.71945905685425,ifo002,0.01693306910145947,0.740168198853923,0.4800000000000001
139.7339222431183,ifo002,0.02005543798405345,0.6775477084310568,0.4800000000000001
139.74765968322754,ifo001,0.000125277390037781,0.9307122289450295,0.4800000000000001
139.78640866279602,ifo002,0.027320962146513868,0.6183763455786004,0.4800000000000001
139.83283257484436,ifo002,0.02886700696750573,0.625625410323115,0.4800000000000001
139.9272818565369,ifo001,8.80578097412087e-05,0.8030210895761096,0.4800000000000001
139.93331456184387,ifo001,0.002688952837000732,0.8500578259912783,0.4800000000000001
139.943993806839,ifo001,0.007236031394400106,0.6465070741271359,0.4800000000000001
140.10094356536865,ifo001,0.005212603824540791,0.7171073808552919,0.4800000000000001
140.13367104530334,ifo001,0.003230693610249006,0.7477519947221505,0.4800000000000001
140.1649146080017,ifo002,0.00015541927622285628,1.1229570621013196,0.4800000000000001
140.25084018707275,ifo002,0.00023449683346674926,0.825289259048392,0.4800000000000001
140.2843713760376,ifo001,0.0002634586367778553,1.2236159390454655,0.4800000000000001
140.34147381782532,ifo002,0.010132018600364221,0.8086893363327627,0.4800000000000001
140.36392903327942,ifo001,0.01240295980483454,0.904978626800121,0.4800000000000001
140.41763424873352,ifo002,0.0072046671618284566,0.8093479716810295,0.4800000000000001
140.44474053382874,ifo002,0.012652469118139829,0.816709740650648,0.4800000000000001
140.4449634552002,ifo002,0.008530340020039235,0.7206377895749507,0.4800000000000001
140.46772265434265,ifo001,0.023004193603546413,0.7453043988708363,0.4800000000000001
140.5134210586548,ifo002,0.003724108770483199,0.6280960015418615,0.4800000000000001
140.54919958114624,ifo002,0.007021019336793761,0.6141625258299713,0.4800000000000001
140.665447473526,ifo001,0.0011923599093322452,0.847802052424566,0.4800000000000001
140.6804132461548,ifo001,0.006439936493838052,0.8903082450059736,0.4800000000000001
140.69852018356323,ifo001,0.0016483482142042984,0.6461334712524267,0.4800000000000001
140.80875825881958,ifo001,0.0007369983267681132,0.6819833060190681,0.4800000000000001
140.8379430770874,ifo001,0.007004609116696784,0.7752606639046136,0.4800000000000001
140.88295555114746,ifo002,0.06853483390517547,1.137662305099973,0.4800000000000001
140.9643852710724,ifo002,0.06211788262006204,1.1264150488210722,0.4800000000000001
140.9903883934021,ifo001,0.0016835204014170246,1.0473089064071806,0.4800000000000001
141.0556423664093,ifo002,1.7608422918504367e-06,0.9512141609418341,0.4800000000000001
141.0685317516327,ifo001,0.028309179069817426,0.8968798275421901,0.4800000000000001
141.12103581428528,ifo002,0.003528898073255207,0.8013772631681708,0.4800000000000001
141.13929796218872,ifo002,0.000715553578556185,0.7127821987634193,0.4800000000000001
141.14511609077454,ifo002,0.010726915389002336,0.6350959164882776,0.4800000000000001
141.16469168663025,ifo002,0.007683575750780865,0.6122135190304936,0.4800000000000001
141.16924786567688,ifo001,0.0029807486001292172,0.737804913599712,0.4800000000000001
141.18565583229065,ifo001,0.005875750666867805,0.6617469909746979,0.4800000000000001
141.22585535049438,ifo002,0.0019006175411793978,0.6211663197203201,0.4800000000000001
141.25642085075378,ifo002,0.0018025128257686518,0.618398904304203,0.4800000000000001
141.37381052970886,ifo001,0.0004075291872692761,0.7567913764421133,0.4800000000000001
141.37907886505127,ifo001,0.02124383995352868,0.8866576552468253,0.4800000000000001
141.39680218696594,ifo001,0.0036661318402969904,0.7807889671905811,0.4800000000000001
141.41325306892395,ifo001,0.000312966046420294,0.6015687199740019,0.4800000000000001
141.53922820091248,ifo001,0.00017800007766745565,0.6566345293073778,0.4800000000000001
141.5460660457611,ifo001,0.0011535524773612599,0.6888701505901011,0.4800000000000001
141.60654759407043,ifo002,0.037824145409554616,1.0586007971547353,0.4800000000000001
141.70779585838318,ifo002,0.05512812148495555,1.330353533023886,0.4800000000000001
141.7285120487213,ifo001,0.0005493254919942583,0.9323009284831032,0.4800000000000001
141.77582931518555,ifo002,0.001963906908959155,0.7961892660419846,0.4800000000000001
141.7929985523224,ifo001,0.0009172921314775378,0.7750901126314471,0.4800000000000001
141.83580088615415,ifo002,0.012515399418053276,1.2030184605726177,0.4800000000000001
141.8494758605957,ifo002,3.632256452539634e-07,0.6637561731389405,0.4800000000000001
141.85830163955688,ifo002,0.0028187822599160966,0.6167798259209475,0.4800000000000001
141.8736231327057,ifo001,4.931935120338632e-05,0.8208114852035057,0.4800000000000001
141.90163326263428,ifo002,0.08754950773033454,0.6743216086761114,0.4800000000000001
141.93278884887695,ifo002,0.060223260392985214,0.7341060098247983,0.4800000000000001
142.01785254478455,ifo001,0.014478732281299945,0.7967760402984669,0.4800000000000001
142.0285449028015,ifo001,0.0019795168383405365,0.8927149435631196,0.4800000000000001
142.03823256492615,ifo001,0.021321102182075335,0.6527740394752717,0.4800000000000001
142.0491862297058,ifo001,0.008868002546961023,0.6026351033768015,0.4800000000000001
142.17684507369995,ifo001,0.008044428805917242,0.6432158041414052,0.4800000000000001
142.17718076705933,ifo001,0.013675400629880593,0.6601627171096534,0.4800000000000001
142.25054478645325,ifo002,0.013074911178703616,0.9698459102147938,0.4800000000000001
142.3340539932251,ifo002,0.009332394144166496,0.8097376862518296,0.4800000000000001
142.361670255661,ifo001,0.004086543002077599,1.0187088386802636,0.4800000000000001
142.41664600372314,ifo002,0.014385638750418508,0.8142705944557654,0.4800000000000001
142.44589519500732,ifo001,0.00801383513655726,0.7745755487296051,0.4800000000000001
142.47306084632874,ifo002,0.00823432710644572,0.8329794664655374,0.4800000000000001
142.50155472755432,ifo002,0.007191406753300159,0.7728878513276514,0.4800000000000001
142.51036071777344,ifo002,0.0003297265451442038,0.6866893935084744,0.4800000000000001
142.53500080108645,ifo001,0.018018577867173934,0.8541730750394283,0.4800000000000001
142.56625652313232,ifo002,0.0148148694400485,0.625809147201286,0.4800000000000001
142.59867119789124,ifo002,0.023765600555191783,0.6324390150061406,0.4800000000000001
142.69583463668823,ifo001,0.2190489338255175,0.7946376936375844,0.4800000000000001
142.7026674747467,ifo001,0.11547667488936757,0.7152046098519991,0.4800000000000001
142.73265957832336,ifo001,0.06293089817866117,0.6545337923985407,0.4800000000000001
142.86004543304443,ifo001,0.08681856635276244,0.7244102243618061,0.4800000000000001
142.8662147521973,ifo001,0.05124753118617133,0.7735306152648431,0.4800000000000001
142.93135929107666,ifo002,0.03927823944505877,1.2672814562816126,0.4800000000000001
143.00786590576172,ifo002,0.003533597696945785,0.8238677895124918,0.4800000000000001
143.04152059555054,ifo001,0.02095346341357784,1.3139379708513785,0.4800000000000001
143.12940454483032,ifo002,0.004383011869097635,0.7977119294959754,0.4800000000000001
143.14806747436523,ifo001,0.037240741385704566,0.8140783514689405,0.4800000000000001
143.18148589134216,ifo002,0.002049472429093509,0.9831053502394794,0.4800000000000001
143.19269251823425,ifo002,0.00010733517478371916,0.7212360732356284,0.4800000000000001
143.2019259929657,ifo002,0.0019640783200136265,0.6473631985882762,0.4800000000000001
143.2438926696777,ifo001,0.0073662741721357335,0.9217672777665792,0.4800000000000001
143.28763818740845,ifo002,3.1400576325563734e-05,0.6493793173290743,0.4800000000000001
143.31541800498962,ifo002,0.0043278397227440235,0.7193886357397169,0.4800000000000001
143.4204671382904,ifo001,0.3929338162950433,0.8455446622621505,0.4800000000000001
143.4313042163849,ifo001,0.060334639349648826,0.9659308348487412,0.4800000000000001
143.46049857139587,ifo001,0.02902873365774449,0.6498163031648672,0.4800000000000001
143.60918807983398,ifo001,0.18070248757866988,0.7196914762200798,0.4800000000000001
143.62065935134888,ifo001,0.018466496999671914,0.660653300467014,0.4800000000000001
143.68148684501648,ifo002,0.002633729406570327,0.9931614033010012,0.4800000000000001
143.7746126651764,ifo002,0.00037601691968595447,0.8383425876305135,0.4800000000000001
143.81512188911438,ifo001,0.15901707099163598,1.1728967626227162,0.4800000000000001
143.8769190311432,ifo002,0.00016378050911115802,0.7705561608053794,0.4800000000000001
143.9014449119568,ifo001,0.07474952765373592,0.7342257667981402,0.4800000000000001
143.96114444732666,ifo002,0.00871379366399773,1.3649138025278327,0.4800000000000001
143.97613716125488,ifo002,0.09822077421960229,0.756125101633473,0.4800000000000001
143.9816837310791,ifo002,0.04036909772126629,0.7519602173365457,0.4800000000000001
144.00465273857117,ifo001,0.005442059828527673,0.9911635234882743,0.4800000000000001
144.04387664794922,ifo002,0.00021801020839675215,0.6206644580669057,0.4800000000000001
144.08121347427368,ifo002,0.04655725265454378,0.6300637344821685,0.4800000000000001
144.18693232536316,ifo001,0.061488585639367266,0.8659090517957,0.4800000000000001
144.19276785850525,ifo001,0.07222742357389704,0.9497402050036101,0.4800000000000001
144.20385336875916,ifo001,8.536638207025705e-05,0.6330093465111434,0.4800000000000001
144.33163976669312,ifo001,0.0025936404009351847,0.7015232342521409,0.4800000000000001
144.34542846679688,ifo001,0.003589964391080274,0.7125052477155062,0.4800000000000001
144.40623664855957,ifo002,0.02815721682598211,1.1217763707281925,0.4800000000000001
144.48782324790955,ifo002,0.006400390673138672,0.8018331265958236,0.4800000000000001
144.51430249214172,ifo001,0.02955617412672954,1.1123370943384345,0.4800000000000001
144.5739710330963,ifo002,0.045086774036620064,0.7934008253456715,0.4800000000000001
144.5902862548828,ifo001,0.00039281114450488995,0.9344138659289032,0.4800000000000001
144.62391471862793,ifo002,0.00093978652483477,0.8825838309047651,0.4800000000000001
144.63818430900574,ifo002,0.021431737772698127,0.7375187561737108,0.4800000000000001
144.6445209980011,ifo002,0.0001980597204540188,0.6215903763903766,0.4800000000000001
144.6636061668396,ifo001,0.06688917257817725,0.7314047573553224,0.4800000000000001
144.71018624305725,ifo002,0.00032552835831131736,0.6493124419006684,0.4800000000000001
144.73537707328796,ifo002,0.0009710764869510326,0.7758974048942855,0.4800000000000001
144.8590865135193,ifo001,0.10432409293158344,0.8628508823478975,0.4800000000000001
144.86776542663574,ifo001,0.02205596679355613,0.9720526102612462,0.4800000000000001
144.8838872909546,ifo001,0.03867500104393725,0.653752810814184,0.4800000000000001
145.00610303878784,ifo001,0.13671156508170718,0.6748312446486986,0.4800000000000001
145.01922583580017,ifo001,0.030863111587282648,0.7244740668028037,0.4800000000000001
145.0951223373413,ifo002,0.050151598355950885,1.0455933022753814,0.4800000000000001
145.16701912879944,ifo002,0.0007577618703720558,0.8802580476732107,0.4800000000000001
145.1978578567505,ifo001,0.22087306072380009,0.9491408858183108,0.4800000000000001
145.25833129882812,ifo002,0.0009707073094495015,0.7494594766490343,0.4800000000000001
145.27497005462646,ifo001,0.045444442786658226,1.0691660539773882,0.4800000000000001
145.299738407135,ifo002,0.012812119974507501,1.0418220982760833,0.4800000000000001
145.33730292320251,ifo002,0.0006271369390380516,0.6714060839942535,0.4800000000000001
145.34489631652832,ifo002,0.001385152025854401,0.6213558601563851,0.4800000000000001
145.35776448249817,ifo002,7.340741432501253e-05,0.5983798781560606,0.4800000000000001
145.3681652545929,ifo001,0.12972082250823308,0.7307426777293988,0.4800000000000001
145.39944696426392,ifo002,0.01837037446587955,0.6153634710396573,0.4800000000000001
145.42983102798462,ifo002,6.4389440356190905e-06,0.6535384212386052,0.4800000000000001
145.5456943511963,ifo001,0.02764225845288206,0.8207881832283053,0.4800000000000001
145.55090284347534,ifo001,0.06378129969969516,0.7644844677656891,0.4800000000000001
145.5789623260498,ifo001,0.0028439533914574834,0.6513124454224107,0.4800000000000001
145.71007204055786,ifo001,0.00038128008652891897,0.7641790104982591,0.4800000000000001
145.71629071235657,ifo001,4.037595282947824e-05,0.6739786385178373,0.4800000000000001
145.87558102607727,ifo002,0.0948811050952623,1.3651704995286944,0.4800000000000001
145.97566866874695,ifo002,0.020077474774154024,1.1504470925249854,0.4800000000000001
146.00749945640564,ifo001,0.010407717378556093,1.2059650736014218,0.4800000000000001
146.07389974594116,ifo002,0.0640603955532386,0.794312973390579,0.4800000000000001
146.10435271263125,ifo001,0.0006888350937800763,0.8873843946507622,0.4800000000000001
146.15607142448425,ifo002,0.08681388064077347,0.9969817701229566,0.4800000000000001
146.16896224021912,ifo002,0.03249338570360355,0.6581620673262727,0.4800000000000001
146.18057703971863,ifo002,0.07163754222696452,0.6158896193366692,0.4800000000000001
146.19675159454346,ifo001,0.00210513800673276,0.95799352601034,0.4800000000000001
146.23573446273804,ifo002,0.01080109476631066,0.7139374899577567,0.4800000000000001
146.2497591972351,ifo002,0.01246655511514182,0.6136422055695199,0.4800000000000001
146.27824425697327,ifo002,0.004248185645019672,0.6939414307085345,0.4800000000000001
146.38113451004028,ifo001,0.1141951039262042,1.0070755949278114,0.4800000000000001
146.3875777721405,ifo001,0.18388473767659008,1.2068497038028068,0.4800000000000001
146.40544295310974,ifo001,0.038425809010883445,0.6482273714403339,0.4800000000000001
146.54361605644226,ifo001,0.0004273304622514868,0.7072948845595411,0.4800000000000001
146.56626057624817,ifo001,0.14688239520048715,0.68965264885441,0.4800000000000001
146.62633347511292,ifo002,0.017591831038299064,0.9845835101004112,0.4800000000000001
146.72209405899048,ifo002,0.0003693111009846356,0.8392566722966076,0.4800000000000001
146.75061702728271,ifo001,0.08270625306344963,1.1646431335378888,0.4800000000000001
146.80276942253113,ifo002,0.0012176736113311325,0.8040927640781199,0.4800000000000001
146.82030987739563,ifo001,0.008435824404523352,0.7167397701364653,0.4800000000000001
146.85961389541626,ifo002,0.00032746929479642755,0.9220022672237764,0.4800000000000001
146.87773180007937,ifo002,0.004233939334449806,0.7883425150187564,0.4800000000000001
146.88386726379397,ifo002,0.001191013285833822,0.6484430078459866,0.4800000000000001
146.89710235595703,ifo001,0.005154937747524845,0.9356462603983846,0.4800000000000001
146.93419766426086,ifo002,0.14525102986256552,0.6669617175503746,0.4800000000000001
146.98295783996582,ifo002,0.05854751447537032,0.9783550581065125,0.4800000000000001
147.09285402297974,ifo001,0.0013722322588428492,0.822130597012824,0.4800000000000001
147.09728717803955,ifo001,0.00030698819710669296,0.8374220763221132,0.4800000000000001
147.115070104599,ifo001,0.00023705176881179925,0.680003288355503,0.4800000000000001
147.24503564834595,ifo001,0.020649027629441038,0.6832535002927943,0.4800000000000001
147.25326085090637,ifo001,4.91537763093548e-05,0.7279878574209888,0.4800000000000001
147.3047685623169,ifo002,0.03195134391716662,0.9714594180988285,0.4800000000000001
147.37779188156128,ifo002,0.022917343383409117,0.8337667323163329,0.4800000000000001
147.4171977043152,ifo001,0.00025738959906831423,0.7404136691598007,0.4800000000000001
147.4885611534119,ifo002,0.003976873395612725,0.8758241354052214,0.4800000000000001
147.4989950656891,ifo001,0.05824158652035033,0.7043941966068049,0.4800000000000001
147.53033924102783,ifo002,0.005466218145749782,0.9590571017318821,0.4800000000000001
147.54562783241272,ifo002,2.838911855858371e-05,0.7614415889438734,0.4800000000000001
147.55665063858032,ifo002,0.02486952363949014,0.6621607774007645,0.4800000000000001
147.58252096176147,ifo001,0.007016021042663627,0.8975474596309634,0.4800000000000001
147.6129093170166,ifo002,0.007225888580942325,0.6165524188252154,0.4800000000000001
147.65310740470886,ifo002,0.022402224187493824,0.6525666593913407,0.4800000000000001
147.77278065681458,ifo001,0.017324496569279025,0.9053492577445861,0.4800000000000001
147.77426290512085,ifo001,0.026041902794077358,0.6922183004717076,0.4800000000000001
147.79666686058044,ifo001,0.0056107470230669036,0.6526178851079201,0.4800000000000001
147.939795255661,ifo001,0.021849573798105083,0.7646858848758401,0.4800000000000001
147.95110726356506,ifo001,0.004966245958335614,0.6454082737660671,0.4800000000000001
148.00122594833374,ifo002,0.009585938555058543,1.0501175648783114,0.4800000000000001
148.10118579864502,ifo002,0.0010411571222804059,0.9243081272741578,0.4800000000000001
148.1310329437256,ifo001,0.0036889531387780936,1.282015194082308,0.4800000000000001
148.1933732032776,ifo002,0.00806263149075566,0.805621705910966,0.4800000000000001
148.23365330696106,ifo001,0.0072713953388855385,0.8206249880765715,0.4800000000000001
148.26833724975586,ifo002,0.016276687449591754,1.0061664340178251,0.4800000000000001
148.28199005126953,ifo002,0.05713185038243015,0.6831244583152128,0.4800000000000001
148.29352688789368,ifo002,0.046533413782361886,0.6442487073644345,0.4800000000000001
148.31684851646423,ifo001,0.053273186270801375,0.8390801156139461,0.4800000000000001
148.345294713974,ifo002,0.009949880399040984,0.6825936792280467,0.4800000000000001
148.3895468711853,ifo002,7.872687936400462e-05,0.8444168372003772,0.4800000000000001
148.51203632354736,ifo001,0.011164620318316536,0.9622270229379288,0.4800000000000001
148.5227677822113,ifo001,0.00035306442908593653,0.7143267807693837,0.4800000000000001
148.53803086280823,ifo001,0.0034453603906906675,0.6369150304745225,0.4800000000000001
148.74152183532715,ifo001,0.0015473754702144307,0.9313753563455307,0.4800000000000001
148.78993701934814,ifo001,0.0001101700308697515,0.7602681142853871,0.4800000000000001
148.86928725242615,ifo002,0.09760832631044652,1.2447140692824874,0.4800000000000001
148.94945740699768,ifo002,0.0009992471295726607,1.1300790016369358,0.4800000000000001
148.98319792747498,ifo001,0.01252767621999218,1.234629290287668,0.4800000000000001
149.02948212623596,ifo002,0.08318245431031938,0.756138083533303,0.4800000000000001
149.05924558639526,ifo001,0.0011639834543748673,0.764574445281446,0.4800000000000001
149.0960991382599,ifo002,0.04392891629393333,1.355768289812478,0.4800000000000001
149.11530137062073,ifo002,0.01139878198948563,0.9933748638472496,0.4800000000000001
149.13268661499023,ifo002,0.008032632063264081,0.776327717920047,0.4800000000000001
149.16272830963135,ifo001,0.000664866180578727,0.9238843619143706,0.4800000000000001
149.19611811637878,ifo002,0.03599108748304098,0.6202645119339965,0.4800000000000001
149.25483512878418,ifo002,0.07455065031262509,0.6617414869011273,0.4800000000000001
149.3601620197296,ifo001,0.004948869772079626,0.9593701445425991,0.4800000000000001
149.36491870880127,ifo001,0.0033998958807260585,0.8319241178174714,0.4800000000000001
149.38417387008667,ifo001,0.007977540045029423,0.6502742744740195,0.4800000000000001
149.51913785934448,ifo001,0.025637064816856486,0.7275278208086118,0.4800000000000001
149.52592873573303,ifo001,0.0017009964882426826,0.7912732595939047,0.4800000000000001
149.59876418113708,ifo002,0.0007818258308136561,0.9805630488892065,0.4800000000000001
149.67496919631958,ifo002,0.06366568718034972,0.8591721532793692,0.4800000000000001
149.71136569976807,ifo001,0.09697826157724153,1.367130906591541,0.4800000000000001
149.76990604400635,ifo002,0.004507493940853684,0.7871181628926363,0.4800000000000001
149.78783559799194,ifo001,0.021596482589047956,0.7159116844120677,0.4800000000000001
149.83702659606934,ifo002,0.051194709264172876,0.9589369983220113,0.4800000000000001
149.8543722629547,ifo002,0.005811515824955302,1.0176744273974836,0.4800000000000001
149.87166929244995,ifo002,0.0005791389300855757,0.7913418115070308,0.4800000000000001
149.88422346115112,ifo001,0.0001806303096070101,0.9640318881088529,0.4800000000000001
149.92113971710205,ifo002,0.026253904088634313,0.6137728571596338,0.4800000000000001
149.94469904899597,ifo002,0.04459339452085921,0.6277878922044463,0.4800000000000001
150.0611069202423,ifo001,0.10572667120798819,0.8150190493036713,0.4800000000000001
150.07732772827148,ifo001,0.0011825896351357055,0.8714368471269412,0.4800000000000001
150.0888738632202,ifo001,0.004086872849881781,0.6717986115102843,0.4800000000000001
150.22781777381897,ifo001,0.08855734109692774,0.7259157553692115,0.4800000000000001
150.24207377433777,ifo001,0.00022917208776780578,0.6545528262446301,0.4800000000000001
150.3154654502869,ifo002,0.0014350744850940955,1.1632776562950533,0.4800000000000001
150.41783356666565,ifo002,0.00842360722879711,0.845837530771952,0.4800000000000001
150.44907307624817,ifo001,0.152361962927346,1.1205298816475304,0.4800000000000001
150.50560998916626,ifo002,0.048009600601414654,0.8210164552333403,0.4800000000000001
150.52824115753174,ifo001,0.051855816055094726,0.7544371649447632,0.4800000000000001
150.55959153175354,ifo002,0.0006140632717071951,0.7572052867725042,0.4800000000000001
150.58791589736938,ifo002,0.0001584545655120508,0.834797692072377,0.4800000000000001
150.59665369987488,ifo002,5.189701738166789e-05,0.6851275702475361,0.4800000000000001
150.6073019504547,ifo001,0.00018071592284928432,1.0114905909123806,0.4800000000000001
150.6524579524994,ifo002,0.0006623200871010007,0.6231141657854397,0.4800000000000001
150.6817193031311,ifo002,0.006185084044537338,0.6974228842059551,0.4800000000000001
150.76980900764465,ifo001,0.13625706236176596,0.7865730490923004,0.4800000000000001
150.77703952789307,ifo001,0.0001540139366817131,0.8240071309442021,0.4800000000000001
150.7869987487793,ifo001,0.00801881000721145,0.7019282844060115,0.4800000000000001
150.92679524421692,ifo001,0.04611577837766593,0.7465930907340337,0.4800000000000001
150.9336874485016,ifo001,0.007262123232403254,0.638884588356093,0.4800000000000001
150.98486590385437,ifo002,0.003256056525439398,1.1490952626157682,0.4800000000000001
151.07779598236084,ifo002,0.0005459125190576723,0.7923859123362116,0.4800000000000001
151.09995365142822,ifo001,0.04593007946849111,0.9127287863736069,0.4800000000000001
151.15941667556763,ifo002,0.0016374604665168116,0.845588075371963,0.4800000000000001
151.18728065490723,ifo001,0.005357198710853092,0.7139942290148114,0.4800000000000001
151.2161202430725,ifo002,0.07647210048644117,0.8186059607092817,0.4800000000000001
151.2258424758911,ifo002,4.076425054053396e-05,0.6452463232129085,0.4800000000000001
151.23483276367188,ifo002,0.009661992256872995,0.6072174114615273,0.4800000000000001
151.2467978000641,ifo001,0.0010948149352743377,0.9352584828402812,0.4800000000000001
151.28945326805115,ifo002,0.012768586610761965,0.7058877062339791,0.4800000000000001
151.31909227371216,ifo002,0.0010655319302356905,0.8700697086885016,0.4800000000000001
151.4200267791748,ifo001,0.3287727002472684,0.7955840245815262,0.4800000000000001
151.42376065254211,ifo001,0.0012726327488662864,0.7052722374988067,0.4800000000000001
151.44299507141113,ifo001,0.009270882651340457,0.6304860901660242,0.4800000000000001
151.56598472595215,ifo001,0.07169528139553592,0.7967844741069329,0.4800000000000001
151.5776629447937,ifo001,0.011387526076301328,0.6237337015146847,0.4800000000000001
151.6517050266266,ifo002,0.05211327559989154,0.9333630918184018,0.4800000000000001
151.75478219985962,ifo002,0.04838706911732014,0.8969561532245505,0.4800000000000001
151.79957938194275,ifo001,0.06202708648237124,1.573805446260979,0.4800000000000001
151.8629698753357,ifo002,0.0015866313940408564,0.7663542146660942,0.4800000000000001
151.88167142868042,ifo001,0.012360476111644767,0.7413848723691439,0.4800000000000001
151.91591143608093,ifo002,0.0009154364367102495,1.1403681624371882,0.4800000000000001
151.9393653869629,ifo002,0.12336820389040527,0.711895841484957,0.4800000000000001
151.94640684127808,ifo002,0.04201112747924555,0.6941804039190886,0.4800000000000001
151.98029971122742,ifo001,0.0028024614059863964,1.0355383148977175,0.4800000000000001
152.01202583312988,ifo002,6.960164294811683e-05,0.6166823960435248,0.4800000000000001
152.04738545417786,ifo002,0.015034786773946065,0.610447376324776,0.4800000000000001
152.13759016990662,ifo001,0.002244116039790458,0.7994407947451978,0.4800000000000001
152.14873886108398,ifo001,0.0005661841753232643,0.8151682498444669,0.4800000000000001
152.16822862625122,ifo001,0.007851596820128292,0.6790133502461639,0.4800000000000001
152.28946018218994,ifo001,0.030446410879855817,0.718939634575223,0.4800000000000001
152.29970574378967,ifo001,0.023158018885513613,0.7171143174541825,0.4800000000000001
152.36144924163818,ifo002,0.03712987689766428,1.2774421002200227,0.4800000000000001
152.444833278656,ifo002,0.004101167184483556,0.8713325640957411,0.4800000000000001
152.46919202804563,ifo001,0.0012853455412288935,0.7744256214282474,0.4800000000000001
152.53308606147766,ifo002,0.00023899558257694278,0.8112607819358938,0.4800000000000001
152.55459022521973,ifo001,0.005869189699881862,0.7183040008240608,0.4800000000000001
152.591073513031,ifo002,0.007982890820386904,0.8352381197531469,0.4800000000000001
152.6075086593628,ifo002,0.007464106456534342,0.6551708870942818,0.4800000000000001
152.61209344863892,ifo002,0.020122942781044033,0.6080950705843837,0.4800000000000001
152.62964367866516,ifo001,0.00031765752556841447,0.8868917082127477,0.4800000000000001
152.6576647758484,ifo002,0.024449286505885858,0.7741363029803962,0.4800000000000001
152.6853039264679,ifo002,0.003126256440752261,0.9307968434674736,0.4800000000000001
152.7740297317505,ifo001,0.1033182642742927,0.8285306068099003,0.4800000000000001
152.7819626331329,ifo001,0.0015936463507004474,0.6688784935166909,0.4800000000000001
152.79363703727722,ifo001,0.00900683418404535,0.6165201895035232,0.4800000000000001
152.9190378189087,ifo001,0.1896893802474396,0.7762587252290605,0.4800000000000001
152.93153285980225,ifo001,0.021835568477764647,0.631357214708341,0.4800000000000001
153.00599884986875,ifo002,0.008347224612809664,0.872991501854375,0.4800000000000001
153.1050455570221,ifo002,0.0374870050511955,0.8007901247543476,0.4800000000000001
153.13780093193054,ifo001,0.11007040915713431,1.330039745549336,0.4800000000000001
153.1880600452423,ifo002,0.004509069489473062,0.7430798672573666,0.4800000000000001
153.23672580718994,ifo001,0.21233715074344928,0.7490423681865406,0.4800000000000001
153.2773928642273,ifo002,0.00018045146317118843,0.9636255923501483,0.4800000000000001
153.2926230430603,ifo002,0.003381626106359045,0.8466507770068945,0.4800000000000001
153.30659174919128,ifo002,0.00170266079578395,0.6770108375413206,0.4800000000000001
153.34050130844116,ifo001,0.12765450640074794,1.0134236733831354,0.4800000000000001
153.3763084411621,ifo002,1.2011594259652225e-05,0.6529722812568745,0.4800000000000001
153.41856145858765,ifo002,5.622525408524196e-06,0.8979347527872383,0.4800000000000001
153.52508878707886,ifo001,0.12006160372101622,0.9568176799629641,0.4800000000000001
153.53285765647888,ifo001,0.1636166401588364,0.6937623592876373,0.4800000000000001
153.55684185028076,ifo001,0.3467634269593224,0.664029408091722,0.4800000000000001
153.68892359733582,ifo001,0.10525840333820383,0.6894820850611229,0.4800000000000001
153.7133984565735,ifo001,0.00024561902271186525,0.768855255221345,0.4800000000000001
153.77594470977783,ifo002,0.002219020908143987,0.9777990586585847,0.4800000000000001
153.89217138290405,ifo002,0.015823268586163435,0.9028728712387305,0.4800000000000001
153.93993854522705,ifo001,0.15050455572681692,0.9645025427301556,0.4800000000000001
153.9929792881012,ifo002,0.0024700351414918865,0.7696268750380315,0.4800000000000001
154.02254700660706,ifo001,0.000116306341821496,0.8127591363538167,0.4800000000000001
154.0548369884491,ifo002,0.007394721988181153,1.2657878810452279,0.4800000000000001
154.0680491924286,ifo002,4.859189290077495e-06,0.8648950219994503,0.4800000000000001
154.07944536209106,ifo002,7.726348789431944e-06,0.6960555125214063,0.4800000000000001
154.0998568534851,ifo001,0.011989615738274185,1.2331472407195632,0.4800000000000001
154.1380798816681,ifo002,0.000787185954732443,0.6383265695028949,0.4800000000000001
154.17953515052795,ifo002,0.003978226666548813,0.8005492857913143,0.4800000000000001
154.27044677734375,ifo001,0.06027565574801438,0.8438865216342316,0.4800000000000001
154.2785842418671,ifo001,9.13429542745001e-05,0.8278050928898624,0.4800000000000001
154.29934859275818,ifo001,0.004832308951315562,0.6819388015897103,0.4800000000000001
154.4255871772766,ifo001,0.033862910426898776,0.7043687396721974,0.4800000000000001
154.4451858997345,ifo001,0.02254114654599709,0.7289688325250815,0.4800000000000001
154.48430347442627,ifo002,0.002743490703112267,0.9798095559618418,0.4800000000000001
154.5734281539917,ifo002,0.02102481052482046,0.822885754501403,0.4800000000000001
154.60206699371338,ifo001,0.031218001198459626,0.9487828212015625,0.4800000000000001
154.66489505767822,ifo002,0.019839787960500004,0.7802727647440083,0.4800000000000001
154.7057569026947,ifo001,0.013135444361929496,0.7356585186446051,0.4800000000000001
154.73197865486145,ifo002,0.03736959533166073,0.9639415528737019,0.4800000000000001
154.75149655342102,ifo002,0.002126591307783607,0.8753513473687489,0.4800000000000001
154.76129865646362,ifo002,0.001012805910308,0.6894173238240257,0.4800000000000001
154.81220817565918,ifo001,0.004498467676390979,1.0157193771373536,0.4800000000000001
154.8500680923462,ifo002,0.0136937234210648,0.6675058535317482,0.4800000000000001
154.8928506374359,ifo002,0.03744124972981479,0.7768556355234177,0.4800000000000001
154.98534989356995,ifo001,0.006504663497750483,0.8472937183080791,0.4800000000000001
154.99013781547546,ifo001,0.016967685249233238,0.7926784180526221,0.4800000000000001
155.01981687545776,ifo001,2.8129543865593414e-05,0.6447389547247864,0.4800000000000001
155.1245493888855,ifo001,0.07704255749112304,0.7655489250382195,0.4800000000000001
155.1371510028839,ifo001,0.033127373805960515,0.6240058041147445,0.4800000000000001
155.18913459777832,ifo002,0.012946525066874647,0.9277942242611459,0.4800000000000001
155.26761031150818,ifo002,5.3226959288494744e-05,0.7958058077874787,0.4800000000000001
155.30902338027954,ifo001,0.0005325652742656251,1.3757212438125939,0.4800000000000001
155.36072254180908,ifo002,0.006072451227589766,0.7443866416973994,0.4800000000000001
155.3852937221527,ifo001,0.039964508488352646,0.891871468543838,0.4800000000000001
155.4232120513916,ifo002,0.013523495769760417,1.321976885202715,0.4800000000000001
155.43980884552002,ifo002,0.05905646157896891,0.9253437691627969,0.4800000000000001
155.44405484199524,ifo002,0.012091942965960637,0.7847292159125813,0.4800000000000001
155.46973156929016,ifo001,0.009380821905698358,0.7806763617713266,0.4800000000000001
155.50869131088257,ifo002,0.0021285184776897704,0.6171230310747847,0.4800000000000001
155.54291820526123,ifo002,0.05548720671884807,0.6444897764436576,0.4800000000000001
155.6328642368317,ifo001,0.2644118242586155,0.7833958894805326,0.4800000000000001
155.63364386558533,ifo001,0.08834703680529911,0.8142859653787583,0.4800000000000001
155.65298891067505,ifo001,0.0329271917986571,0.6307706111793385,0.4800000000000001
155.78345155715942,ifo001,0.0034996116457266424,0.7101735152506575,0.4800000000000001
155.79973244667053,ifo001,0.016250022782242544,0.6835655241687935,0.4800000000000001
155.87003087997437,ifo002,0.007989915055628505,1.0338922407698747,0.4800000000000001
155.9494800567627,ifo002,0.021943738269583377,0.7821062912708372,0.4800000000000001
155.99257493019104,ifo001,0.15507169298974274,1.2354956377999922,0.4800000000000001
156.03597164154053,ifo002,0.0018622038664533195,0.7443497122272353,0.4800000000000001
156.0616762638092,ifo001,0.12752330359208963,0.7132678098016427,0.4800000000000001
156.09674072265625,ifo002,0.0011682838862270366,0.9570556354498683,0.4800000000000001
156.1260166168213,ifo002,0.00733083111358541,0.7915599565913343,0.4800000000000001
156.1340992450714,ifo002,0.007989922334887462,0.6571755530315027,0.4800000000000001
156.16563320159912,ifo001,0.00922379234198582,0.9141864075208028,0.4800000000000001
156.20100045204163,ifo002,0.005857635828254655,0.657804708734079,0.4800000000000001
156.2377688884735,ifo002,0.018720986802311552,0.8211104988159926,0.4800000000000001
156.33830046653748,ifo001,0.0001397059721391323,1.0644933098046816,0.4800000000000001
156.3676998615265,ifo001,0.00012562222371361153,0.7083764008087883,0.4800000000000001
156.5134036540985,ifo001,0.044030012238218244,0.7575573757984302,0.4800000000000001
156.53058505058289,ifo001,0.00011511466476139056,0.7746999692649296,0.4800000000000001
156.6062295436859,ifo002,0.0038879538963524055,1.1227431934899568,0.4800000000000001
156.69071984291077,ifo002,0.001227993739283082,0.8113530468961081,0.4800000000000001
156.71694159507751,ifo001,0.008788389831311008,1.2243491765289334,0.4800000000000001
156.76351976394653,ifo002,0.0004976676162955528,0.7536727986573082,0.4800000000000001
156.79094314575195,ifo001,0.0002773768254552275,0.800632839595188,0.4800000000000001
156.82933497428894,ifo002,0.045690047705038254,0.9334494036404689,0.4800000000000001
156.84104585647583,ifo002,0.0020153305398636153,0.6760478084071248,0.4800000000000001
156.86123156547546,ifo002,0.0003784520378743697,0.6267778744099581,0.4800000000000001
156.87529850006104,ifo001,0.009035212113792773,0.8315974201785605,0.4800000000000001
156.90816926956177,ifo002,0.007873212313945303,0.7173382482144842,0.4800000000000001
156.93809342384338,ifo002,0.006210846405342822,0.9581410047317309,0.4800000000000001
157.04487419128418,ifo001,0.6256676593184263,0.8189352826918477,0.4800000000000001
157.05552172660828,ifo001,0.014731225863541498,1.0971147138985722,0.4800000000000001
157.07102060317993,ifo001,0.07017795161174477,0.6883360171678339,0.4800000000000001
157.2067210674286,ifo001,0.2146495425818773,0.6878199776055702,0.4800000000000001
157.23019218444824,ifo001,0.03046136232270083,0.6957935399679792,0.4800000000000001
157.30595111846924,ifo002,0.006438332812888339,1.0692411510363273,0.4800000000000001
157.40175127983093,ifo002,0.10538778502159306,0.8245927421975381,0.4800000000000001
157.43308353424072,ifo001,0.20059663145336767,0.9553048174845633,0.4800000000000001
157.50129914283752,ifo002,0.002796746688031649,0.8055375175103715,0.4800000000000001
157.53103685379028,ifo001,0.042998394254227024,0.7869642920557454,0.4800000000000001
157.56654953956604,ifo002,0.011694421784890285,0.9491421990856346,0.4800000000000001
157.58153247833252,ifo002,0.004075005404568094,0.9066340222974917,0.4800000000000001
157.60909128189087,ifo002,0.0002853401562133418,0.7552619997329945,0.4800000000000001
157.6328763961792,ifo001,0.003718117726222356,1.105007412250615,0.4800000000000001
157.67055797576904,ifo002,0.0024619613368795914,0.6218705741070459,0.4800000000000001
157.70886039733887,ifo002,0.066826352379135,0.6334356066960567,0.4800000000000001
157.8051631450653,ifo001,0.022330165164750223,0.826856437244351,0.4800000000000001
157.8137650489807,ifo001,0.00995319373058805,0.8080558195177692,0.4800000000000001
157.83000206947327,ifo001,0.0038347129725013196,0.7635914110059872,0.4800000000000001
157.97295093536377,ifo001,0.05720427779384432,0.7010774807077667,0.4800000000000001
157.98024654388428,ifo001,3.878315217973168e-05,0.6794183301945482,0.4800000000000001
158.04097819328308,ifo002,0.07230773095284619,1.3041526856816508,0.4800000000000001
158.11735606193542,ifo002,0.010253197612064724,0.8708744643189291,0.4800000000000001
158.158047914505,ifo001,0.03702823133537908,0.7861747998133701,0.4800000000000001
158.2116298675537,ifo002,0.034817715116508476,0.8181233172864779,0.4800000000000001
158.2424120903015,ifo001,0.04583253667140985,0.847509926401405,0.4800000000000001
158.27507853507996,ifo002,0.0001574728599670432,0.840468025314774,0.4800000000000001
158.29402422904968,ifo002,0.03423332577940661,0.6541552351960188,0.4800000000000001
158.297545671463,ifo002,0.03139351240019295,0.6068749514323879,0.4800000000000001
158.31755185127258,ifo001,0.003869935085174618,0.7026905277952649,0.4800000000000001
158.35422539711,ifo002,0.005555583571422615,0.7067334807881601,0.4800000000000001
158.39428210258484,ifo002,0.05147495595744847,0.6252562953762126,0.4800000000000001
158.51191902160645,ifo001,0.0007046104103883346,0.8194797894846622,0.4800000000000001
158.5196704864502,ifo001,0.011089204623270127,0.763448336322289,0.4800000000000001
158.53688049316406,ifo001,0.009852724247900225,0.6549148653154351,0.4800000000000001
158.54677724838257,ifo001,0.007504889030883545,0.6006615666431084,0.4800000000000001
158.67990136146545,ifo001,0.000866985458445184,0.6864383124703831,0.4800000000000001
158.69121980667114,ifo001,0.010217097589895053,0.6457866767316436,0.4800000000000001
158.7619490623474,ifo002,0.0241054956734534,2.041747253883807,0.4800000000000001
158.86264753341675,ifo002,0.08158442104758563,0.9749004531505534,0.4800000000000001
158.89513516426086,ifo001,0.052425374884848275,1.1330561604532838,0.4800000000000001
158.96728515625,ifo002,0.014799664690017115,0.7978660844796603,0.4800000000000001
158.99839997291565,ifo001,7.615450376514038e-06,1.8775125938843922,0.4800000000000001
159.02974605560303,ifo002,0.1276401241193149,0.8208281327110338,0.4800000000000001
159.04641819000244,ifo002,0.0010275319839017365,0.6633987700431713,0.4800000000000001
159.0589406490326,ifo002,0.004220876314472749,0.6191897461746033,0.4800000000000001
159.0762574672699,ifo001,0.00026648860412780394,0.7363493387821085,0.4800000000000001
159.1155858039856,ifo002,0.0060295194728997355,0.7944563548509764,0.4800000000000001
159.1422758102417,ifo002,0.0011190343294412886,0.7834547239740984,0.4800000000000001
159.24065899848938,ifo001,0.0024812264413341953,0.8163077839359505,0.4800000000000001
159.24331307411194,ifo001,0.0016997946235846244,0.8453279238687612,0.4800000000000001
159.2589099407196,ifo001,0.014368440457263515,0.6470907243783137,0.4800000000000001
159.37350606918335,ifo001,0.017611533903205582,0.6683303780403977,0.4800000000000001
159.40359497070312,ifo001,0.008532554464464201,0.7207389142852177,0.4800000000000001
159.46839785575867,ifo002,0.030866010899451804,1.0172182095565345,0.4800000000000001
159.54211735725403,ifo002,0.006921287915799096,0.8406944684646913,0.4800000000000001
159.57515382766724,ifo001,0.0014689017436283066,1.087794225465705,0.4800000000000001
159.62455463409424,ifo002,0.003698791851247079,0.795708477977938,0.4800000000000001
159.64231371879578,ifo001,0.0017528783904721677,0.9012587452567944,0.4800000000000001
159.68097138404846,ifo002,0.06750039622037847,0.8112429753503223,0.4800000000000001
159.69563674926758,ifo002,0.001795788630183489,0.6430183965459233,0.4800000000000001
159.70224285125732,ifo002,0.0018087413703334319,0.6040700608300912,0.4800000000000001
159.73747062683103,ifo001,0.001239280704124252,0.7489023602181273,0.4800000000000001
159.7689938545227,ifo002,0.017309063420081663,0.6526635493337826,0.4800000000000001
159.81869792938232,ifo002,0.0024911281250684053,0.6414627584374984,0.4800000000000001
159.91819286346436,ifo001,0.010276110133730247,0.811847732125901,0.4800000000000001
159.92697525024414,ifo001,0.0026381265520267327,0.8574978290469177,0.4800000000000001
159.94065499305725,ifo001,0.00025416610969467875,0.6388190802462406,0.4800000000000001
160.17536687850952,ifo001,0.010557536260389279,0.8034010981364503,0.4800000000000001
160.1995930671692,ifo001,0.0018712623417426204,0.8076654801164893,0.4800000000000001
160.25481390953064,ifo002,0.036084421689667516,1.172355567777214,0.4800000000000001
160.33817601203918,ifo002,0.024032290414482786,1.1403753904299379,0.4800000000000001
160.37097120285034,ifo001,0.013939430092348652,1.3595862240489334,0.4800000000000001
160.43661832809448,ifo002,0.004702794424821287,0.9311244239384647,0.4800000000000001
160.46233201026917,ifo001,0.0019455695358436699,0.8196214898276173,0.4800000000000001
160.50199222564697,ifo002,0.03380625941325475,1.017429185843123,0.4800000000000001
160.52649307250977,ifo002,4.796960538413698e-07,0.680943615661207,0.4800000000000001
160.5327708721161,ifo002,3.1588696705680055e-05,0.6242247867800162,0.4800000000000001
160.55144476890564,ifo001,0.0006003121853733598,0.8908497283315528,0.4800000000000001
160.59410572052002,ifo002,0.00805086113545998,0.9100825195870088,0.4800000000000001
160.62786507606506,ifo002,0.007586740525878092,1.1125329095678744,0.4800000000000001
160.74208402633667,ifo001,0.3936265930948094,0.8719879641307717,0.4800000000000001
160.74524474143982,ifo001,0.1304185369722973,1.0716066762521481,0.4800000000000001
160.76502680778503,ifo001,0.029192006237656033,0.6408598892761863,0.4800000000000001
160.78082251548767,ifo001,0.03206401245812846,0.6076756626218939,0.4800000000000001
160.90345644950867,ifo001,0.0031729371766537734,0.6778506851795061,0.4800000000000001
160.9207088947296,ifo001,0.0007052493108173984,0.6820050740060903,0.4800000000000001
160.9683496952057,ifo002,0.006619173772905991,0.958748800470993,0.4800000000000001
161.06369066238403,ifo002,0.008406485858575568,0.8256462004166145,0.4800000000000001
161.1073887348175,ifo001,0.01764872839348264,1.1511346556879687,0.4800000000000001
161.16890406608582,ifo002,0.03291746305233992,0.7924379920104128,0.4800000000000001
161.18137168884277,ifo001,0.0015438613919230278,0.7825468958320176,0.4800000000000001
161.21948957443237,ifo002,0.008835715225705148,0.9904354318630287,0.4800000000000001
161.2373008728027,ifo002,0.005035898129119809,0.7630304830399919,0.4800000000000001
161.24089288711548,ifo002,0.02665207187489598,0.676465000337073,0.4800000000000001
161.2545144557953,ifo001,0.017435556426388853,0.8224532353916499,0.4800000000000001
161.29286217689514,ifo002,0.0006633570262800634,0.6229556979091022,0.4800000000000001
161.32832407951355,ifo002,0.004441829887924121,0.7608029222466958,0.4800000000000001
161.42344903945923,ifo001,0.001440798201221585,1.0653405520602055,0.4800000000000001
161.42433786392212,ifo001,0.7520365620856623,0.6716745862858234,0.4800000000000001
161.446387052536,ifo001,0.06719709634803188,0.6577696386344412,0.4800000000000001
161.58626556396484,ifo001,0.0033769969927778124,0.6941357598470531,0.4800000000000001
161.60311937332153,ifo001,0.07069304402918089,0.6963457775206064,0.4800000000000001
161.67596006393433,ifo002,0.000723920984233,1.062477994671302,0.4800000000000001
161.75661706924438,ifo002,0.031531949034167596,0.7956615343811102,0.4800000000000001
161.79067659378052,ifo001,0.036953080487311336,1.1157525198376124,0.4800000000000001
161.8516869544983,ifo002,0.004641721160437327,0.7683950649548964,0.4800000000000001
161.86269855499268,ifo001,0.06488834494903992,0.7542452276936435,0.4800000000000001
161.8948633670807,ifo002,0.015383807441711061,0.910291709818692,0.4800000000000001
161.91124939918518,ifo002,0.011048058036859208,0.7729664905668516,0.4800000000000001
161.92367124557495,ifo002,0.00029845291804235676,0.6428457931300819,0.4800000000000001
161.95353436470032,ifo001,0.0694586963164054,0.8570492170882421,0.4800000000000001
161.99201226234436,ifo002,0.0037537185906186864,0.6462137775402204,0.4800000000000001
162.02585339546204,ifo002,0.018187883324315025,0.7065836163486783,0.4800000000000001
162.12779808044434,ifo001,0.021209639695509958,0.794959795629129,0.4800000000000001
162.13832330703735,ifo001,0.001391891902424571,0.8006930673907823,0.4800000000000001
162.15160489082336,ifo001,0.024972202716446158,0.641338137020585,0.4800000000000001
162.27305817604065,ifo001,0.0006286683863142365,0.7050316020888983,0.4800000000000001
162.2811803817749,ifo001,0.0007284464366545213,0.672060305614211,0.4800000000000001
162.33314204216003,ifo002,0.0003451491125346039,1.0225340741050823,0.4800000000000001
162.42670464515686,ifo002,0.005921269344219223,0.81109603715098,0.4800000000000001
162.44439840316772,ifo001,0.004173886232230107,1.2310861130574065,0.4800000000000001
162.51232504844666,ifo002,0.004914493682378467,0.7583981214424491,0.4800000000000001
162.53030610084534,ifo001,0.0017705244293884429,1.020994494981415,0.4800000000000001
162.56285405158997,ifo002,0.010494231519116975,1.027038491481203,0.4800000000000001
162.58637356758118,ifo002,0.00017758887175085868,0.666508314661523,0.4800000000000001
162.6021330356598,ifo002,0.00012663739043367633,0.6209813972152749,0.4800000000000001
162.63117599487305,ifo001,0.00010000236093042401,0.7640550790265059,0.4800000000000001
162.65434551239014,ifo002,0.002736036434891371,0.713564557386242,0.4800000000000001
162.69113564491272,ifo002,0.001420237839943342,0.8418093356840679,0.4800000000000001
162.7661485671997,ifo001,0.9122536274513581,0.7588911336913857,0.4800000000000001
162.78373503684998,ifo001,0.03153650199422268,0.8304136146029213,0.4800000000000001
162.79872679710388,ifo001,0.05466044131833523,0.6316856343092137,0.4800000000000001
162.93328404426575,ifo001,0.3601147824479747,0.6994688219073979,0.4800000000000001
162.93705224990845,ifo001,0.09459254538828912,0.6368601063233397,0.4800000000000001
163.0173077583313,ifo002,0.15383733636045765,0.995639777505529,0.4800000000000001
163.11562252044678,ifo002,0.10442425454132309,0.8257576817181957,0.4800000000000001
163.1386680603027,ifo001,0.17909969450093338,1.3798215792860962,0.4800000000000001
163.21799993515015,ifo002,0.01313454486942613,1.0059645194401374,0.4800000000000001
163.2402527332306,ifo001,0.10460157757864266,0.7558700360613619,0.4800000000000001
163.27214288711548,ifo002,0.0074313741828593285,0.7307980550012394,0.4800000000000001
163.3081991672516,ifo002,0.05136075074218826,0.8231190940576061,0.4800000000000001
163.31350231170654,ifo002,0.042946021959445524,0.6266177471912912,0.4800000000000001
163.33171725273132,ifo001,0.008287240402114439,0.9750083252095314,0.4800000000000001
163.3616225719452,ifo002,7.62165816618463e-05,0.7262551192715688,0.4800000000000001
163.39316177368164,ifo002,0.07159454538771609,0.7907637918166991,0.4800000000000001
163.4783935546875,ifo001,0.1527493669172975,0.7829795350376131,0.4800000000000001
163.484689950943,ifo001,0.012590414696623968,0.7804385471899034,0.4800000000000001
163.50010871887207,ifo001,0.04572643443928811,0.6457101737852271,0.4800000000000001
163.637681722641,ifo001,0.23572936240266915,0.7512438331245344,0.4800000000000001
163.6401104927063,ifo001,0.08288339668479035,0.6235155255947669,0.4800000000000001
163.71293568611145,ifo002,0.06806488677423364,1.0687394174071314,0.4800000000000001
163.81459546089172,ifo002,0.043601646419443654,0.8871560325167951,0.4800000000000001
163.8294780254364,ifo001,0.20958294345481202,1.1467019846369142,0.4800000000000001
163.88519382476807,ifo002,0.016913319936161925,0.7935693948131634,0.4800000000000001
163.9106640815735,ifo001,0.09224102990032039,0.7269669126813043,0.4800000000000001
163.9455041885376,ifo002,1.4415401806812067e-05,0.920544752652219,0.4800000000000001
163.9630331993103,ifo002,0.026824409816180905,0.6830163244062695,0.4800000000000001
163.96737265586853,ifo002,0.019494208082345102,0.61279629581385,0.4800000000000001
163.9936456680298,ifo001,0.04133377146016086,0.9719897244572702,0.4800000000000001
164.02749705314636,ifo002,0.03963004697360054,0.679402589129129,0.4800000000000001
164.05660796165466,ifo002,0.020708613774500728,0.6913354856241577,0.4800000000000001
164.14765572547913,ifo001,0.1171261031049877,0.7749721319143836,0.4800000000000001
164.1554753780365,ifo001,0.039489549230705814,0.7529595010078307,0.4800000000000001
164.16986465454102,ifo001,0.007476186913120611,0.6247385650739782,0.4800000000000001
164.2926332950592,ifo001,0.2268356919785804,0.7165821186447081,0.4800000000000001
164.31031894683838,ifo001,0.02672270119827245,0.6263745363492998,0.4800000000000001
164.37652015686035,ifo002,0.014142143201449763,1.6922568991368907,0.4800000000000001
164.4527678489685,ifo002,0.01892681205514985,0.788258270259914,0.4800000000000001
164.48127484321594,ifo001,0.046697665936720464,1.8247646017650752,0.4800000000000001
164.54836201667786,ifo002,0.09746421741491555,0.8575468937523174,0.4800000000000001
164.5720613002777,ifo001,0.01566531708023138,0.7970037270640508,0.4800000000000001
164.60261225700378,ifo002,0.03602295664872933,0.6979530919841085,0.4800000000000001
164.6205756664276,ifo002,0.037462009035426895,0.7165740960087525,0.4800000000000001
164.625004529953,ifo002,0.0032603817197045413,0.6198131218892446,0.4800000000000001
164.64517045021057,ifo001,0.022386102881028984,0.7734624419894707,0.4800000000000001
164.68077611923218,ifo002,0.05575340161059445,0.6142230509403617,0.4800000000000001
164.73778295516968,ifo002,0.007928995539221334,0.633347979311689,0.4800000000000001
164.81515955924988,ifo001,0.018179471936387567,0.7907213533358944,0.4800000000000001
164.8344156742096,ifo001,0.04943128656184554,0.9235749283566459,0.4800000000000001
164.85051131248474,ifo001,0.01898957731628519,0.7290707808838527,0.4800000000000001
164.9909224510193,ifo001,0.0024896609411136543,0.6935999346450807,0.4800000000000001
165.00538063049316,ifo001,0.00036683707511718446,0.6360763396689039,0.4800000000000001
165.01011657714844,ifo001,0.004218479282552647,0.7529166420280986,0.4800000000000001
165.09104919433594,ifo002,1.8731572464992694e-05,1.2218913383828789,0.4800000000000001
165.1897497177124,ifo002,0.0694568604155828,0.9142875069554691,0.4800000000000001
165.21402645111084,ifo001,0.0513653209497726,0.9239949932903011,0.4800000000000001
165.27637267112732,ifo002,0.02914316607057181,0.7883476070416817,0.4800000000000001
165.30257368087769,ifo001,0.02090401696418368,1.0611368232741238,0.4800000000000001
165.33238887786865,ifo002,0.04440623866116875,0.7213195272186099,0.4800000000000001
165.3674099445343,ifo002,0.0026100827169576574,0.6988268909188061,0.4800000000000001
165.37167811393738,ifo002,0.00764138601685233,0.6240509268976715,0.4800000000000001
165.4085657596588,ifo001,0.09494019883993869,0.7372328975107694,0.4800000000000001
165.44004726409912,ifo002,0.15332115013659584,0.7215920591415855,0.4800000000000001
165.4740605354309,ifo002,0.0026975543131100544,0.9241092554216322,0.4800000000000001
165.575257062912,ifo001,0.025328349126216756,0.8589048283535168,0.4800000000000001
165.58382201194763,ifo001,0.04897161166120329,0.7505854646888699,0.4800000000000001
165.60128688812256,ifo001,0.019002416064109028,0.6523533741917606,0.4800000000000001
165.7415807247162,ifo001,0.014123909629660663,0.6933289704605287,0.4800000000000001
165.75472593307495,ifo001,0.002620003626333735,0.7944277845207117,0.4800000000000001
165.80637288093567,ifo002,0.21336724070410001,1.0320980042177814,0.4800000000000001
165.89177751541138,ifo002,0.006715703597651212,1.1608801005428486,0.4800000000000001
165.92513823509216,ifo001,0.012854672360188436,0.8027497398511235,0.4800000000000001
166.00529432296753,ifo002,0.018567328325302192,0.8241059471145424,0.4800000000000001
166.01810884475708,ifo001,0.033586505493420835,0.7453603242191769,0.4800000000000001
166.0435130596161,ifo002,0.02771786029213155,0.775064969124144,0.4800000000000001
166.0726215839386,ifo002,3.754172353997679e-05,0.6611826899293263,0.4800000000000001
166.0946831703186,ifo002,0.0002750339092307503,0.6226220480950113,0.4800000000000001
166.1197063922882,ifo001,0.0020847395148465044,1.1936032122323401,0.4800000000000001
166.1462800502777,ifo002,0.021877482241216606,0.7555423545911564,0.4800000000000001
166.1857397556305,ifo002,0.008389637573757078,0.7646855028927153,0.4800000000000001
166.27743697166443,ifo001,0.000999893786998645,0.8061451748839087,0.4800000000000001
166.30151844024658,ifo001,0.0011340115805140577,0.8239454064923193,0.4800000000000001
166.3227081298828,ifo001,0.0003037049228295387,0.6922194370649947,0.4800000000000001
166.45884346961975,ifo001,7.354751580941598e-05,0.7135806788851121,0.4800000000000001
166.46982073783877,ifo001,0.003082083421336876,0.7220329800969697,0.4800000000000001
166.53397154808044,ifo002,0.09556248462336418,1.2338752336240257,0.4800000000000001
166.6086492538452,ifo002,0.026521287924072157,1.0734604534382464,0.4800000000000001
166.65542197227478,ifo001,0.003777346879229484,1.0558048288097175,0.4800000000000001
166.71834993362427,ifo002,0.0033484510795608233,0.7769654615560783,0.4800000000000001
166.7336790561676,ifo001,0.007673235922556199,0.7848356400621289,0.4800000000000001
166.78728604316711,ifo002,0.018530683383900303,1.065645084998733,0.4800000000000001
166.81236696243286,ifo002,0.0034603209361461535,0.6661903774428648,0.4800000000000001
166.82356786727905,ifo002,0.0073360565836676755,0.6208046546009038,0.4800000000000001
166.84053492546082,ifo001,0.0026151489615379637,0.8675264118679314,0.4800000000000001
166.87342381477356,ifo002,0.006750524504812711,0.7623814879015858,0.4800000000000001
166.90377593040466,ifo002,0.014534066978881289,0.7419091091558769,0.4800000000000001
167.01257920265198,ifo001,0.001126277739841196,0.8035630285455219,0.4800000000000001
167.04223608970642,ifo001,0.0008072152347919466,0.8520190830250093,0.4800000000000001
167.15565848350525,ifo001,0.01355760964019758,0.7179415372697932,0.4800000000000001
167.1718077659607,ifo001,3.746739786066881e-06,0.8291261433777584,0.4800000000000001
167.25224542617798,ifo002,0.07384037366447699,1.0632759396672022,0.4800000000000001
167.32976078987122,ifo002,0.00278340264635339,0.9880572292160509,0.4800000000000001
167.35336804389954,ifo001,0.0021304980729034456,1.0353755796601547,0.4800000000000001
167.40707659721377,ifo002,8.39419783842805e-05,0.7451203616871025,0.4800000000000001
167.45927667617798,ifo001,3.315547639149844e-05,0.884607712129442,0.4800000000000001
167.50657606124878,ifo002,0.01715758326567523,0.9824183293868901,0.4800000000000001
167.53102326393127,ifo002,0.0029708949314884757,0.7643163121998403,0.4800000000000001
167.57852387428284,ifo001,0.0026004919781128974,0.9330522849650407,0.4800000000000001
167.63109517097473,ifo002,0.0024500774469900675,0.7008493304962913,0.4800000000000001
167.69497680664062,ifo002,0.015884537120981628,0.7088341221654455,0.4800000000000001
167.82365489006042,ifo001,0.001892155081584663,1.0280031990558494,0.4800000000000001
167.82516384124756,ifo001,0.006448281081471913,0.7834089502453001,0.4800000000000001
167.85019207000732,ifo001,7.50860189112103e-05,0.7344147207782608,0.4800000000000001
167.9713258743286,ifo001,0.013077874054433223,0.7328250489072559,0.4800000000000001
167.9875385761261,ifo001,0.003048079350790555,0.73872239840958,0.4800000000000001
168.0766863822937,ifo002,0.03225224885157988,1.1144767112719687,0.4800000000000001
168.15129947662354,ifo002,0.10972361419288422,0.8918562086100036,0.4800000000000001
168.18255186080933,ifo001,6.864033642241095e-05,1.0358961305061178,0.4800000000000001
168.23543000221252,ifo002,0.008550440591662609,0.9471678461973099,0.4800000000000001
168.2527313232422,ifo001,0.002636285893370759,0.8204018978560683,0.4800000000000001
168.28725600242615,ifo002,0.0038818420610411274,1.0252620382326767,0.4800000000000001
168.29842877388,ifo002,0.003012767193297547,0.8329261677289859,0.4800000000000001
168.332102060318,ifo002,0.00954359827929223,0.6742761643102647,0.4800000000000001
168.35147666931152,ifo001,0.020766993607425167,0.8831161171246449,0.4800000000000001
168.39402294158936,ifo002,0.008978565802348303,0.6454543610598883,0.4800000000000001
168.45268964767456,ifo002,2.2875252830038298e-05,0.7691031964338436,0.4800000000000001
168.55192351341248,ifo001,0.014447505522598325,0.8646303215064237,0.4800000000000001
168.55887866020203,ifo001,0.0064314842502530565,0.8516789806199003,0.4800000000000001
168.57302284240723,ifo001,0.0025290291735973417,0.6594931827092964,0.4800000000000001
168.69899129867554,ifo001,0.016326027053360635,0.7113254784300971,0.4800000000000001
168.71541810035706,ifo001,0.05165374446139152,0.7539928464499303,0.4800000000000001
168.77511358261108,ifo002,0.004190137971399081,0.9153978022582957,0.4800000000000001
168.88633942604065,ifo002,3.2708337004413935e-06,0.8970396885333496,0.4800000000000001
168.91093611717224,ifo001,0.012020811521644123,1.2391584816880337,0.4800000000000001
168.96653747558594,ifo002,0.0001726017012466577,0.7474900806828622,0.4800000000000001
169.00414490699768,ifo001,1.698467738570761e-06,0.7689026347989446,0.4800000000000001
169.02022981643677,ifo001,0.004308596130688805,0.6694949397322112,0.4800000000000001
169.05352640151978,ifo002,0.002588786230753758,1.4952956883836768,0.4800000000000001
169.0694980621338,ifo002,0.07835655843925383,0.8336038290352623,0.4800000000000001
169.09129452705383,ifo002,0.046047776465672936,0.7765842716430063,0.4800000000000001
169.11578226089478,ifo001,0.00332963560089727,1.0324382625386632,0.4800000000000001
169.15374660491943,ifo002,1.5561293187947013e-05,0.6267797975235581,0.4800000000000001
169.19381618499756,ifo002,0.001878181696140826,0.6549607474147583,0.4800000000000001
169.3030014038086,ifo001,0.13974026293163083,0.7917049485517523,0.4800000000000001
169.31648182868958,ifo001,0.048820660229809236,0.8377684568720818,0.4800000000000001
169.32888555526733,ifo001,0.027971241477674852,0.6322322325890826,0.4800000000000001
169.44293355941772,ifo001,0.3165728217979399,0.6969954767897562,0.4800000000000001
169.457293510437,ifo001,0.15833736953699676,0.6250146044170317,0.4800000000000001
169.5164396762848,ifo002,0.0820311351477723,0.9319862368058444,0.4800000000000001
169.6242709159851,ifo002,0.0028762432316269773,0.9372439899927356,0.4800000000000001
169.650728225708,ifo001,0.20879124566634882,1.245182978209114,0.4800000000000001
169.73577570915222,ifo002,0.005666615666108623,0.8146505858502897,0.4800000000000001
169.74581217765808,ifo001,0.08906519312507917,0.7634583456455077,0.4800000000000001
169.7817449569702,ifo002,0.010558041183799383,1.2922325549936793,0.4800000000000001
169.79370093345642,ifo002,0.014401956561739466,0.8549505960765174,0.4800000000000001
169.8287434577942,ifo002,7.292827002729748e-05,0.7396579923711077,0.4800000000000001
169.8481616973877,ifo001,0.024615119940287727,1.036181387235743,0.4800000000000001
169.87940526008606,ifo002,0.02680091472804387,0.6202013366633741,0.4800000000000001
169.9298038482666,ifo002,0.015348719208930434,0.7107321921131909,0.4800000000000001
170.05714106559753,ifo001,0.27181944960175575,0.9082734479388901,0.4800000000000001
170.07372903823853,ifo001,0.06002563496925585,0.7196999323205426,0.4800000000000001
170.09485864639282,ifo001,0.004649154464958568,0.6651040448033773,0.4800000000000001
170.21319007873535,ifo001,0.10616716314958113,0.7535628720571415,0.4800000000000001
170.22308135032654,ifo001,0.19642808271280196,0.6283721025751369,0.4800000000000001
170.28810048103333,ifo002,0.03731098023150557,1.0834837981194814,0.4800000000000001
170.3869867324829,ifo002,0.019343232549278375,0.8485230442086692,0.4800000000000001
170.41041040420532,ifo001,0.2075966421698745,1.3305823024132413,0.4800000000000001
170.46946692466736,ifo002,0.0006890411391345844,0.7552252942751227,0.4800000000000001
170.49964547157288,ifo001,0.13288278021441746,0.7873977735786883,0.4800000000000001
170.5312557220459,ifo002,0.02263228443372744,1.1307300313133468,0.4800000000000001
170.5484983921051,ifo002,0.008244535764265454,1.005217916232266,0.4800000000000001
170.57192516326904,ifo002,9.669723553654829e-05,0.7807246642404226,0.4800000000000001
170.58526492118835,ifo001,0.015671472529352762,1.0245578035380407,0.4800000000000001
170.6185085773468,ifo002,0.0034123473765614396,0.6177574128360812,0.4800000000000001
170.64912605285645,ifo002,0.004293538140155103,0.6329402370469743,0.4800000000000001
170.75919032096863,ifo001,0.5488783262538491,0.8203960051767958,0.4800000000000001
170.7686107158661,ifo001,0.05045553821278216,0.7047287765056012,0.4800000000000001
170.78862261772156,ifo001,0.02471686573639449,0.638247186950627,0.4800000000000001
170.911292552948,ifo001,0.001890721848869409,0.7610515780505855,0.4800000000000001
170.9181113243103,ifo001,0.03170547423069767,0.6614869354063947,0.4800000000000001
170.9847526550293,ifo002,0.0038854833431078454,1.1058706905483762,0.4800000000000001
171.09829926490784,ifo002,0.008254884056060119,0.8358887426127609,0.4800000000000001
171.20514488220215,ifo001,0.09187036118269779,1.514457620916184,0.4800000000000001
171.28226017951965,ifo002,0.006021520874367709,0.9074331488609229,0.4800000000000001
171.30589365959167,ifo001,0.015183920348167785,0.8109965657242548,0.4800000000000001
171.33142113685608,ifo002,0.0008147275716053082,0.9516554807658282,0.4800000000000001
171.35737705230713,ifo002,0.0002709118001129383,0.8880227711719877,0.4800000000000001
171.36439538002014,ifo002,0.0005086716720038277,0.7103831559183398,0.4800000000000001
171.39769983291626,ifo001,0.002189151962439771,1.2344396894228773,0.4800000000000001
171.43841814994812,ifo002,0.0034142369550071174,0.6487098455723509,0.4800000000000001
171.48065972328186,ifo002,0.0004685622183893607,0.7138277012561066,0.4800000000000001
171.56756687164307,ifo001,0.5962259528275007,0.827401082222929,0.4800000000000001
171.58907985687256,ifo001,0.06570107229743805,0.8959010497433227,0.4800000000000001
171.5990812778473,ifo001,0.0039652283817443205,0.6421945953403655,0.4800000000000001
171.7398054599762,ifo001,0.014805563726880668,0.7980579551154592,0.4800000000000001
171.7487633228302,ifo001,0.044715716327473336,0.6626828113660197,0.4800000000000001
171.8050467967987,ifo002,0.010267416916392708,1.041111893596053,0.4800000000000001
171.90109086036682,ifo002,0.016112535262260967,0.8359397890828768,0.4800000000000001
171.93605422973633,ifo001,0.04524400704850792,0.967561944451848,0.4800000000000001
171.99300813674927,ifo002,0.0590834667870297,0.791947611333887,0.4800000000000001
172.0213840007782,ifo001,0.009130968426069384,0.7267630351467674,0.4800000000000001
172.05255937576294,ifo002,4.6112181343389376e-05,0.7922301575537263,0.4800000000000001
172.07104587554932,ifo002,0.03636514207528722,0.8251779544046244,0.4800000000000001
172.08449578285217,ifo002,0.00275482438848334,0.6293514285663246,0.4800000000000001
172.0991702079773,ifo001,0.0009971624523917642,1.077390527797358,0.4800000000000001
172.14213514328003,ifo002,0.038026137501287624,0.6857316186087556,0.4800000000000001
172.17480421066284,ifo002,4.296470100213588e-06,0.668987422442236,0.4800000000000001
172.27193021774292,ifo001,0.0002440882255616627,0.8039455705625094,0.4800000000000001
172.277410030365,ifo001,0.045402674861008616,0.8331835275849202,0.4800000000000001
172.29308128356934,ifo001,0.00010378774882541597,0.7632113057646028,0.4800000000000001
172.30231547355652,ifo001,0.004594287828663684,0.6579389811818382,0.4800000000000001
172.43006801605225,ifo001,0.002382649033539994,0.6601201849378916,0.4800000000000001
172.43989992141724,ifo001,0.001748648609310003,0.6801367126364839,0.4800000000000001
172.4929666519165,ifo002,0.00016303744822909798,1.2292183840759932,0.4800000000000001
172.57655215263367,ifo002,0.0004932399004657185,0.8151037778989055,0.4800000000000001
172.6024558544159,ifo001,0.0004235276600760404,0.7283796195734673,0.4800000000000001
172.64634919166565,ifo002,0.006261581868081134,0.8719726583962629,0.4800000000000001
172.66334867477417,ifo001,0.002433176777599784,0.6850851342003771,0.4800000000000001
172.70576000213623,ifo002,0.004874059580610939,0.734152659058475,0.4800000000000001
172.7323453426361,ifo002,0.007617518278598669,0.7348138836195584,0.4800000000000001
172.73361206054688,ifo002,0.0035850705091619206,0.6295608357266127,0.4800000000000001
172.74921989440918,ifo001,0.008097559312129831,0.9717749900277626,0.4800000000000001
172.79466128349304,ifo002,0.0003179168121103697,0.6799016564589749,0.4800000000000001
172.8388738632202,ifo002,0.011763117590473316,0.6627196830369456,0.4800000000000001
172.95202112197876,ifo001,0.006794954158369435,0.8995702011610498,0.4800000000000001
172.95614099502563,ifo001,0.0073729076002334425,0.7430284010182812,0.4800000000000001
172.9849877357483,ifo001,0.0026836164603247503,0.6929357495279359,0.4800000000000001
173.13387060165405,ifo001,0.029494796022136217,0.7648347572650004,0.4800000000000001
173.1474108695984,ifo001,0.016587673723458624,0.7562787069490524,0.4800000000000001
173.20465207099917,ifo002,0.05808437209629038,1.127358286899947,0.4800000000000001
173.28255605697632,ifo002,0.005334534186145327,1.0368640437419927,0.4800000000000001
173.3104796409607,ifo001,0.0037231681122690914,0.9596976535916442,0.4800000000000001
173.3655059337616,ifo002,0.00011379990893080478,0.7904320277295986,0.4800000000000001
173.40038514137268,ifo001,0.032933235604926364,0.8469040957510534,0.4800000000000001
173.43632292747498,ifo002,0.001999090501553396,0.7624492330973628,0.4800000000000001
173.45689296722412,ifo002,0.019472699444202306,0.6824434039534804,0.4800000000000001
173.46129894256592,ifo002,0.0005458732982239704,0.6121361386134576,0.4800000000000001
173.47852325439453,ifo001,0.00024161513732191101,0.7437429632035348,0.4800000000000001
173.51572799682617,ifo002,0.01887275833699104,0.737555300111898,0.4800000000000001
173.5491693019867,ifo002,0.013141860280960871,0.871742827911508,0.4800000000000001
173.63059878349304,ifo001,0.011714451551622167,0.7751366356153381,0.4800000000000001
173.64117193222046,ifo001,0.008583263755945661,0.7758905245074628,0.4800000000000001
173.6697678565979,ifo001,0.009173419161077046,0.6340646762369424,0.4800000000000001
173.8000626564026,ifo001,9.163304290020327e-05,0.7207549445150068,0.4800000000000001
173.82415556907654,ifo001,0.013438199154960199,0.7122979063212241,0.4800000000000001
173.89947295188904,ifo002,0.014899357617500676,0.9192148261513167,0.4800000000000001
173.9883255958557,ifo002,6.541643740975052e-05,1.1415544038273895,0.4800000000000001
174.10184741020203,ifo001,0.0062684763746407406,1.4629602623053217,0.4800000000000001
174.1585783958435,ifo002,0.006856663070748634,0.8641278002586856,0.4800000000000001
174.1815745830536,ifo001,0.005616005800742298,0.9461523058992732,0.4800000000000001
174.20937728881836,ifo002,0.0010727608917023357,1.131939073270789,0.4800000000000001
174.23521208763125,ifo002,0.0108849061761833,0.757844837705215,0.4800000000000001
174.2390012741089,ifo002,0.003341216132198603,0.6793096526726032,0.4800000000000001
174.2585060596466,ifo001,0.02669262847105404,0.8618626397074844,0.4800000000000001
174.3061339855194,ifo002,0.000336388138748109,0.6607042824238953,0.4800000000000001
174.33101844787598,ifo002,0.0014499246212484075,0.7087886503260463,0.4800000000000001
174.42220306396484,ifo001,0.02779192229542583,0.8515401653511157,0.4800000000000001
174.42441320419312,ifo001,0.008264593489600342,0.7758676364593788,0.4800000000000001
174.44095730781555,ifo001,0.023128348512307714,0.6238934328933469,0.4800000000000001
174.5612075328827,ifo001,0.016659365120588358,0.7043288434443654,0.4800000000000001
174.57319831848145,ifo001,0.027462026797339504,0.7176061136388034,0.4800000000000001
174.6419975757599,ifo002,0.01790941010081262,0.890207452134476,0.4800000000000001
174.7326955795288,ifo002,0.02515382269345176,1.0662701270190733,0.4800000000000001
174.75985884666443,ifo001,0.11980638018685374,1.1558584621364711,0.4800000000000001
174.8186957836151,ifo002,0.0007876763681922438,0.784409448189334,0.4800000000000001
174.87071633338928,ifo002,0.024638117627873397,0.9308752690154629,0.4800000000000001
174.88929104804993,ifo002,0.0038325374061891396,0.802054100860586,0.4800000000000001
174.89721822738647,ifo002,9.548343763003797e-05,0.6602033517201809,0.4800000000000001
174.918931722641,ifo001,0.02760406570242447,1.1830771663738555,0.4800000000000001
174.94927167892456,ifo002,0.004387828697400301,0.6626931591582942,0.4800000000000001
174.97595524787903,ifo002,0.012925948004547431,0.7183004436594124,0.4800000000000001
175.08018136024475,ifo001,0.005788199488101912,0.8655250040291151,0.4800000000000001
175.09424471855164,ifo001,0.0021430734240560313,0.7976645240053692,0.4800000000000001
175.10458827018738,ifo001,0.0011686744255217055,0.6568651411795435,0.4800000000000001
175.24914646148682,ifo001,0.0007778730856560691,0.7103661480439253,0.4800000000000001
175.2611403465271,ifo001,0.00019255567651772884,0.7024306146519325,0.4800000000000001
175.33243465423584,ifo002,0.01725387666011637,0.9914841605698316,0.4800000000000001
175.41141295433044,ifo002,0.00011583454073720527,0.894336267014985,0.4800000000000001
175.43541646003723,ifo001,0.0158824491891574,1.1173616934011175,0.4800000000000001
175.48532128334045,ifo002,0.06940586996286066,0.740669968847331,0.4800000000000001
175.51876378059387,ifo001,0.00014442355635287896,0.786823238253701,0.4800000000000001
175.5540008544922,ifo002,0.0006745502274514923,1.1642461900269274,0.4800000000000001
175.5738718509674,ifo002,0.040603487795853654,0.7025872125359481,0.4800000000000001
175.58060765266418,ifo002,0.03964036993665044,0.6591880602597896,0.4800000000000001
175.61250925064087,ifo001,0.001139519546708788,0.7603981960933821,0.4800000000000001
175.66029405593872,ifo002,0.037302618061970196,0.6391548952131421,0.4800000000000001
175.69266867637634,ifo002,0.03425150282166748,0.6837704052325884,0.4800000000000001
175.77500796318054,ifo001,2.1288003311860477e-05,0.7904911723747792,0.4800000000000001
175.78416538238525,ifo001,0.026444258208179822,0.8396475370824354,0.4800000000000001
175.8082344532013,ifo001,3.618970294051522e-07,0.691689260952741,0.4800000000000001
175.9570710659027,ifo001,0.011475862810808458,0.7032127972422269,0.4800000000000001
175.96854972839355,ifo001,0.05108140237163992,0.7650492759784576,0.4800000000000001
176.02958822250366,ifo002,0.007754647814187134,1.2090211888169913,0.4800000000000001
176.11894154548645,ifo002,0.04468763966814187,0.8795026252762657,0.4800000000000001
176.15102314949036,ifo001,4.788951289007891e-05,0.8192270558878698,0.4800000000000001
176.19927716255188,ifo002,0.013579765107357407,0.8135752703336563,0.4800000000000001
176.22085905075073,ifo001,0.008712697805818176,0.7316660620169103,0.4800000000000001
176.25593757629397,ifo002,0.01720847464870131,0.7820360344573849,0.4800000000000001
176.27714371681213,ifo002,0.00322251615470985,0.8555088453092614,0.4800000000000001
176.2894184589386,ifo002,0.0005432185141018045,0.6762421620270342,0.4800000000000001
176.30099534988403,ifo001,0.007573473803870267,0.9886850054046915,0.4800000000000001
176.33897256851196,ifo002,0.0014819246381119061,0.6262062589356987,0.4800000000000001
176.38230776786804,ifo002,0.03508726872227239,0.6961860328806724,0.4800000000000001
176.48721837997437,ifo001,0.04151829102206478,0.8388353656695113,0.4800000000000001
176.50221419334412,ifo001,0.0008565314058115903,0.7331400566975443,0.4800000000000001
176.52185106277466,ifo001,0.018627555634432524,0.6401812253364889,0.4800000000000001
176.6500997543335,ifo001,0.1936020172990202,0.7905625174381881,0.4800000000000001
176.6566400527954,ifo001,0.05551899158495729,0.641444471234377,0.4800000000000001
176.7188594341278,ifo002,0.016843370103121275,1.0191139818318575,0.4800000000000001
176.80010080337524,ifo002,0.005204000625183754,0.820448657632872,0.4800000000000001
176.83210277557373,ifo001,0.21895630821147793,1.5274306743306458,0.4800000000000001
176.8963906764984,ifo002,0.005189009322657021,0.7702157762339623,0.4800000000000001
176.91754746437073,ifo001,0.08135422136136031,0.8040217413294264,0.4800000000000001
176.95112419128418,ifo002,0.0198969378368975,1.0912771248394821,0.4800000000000001
176.96753406524658,ifo002,0.0013114542839258332,0.6732154093624253,0.4800000000000001
176.97938919067383,ifo002,0.0035652219322336557,0.6260209384198099,0.4800000000000001
176.99185013771057,ifo001,0.028103117246569567,0.8634289926948895,0.4800000000000001
177.04038190841675,ifo002,0.0036387230514927284,0.6933889661765161,0.4800000000000001
177.07451915740967,ifo002,0.0008244625661209111,0.8894636809449283,0.4800000000000001
177.18287301063538,ifo001,0.05304508732190308,0.8101478718465314,0.4800000000000001
177.1844346523285,ifo001,0.033368515944557746,0.7854072159711265,0.4800000000000001
177.20274353027344,ifo001,0.0221450269389719,0.634287857739373,0.4800000000000001
177.34265065193176,ifo001,0.6518912459275082,0.7451620557913149,0.4800000000000001
177.36639380455017,ifo001,0.08053609518979507,0.6580045710908792,0.4800000000000001
177.4158170223236,ifo002,0.00015473114274136367,1.1697307117955318,0.4800000000000001
177.53359031677246,ifo002,5.1202880126914534e-05,0.8415580280543264,0.4800000000000001
177.5694944858551,ifo001,0.09632481344808143,1.6171142925002449,0.4800000000000001
177.62927889823914,ifo002,0.031168936073513714,0.858788137019143,0.4800000000000001
177.64855670928955,ifo001,0.012003171733835262,0.7437180339580012,0.4800000000000001
177.6876926422119,ifo002,0.0010583887849921487,0.7498970337840389,0.4800000000000001
177.70822405815125,ifo002,0.00525062958388576,0.877172977511335,0.4800000000000001
177.72077178955078,ifo002,0.0016232741796025803,0.6794412034655146,0.4800000000000001
177.7505543231964,ifo001,0.0004232541037447197,1.1944536159791985,0.4800000000000001
177.78185296058655,ifo002,0.0051174237610670794,0.632204959417773,0.4800000000000001
177.809796333313,ifo002,0.0033955172003283015,0.6991596367280506,0.4800000000000001
177.89972591400146,ifo001,0.6286601730828184,0.8231311328978979,0.4800000000000001
177.90523052215576,ifo001,0.06585111351505686,0.9326865320419022,0.4800000000000001
177.92608904838562,ifo001,0.07290598647073336,0.6936028024349188,0.4800000000000001
178.04207396507263,ifo001,0.031113251397249856,0.6914211790223984,0.4800000000000001
178.05490493774414,ifo001,0.029350184339435675,0.6505462484665294,0.4800000000000001
178.10572957992554,ifo002,0.0668162433152598,1.1816905266986537,0.4800000000000001
178.20715498924255,ifo002,0.002292536610869087,0.8195790077126272,0.4800000000000001
178.24899315834045,ifo001,0.0003044257378803663,0.8561445496758795,0.4800000000000001
178.2975447177887,ifo002,0.001216108366538665,0.7631320999277635,0.4800000000000001
178.31297326087952,ifo001,0.006266772036805098,0.7592668545687729,0.4800000000000001
178.34767770767212,ifo002,0.01952700753366494,0.9368987932864903,0.4800000000000001
178.36468291282654,ifo002,0.16947936779155734,0.6720729740514908,0.4800000000000001
178.3726098537445,ifo002,0.018717617041688093,0.6624169393642312,0.4800000000000001
178.39733934402466,ifo001,0.0009172964047913159,0.8162362154991907,0.4800000000000001
178.42510557174683,ifo002,0.02742135467941603,0.6027065769553558,0.4800000000000001
178.45303606987,ifo002,0.002654332367363532,0.634836615961546,0.4800000000000001
178.56597924232483,ifo001,0.051573023813609495,0.7901568936504777,0.4800000000000001
178.5732355117798,ifo001,0.01615024660744845,0.7875233072818362,0.4800000000000001
178.59081554412842,ifo001,0.004122872772375795,0.6791503468849625,0.4800000000000001
178.71377611160278,ifo001,0.07978016083091281,0.7612469495146962,0.4800000000000001
178.72266507148743,ifo001,0.007061846080845112,0.6260518426503195,0.4800000000000001
178.7773118019104,ifo002,0.17032759412799334,1.247794540776903,0.4800000000000001
178.8753411769867,ifo002,0.0008303873439491889,1.0059125743448087,0.4800000000000001
178.8993444442749,ifo001,0.015469492231540228,0.946330865705476,0.4800000000000001
178.97889971733093,ifo002,0.0020601852122919904,0.8143518120758195,0.4800000000000001
179.00075101852417,ifo001,0.006330187930670365,0.7411892991122765,0.4800000000000001
179.05232524871826,ifo002,0.012729611415615094,1.2756494916938816,0.4800000000000001
179.06827306747437,ifo002,0.06283797982361367,0.6785584733846114,0.4800000000000001
179.07137084007263,ifo002,0.027192364758560208,0.631548639588238,0.4800000000000001
179.08734846115112,ifo001,0.00041206708751347185,1.1992272495360292,0.4800000000000001
179.12478613853455,ifo002,0.0019738874771976665,0.6267810297524224,0.4800000000000001
179.1565203666687,ifo002,0.0006261332096035546,0.7554600731813922,0.4800000000000001
179.25752878189087,ifo001,0.33553816244618145,0.8016195370628915,0.4800000000000001
179.25824332237244,ifo001,0.10667384282128085,0.7777937640683483,0.4800000000000001
179.28558564186096,ifo001,0.08903229917481761,0.6586077432394679,0.4800000000000001
179.42076325416565,ifo001,0.017175388506721147,0.8628668743729002,0.4800000000000001
179.4303240776062,ifo001,0.11149936311350749,0.6316052836639616,0.4800000000000001
179.50099158287048,ifo002,0.02915467525475189,0.9439343394824633,0.4800000000000001
179.58579206466675,ifo002,0.008165833598095106,0.7968204725118002,0.4800000000000001
179.61642408370972,ifo001,0.19273542337191735,0.9603217829761594,0.4800000000000001
179.68909740447998,ifo002,0.01328662712644406,0.7505601607969856,0.4800000000000001
179.70719408988953,ifo001,0.04990668496271515,0.7588440702741508,0.4800000000000001
179.751971244812,ifo002,0.0008344411667157091,1.1318379778478178,0.4800000000000001
179.76826739311218,ifo002,0.00048608715090848667,0.8296313815909876,0.4800000000000001
179.77732968330383,ifo002,0.0006404624407304211,0.6939013708091699,0.4800000000000001
179.79484581947327,ifo001,0.03952123542450274,1.0774667436255894,0.4800000000000001
179.83056020736694,ifo002,0.0004012915794978443,0.6202395467380107,0.4800000000000001
179.8549199104309,ifo002,0.01780888909883324,0.7197255759441237,0.4800000000000001
179.94696831703186,ifo001,0.0019085177252445632,0.9169727296222995,0.4800000000000001
179.95516729354858,ifo001,0.010727228953226186,0.6933808123576827,0.4800000000000001
180.00191044807434,ifo001,0.009515360466784023,0.6839091823784493,0.4800000000000001
180.11287117004397,ifo001,0.01638939481878256,0.7878652847300628,0.4800000000000001
180.12516450881958,ifo001,0.000157067156631103,0.6900017025679172,0.4800000000000001
180.1815719604492,ifo002,0.004720451811678066,1.119893772820146,0.4800000000000001
180.2622091770172,ifo002,0.02413634090381592,0.7937259244214707,0.4800000000000001
180.2909619808197,ifo001,0.010607283763816542,0.94109325378254,0.4800000000000001
180.33922672271729,ifo002,0.0054263802293026955,0.8477208663977625,0.4800000000000001
180.3745379447937,ifo001,0.005639509948630618,0.9119353046571133,0.4800000000000001
180.40476512908936,ifo002,7.659954230267347e-05,0.7767302000020915,0.4800000000000001
180.4393737316132,ifo002,0.026342500377553795,0.7936506817301945,0.4800000000000001
180.44257164001465,ifo002,0.0038749880642627616,0.7162503602065203,0.4800000000000001
180.46751737594604,ifo001,0.017823296285087536,0.7698868027362553,0.4800000000000001
180.50015306472775,ifo002,0.00999259911229303,0.6118121225142645,0.4800000000000001
180.53044939041135,ifo002,0.00042611411910645295,0.5951152810849468,0.4800000000000001
180.624315738678,ifo001,0.005164062550509154,0.8436198728971515,0.4800000000000001
180.63407945632932,ifo001,0.06385562978027848,0.7429013713126911,0.4800000000000001
180.6459355354309,ifo001,2.0831735571459653e-06,0.7275454315294445,0.4800000000000001
180.76492404937744,ifo001,0.0007785035721901538,0.7091311486464857,0.4800000000000001
180.7787654399872,ifo001,0.009704933183532412,0.6700832136543291,0.4800000000000001
180.83570623397827,ifo002,0.0020522172568110614,1.0857125041675353,0.4800000000000001
180.9448130130768,ifo002,0.05440607741911651,0.8701707844337043,0.4800000000000001
180.97314286231995,ifo001,0.0009458813969035027,1.1206927491919763,0.4800000000000001
181.01540660858157,ifo002,0.016444612428398928,0.8835915966118211,0.4800000000000001
181.0382537841797,ifo001,0.004031947902094413,0.8185582949797426,0.4800000000000001
181.06334257125852,ifo002,0.007831938153733559,0.7095933123212385,0.4800000000000001
181.08919525146484,ifo002,0.23628846206185425,0.6793175741183837,0.4800000000000001
181.10107135772705,ifo002,0.07405510270342855,0.6076040848065367,0.4800000000000001
181.105815410614,ifo001,0.02646254513548474,0.7633374139735163,0.4800000000000001
181.14062595367432,ifo002,0.0015176888247323591,0.8054587953499504,0.4800000000000001
181.18473291397092,ifo002,0.028359426134145254,0.7245304973138931,0.4800000000000001
181.2854995727539,ifo001,0.000174189986919683,0.7903971659881505,0.4800000000000001
181.29875016212463,ifo001,0.017033258219685717,0.8267789908937129,0.4800000000000001
181.3098313808441,ifo001,0.00530381594469887,0.7088692938528134,0.4800000000000001
181.4560043811798,ifo001,0.004386881293097672,0.7241649082395791,0.4800000000000001
181.46364736557007,ifo001,0.004552583146228421,0.700336400989935,0.4800000000000001
181.5456056594849,ifo002,0.0012332717363669886,0.9465720042161865,0.4800000000000001
181.6128363609314,ifo002,0.07992580477707237,1.2667327765612648,0.4800000000000001
181.65206146240237,ifo001,0.00011485442280162216,0.8098349365586477,0.4800000000000001
181.70178818702695,ifo002,0.08565095283912934,0.8684225183713855,0.4800000000000001
181.73529648780823,ifo001,0.009614390421198004,0.7379467191789661,0.4800000000000001
181.74957489967343,ifo001,0.003178374910900127,0.6481520348059573,0.4800000000000001
181.7920858860016,ifo002,0.19428360151293766,0.9247617201531289,0.4800000000000001
181.8113775253296,ifo002,0.011487917025251076,0.8704496117968177,0.4800000000000001
181.82073307037356,ifo002,0.0005865628444818006,0.6734562310054881,0.4800000000000001
181.85697960853577,ifo001,0.00773389883043615,0.988059955466562,0.4800000000000001
181.89863085746765,ifo002,0.19032225019639934,0.6247795536463193,0.4800000000000001
181.9288184642792,ifo002,0.11356144174925743,0.6007742519964558,0.4800000000000001
182.0205328464508,ifo001,0.003906355789032499,0.7973448067868383,0.4800000000000001
182.02847337722775,ifo001,0.0020146861208512035,0.7402765431800723,0.4800000000000001
182.04329180717468,ifo001,0.032240103589746716,0.6215520341957318,0.4800000000000001
182.1831533908844,ifo001,0.00838714662253257,0.7616241336007438,0.4800000000000001
182.21337699890137,ifo001,0.0004274899167177698,0.6805708081296332,0.4800000000000001
182.2886998653412,ifo002,0.018351675940034107,1.7225226504249322,0.4800000000000001
182.36301398277283,ifo002,0.027016635350311336,0.8851970983241337,0.4800000000000001
182.39081692695615,ifo001,0.03240926133467205,1.2941817801001623,0.4800000000000001
182.44650983810425,ifo002,0.029548658842453307,0.7486194304952556,0.4800000000000001
182.4723389148712,ifo001,0.02129721437271561,0.7501733442589122,0.4800000000000001
182.5159642696381,ifo002,0.01780881354208106,0.7843836589729446,0.4800000000000001
182.54889369010925,ifo002,0.053396589004985354,0.6728027505428914,0.4800000000000001
182.55684661865237,ifo002,0.015290836234001045,0.6281729023435823,0.4800000000000001
182.571355342865,ifo001,0.010812438251426033,0.9701894768007477,0.4800000000000001
182.6107406616211,ifo002,0.020108019016148473,0.6333934470338695,0.4800000000000001
182.6446685791016,ifo002,0.009524687303969073,0.6247895325668489,0.4800000000000001
182.7552070617676,ifo001,0.10378384224107998,0.825616631969572,0.4800000000000001
182.76060342788696,ifo001,0.006016856940084749,0.9102544190150753,0.4800000000000001
182.7801718711853,ifo001,0.05896434300438119,0.6510424479612434,0.4800000000000001
182.90152716636655,ifo001,0.001628164980188382,0.6993471088790489,0.4800000000000001
182.9347915649414,ifo001,0.027629301873638105,0.7199592723554742,0.4800000000000001
182.98936986923215,ifo002,0.01558771386484186,1.0885071884449609,0.4800000000000001
183.08039045333865,ifo002,0.000649678158604945,1.046520556745726,0.4800000000000001
183.0954945087433,ifo001,0.007924900083785411,0.8988463535195163,0.4800000000000001
183.1423361301422,ifo002,0.0465666993912686,0.7600586346327247,0.4800000000000001
183.1706871986389,ifo001,0.02468714229771723,0.7555372724367122,0.4800000000000001
183.20807576179504,ifo002,0.0157163910768291,0.8348431156077674,0.4800000000000001
183.22875928878784,ifo002,0.002628384870494778,0.6661993118199214,0.4800000000000001
183.2421131134033,ifo002,0.004395789428916373,0.616740011343404,0.4800000000000001
183.25407218933103,ifo001,0.011947353166854628,0.9244449794424272,0.4800000000000001
183.31914567947388,ifo002,0.0035518854090738753,0.716537353271129,0.4800000000000001
183.32166290283203,ifo002,0.005109581855142604,0.735238516182678,0.4800000000000001
183.40893745422363,ifo001,0.001828735071179177,0.797017537683712,0.4800000000000001
183.4145712852478,ifo001,0.0009662476744706762,0.8922425504897044,0.4800000000000001
183.43649077415463,ifo001,0.00014801631924385233,0.6276063691231248,0.4800000000000001
183.57077860832212,ifo001,0.03519201519504958,0.6804394857099147,0.4800000000000001
183.58357286453247,ifo001,0.0004386195681659948,0.7594640505913995,0.4800000000000001
183.67423677444455,ifo002,0.020569690266396778,1.0413669349378838,0.4800000000000001
183.8062391281128,ifo002,0.03411316980882708,0.9916166163561928,0.4800000000000001
183.8345398902893,ifo001,0.00476874254311488,1.2973079544390038,0.4800000000000001
183.88325905799863,ifo002,0.010532695503640036,0.9380762069455593,0.4800000000000001
183.9109559059143,ifo001,0.0002726962936478867,0.940909500461719,0.4800000000000001
183.9476478099823,ifo002,0.02027569666991058,0.6997210126730372,0.4800000000000001
183.9663507938385,ifo002,0.0018976183133633064,0.7440036440464524,0.4800000000000001
183.9779453277588,ifo002,0.003567312563956705,0.6677444803468466,0.4800000000000001
184.0055315494537,ifo001,0.0003109822900517838,0.8494317790349828,0.4800000000000001
184.03740286827087,ifo002,0.027078530637463395,0.6168467974177432,0.4800000000000001
184.0775184631348,ifo002,0.010881624555471845,0.6103803060548674,0.4800000000000001
184.1822440624237,ifo001,0.07075051412500986,0.8394743425693705,0.4800000000000001
184.192319393158,ifo001,0.007431359936555951,0.9620095307532472,0.4800000000000001
184.20633673667908,ifo001,0.02768643528614534,0.6445141062853446,0.4800000000000001
184.34256267547607,ifo001,0.01674867263502037,0.6930365028673118,0.4800000000000001
184.358806848526,ifo001,0.0006174819512637452,0.7618208884804649,0.4800000000000001
184.42450547218323,ifo002,0.17410803677982908,1.0256759928540549,0.4800000000000001
184.51413440704343,ifo002,0.031904164138165554,1.2633773455157673,0.4800000000000001
184.54830074310303,ifo001,0.006595341676393354,1.0897569064443093,0.4800000000000001
184.611850976944,ifo002,0.025410892552978397,0.8428528739636514,0.4800000000000001
184.6356143951416,ifo001,0.01571847293453448,0.7627911896344165,0.4800000000000001
184.67494797706604,ifo002,0.00012127454071782596,0.9991544034977574,0.4800000000000001
184.68866658210757,ifo002,0.02081290008062307,0.6868931079247957,0.4800000000000001
184.70213150978088,ifo002,0.004618308159157608,0.6174522146011718,0.4800000000000001
184.72298765182492,ifo001,0.0001224326578757493,0.9511830216202827,0.4800000000000001
184.7820429801941,ifo002,0.011214954001101864,0.7365661180680978,0.4800000000000001
184.8260703086853,ifo002,0.010756004812605165,0.93053836482819,0.4800000000000001
184.9261441230774,ifo001,0.0008038071258648292,0.981514273965454,0.4800000000000001
184.93634462356567,ifo001,0.014210300148649452,0.9693146739207955,0.4800000000000001
184.9564311504364,ifo001,0.004882620523077174,0.7001747776053093,0.4800000000000001
185.09434747695923,ifo001,0.003268501942911926,0.696958898687692,0.4800000000000001
185.1100890636444,ifo001,0.01119580862964199,0.7188792332579415,0.4800000000000001
185.16646218299863,ifo002,0.0010120921236038037,1.0524427311149347,0.4800000000000001
185.24611973762512,ifo002,0.002595570421823045,0.8419828665627307,0.4800000000000001
185.28586983680725,ifo001,0.021909554704370292,0.9211201309981399,0.4800000000000001
185.35055541992188,ifo002,3.083764579723503e-05,0.8523398066131731,0.4800000000000001
185.3653473854065,ifo001,5.285127311403548e-06,0.8323273275062468,0.4800000000000001
185.40659141540527,ifo002,0.013459745905990157,0.8832474702572588,0.4800000000000001
185.42210364341736,ifo002,0.055847130162559766,0.6941257209811766,0.4800000000000001
185.4239294528961,ifo002,0.006542002235596868,0.6077094674543606,0.4800000000000001
185.44196677207947,ifo001,0.05523745406268082,0.782883651488048,0.4800000000000001
185.4776675701141,ifo002,0.00413629357516055,0.7519635145215018,0.4800000000000001
185.50333619117737,ifo002,0.006994196068172533,0.8389262454970862,0.4800000000000001
185.59898018836972,ifo001,0.04102639663548359,0.7739571088415612,0.4800000000000001
185.60089445114136,ifo001,0.05741868971337351,0.805516260025561,0.4800000000000001
185.6932053565979,ifo001,0.00017208509657148948,0.677347690560974,0.4800000000000001
185.8263411521912,ifo001,0.0005256221619838078,0.8439138561746158,0.4800000000000001
185.83814120292664,ifo001,0.0005822624544855734,0.7111773687902115,0.4800000000000001
185.9103138446808,ifo002,0.08730405357096087,1.0753882381906834,0.4800000000000001
185.99780678749084,ifo002,0.056260934200405725,0.9445418051446002,0.4800000000000001
186.0318524837494,ifo001,0.017787504785794012,1.1796235649205138,0.4800000000000001
186.07772541046145,ifo002,0.015066260238243605,0.8427398640221734,0.4800000000000001
186.1129093170166,ifo001,0.0053254370258399445,1.1163673790591344,0.4800000000000001
186.14540433883667,ifo002,0.03358621465976376,0.8654787886882197,0.4800000000000001
186.177348613739,ifo002,0.0004439916210788674,0.7245590911060964,0.4800000000000001
186.1847715377808,ifo002,0.0013066731656759393,0.649073427110145,0.4800000000000001
186.20545959472656,ifo001,0.009248681377488724,0.7287458308748367,0.4800000000000001
186.23722457885745,ifo002,0.02083454818716089,0.7467484779874484,0.4800000000000001
186.2585110664368,ifo002,0.0017290165536904814,1.0129420439162389,0.4800000000000001
186.3688876628876,ifo001,0.011087991095458348,0.7912328670964253,0.4800000000000001
186.37398171424863,ifo001,0.0036387568641460194,0.8392424192475558,0.4800000000000001
186.38829684257507,ifo001,0.0006476074926300177,0.6373848408992568,0.4800000000000001
186.5215790271759,ifo001,0.0005799072853008702,0.6905135685738284,0.4800000000000001
186.5351688861847,ifo001,0.0015149826441951764,0.7361362819768053,0.4800000000000001
186.5881633758545,ifo002,0.07649149846204135,1.0814099225974174,0.4800000000000001
186.66861987113955,ifo002,0.028185170605884845,0.7880054029611867,0.4800000000000001
186.6895432472229,ifo001,0.027958711575535502,0.8665229158812189,0.4800000000000001
186.73673343658447,ifo002,0.003120042094557698,1.0908093985592011,0.4800000000000001
186.75045657157895,ifo001,0.002680444103433702,0.8675017960017677,0.4800000000000001
186.78142976760864,ifo002,0.08887269716981346,0.6986272038528621,0.4800000000000001
186.797922372818,ifo002,0.005741676989277194,0.6653199731121492,0.4800000000000001
186.80145168304443,ifo002,0.0037661159557395435,0.6108389411386016,0.4800000000000001
186.81948137283325,ifo001,0.006771306052387502,0.69815586141954,0.4800000000000001
186.84972524642944,ifo002,0.0001387979351617241,0.6701288944920416,0.4800000000000001
186.88056778907776,ifo002,0.002387856046027129,0.6748354086546918,0.4800000000000001
187.0000159740448,ifo001,0.27373598814577743,0.7901555666879748,0.4800000000000001
187.0170795917511,ifo001,0.016058462988279013,0.7189334531287375,0.4800000000000001
187.02790355682373,ifo001,0.05150109273937956,0.6347115604571432,0.4800000000000001
187.1413805484772,ifo001,0.09688750529311349,0.7035830390911213,0.4800000000000001
187.14924573898315,ifo001,0.0858517966368335,0.6387112107607491,0.4800000000000001
187.20853114128116,ifo002,0.04844396600254844,0.9583964659015072,0.4800000000000001
187.303040266037,ifo002,0.005779124141673619,0.9126987380239191,0.4800000000000001
187.33083295822144,ifo001,0.12980843646532286,1.4228925889440078,0.4800000000000001
187.39239239692688,ifo002,0.0037679046157375,0.8635107130741008,0.4800000000000001
187.40178537368772,ifo001,0.07159802925088943,0.7249886383328477,0.4800000000000001
187.4532155990601,ifo002,0.0028339909483031524,0.8938401108636613,0.4800000000000001
187.47974586486816,ifo002,0.0009190068053539108,0.6976018507224984,0.4800000000000001
187.4878046512604,ifo002,0.0029293867862369024,0.6308318629328479,0.4800000000000001
187.50790858268735,ifo001,0.02741037994224492,0.9460685291303446,0.4800000000000001
187.5560991764069,ifo002,3.756018478443999e-06,0.7115541313797402,0.4800000000000001
187.58356738090515,ifo002,0.00015932145360612838,0.7922254397579664,0.4800000000000001
187.70235753059387,ifo001,0.048184543463412985,0.9238998923730732,0.4800000000000001
187.7129592895508,ifo001,0.015188608373234167,0.8386092400205749,0.4800000000000001
187.7347769737244,ifo001,0.00944809117842768,0.6636318220663042,0.4800000000000001
188.35413527488708,ifo002,0.004225510570766336,2.1667532297216243,0.4800000000000001
188.441321849823,ifo002,0.0005897308486384497,1.2433376272690742,0.4800000000000001
188.46793675422668,ifo001,0.013655399576166592,3.356321843403088,0.4800000000000001
188.5194227695465,ifo002,0.10046123149246436,0.821544599335108,0.4800000000000001
188.5428981781006,ifo001,0.0012617143187497052,0.936773970845826,0.4800000000000001
188.59661746025083,ifo002,0.013789118464118993,1.36299090816907,0.4800000000000001
188.6123194694519,ifo002,0.14509276024932016,0.7404630711026017,0.4800000000000001
188.62442207336423,ifo002,0.009566073271934221,0.8033942311489732,0.4800000000000001
188.63796663284305,ifo001,0.03054505625558877,1.3170056644043386,0.4800000000000001
188.679713010788,ifo002,0.001318127497277538,0.6135155140943782,0.4800000000000001
188.7061538696289,ifo002,8.687123481116983e-07,0.7225839765802852,0.4800000000000001
188.80158305168152,ifo001,0.00013546226040040706,0.8129835425151408,0.4800000000000001
188.81112027168277,ifo001,0.04173879668049748,0.9634843663407848,0.4800000000000001
188.82924485206604,ifo001,0.006117639716121169,1.070688974991239,0.4800000000000001
188.98620700836184,ifo001,0.004798694114624027,0.7054762285477176,0.4800000000000001
189.00117659568787,ifo001,0.0011666701837208335,0.8030418750794179,0.4800000000000001
189.0664813518524,ifo002,0.002431609291072083,1.065552118879988,0.4800000000000001
189.1426260471344,ifo002,0.0023979531818685484,0.8190886310266612,0.4800000000000001
189.16838812828064,ifo001,0.0015860843374223058,0.801476049340527,0.4800000000000001
189.22189450263977,ifo002,0.002879264777838029,0.8005564954617308,0.4800000000000001
189.2427272796631,ifo001,7.635849926953495e-05,0.7436559466815761,0.4800000000000001
189.29251384735107,ifo002,0.0007790690867781931,0.9728324280342466,0.4800000000000001
189.3029823303223,ifo002,6.503829682201537e-05,0.7914236512195776,0.4800000000000001
189.31011056900024,ifo002,0.0025997882339487553,0.6740758867301987,0.4800000000000001
189.3571560382843,ifo001,0.0003029727000600069,0.8084654860521725,0.4800000000000001
189.47089099884036,ifo002,0.0016668276393075534,0.7199206371563606,0.4800000000000001
189.50575971603396,ifo002,0.000380191302108098,0.756855298268047,0.4800000000000001
189.61430764198303,ifo001,0.00021767590357016372,1.155562035741092,0.4800000000000001
189.61635637283325,ifo001,0.003661682320998667,0.8072262468458616,0.4800000000000001
189.63827085494995,ifo001,0.0034164639973447448,0.6522808263146633,0.4800000000000001
189.77499532699585,ifo001,0.031844513369317186,0.7508388818543628,0.4800000000000001
189.79417252540588,ifo001,0.002652724824495182,0.8525486556501245,0.4800000000000001
189.87368941307068,ifo002,0.04284838592785556,1.1270060874744035,0.4800000000000001
189.95889854431152,ifo002,0.06561029162080258,0.9013903566171222,0.4800000000000001
189.9989788532257,ifo001,0.01708324699571363,1.174757338148667,0.4800000000000001
190.06198644638064,ifo002,0.04324812452486413,0.9222103964033966,0.4800000000000001
190.07771635055545,ifo001,3.3481594165916216e-05,1.0054585404600922,0.4800000000000001
190.1199676990509,ifo002,0.0004102242576255319,1.592082815716274,0.4800000000000001
190.13653016090396,ifo002,0.0035429603372467153,0.6760853382923071,0.4800000000000001
190.14615488052368,ifo002,0.01207695404194553,0.6268712458526833,0.4800000000000001
190.16456985473636,ifo001,0.009951237272576775,0.725478656202734,0.4800000000000001
190.1998791694641,ifo002,0.006559168585115193,0.6837142496313217,0.4800000000000001
190.2311418056488,ifo002,0.0014639820722053408,0.8406626936380456,0.4800000000000001
190.3342969417572,ifo001,0.0005471491530824618,0.80393389649906,0.4800000000000001
190.3459434509277,ifo001,0.005152621456955325,0.9266478705170058,0.4800000000000001
190.37329244613647,ifo001,0.0002168585778396944,0.6411496437128464,0.4800000000000001
190.5078237056732,ifo001,0.004309266892485128,0.6916511691521098,0.4800000000000001
190.52078080177307,ifo001,0.008995728941930667,0.8231121698262311,0.4800000000000001
190.58343076705933,ifo002,0.01507600443401942,0.9886215752439784,0.4800000000000001
190.67120790481567,ifo002,0.006091802349748814,0.8218226321393467,0.4800000000000001
190.70200204849243,ifo001,0.03628313941782804,1.0677591991074724,0.4800000000000001
190.7705760002136,ifo002,0.04567548091231649,0.7364835154188865,0.4800000000000001
190.797189950943,ifo001,0.08817588925304054,0.7692306236614208,0.4800000000000001
190.82420086860657,ifo002,0.031471049878832265,0.9626870437706666,0.4800000000000001
190.8424892425537,ifo002,0.036416164070665766,0.718255896182862,0.4800000000000001
190.85372304916385,ifo002,0.04489581357827531,0.6767221965512882,0.4800000000000001
190.8670198917389,ifo001,0.0014301952563225947,0.9592107219244806,0.4800000000000001
190.9002106189728,ifo002,0.016372076823669413,0.6429062615428079,0.4800000000000001
190.9512424468994,ifo002,0.021920584209706287,0.847961319256048,0.4800000000000001
191.0627064704895,ifo001,0.16895573998902055,0.9709084653552782,0.4800000000000001
191.06808519363403,ifo001,0.0053724315770754755,1.1888065727395425,0.4800000000000001
191.0806827545166,ifo001,0.00038499040394745305,0.7050483156175814,0.4800000000000001
191.2163803577423,ifo001,0.10325178597686578,0.6941352032750205,0.4800000000000001
191.22536873817444,ifo001,0.10028334666227365,0.7329192575041271,0.4800000000000001
191.3053472042084,ifo002,0.0015220068282889472,0.9781756809918207,0.4800000000000001
191.41510820388797,ifo002,0.000380862294389002,0.8524824114485516,0.4800000000000001
191.43958854675293,ifo001,0.24084005686764312,0.827144771254416,0.4800000000000001
191.4918396472931,ifo002,0.0041682314441178325,0.7660347161245072,0.4800000000000001
191.51677060127255,ifo001,0.10421833756735574,0.7317442279148689,0.4800000000000001
191.5462486743927,ifo002,0.027185540356391032,1.1321920350285068,0.4800000000000001
191.57649326324463,ifo002,0.00853200773908549,1.068903355245516,0.4800000000000001
191.58344078063965,ifo002,0.00011368361513472541,0.7936420041757721,0.4800000000000001
191.6029405593872,ifo001,0.017253526488876722,0.9165918470670419,0.4800000000000001
191.63609504699707,ifo002,0.04546390743663313,0.6130893818322243,0.4800000000000001
191.74271774291992,ifo002,0.09572966621836988,0.6974558355239869,0.4800000000000001
191.85298585891724,ifo001,0.18055087605698925,1.021074779342956,0.4800000000000001
191.8626651763916,ifo001,0.015399556732388853,0.7287342977382882,0.4800000000000001
191.8842306137085,ifo001,0.0011178762525824839,0.6593706391800227,0.4800000000000001
191.99698185920715,ifo001,0.013878589279913442,0.8099969365876162,0.4800000000000001
192.0082528591156,ifo001,0.0010826470553886808,0.7164185671294616,0.4800000000000001
192.06318020820615,ifo002,0.017995998405412682,1.2267587098459984,0.4800000000000001
192.1569862365723,ifo002,0.09015060000192779,0.8322491285309691,0.4800000000000001
192.19026255607605,ifo001,0.09493395670472297,0.9130417315226533,0.4800000000000001
192.27445459365845,ifo002,0.00397403138713909,0.8053941199918597,0.4800000000000001
192.3022358417511,ifo001,0.04542414133835545,0.7837287445849548,0.4800000000000001
192.31226134300232,ifo001,0.010621006874974208,0.6561750867412852,0.4800000000000001
192.3417625427246,ifo002,0.040014346163708615,0.935401597302847,0.4800000000000001
192.3557312488556,ifo002,0.1786282137841792,0.8760731879148949,0.4800000000000001
192.36780285835263,ifo002,0.07178910182227935,0.6173952248633627,0.4800000000000001
192.38901591300964,ifo001,0.01966741462422734,1.0556159222650767,0.4800000000000001
192.414856672287,ifo002,0.00016649525773403662,0.7594333547060499,0.4800000000000001
192.4527051448822,ifo002,0.020593425112995337,0.9539651610552248,0.4800000000000001
192.5581760406494,ifo001,0.30475309937203926,0.8727397703146008,0.4800000000000001
192.56396198272705,ifo001,4.1121009146265e-05,0.6719329161730733,0.4800000000000001
192.5773754119873,ifo001,0.00012243752940420595,0.6246661139374812,0.4800000000000001
192.6013700962067,ifo001,0.0030809702280001554,0.6107661778739679,0.4800000000000001
192.7237010002136,ifo001,0.020112813802338,0.7979238752515238,0.4800000000000001
192.7335109710693,ifo001,0.0007098617075705866,0.6111773017788924,0.4800000000000001
192.81094622612,ifo002,0.05249671597559585,0.9738768970342835,0.4800000000000001
192.9072825908661,ifo002,0.05575323939604266,0.8401680948073857,0.4800000000000001
192.94094824790955,ifo001,0.06910870354267162,1.3014774112922725,0.4800000000000001
192.99940085411072,ifo002,0.10527696017175964,0.7946560142440067,0.4800000000000001
193.0323569774628,ifo001,0.0002620797524350622,0.7393480052344998,0.4800000000000001
193.0596768856049,ifo002,0.04944843723924931,0.9779820886014994,0.4800000000000001
193.08018803596497,ifo002,0.04503208540314343,0.7108599562984446,0.4800000000000001
193.13201808929443,ifo001,0.01689453511291181,1.0761482705689414,0.4800000000000001
193.1320240497589,ifo002,0.0008077231609645441,0.7179589375922167,0.4800000000000001
193.16395020484924,ifo002,0.023783237928572083,0.6203006101258894,0.4800000000000001
193.2055439949036,ifo002,0.008855491645896664,0.6984425490750121,0.4800000000000001
193.29603672027588,ifo001,0.04159089394428414,0.8110802390811599,0.4800000000000001
193.31579637527463,ifo001,0.022528286568930724,0.8714598977794672,0.4800000000000001
193.3413028717041,ifo001,3.856805976394948e-05,0.6471457279457768,0.4800000000000001
193.462126493454,ifo001,0.027172464581872578,0.7287732849090155,0.4800000000000001
193.47318983078003,ifo001,0.00029214927739477323,0.7482953763727836,0.4800000000000001
193.55852365493772,ifo002,0.01194428965295164,1.13424013287967,0.4800000000000001
193.78667044639587,ifo002,0.0002960822934547853,1.1819518562063978,0.4800000000000001
193.8128101825714,ifo001,4.639415270786258e-05,1.299748246217793,0.4800000000000001
193.87828135490415,ifo002,0.07553145432253348,0.8916470223846518,0.4800000000000001
193.9059453010559,ifo001,2.8181704342889052e-06,0.9060138785957039,0.4800000000000001
193.96104431152344,ifo002,0.07772524434567328,1.009753158067218,0.4800000000000001
193.97757005691528,ifo002,0.014935987986822644,0.7169007608381711,0.4800000000000001
193.9932174682617,ifo002,0.007669174885519296,0.6722416619034834,0.4800000000000001
194.0126037597656,ifo001,0.02518465648800237,1.048974790350261,0.4800000000000001
194.04087138175964,ifo002,1.1002674300857406e-06,0.6621717131470566,0.4800000000000001
194.07965111732483,ifo002,0.00759071137209966,1.0309061663154702,0.4800000000000001
194.19395971298215,ifo001,0.2828661179973423,0.8425154239502872,0.4800000000000001
194.2051682472229,ifo001,0.07038823171129091,0.8273340724992322,0.4800000000000001
194.22295093536377,ifo001,0.0032413225767937382,0.6428601366338531,0.4800000000000001
194.3661117553711,ifo001,0.09763554362157731,0.7356878612968087,0.4800000000000001
194.382639169693,ifo001,0.03733391796678513,0.6686867918599196,0.4800000000000001
194.4277391433716,ifo002,0.00021881284546042655,0.9380565306225446,0.4800000000000001
194.52699851989743,ifo002,0.07985081625407545,1.0690592739136795,0.4800000000000001
194.55308938026428,ifo001,0.027305469344091456,0.9684818441302938,0.4800000000000001
194.61529994010925,ifo002,0.18992482964297105,0.9637335124523878,0.4800000000000001
194.63783144950867,ifo001,0.016258773552894422,0.7231003334347703,0.4800000000000001
194.67085313797,ifo002,0.12966172523075117,0.9963113246941481,0.4800000000000001
194.69959020614624,ifo002,0.005834096023189535,0.6591085600622546,0.4800000000000001
194.72157526016235,ifo002,0.0005358729687302029,0.6199557901643311,0.4800000000000001
194.7353343963623,ifo001,0.0012048844794816346,1.0924133545082297,0.4800000000000001
194.77726364135745,ifo002,0.06410520879348383,0.6428709279633547,0.4800000000000001
194.81757164001465,ifo002,0.05542749259602725,0.6059432501595994,0.4800000000000001
194.91247820854187,ifo001,0.033341427282672344,1.0404131186343522,0.4800000000000001
194.9185402393341,ifo001,7.531429711011463e-06,0.7102105032717277,0.4800000000000001
194.9392101764679,ifo001,0.0013150657004965625,0.6519221083793848,0.4800000000000001
195.08562326431277,ifo001,0.0008273781120236994,0.9613674013947235,0.4800000000000001
195.1017489433289,ifo001,0.023591834724445607,0.6396925872186354,0.4800000000000001
195.15650701522827,ifo002,0.045445250898318454,1.0872569378499795,0.4800000000000001
195.27797937393188,ifo002,0.03176160300526599,0.8494591874384261,0.4800000000000001
195.2987461090088,ifo001,0.008074511694561085,0.7441199907147533,0.4800000000000001
195.35913705825809,ifo002,0.13331010895192802,0.7802094044202041,0.4800000000000001
195.39840579032895,ifo001,0.036837496496302816,0.7696873342449715,0.4800000000000001
195.426087141037,ifo002,0.06315311452128644,0.7392068862966352,0.4800000000000001
195.45280742645264,ifo002,9.912386815755593e-05,0.6944064376625462,0.4800000000000001
195.46252918243408,ifo002,0.0010972352156616383,0.6408428652374146,0.4800000000000001
195.4967684745789,ifo001,0.020591613890931677,2.76517924945241,0.4800000000000001
195.53012657165527,ifo002,0.1508681124905507,0.6347154279258542,0.4800000000000001
195.5653314590454,ifo002,0.0006813838201232309,0.6065158487516105,0.4800000000000001
195.67405939102173,ifo001,0.014628601901219061,1.0898846946276002,0.4800000000000001
195.6799457073212,ifo001,0.0014772501671552014,0.7272620051620646,0.4800000000000001
195.6957743167877,ifo001,0.0016651920471002502,0.6229105161730497,0.4800000000000001
195.8064694404602,ifo001,0.0036103340578073316,0.7552522327183632,0.4800000000000001
195.8183171749115,ifo001,0.008742921220650705,0.6477206009208365,0.4800000000000001
195.8949081897736,ifo002,0.15330467357396038,0.9241325054006212,0.4800000000000001
196.00119066238403,ifo002,0.14137465120052364,0.8265328528885799,0.4800000000000001
196.0277874469757,ifo001,0.03635273195228126,0.8051374081810594,0.4800000000000001
196.11599326133728,ifo002,0.009157300279899363,0.7918694174505256,0.4800000000000001
196.1367633342743,ifo001,0.004400566630580501,0.7565160893642986,0.4800000000000001
196.178658246994,ifo002,0.11079596897510553,0.7171117905026101,0.4800000000000001
196.202584028244,ifo002,0.03816040472636717,0.665421616939585,0.4800000000000001
196.2087800502777,ifo002,0.01860212995861659,0.6114944690786303,0.4800000000000001
196.22715544700625,ifo001,0.00022464427719753047,0.7295589264564096,0.4800000000000001
196.2638268470764,ifo002,0.004874216527417897,0.6483186442873399,0.4800000000000001
196.2909224033356,ifo002,0.03250320169210541,0.5949245173160093,0.4800000000000001
196.38188004493716,ifo001,0.007910478421721377,0.9206342953730614,0.4800000000000001
196.38906717300412,ifo001,0.01996605799550189,0.7942688086874526,0.4800000000000001
196.402729511261,ifo001,0.0158454005111199,0.7260199041344055,0.4800000000000001
196.55614924430847,ifo001,0.018692879191325472,0.779158682003861,0.4800000000000001
196.58598256111145,ifo001,0.011723956255326882,0.7415855161569456,0.4800000000000001
196.6440753936768,ifo002,0.07429654732221656,0.9513215359774907,0.4800000000000001
196.72484135627747,ifo002,3.139393187076446e-05,1.3301553135075133,0.4800000000000001
196.75823378562927,ifo001,0.03629854266039818,0.7528537575704423,0.4800000000000001
196.81624603271484,ifo002,0.01625183443890966,0.7547592413843787,0.4800000000000001
196.8482780456543,ifo001,0.028630057619088236,0.7318218028682038,0.4800000000000001
196.88199496269223,ifo002,0.001959167836857385,0.7487443951824139,0.4800000000000001
196.90449786186215,ifo002,0.00014300096559102744,0.6493600122812249,0.4800000000000001
196.9144825935364,ifo002,0.006931883172637409,0.6090770914306165,0.4800000000000001
196.93529844284055,ifo001,1.149398030243042e-05,0.8288044363251003,0.4800000000000001
196.96678757667544,ifo002,0.040831910434647116,0.8087317516196684,0.4800000000000001
196.98898553848267,ifo002,0.00035821775368617573,0.755147337814908,0.4800000000000001
197.08450627326965,ifo001,0.00020813491576722102,0.7885580528135073,0.4800000000000001
197.0917043685913,ifo001,0.011212610927383456,0.714670432789802,0.4800000000000001
197.1048562526703,ifo001,5.706757599018548e-05,0.7258260911125751,0.4800000000000001
197.24193286895752,ifo001,0.024923247374113753,0.6980654490023661,0.4800000000000001
197.2518186569214,ifo001,0.0038946747116748496,0.6976391156058958,0.4800000000000001
197.3100881576538,ifo002,0.4244462270973291,0.9117280671133419,0.4800000000000001
197.4303841590881,ifo002,0.03890703390524544,2.1698186925251557,0.4800000000000001
197.47338390350345,ifo001,0.07311450686635639,0.7818976035926246,0.4800000000000001
197.5304658412933,ifo002,0.09794667722948844,0.8602589428197454,0.4800000000000001
197.5476474761963,ifo001,0.0014208312763719397,0.732871296765788,0.4800000000000001
197.58169770240784,ifo002,0.12157115195009308,0.7215977353655558,0.4800000000000001
197.592796087265,ifo002,0.06391649263926405,0.6411953258767393,0.4800000000000001
197.59976887702945,ifo002,0.026913772803404564,0.6039478999837826,0.4800000000000001
197.63016986846924,ifo001,0.016296301399500748,0.9992977537406547,0.4800000000000001
197.6896071434021,ifo002,0.0012350710241408218,0.6710298680480495,0.4800000000000001
197.73237919807437,ifo002,0.013223853716644375,0.6169625006620935,0.4800000000000001
197.828816652298,ifo001,0.0015858287257594361,0.8419711574821447,0.4800000000000001
197.83795046806333,ifo001,0.004306166317685196,0.8925969871312034,0.4800000000000001
197.85586142539975,ifo001,5.418290767700328e-06,1.1305314988008413,0.4800000000000001
197.9827537536621,ifo001,0.01398368101557747,0.7129827704408881,0.4800000000000001
197.99451112747192,ifo001,0.009716593872386662,0.6696326053561759,0.4800000000000001
198.071133852005,ifo002,2.2601497423221707e-06,1.0402005580996583,0.4800000000000001
198.1502468585968,ifo002,0.15293921681776437,0.8855782993881947,0.4800000000000001
198.17818999290463,ifo001,0.017411719044456802,0.7783735967744768,0.4800000000000001
198.2258262634277,ifo002,7.556993552915057e-06,0.9512717123717744,0.4800000000000001
198.24618244171145,ifo001,0.0016682322109947652,0.7470648645052457,0.4800000000000001
198.28211092948916,ifo002,0.05557644221458234,0.700302211971676,0.4800000000000001
198.30088114738464,ifo002,0.15038013710325018,0.6379802036695932,0.4800000000000001
198.30513167381287,ifo002,0.06484232041687324,0.5998471520237297,0.4800000000000001
198.34871220588684,ifo001,0.035712005679115755,1.0207513204907301,0.4800000000000001
198.3898768424988,ifo002,0.0019257659180290034,0.6611873894876731,0.4800000000000001
198.4310164451599,ifo002,0.002131738458328214,0.6081332705893907,0.4800000000000001
198.5214002132416,ifo001,0.012553326552634417,1.0592267307916692,0.4800000000000001
198.5282323360443,ifo001,0.07822303127186374,0.7001975725314551,0.4800000000000001
198.5504729747772,ifo001,0.022684985611000134,0.7198813230298569,0.4800000000000001
198.6851625442505,ifo001,0.004885128951523418,0.8857544169242859,0.4800000000000001
198.69794464111328,ifo001,0.08468178514763008,0.6534876169692719,0.4800000000000001
198.7611961364746,ifo002,0.03288344013897398,0.9464732991778564,0.4800000000000001
198.82977056503296,ifo002,0.027926953401752996,0.796453033112166,0.4800000000000001
198.85663390159607,ifo001,0.13078357346588992,0.7473331774673144,0.4800000000000001
198.92590713500977,ifo002,0.07025778746785914,0.854925360966881,0.4800000000000001
198.9494023323059,ifo001,0.021739819261628927,0.7142598093899613,0.4800000000000001
198.98882579803467,ifo002,0.008731833528896307,0.7313976284006796,0.4800000000000001
198.99961495399475,ifo002,0.0005468211235245121,0.6408273002212331,0.4800000000000001
199.01150274276733,ifo002,0.09389157544169799,0.6077755825558097,0.4800000000000001
199.03417134284973,ifo001,0.00875206984999778,0.8215808794549326,0.4800000000000001
199.06144285202024,ifo002,0.001638340778595651,0.7843785010245852,0.4800000000000001
199.08129405975345,ifo002,0.021298466274389364,0.6145415566749339,0.4800000000000001
199.1890425682068,ifo001,0.10805733371761285,1.0755102476153953,0.4800000000000001
199.19978666305545,ifo001,0.1587949963849247,0.8489949713944941,0.4800000000000001
199.21095657348636,ifo001,0.057365154857898844,0.7406262850569374,0.4800000000000001
199.33804845809937,ifo001,0.003432457901402921,0.8249132709034142,0.4800000000000001
199.34721446037287,ifo001,0.2781528895793416,0.6455974921798242,0.4800000000000001
199.40795254707336,ifo002,0.26584991810616615,0.8225366684759902,0.4800000000000001
199.4867312908173,ifo002,0.0796440673490788,0.7912098361151484,0.4800000000000001
199.51332592964167,ifo001,0.0769495968569102,0.7152669459211582,0.4800000000000001
199.58270120620728,ifo002,0.0026083067942584536,0.9328329546380467,0.4800000000000001
199.6180284023285,ifo001,0.010959229523664035,0.7158802180404439,0.4800000000000001
199.65770387649536,ifo002,0.28184107589071894,0.6942566112870447,0.4800000000000001
199.67339706420896,ifo002,0.20187799988806288,0.6546262041074982,0.4800000000000001
199.68162298202515,ifo002,0.09357283807014814,0.6138541780039527,0.4800000000000001
199.7069661617279,ifo001,2.118402692535856e-05,0.7232958770953475,0.4800000000000001
199.74285316467285,ifo002,0.08821464009208624,0.6509117919094476,0.4800000000000001
199.7758240699768,ifo002,0.38380958745722804,0.6584896649481713,0.4800000000000001
199.87427735328677,ifo001,0.0060279453645542885,0.8523583156745422,0.4800000000000001
199.8901948928833,ifo001,0.007324696725987795,0.6775321599438621,0.4800000000000001
199.90447425842285,ifo001,0.0055542641350536616,0.6856619119419947,0.4800000000000001
200.033744096756,ifo001,0.007086749913319211,0.7009102739275069,0.4800000000000001
200.04129457473755,ifo001,0.0024247617858779674,0.6288220847585426,0.4800000000000001
200.11405205726624,ifo002,0.3780673493483447,1.103559857067041,0.4800000000000001
200.19358706474304,ifo002,0.029786150740696894,1.9756304935173699,0.4800000000000001
200.22439002990723,ifo001,0.0006343603464537222,0.7603632716793263,0.4800000000000001
200.27087593078613,ifo002,0.046062678656214,0.7896895469003069,0.4800000000000001
200.29863262176517,ifo001,0.01681587283043284,0.7215283219802714,0.4800000000000001
200.3443064689636,ifo002,0.0024953159794061826,0.7090589539002048,0.4800000000000001
200.3754131793976,ifo002,0.007610114513060125,0.6527645472866402,0.4800000000000001
200.38749647140503,ifo002,0.000818625856580602,0.6123091438415481,0.4800000000000001
200.39343333244324,ifo001,0.017198711839891516,0.9658521205808773,0.4800000000000001
200.4229600429535,ifo002,0.003137727122790971,0.667944691912818,0.4800000000000001
200.48246932029724,ifo002,0.002570990337406003,0.6077905235290979,0.4800000000000001
200.57634854316711,ifo001,0.024518963036327085,0.8124620793678945,0.4800000000000001
200.57923436164856,ifo001,7.272130157073332e-05,0.7427462958206843,0.4800000000000001
200.598228931427,ifo001,0.0028658536937095636,1.018104051064559,0.4800000000000001
200.71497797966003,ifo001,0.02698336420875985,0.6926561221783094,0.4800000000000001
200.727445602417,ifo001,0.011202719668613479,0.6647666234868855,0.4800000000000001
200.7900438308716,ifo002,0.015243305228027337,0.9384598062028233,0.4800000000000001
200.87875318527225,ifo002,4.539454310952565e-05,0.9783235024234183,0.4800000000000001
200.9086122512817,ifo001,0.0006433810813671562,0.7664269814167773,0.4800000000000001
200.96455359458923,ifo002,0.003848425048868342,0.8148975579743654,0.4800000000000001
200.9841113090515,ifo001,0.012643084668131853,0.7309049468852546,0.4800000000000001
201.0263838768005,ifo002,0.00967535566190798,0.6958600054757123,0.4800000000000001
201.04191827774048,ifo002,3.750243232454794e-05,0.6385606739851334,0.4800000000000001
201.0520465373993,ifo002,0.002365105702885637,0.6041974795676718,0.4800000000000001
201.0773057937622,ifo001,0.0003998708246225065,1.1233076377527635,0.4800000000000001
201.1118967533112,ifo002,5.674258188247886e-07,0.6903243405736296,0.4800000000000001
201.14315485954285,ifo002,0.001469925692591859,0.5959544393116337,0.4800000000000001
201.23325419425964,ifo001,9.12817119133736e-05,0.9799113155012265,0.4800000000000001
201.2373054027557,ifo001,1.0083855176369406e-05,0.6748963121474609,0.4800000000000001
201.25326919555664,ifo001,3.2010047667236093e-07,0.8410623330080774,0.4800000000000001
201.4036993980408,ifo001,1.729000838413234e-05,0.8508718180748314,0.4800000000000001
201.4276716709137,ifo001,8.178862040596609e-06,0.6514676778070162,0.4800000000000001
201.47852659225464,ifo002,0.003858970594707435,0.9556154964001307,0.4800000000000001
201.56789636611936,ifo002,0.0021316070431960086,1.0319557054540922,0.4800000000000001
201.6196572780609,ifo001,0.004912991782644071,0.7870743424966804,0.4800000000000001
201.6795651912689,ifo002,0.004415986755458751,0.8694204731419592,0.4800000000000001
201.70206451416016,ifo001,0.0003062773393996755,0.7525062521284315,0.4800000000000001
201.74117493629456,ifo002,0.006976435289555339,0.7134316962268108,0.4800000000000001
201.757737159729,ifo002,0.00597538487285626,0.6454202730490504,0.4800000000000001
201.76455235481265,ifo002,0.01885683661761779,0.6062903826725736,0.4800000000000001
201.7799134254456,ifo001,0.0007065314329088151,1.046025684837864,0.4800000000000001
201.82478785514832,ifo002,0.004444305318087661,0.7503918884334131,0.4800000000000001
201.86204886436465,ifo002,0.0026089730433406983,0.604406891066853,0.4800000000000001
201.96800804138184,ifo001,0.011445188862489615,1.1202372353787409,0.4800000000000001
201.97570514678955,ifo001,7.693299396141563e-05,0.6945386409029212,0.4800000000000001
201.99010062217712,ifo001,0.00010007544821293215,0.7441344807240213,0.4800000000000001
202.111900806427,ifo001,0.00024538956117376424,0.8610231693785287,0.4800000000000001
202.11669325828552,ifo001,0.0016521578846817526,0.6228370364458027,0.4800000000000001
202.17314958572388,ifo002,0.0009898809763335546,0.8841873478754978,0.4800000000000001
202.2694170475006,ifo002,0.022993332045664762,1.2026486878769589,0.4800000000000001
202.29327940940857,ifo001,0.0022708056203671547,0.7272960802991443,0.4800000000000001
202.35936498641968,ifo002,0.007106523679663764,1.0711867595353661,0.4800000000000001
202.36468386650083,ifo001,0.0002676908510217348,0.7010682746546585,0.4800000000000001
202.3983278274536,ifo002,0.0016958816341879912,0.7084186541962436,0.4800000000000001
202.42043328285217,ifo002,0.0057642160720313565,0.6747477167584415,0.4800000000000001
202.4370048046112,ifo002,0.0037256403376290433,0.6374888568669502,0.4800000000000001
202.45468854904172,ifo001,0.0001826518434344784,0.9300327937602488,0.4800000000000001
202.49150347709656,ifo002,0.006252687827389754,0.6189138425275187,0.4800000000000001
202.5275790691376,ifo002,0.0008391873371480253,0.6106701654887127,0.4800000000000001
202.6560719013214,ifo001,0.00978513410101088,1.0574604310728648,0.4800000000000001
202.66905879974365,ifo001,3.853774746348214e-05,0.6971449198149222,0.4800000000000001
202.6802897453308,ifo001,0.0037218030696655894,0.7657693538745449,0.4800000000000001
202.8336193561554,ifo001,0.0006963805189794571,0.9107058226016829,0.4800000000000001
202.85018515586853,ifo001,0.0016980924625301316,0.6484691436612363,0.4800000000000001
202.90224623680115,ifo002,0.007664349722893504,1.042051569633085,0.4800000000000001
202.9964668750763,ifo002,0.0037827149977846014,1.0396969139170835,0.4800000000000001
203.0191020965576,ifo001,0.002521771298277816,0.7342601512919931,0.4800000000000001
203.09012389183044,ifo002,0.0065241363695089875,0.8776022833711765,0.4800000000000001
203.10249257087708,ifo001,0.0012811905245925619,0.7152537642545178,0.4800000000000001
203.15809273719788,ifo002,0.0005941888644163372,0.7102690021760416,0.4800000000000001
203.17254662513733,ifo002,0.0013833505768249604,0.6519761405562203,0.4800000000000001
203.18644380569455,ifo002,7.758449755292835e-05,0.6145061443314086,0.4800000000000001
203.20408058166504,ifo001,0.00035695467296470885,0.9177273448339712,0.4800000000000001
203.26523876190183,ifo002,0.003007457222227283,0.6891156680606914,0.4800000000000001
203.2970814704895,ifo002,0.004769861312639346,0.6091747309732095,0.4800000000000001
203.399719953537,ifo001,0.0018759802517192882,0.8507630636343868,0.4800000000000001
203.40361142158508,ifo001,0.0017342277099038285,0.8126310056209427,0.4800000000000001
203.41713213920596,ifo001,0.0012016611765095857,0.8270177972350357,0.4800000000000001
203.5519368648529,ifo001,0.0002951896022424144,0.8584192738763983,0.4800000000000001
203.56575107574463,ifo001,0.008537461600763298,0.6327606617899122,0.4800000000000001
203.6263334751129,ifo002,0.005191956117063343,0.9904096574570969,0.4800000000000001
203.71351528167725,ifo002,0.000854895400442274,0.9980663412134332,0.4800000000000001
203.7388372421265,ifo001,0.0003807066755728248,0.736260151430153,0.4800000000000001
203.79758405685425,ifo002,0.0008257872986078912,0.8380119840927669,0.4800000000000001
203.8184938430786,ifo001,2.059257118426386e-06,0.7120104112554771,0.4800000000000001
203.8500623703003,ifo002,0.0007835036711542261,0.6890104828251221,0.4800000000000001
203.8644859790802,ifo002,9.181203760460005e-05,0.6363505357061483,0.4800000000000001
203.878981590271,ifo002,0.001956962976715682,0.6045962234203981,0.4800000000000001
203.8958294391632,ifo001,5.414012633993424e-05,0.9049621753166601,0.4800000000000001
203.9289608001709,ifo002,0.0007540747163867119,0.6742907561045258,0.4800000000000001
203.96415090560916,ifo002,0.00010826929528553724,0.5935617261289141,0.4800000000000001
204.0527770519257,ifo001,0.0016617446851632158,0.9665050980484444,0.4800000000000001
204.06750106811523,ifo001,0.0023287183807792974,0.6740594004175924,0.4800000000000001
204.0831503868103,ifo001,0.0006328530199091831,0.8423285253080007,0.4800000000000001
204.24422144889832,ifo001,0.0011855182968870137,0.8189810223723417,0.4800000000000001
204.2679479122162,ifo001,0.0010686845703172351,0.650370303890296,0.4800000000000001
204.32456827163696,ifo002,0.0024890261492069403,1.047665335075758,0.4800000000000001
204.40876626968384,ifo002,0.0007586954527919377,0.9830751048341723,0.4800000000000001
204.4372034072876,ifo001,0.002722230085612937,0.7537302529677361,0.4800000000000001
204.4849112033844,ifo002,0.0022846997591352463,0.8600060745474629,0.4800000000000001
204.5128717422485,ifo001,0.0014395658185895864,0.7153830471612084,0.4800000000000001
204.5489616394043,ifo002,0.006177339826528582,0.6940465648398021,0.4800000000000001
204.57074666023252,ifo002,3.740983147695241e-05,0.6561287734702629,0.4800000000000001
204.5903148651123,ifo002,0.0014434903371425738,0.617489566829482,0.4800000000000001
204.60396456718445,ifo001,0.006511570417701492,0.9492379920420437,0.4800000000000001
204.6406557559967,ifo002,0.0019972435806556933,0.6568808783418605,0.4800000000000001
204.6748926639557,ifo002,0.001092382287631803,0.6004395305129213,0.4800000000000001
204.7685594558716,ifo001,0.006041954127945014,1.1012966876849428,0.4800000000000001
204.79255652427676,ifo001,0.0013769136747208504,0.6894861726003385,0.4800000000000001
204.8095650672913,ifo001,0.00015929458254909483,0.8441725769043538,0.4800000000000001
204.94468545913696,ifo001,0.008807219259787976,0.7955086872546434,0.4800000000000001
204.95111393928528,ifo001,0.0030007210680143177,0.6304630254036913,0.4800000000000001
205.0217926502228,ifo002,0.007410088219479628,1.013559550068258,0.4800000000000001
205.0991518497467,ifo002,0.0010970899676555107,1.0078444929817225,0.4800000000000001
205.12596440315247,ifo001,0.0011811673819382695,0.727986695994473,0.4800000000000001
205.19560170173645,ifo002,0.0003281211279857664,0.7870444053329253,0.4800000000000001
205.20860743522644,ifo001,0.0004490905370443258,0.7112361019774609,0.4800000000000001
205.24689245224,ifo002,0.003995872632764258,0.7114180450803305,0.4800000000000001
205.264906167984,ifo002,0.0009187607791732209,0.6415950696106455,0.4800000000000001
205.26961874961853,ifo002,0.001913608655541148,0.6045230436532202,0.4800000000000001
205.2869348526001,ifo001,0.00314229272360407,0.8877650259808239,0.4800000000000001
205.32398009300232,ifo002,0.00023404953180869372,0.7470593870647797,0.4800000000000001
205.35101699829104,ifo002,2.622893618423767e-05,0.5893777555338461,0.4800000000000001
205.4703938961029,ifo001,0.0001331168435875866,0.8633106494875875,0.4800000000000001
205.47432684898376,ifo001,0.0012096719947503197,0.8467461496081066,0.4800000000000001
205.4957180023193,ifo001,0.005699107702280452,0.8183440587555921,0.4800000000000001
205.6257677078247,ifo001,0.003050748258451241,0.8440292582598323,0.4800000000000001
205.63820934295651,ifo001,0.00024093545811100723,0.635663594694692,0.4800000000000001
205.68203043937683,ifo002,0.001276259307150501,0.9282513778982666,0.4800000000000001
205.77342557907104,ifo002,8.890531372016625e-06,1.002817872672357,0.4800000000000001
205.8045282363892,ifo001,0.0016903293514655606,0.7166346749599488,0.4800000000000001
205.86148047447205,ifo002,0.0067653687897741635,0.8378714340388062,0.4800000000000001
205.8737790584564,ifo001,0.00017693590855957152,0.6930355101972859,0.4800000000000001
205.905298948288,ifo002,0.010438099028983856,0.6841659272610898,0.4800000000000001
205.9257881641388,ifo002,0.0024424004956033482,0.6506346279999826,0.4800000000000001
205.9389925003052,ifo002,3.753600185704505e-05,0.6179419947464861,0.4800000000000001
205.95950412750244,ifo001,0.0011780548138785394,0.8368111040797945,0.4800000000000001
205.99640369415283,ifo002,0.006887412542144508,0.6342871899891918,0.4800000000000001
