timestamp,w_ifo001,w_ifo002
0.0338139533996582,0.0,1.0
0.0688152313232421,0.0,1.0
0.0898151397705078,0.0,1.0
0.1318151950836181,0.2,0.8
0.1598103046417236,0.2,0.8
0.201810598373413,0.0,1.0
0.2298104763031005,0.0,1.0
0.2588098049163818,0.0,1.0
0.2998099327087402,0.0,1.0
0.3218097686767578,0.0,1.0
0.3418936729431152,1.0,0.0
0.3637185096740722,1.0,0.0
0.3698091506958008,1.0,0.0
0.3847184181213379,1.0,0.0
0.3892292976379394,1.0,0.0
0.3908090591430664,1.0,0.0
0.4267184734344482,1.0,0.0
0.433182954788208,1.0,0.0
0.4338090419769287,1.0,0.0
0.446662425994873,1.0,0.0
0.4547176361083984,1.0,0.0
0.4554729461669922,1.0,0.0
0.4608087539672851,1.0,0.0
0.4728224277496338,1.0,0.0
0.4898087978363037,1.0,0.0
0.4917178153991699,1.0,0.0
0.5050344467163086,1.0,0.0
0.5257177352905273,1.0,0.0
0.5318088531494141,1.0,0.0
0.555718183517456,1.0,0.0
0.5588104724884033,1.0,0.0
0.5849628448486328,1.0,0.0
0.5887181758880615,1.0,0.0
0.5975420475006104,1.0,0.0
0.6018104553222656,1.0,0.0
0.608271598815918,1.0,0.0
0.624718189239502,1.0,0.0
0.6283931732177734,0.8,0.2
0.6288104057312012,0.8,0.2
0.6415960788726807,0.8,0.2
0.6547510623931885,0.8,0.2
0.6597170829772949,0.8,0.2
0.6598083972930908,0.8,0.2
0.6656804084777832,0.8,0.2
0.6741302013397217,0.8,0.2
0.686521053314209,0.8,0.2
0.6867172718048096,0.8,0.2
0.6988084316253662,0.8,0.2
0.6993706226348877,0.8,0.2
0.7028424739837646,0.8,0.2
0.723717212677002,0.8,0.2
0.7296895980834961,0.8,0.2
0.7338082790374756,0.8,0.2
0.7391180992126465,0.8,0.2
0.7457230091094971,0.8,0.2
0.7587180137634277,0.8,0.2
0.7682452201843262,0.8,0.2
0.7688086032867432,0.8,0.2
0.7887182235717773,0.8,0.2
0.7898085117340088,0.8,0.2
0.7933745384216309,0.8,0.2
0.796245813369751,0.8,0.2
0.8043227195739746,0.8,0.2
0.8137354850769043,0.8,0.2
0.8247179985046387,0.8,0.2
0.8318085670471191,0.8,0.2
0.8328394889831543,0.8,0.2
0.8382446765899658,0.8,0.2
0.8597171306610107,0.8,0.2
0.8598082065582275,0.8,0.2
0.8662447929382324,0.8,0.2
0.8764989376068115,0.8,0.2
0.8877172470092773,0.8,0.2
0.8913962841033936,0.8,0.2
0.895244836807251,0.8,0.2
0.9018080234527588,0.8,0.2
0.9076361656188964,0.8,0.2
0.9157171249389648,0.8,0.2
0.919746160507202,0.8,0.2
0.9308080673217772,0.8,0.2
0.9326832294464112,0.8,0.2
0.9360954761505128,0.8,0.2
0.936241626739502,0.8,0.2
0.9473721981048584,0.8,0.2
0.9587173461914062,0.8,0.2
0.958808183670044,0.8,0.2
0.9625735282897948,0.8,0.2
0.9661548137664796,0.8,0.2
0.9672417640686036,0.8,0.2
0.9778366088867188,0.8,0.2
0.9934520721435548,0.8,0.2
0.9946866035461426,0.8,0.2
0.9947173595428468,0.8,0.2
0.995241641998291,0.8,0.2
1.0008080005645752,0.8,0.2
1.0035793781280518,0.8,0.2
1.011979341506958,0.8,0.2
1.0147173404693604,0.8,0.2
1.02134108543396,0.8,0.2
1.0298080444335938,0.8,0.2
1.0410270690917969,0.5,0.5
1.0452399253845217,0.5,0.5
1.0567169189453125,0.5,0.5
1.0572876930236816,0.5,0.5
1.059807300567627,0.5,0.5
1.066239595413208,0.5,0.5
1.0741209983825684,0.5,0.5
1.085716962814331,0.5,0.5
1.0962398052215576,0.5,0.5
1.097752571105957,0.5,0.5
1.0998072624206543,0.5,0.5
1.1147170066833496,0.5,0.5
1.1165204048156738,0.5,0.5
1.1292736530303955,0.5,0.5
1.1298072338104248,0.5,0.5
1.1356313228607178,0.5,0.5
1.1362409591674805,0.5,0.5
1.148078203201294,0.6,0.4
1.154924392700195,0.6,0.4
1.155717134475708,0.6,0.4
1.158806324005127,0.6,0.4
1.165241003036499,0.6,0.4
1.1664996147155762,0.6,0.4
1.17712140083313,0.6,0.4
1.1847171783447266,0.6,0.4
1.1871707439422607,0.6,0.4
1.1898856163024902,0.6,0.4
1.2002408504486084,0.6,0.4
1.2008066177368164,0.6,0.4
1.2024476528167725,0.6,0.4
1.2120988368988037,0.6,0.4
1.222742795944214,0.6,0.4
1.226717233657837,0.6,0.4
1.2298061847686768,0.6,0.4
1.2352406978607178,0.6,0.4
1.2357304096221924,0.6,0.4
1.237783670425415,0.6,0.4
1.250124454498291,0.6,0.4
1.254716157913208,0.6,0.4
1.2608044147491455,0.6,0.4
1.2652406692504885,0.6,0.4
1.2907161712646484,0.6,0.4
1.2982406616210938,0.6,0.4
1.2984707355499268,0.6,0.4
1.300804853439331,0.6,0.4
1.3124165534973145,0.6,0.4
1.3205223083496094,0.6,0.4
1.3257160186767578,0.6,0.4
1.3288047313690186,0.6,0.4
1.334240198135376,0.6,0.4
1.3396210670471191,0.7,0.3
1.3557167053222656,0.7,0.3
1.3595454692840576,0.7,0.3
1.3638033866882324,0.7,0.3
1.3639960289001465,0.7,0.3
1.367736577987671,0.7,0.3
1.3702402114868164,0.7,0.3
1.3844006061553955,0.7,0.3
1.3877573013305664,0.7,0.3
1.388716697692871,0.7,0.3
1.398803472518921,0.7,0.3
1.404024600982666,0.7,0.3
1.4042401313781738,0.7,0.3
1.418078899383545,0.7,0.3
1.423717021942139,0.7,0.3
1.4278016090393066,0.7,0.3
1.4338035583496094,0.7,0.3
1.4363696575164795,0.7,0.3
1.4392390251159668,0.7,0.3
1.454254150390625,0.7,0.3
1.4587149620056152,0.7,0.3
1.462528944015503,0.7,0.3
1.4638023376464844,0.7,0.3
1.4692387580871582,0.7,0.3
1.4766530990600586,0.7,0.3
1.4901413917541504,0.7,0.3
1.4947149753570557,0.7,0.3
1.4988024234771729,0.8,0.2
1.5007967948913574,0.8,0.2
1.5052390098571775,0.8,0.2
1.5157148838043213,0.8,0.2
1.5198495388031006,0.8,0.2
1.524428129196167,0.8,0.2
1.5262353420257568,0.8,0.2
1.533802509307861,0.8,0.2
1.5375258922576904,0.8,0.2
1.5461809635162354,0.8,0.2
1.5587153434753418,0.8,0.2
1.559319019317627,0.8,0.2
1.561803102493286,0.8,0.2
1.5692353248596191,0.8,0.2
1.5747528076171875,0.7,0.3
1.5805842876434326,0.7,0.3
1.5947153568267822,0.7,0.3
1.597614288330078,0.7,0.3
1.6005213260650637,0.7,0.3
1.6042351722717283,0.7,0.3
1.6108031272888184,0.7,0.3
1.613603591918945,0.7,0.3
1.614715337753296,0.7,0.3
1.6252708435058594,0.7,0.3
1.631803274154663,0.7,0.3
1.6392338275909424,0.7,0.3
1.6397688388824463,0.7,0.3
1.6531834602355957,0.7,0.3
1.6567156314849854,0.7,0.3
1.6606452465057373,0.7,0.3
1.661801815032959,0.7,0.3
1.6702337265014648,0.7,0.3
1.671849012374878,0.7,0.3
1.6788723468780518,0.7,0.3
1.685715675354004,0.7,0.3
1.691061019897461,0.7,0.3
1.6948020458221436,0.7,0.3
1.6999964714050293,0.7,0.3
1.705233812332153,0.7,0.3
1.7115206718444824,0.7,0.3
1.7147157192230225,0.7,0.3
1.7190947532653809,0.7,0.3
1.7289485931396484,0.7,0.3
1.729801893234253,0.7,0.3
1.7352311611175537,0.7,0.3
1.739999532699585,0.7,0.3
1.7511146068572998,0.7,0.3
1.7557156085968018,0.7,0.3
1.7588019371032717,0.7,0.3
1.7609376907348633,0.7,0.3
1.767560958862305,0.7,0.3
1.7692310810089111,0.7,0.3
1.7877156734466553,0.6,0.4
1.788468599319458,0.6,0.4
1.7961928844451904,0.6,0.4
1.8018019199371336,0.6,0.4
1.8042311668396,0.6,0.4
1.8099751472473145,0.6,0.4
1.8147156238555908,0.6,0.4
1.816235065460205,0.6,0.4
1.8272686004638672,0.6,0.4
1.8288018703460691,0.6,0.4
1.8392283916473389,0.6,0.4
1.8417823314666748,0.6,0.4
1.856715202331543,0.6,0.4
1.8588016033172607,0.6,0.4
1.8643882274627688,0.6,0.4
1.8672282695770264,0.6,0.4
1.881230354309082,0.6,0.4
1.8857152462005613,0.6,0.4
1.890409231185913,0.6,0.4
1.895228624343872,0.6,0.4
1.8998017311096191,0.6,0.4
1.90199875831604,0.6,0.4
1.908684015274048,0.6,0.4
1.914715051651001,0.6,0.4
1.934801816940308,0.6,0.4
1.9355931282043457,0.6,0.4
1.9382243156433103,0.6,0.4
1.9500443935394287,0.6,0.4
1.9524331092834477,0.6,0.4
1.955714464187622,0.6,0.4
1.965224266052246,0.6,0.4
1.9697980880737305,0.6,0.4
1.9831180572509768,0.6,0.4
1.9847142696380613,0.6,0.4
1.990797996520996,0.6,0.4
1.9914844036102293,0.6,0.4
1.9952239990234373,0.6,0.4
2.006383419036865,0.6,0.4
2.0233492851257324,0.6,0.4
2.026714324951172,0.6,0.4
2.033798217773437,0.6,0.4
2.0372073650360107,0.6,0.4
2.0372233390808105,0.6,0.4
2.05471420288086,0.6,0.4
2.0608878135681152,0.6,0.4
2.061798095703125,0.6,0.4
2.065223217010498,0.6,0.4
2.074275016784668,0.6,0.4
2.090798139572144,0.6,0.4
2.0917139053344727,0.6,0.4
2.0950231552124023,0.7,0.3
2.095104932785034,0.7,0.3
2.1082231998443604,0.7,0.3
2.112304925918579,0.7,0.3
2.12571382522583,0.7,0.3
2.129528284072876,0.7,0.3
2.130298852920532,0.7,0.3
2.131798028945923,0.7,0.3
2.1352221965789795,0.7,0.3
2.137219190597534,0.7,0.3
2.1547133922576904,0.7,0.3
2.159798145294189,0.7,0.3
2.16522216796875,0.7,0.3
2.1689600944519043,0.7,0.3
2.170275926589966,0.7,0.3
2.185206413269043,0.7,0.3
2.188713312149048,0.7,0.3
2.1908562183380127,0.7,0.3
2.1982221603393555,0.7,0.3
2.202798128128052,0.7,0.3
2.203674554824829,0.7,0.3
2.216966390609741,0.7,0.3
2.221557378768921,0.7,0.3
2.2247133255004883,0.7,0.3
2.2307980060577397,0.7,0.3
2.236220598220825,0.7,0.3
2.242461681365967,0.7,0.3
2.245708703994751,0.7,0.3
2.249706506729126,0.7,0.3
2.259794950485229,0.7,0.3
2.2642204761505127,0.7,0.3
2.2643861770629883,0.7,0.3
2.2759344577789307,0.7,0.3
2.2857236862182617,0.7,0.3
2.2877087593078613,0.7,0.3
2.294220447540283,0.7,0.3
2.295391798019409,0.7,0.3
2.30179500579834,0.7,0.3
2.3147501945495605,0.6,0.4
2.3157083988189697,0.6,0.4
2.3175830841064453,0.6,0.4
2.324720621109009,0.6,0.4
2.3317949771881104,0.6,0.4
2.3362202644348145,0.6,0.4
2.338203191757202,0.6,0.4
2.3540127277374268,0.6,0.4
2.3587088584899902,0.6,0.4
2.359796524047852,0.6,0.4
2.3636181354522705,0.6,0.4
2.364220142364502,0.6,0.4
2.374173879623413,0.6,0.4
2.384769916534424,0.6,0.4
2.3947083950042725,0.6,0.4
2.396814346313477,0.6,0.4
2.3992202281951904,0.6,0.4
2.402796506881714,0.6,0.4
2.4089479446411133,0.6,0.4
2.4147088527679443,0.6,0.4
2.4210870265960693,0.6,0.4
2.4307966232299805,0.6,0.4
2.4342188835144043,0.6,0.4
2.434742212295532,0.6,0.4
2.434784173965454,0.6,0.4
2.4456281661987305,0.6,0.4
2.4531116485595703,0.6,0.4
2.456707000732422,0.6,0.4
2.4597954750061035,0.6,0.4
2.462357997894287,0.6,0.4
2.4692189693450928,0.6,0.4
2.472203493118286,0.6,0.4
2.4857068061828613,0.6,0.4
2.488795518875122,0.6,0.4
2.490341186523437,0.6,0.4
2.500605821609497,0.6,0.4
2.506218910217285,0.6,0.4
2.5069472789764404,0.6,0.4
2.514706611633301,0.6,0.4
2.5239598751068115,0.6,0.4
2.5317955017089844,0.6,0.4
2.5342183113098145,0.6,0.4
2.5345399379730225,0.6,0.4
2.5453569889068604,0.6,0.4
2.55026912689209,0.6,0.4
2.556704044342041,0.6,0.4
2.55879807472229,0.6,0.4
2.5672261714935303,0.6,0.4
2.570218324661255,0.6,0.4
2.579803705215454,0.6,0.4
2.5877041816711426,0.6,0.4
2.5888044834136963,0.6,0.4
2.6007981300354004,0.6,0.4
2.6042184829711914,0.6,0.4
2.6106438636779785,0.6,0.4
2.614704132080078,0.6,0.4
2.625690460205078,0.6,0.4
2.627213954925537,0.6,0.4
2.629798173904419,0.6,0.4
2.650620937347412,0.6,0.4
2.655019760131836,0.6,0.4
2.656700849533081,0.6,0.4
2.659796476364136,0.6,0.4
2.665623426437378,0.6,0.4
2.6682140827178955,0.6,0.4
2.669507503509521,0.6,0.4
2.680604219436645,0.6,0.4
2.6857008934021,0.6,0.4
2.689668893814087,0.6,0.4
2.6986236572265625,0.6,0.4
2.699796438217163,0.6,0.4
2.704214096069336,0.6,0.4
2.7069640159606934,0.6,0.4
2.711876153945923,0.6,0.4
2.713701009750366,0.6,0.4
2.7287964820861816,0.6,0.4
2.733729362487793,0.6,0.4
2.739213705062866,0.6,0.4
2.744093179702759,0.6,0.4
2.75557804107666,0.6,0.4
2.7587008476257324,0.6,0.4
2.7637956142425537,0.6,0.4
2.767213821411133,0.6,0.4
2.768346071243286,0.6,0.4
2.783700704574585,0.6,0.4
2.7851479053497314,0.6,0.4
2.798062562942505,0.6,0.4
2.799795627593994,0.6,0.4
2.804213762283325,0.6,0.4
2.812466621398926,0.6,0.4
2.821130514144897,0.6,0.4
2.8252079486846924,0.6,0.4
2.8267009258270264,0.6,0.4
2.827916622161865,0.6,0.4
2.8287951946258545,0.6,0.4
2.8361153602600098,0.6,0.4
2.844327211380005,0.6,0.4
2.853700399398804,0.6,0.4
2.8552982807159424,0.6,0.4
2.86279559135437,0.6,0.4
2.868213176727295,0.6,0.4
2.8692076206207275,0.6,0.4
2.88147497177124,0.6,0.4
2.8899950981140137,0.6,0.4
2.890700578689575,0.6,0.4
2.8917956352233887,0.6,0.4
2.8952078819274902,0.6,0.4
2.899801254272461,0.6,0.4
2.9109137058258057,0.6,0.4
2.919468879699707,0.6,0.4
2.9247004985809326,0.6,0.4
2.9252071380615234,0.6,0.4
2.9280760288238525,0.6,0.4
2.932795524597168,0.6,0.4
2.9458460807800293,0.6,0.4
2.9475905895233154,0.6,0.4
2.9577009677886963,0.6,0.4
2.958699941635132,0.6,0.4
2.9637985229492188,0.6,0.4
2.9670329093933105,0.6,0.4
2.967207193374634,0.6,0.4
2.973120927810669,0.6,0.4
2.9816136360168457,0.6,0.4
2.988700151443481,0.6,0.4
2.998207092285156,0.6,0.4
2.9987986087799072,0.6,0.4
2.9991860389709477,0.6,0.4
3.019209623336792,0.6,0.4
3.0246999263763428,0.6,0.4
3.027790307998657,0.6,0.4
3.0287985801696777,0.6,0.4
3.039204835891724,0.6,0.4
3.054692029953003,0.6,0.4
3.058295488357544,0.6,0.4
3.0597000122070312,0.6,0.4
3.063795328140259,0.6,0.4
3.067204713821411,0.6,0.4
3.067527532577514,0.6,0.4
3.077582836151123,0.6,0.4
3.087700605392456,0.6,0.4
3.0922961235046387,0.6,0.4
3.092459201812744,0.6,0.4
3.0962047576904297,0.6,0.4
3.100795269012451,0.6,0.4
3.1056010723114014,0.6,0.4
3.115667819976806,0.6,0.4
3.1247003078460693,0.6,0.4
3.125932455062866,0.6,0.4
3.13124680519104,0.6,0.4
3.1347951889038086,0.6,0.4
3.1382029056549072,0.6,0.4
3.142925500869751,0.6,0.4
3.1467947959899902,0.6,0.4
3.155683994293213,0.6,0.4
3.1596992015838623,0.6,0.4
3.1624345779418945,0.6,0.4
3.162789821624756,0.6,0.4
3.165203094482422,0.6,0.4
3.1760504245758057,0.6,0.4
3.18700647354126,0.5,0.5
3.18869948387146,0.5,0.5
3.1926510334014893,0.5,0.5
3.1942031383514404,0.5,0.5
3.1982600688934326,0.5,0.5
3.204789876937866,0.5,0.5
3.212414026260376,0.5,0.5
3.2166996002197266,0.5,0.5
3.2215917110443115,0.5,0.5
3.232789993286133,0.5,0.5
3.234148502349853,0.5,0.5
3.235200881958008,0.5,0.5
3.2422900199890137,0.5,0.5
3.250624179840088,0.5,0.5
3.2554168701171875,0.5,0.5
3.2586989402771,0.5,0.5
3.2662010192871094,0.5,0.5
3.2687883377075195,0.5,0.5
3.2702033519744877,0.5,0.5
3.2837531566619877,0.5,0.5
3.288788318634033,0.5,0.5
3.2916505336761475,0.5,0.5
3.29469895362854,0.5,0.5
3.302657127380371,0.5,0.5
3.3062009811401367,0.5,0.5
3.3156991004943848,0.5,0.5
3.3157882690429688,0.5,0.5
3.3307886123657227,0.5,0.5
3.3341991901397705,0.5,0.5
3.3366634845733643,0.5,0.5
3.345057249069214,0.5,0.5
3.3528404235839844,0.5,0.5
3.3583824634552,0.5,0.5
3.358700752258301,0.5,0.5
3.3587846755981445,0.5,0.5
3.370199203491211,0.5,0.5
3.3728249073028564,0.5,0.5
3.383986473083496,0.5,0.5
3.3937008380889893,0.5,0.5
3.3979005813598637,0.5,0.5
3.39956283569336,0.5,0.5
3.400784730911255,0.5,0.5
3.4051995277404785,0.5,0.5
3.415700912475586,0.5,0.5
3.422752618789673,0.6,0.4
3.429469347000122,0.6,0.4
3.4307847023010254,0.6,0.4
3.4351961612701416,0.6,0.4
3.4388952255249023,0.6,0.4
3.4446139335632324,0.6,0.4
3.456044912338257,0.6,0.4
3.457702398300171,0.6,0.4
3.4615912437438965,0.6,0.4
3.4637837409973145,0.6,0.4
3.470196008682251,0.6,0.4
3.4775261878967285,0.6,0.4
3.480872392654419,0.6,0.4
3.486702442169189,0.6,0.4
3.4943044185638428,0.6,0.4
3.498783826828003,0.6,0.4
3.5051960945129395,0.6,0.4
3.5059256553649902,0.6,0.4
3.5110676288604736,0.6,0.4
3.526194334030152,0.6,0.4
3.5287020206451416,0.6,0.4
3.52904748916626,0.6,0.4
3.5337836742401123,0.6,0.4
3.536552667617798,0.6,0.4
3.554136037826538,0.6,0.4
3.558701038360596,0.6,0.4
3.565624475479126,0.6,0.4
3.5677061080932617,0.6,0.4
3.568194627761841,0.6,0.4
3.568783760070801,0.6,0.4
3.578255176544189,0.6,0.4
3.5857009887695312,0.6,0.4
3.587485313415528,0.6,0.4
3.5897836685180664,0.6,0.4
3.596194267272949,0.6,0.4
3.6034457683563232,0.6,0.4
3.612405776977539,0.6,0.4
3.61470103263855,0.6,0.4
3.6187682151794434,0.6,0.4
3.625190019607544,0.6,0.4
3.629451990127564,0.6,0.4
3.6317837238311768,0.6,0.4
3.6428470611572266,0.6,0.4
3.649136543273926,0.6,0.4
3.652660131454468,0.6,0.4
3.656700134277344,0.6,0.4
3.659783601760864,0.6,0.4
3.669189929962158,0.6,0.4
3.67498517036438,0.6,0.4
3.686700105667114,0.6,0.4
3.689638137817383,0.6,0.4
3.690049886703491,0.6,0.4
3.695189952850342,0.6,0.4
3.700723171234131,0.6,0.4
3.7027838230133057,0.6,0.4
3.714067220687866,0.6,0.4
3.715700149536133,0.6,0.4
3.723083019256592,0.6,0.4
3.729783773422241,0.6,0.4
3.7308335304260254,0.5,0.5
3.737190008163452,0.5,0.5
3.742255210876465,0.5,0.5
3.74904203414917,0.5,0.5
3.75777006149292,0.5,0.5
3.758702516555786,0.5,0.5
3.759782552719116,0.5,0.5
3.76518988609314,0.5,0.5
3.76960039138794,0.5,0.5
3.776323318481445,0.5,0.5
3.789785623550415,0.5,0.5
3.79070258140564,0.5,0.5
3.7975685596466064,0.5,0.5
3.799782514572144,0.5,0.5
3.8001902103424072,0.5,0.5
3.804804801940918,0.5,0.5
3.8206725120544434,0.5,0.5
3.820782423019409,0.5,0.5
3.824702501296997,0.5,0.5
3.8325250148773193,0.5,0.5
3.835188627243042,0.5,0.5
3.840550422668457,0.5,0.5
3.8509368896484375,0.5,0.5
3.854703187942505,0.5,0.5
3.8595340251922607,0.5,0.5
3.862780570983887,0.5,0.5
3.865188598632813,0.5,0.5
3.87192702293396,0.5,0.5
3.880054712295532,0.5,0.5
3.8897030353546143,0.5,0.5
3.891265869140625,0.5,0.5
3.891780614852905,0.5,0.5
3.903455018997192,0.5,0.5
3.905188798904419,0.5,0.5
3.91339898109436,0.5,0.5
3.925703048706055,0.5,0.5
3.929436683654785,0.5,0.5
3.932780742645264,0.5,0.5
3.936187505722046,0.5,0.5
3.9462857246398926,0.5,0.5
3.954649209976196,0.5,0.5
3.9557018280029297,0.5,0.5
3.960313558578491,0.5,0.5
3.960784673690796,0.5,0.5
3.964187383651733,0.5,0.5
3.967738151550293,0.5,0.5
3.984701871871948,0.5,0.5
3.987471103668213,0.5,0.5
3.995187520980835,0.5,0.5
3.999745130538941,0.5,0.5
4.003784894943237,0.5,0.5
4.01286244392395,0.5,0.5
4.013701915740967,0.5,0.5
4.02064061164856,0.5,0.5
4.0290374755859375,0.5,0.5
4.030784845352173,0.5,0.5
4.037186861038208,0.5,0.5
4.037521600723267,0.5,0.5
4.047763824462891,0.6,0.4
4.054703235626221,0.6,0.4
4.061785459518433,0.6,0.4
4.063298225402832,0.6,0.4
4.066186904907227,0.6,0.4
4.066713094711304,0.6,0.4
4.083975076675415,0.6,0.4
4.08970308303833,0.6,0.4
4.094785213470459,0.6,0.4
4.096003293991089,0.6,0.4
4.100186824798584,0.6,0.4
4.1137535572052,0.6,0.4
4.1245410442352295,0.6,0.4
4.1267030239105225,0.6,0.4
4.129785537719727,0.6,0.4
4.135183811187744,0.6,0.4
4.142639875411987,0.6,0.4
4.145702600479126,0.6,0.4
4.1518988609313965,0.6,0.4
4.164785385131836,0.6,0.4
4.1701836585998535,0.6,0.4
4.17541241645813,0.6,0.4
4.188702344894409,0.6,0.4
4.190693378448486,0.6,0.4
4.198355197906494,0.6,0.4
4.199183464050293,0.6,0.4
4.199785232543945,0.6,0.4
4.203620195388794,0.6,0.4
4.216094493865967,0.6,0.4
4.216702461242676,0.6,0.4
4.228785276412964,0.6,0.4
4.231579065322876,0.6,0.4
4.235180854797363,0.6,0.4
4.242835998535156,0.6,0.4
4.25232720375061,0.6,0.4
4.257701635360718,0.6,0.4
4.263373613357544,0.6,0.4
4.2691810131073,0.6,0.4
4.269785404205322,0.6,0.4
4.275981664657593,0.6,0.4
4.281443595886231,0.6,0.4
4.285645723342896,0.6,0.4
4.286701679229736,0.6,0.4
4.290785312652588,0.6,0.4
4.298562288284302,0.6,0.4
4.306180715560913,0.6,0.4
4.307852268218994,0.6,0.4
4.315701484680176,0.6,0.4
4.317248344421387,0.6,0.4
4.325179815292358,0.6,0.4
4.328535079956055,0.6,0.4
4.332785367965698,0.6,0.4
4.346681356430054,0.6,0.4
4.353549242019653,0.6,0.4
4.358700275421143,0.6,0.4
4.360784292221069,0.6,0.4
4.369179725646973,0.6,0.4
4.369277000427246,0.6,0.4
4.388784170150757,0.6,0.4
4.389119386672974,0.6,0.4
4.389700412750244,0.6,0.4
4.401145935058594,0.6,0.4
4.404179811477661,0.6,0.4
4.409420013427734,0.5,0.5
4.4247002601623535,0.5,0.5
4.426409482955933,0.5,0.5
4.427175045013428,0.5,0.5
4.427597284317017,0.5,0.5
4.430784225463867,0.5,0.5
4.443610906600952,0.5,0.5
4.453698396682739,0.5,0.5
4.456120014190674,0.5,0.5
4.458784580230713,0.5,0.5
4.461712598800659,0.5,0.5
4.468175172805786,0.5,0.5
4.473389863967896,0.5,0.5
4.486105918884277,0.5,0.5
4.48969841003418,0.5,0.5
4.495175123214722,0.5,0.5
4.500006198883057,0.5,0.5
4.500784397125244,0.5,0.5
4.501702070236206,0.5,0.5
4.514426946640015,0.5,0.5
4.52569842338562,0.5,0.5
4.528784513473511,0.5,0.5
4.529420137405396,0.5,0.5
4.540174007415772,0.5,0.5
4.543633699417114,0.5,0.5
4.555901527404785,0.5,0.5
4.558699607849121,0.5,0.5
4.564787149429321,0.5,0.5
4.56502890586853,0.5,0.5
4.572788953781128,0.5,0.5
4.574174165725708,0.5,0.5
4.590699672698975,0.5,0.5
4.5929224491119385,0.5,0.5
4.59453272819519,0.5,0.5
4.597174167633057,0.5,0.5
4.598787069320679,0.5,0.5
4.61474347114563,0.5,0.5
4.624699592590332,0.5,0.5
4.626416206359863,0.5,0.5
4.633787155151367,0.5,0.5
4.63803243637085,0.5,0.5
4.638172626495361,0.5,0.5
4.651947021484375,0.5,0.5
4.654701232910156,0.5,0.5
4.66717267036438,0.5,0.5
4.669783592224121,0.5,0.5
4.670550584793091,0.5,0.5
4.681987524032593,0.5,0.5
4.683990955352783,0.5,0.5
4.689701318740845,0.5,0.5
4.689783811569214,0.5,0.5
4.696172475814819,0.5,0.5
4.705572843551636,0.5,0.5
4.714426279067993,0.5,0.5
4.723854064941406,0.5,0.5
4.725171804428101,0.5,0.5
4.726701259613037,0.5,0.5
4.731783390045166,0.5,0.5
4.73465371131897,0.5,0.5
4.743211269378662,0.5,0.5
4.746699810028076,0.5,0.5
4.755715131759644,0.6,0.4
4.7597856521606445,0.6,0.4
4.767171621322632,0.6,0.4
4.771009206771851,0.6,0.4
4.7828450202941895,0.6,0.4
4.79069972038269,0.6,0.4
4.792778491973877,0.6,0.4
4.794785499572754,0.6,0.4
4.803791046142578,0.6,0.4
4.804171800613403,0.6,0.4
4.811532020568848,0.6,0.4
4.816699743270874,0.6,0.4
4.821506500244141,0.6,0.4
4.830785512924194,0.6,0.4
4.836168527603149,0.6,0.4
4.848043203353882,0.6,0.4
4.85727071762085,0.6,0.4
4.858701467514038,0.6,0.4
4.85978364944458,0.6,0.4
4.864168405532837,0.6,0.4
4.866524457931519,0.6,0.4
4.880618333816528,0.6,0.4
4.886701822280884,0.6,0.4
4.8941686153411865,0.6,0.4
4.897635459899902,0.6,0.4
4.9027838706970215,0.6,0.4
4.912039756774902,0.6,0.4
4.915701627731323,0.6,0.4
4.930783748626709,0.6,0.4
4.937166929244995,0.6,0.4
4.937212467193604,0.6,0.4
4.953411340713501,0.6,0.4
4.95870041847229,0.6,0.4
4.9587812423706055,0.6,0.4
4.966166973114014,0.6,0.4
4.977302074432373,0.6,0.4
4.990700006484985,0.6,0.4
4.991143226623535,0.5,0.5
4.994166851043701,0.5,0.5
5.000781297683716,0.5,0.5
5.0039777755737305,0.5,0.5
5.012149810791016,0.5,0.5
5.02122950553894,0.5,0.5
5.024700403213501,0.5,0.5
5.030781269073486,0.5,0.5
5.031410455703735,0.5,0.5
5.036164999008179,0.5,0.5
5.040021181106567,0.5,0.5
5.054701089859009,0.5,0.5
5.057734727859497,0.5,0.5
5.0597825050354,0.5,0.5
5.078852891921997,0.5,0.5
5.079164981842041,0.5,0.5
5.088306903839111,0.5,0.5
5.089701175689697,0.5,0.5
5.099782466888428,0.5,0.5
5.100164890289307,0.5,0.5
5.101317405700684,0.5,0.5
5.118876695632935,0.5,0.5
5.125700950622559,0.5,0.5
5.128782510757446,0.5,0.5
5.135161638259888,0.5,0.5
5.135428428649902,0.5,0.5
5.150440454483032,0.5,0.5
5.155701160430908,0.5,0.5
5.163609027862549,0.5,0.5
5.163784503936768,0.5,0.5
5.165161609649658,0.5,0.5
5.177767515182495,0.5,0.5
5.1780524253845215,0.5,0.5
5.184700965881348,0.5,0.5
5.190800189971924,0.5,0.5
5.198784589767456,0.5,0.5
5.200372219085693,0.5,0.5
5.2061614990234375,0.5,0.5
5.214701175689697,0.5,0.5
5.219790697097778,0.5,0.5
5.225944757461548,0.5,0.5
5.233692407608032,0.5,0.5
5.2347846031188965,0.5,0.5
5.236160516738892,0.5,0.5
5.24776029586792,0.5,0.5
5.248539924621582,0.5,0.5
5.2567009925842285,0.5,0.5
5.2595531940460205,0.5,0.5
5.268160581588745,0.5,0.5
5.2684714794158936,0.5,0.5
5.269789218902588,0.5,0.5
5.285701036453247,0.5,0.5
5.287771463394165,0.5,0.5
5.295160531997681,0.5,0.5
5.298789024353027,0.5,0.5
5.300929546356201,0.5,0.5
5.311194896697998,0.5,0.5
5.324810028076172,0.5,0.5
5.329330205917358,0.5,0.5
5.32970118522644,0.5,0.5
5.332789182662964,0.5,0.5
5.337160348892212,0.5,0.5
5.344574928283691,0.5,0.5
5.353763341903687,0.5,0.5
5.358699798583984,0.5,0.5
5.36079216003418,0.5,0.5
5.366160154342651,0.5,0.5
5.368330717086792,0.5,0.5
5.377612829208374,0.5,0.5
5.389792203903198,0.5,0.5
5.390699625015259,0.5,0.5
5.391305208206177,0.5,0.5
5.397160291671753,0.5,0.5
5.400422096252441,0.5,0.5
5.414251327514648,0.5,0.5
5.42277193069458,0.5,0.5
5.424699544906616,0.5,0.5
5.4278244972229,0.5,0.5
5.4317920207977295,0.5,0.5
5.437161922454834,0.5,0.5
5.44910192489624,0.5,0.5
5.454698801040649,0.5,0.5
5.459791660308838,0.5,0.5
5.4651618003845215,0.5,0.5
5.477597236633301,0.5,0.5
5.482833862304688,0.5,0.5
5.48969841003418,0.5,0.5
5.493090391159058,0.5,0.5
5.50016188621521,0.5,0.5
5.50129246711731,0.5,0.5
5.5027916431427,0.5,0.5
5.511094570159912,0.6,0.4
5.525698661804199,0.6,0.4
5.53121280670166,0.6,0.4
5.531791687011719,0.6,0.4
5.53210973739624,0.6,0.4
5.535159826278687,0.6,0.4
5.545774936676025,0.6,0.4
5.549550294876099,0.6,0.4
5.555697202682495,0.6,0.4
5.558791637420654,0.6,0.4
5.560526132583618,0.6,0.4
5.565159559249878,0.6,0.4
5.580780029296875,0.6,0.4
5.584697484970093,0.6,0.4
5.592048168182373,0.6,0.4
5.598159551620483,0.6,0.4
5.600791692733765,0.6,0.4
5.60101580619812,0.6,0.4
5.615714550018311,0.6,0.4
5.626021385192871,0.6,0.4
5.626697540283203,0.6,0.4
5.628791809082031,0.6,0.4
5.636157274246216,0.6,0.4
5.6375412940979,0.6,0.4
5.642170906066895,0.6,0.4
5.654698610305786,0.6,0.4
5.658236742019653,0.6,0.4
5.663790702819824,0.6,0.4
5.664157152175903,0.6,0.4
5.664451122283936,0.6,0.4
5.672054290771484,0.6,0.4
5.684463262557983,0.5,0.5
5.689698219299316,0.5,0.5
5.695157289505005,0.5,0.5
5.6965436935424805,0.5,0.5
5.7007904052734375,0.5,0.5
5.709720134735107,0.5,0.5
5.722429037094116,0.5,0.5
5.725697994232178,0.5,0.5
5.728790998458862,0.5,0.5
5.731585264205933,0.5,0.5
5.737157106399536,0.5,0.5
5.741190195083618,0.5,0.5
5.75370454788208,0.5,0.5
5.760695695877075,0.5,0.5
5.762496471405029,0.5,0.5
5.763785362243652,0.5,0.5
5.766157150268555,0.5,0.5
5.770958185195923,0.5,0.5
5.78166127204895,0.5,0.5
5.788695812225342,0.5,0.5
5.79528021812439,0.5,0.5
5.800157308578491,0.5,0.5
5.801785230636597,0.5,0.5
5.801993370056152,0.5,0.5
5.815695762634277,0.5,0.5
5.8168861865997314,0.5,0.5
5.828032732009888,0.5,0.5
5.828785181045532,0.5,0.5
5.834359407424927,0.5,0.5
5.8351569175720215,0.5,0.5
5.845871925354004,0.5,0.5
5.858696699142456,0.5,0.5
5.858785629272461,0.5,0.5
5.86110520362854,0.5,0.5
5.867238998413086,0.5,0.5
5.87015700340271,0.5,0.5
5.8774189949035645,0.5,0.5
5.886696815490723,0.5,0.5
5.887598276138306,0.5,0.5
5.900785207748413,0.5,0.5
5.905156850814819,0.5,0.5
5.909046411514282,0.5,0.5
5.909616470336914,0.5,0.5
5.915696620941162,0.5,0.5
5.919763803482056,0.5,0.5
5.928219556808472,0.5,0.5
5.929785490036011,0.5,0.5
5.935154438018799,0.5,0.5
5.937894105911255,0.5,0.5
5.948572397232056,0.5,0.5
5.95869517326355,0.5,0.5
5.959839820861816,0.5,0.5
5.963784217834473,0.5,0.5
5.968631029129028,0.5,0.5
5.970154285430908,0.5,0.5
5.989084720611572,0.5,0.5
5.990695238113403,0.5,0.5
5.9957664012908936,0.5,0.5
5.998784303665161,0.5,0.5
6.006154298782349,0.5,0.5
6.0145556926727295,0.5,0.5
6.023645639419556,0.5,0.5
6.024695158004761,0.5,0.5
6.028784275054932,0.5,0.5
6.034152507781982,0.5,0.5
6.039836883544922,0.5,0.5
6.054694175720215,0.5,0.5
6.054832935333252,0.5,0.5
6.063782215118408,0.5,0.5
6.066689491271973,0.5,0.5
6.076152563095093,0.5,0.5
6.076884746551514,0.5,0.5
6.089694261550903,0.5,0.5
6.090667009353638,0.5,0.5
6.09109091758728,0.5,0.5
6.096810340881348,0.5,0.5
6.099782228469849,0.5,0.5
6.106152534484863,0.5,0.5
6.123270988464356,0.5,0.5
6.125694274902344,0.5,0.5
6.131942272186279,0.5,0.5
6.134782075881958,0.5,0.5
6.1351478099823,0.5,0.5
6.145299911499023,0.5,0.5
6.16069221496582,0.5,0.5
6.164782285690308,0.5,0.5
6.169147491455078,0.5,0.5
6.1736462116241455,0.5,0.5
6.181592702865601,0.5,0.5
6.183236598968506,0.5,0.5
6.190692186355591,0.5,0.5
6.196335077285767,0.6,0.4
6.198782205581665,0.6,0.4
6.205147504806519,0.6,0.4
6.207640886306763,0.6,0.4
6.214646816253662,0.6,0.4
6.216692209243774,0.6,0.4
6.224313497543335,0.6,0.4
6.226142168045044,0.6,0.4
6.228782176971436,0.6,0.4
6.236600399017334,0.6,0.4
6.244976758956909,0.6,0.4
6.258691310882568,0.6,0.4
6.259622097015381,0.6,0.4
6.260780334472656,0.6,0.4
6.269142150878906,0.6,0.4
6.276042461395264,0.6,0.4
6.285764694213867,0.6,0.4
6.286691427230835,0.6,0.4
6.289780616760254,0.6,0.4
6.296229362487793,0.6,0.4
6.304141998291016,0.6,0.4
6.304854393005371,0.6,0.4
6.313679218292236,0.6,0.4
6.315691232681274,0.6,0.4
6.3291754722595215,0.6,0.4
6.332780599594116,0.6,0.4
6.339138746261597,0.6,0.4
6.3474440574646,0.6,0.4
6.34779953956604,0.6,0.4
6.357175350189209,0.6,0.4
6.358689785003662,0.6,0.4
6.360777616500855,0.6,0.4
6.370161771774292,0.5,0.5
6.375138998031616,0.5,0.5
6.379526615142822,0.5,0.5
6.3906896114349365,0.5,0.5
6.398644924163818,0.5,0.5
6.402580261230469,0.5,0.5
6.404138803482056,0.5,0.5
6.404777765274048,0.5,0.5
6.408377408981323,0.5,0.5
6.416235685348511,0.5,0.5
6.425529718399048,0.5,0.5
6.425689697265625,0.5,0.5
6.4327778816223145,0.5,0.5
6.437692403793335,0.5,0.5
6.43813681602478,0.5,0.5
6.4525768756866455,0.5,0.5
6.454692602157593,0.5,0.5
6.462761640548706,0.5,0.5
6.466136693954468,0.5,0.5
6.468780279159546,0.5,0.5
6.468822479248047,0.5,0.5
6.47953200340271,0.5,0.5
6.48878026008606,0.5,0.5
6.489692687988281,0.5,0.5
6.491129636764526,0.5,0.5
6.495136737823486,0.5,0.5
6.499208688735962,0.5,0.5
6.508708715438843,0.5,0.5
6.525692701339722,0.5,0.5
6.530780076980591,0.5,0.5
6.536084413528442,0.5,0.5
6.537135601043701,0.5,0.5
6.550562858581543,0.5,0.5
6.555691242218018,0.5,0.5
6.556260585784912,0.5,0.5
6.558780193328857,0.5,0.5
6.56613564491272,0.5,0.5
6.569275140762329,0.5,0.5
6.572996616363525,0.5,0.5
6.581456184387207,0.5,0.5
6.590691328048706,0.5,0.5
6.594135761260986,0.5,0.5
6.597817659378052,0.5,0.5
6.600780010223389,0.5,0.5
6.603043556213379,0.5,0.5
6.613233327865601,0.5,0.5
6.6252946853637695,0.5,0.5
6.6256914138793945,0.5,0.5
6.629780292510986,0.5,0.5
6.634841203689575,0.5,0.5
6.637133121490479,0.5,0.5
6.644935607910156,0.5,0.5
6.654690504074097,0.5,0.5
6.658779621124268,0.5,0.5
6.661673545837402,0.5,0.5
6.664133071899414,0.5,0.5
6.674473762512207,0.5,0.5
6.683386325836182,0.5,0.5
6.689690589904785,0.5,0.5
6.691950559616089,0.5,0.5
6.695133209228516,0.5,0.5
6.699584722518921,0.5,0.5
6.70177960395813,0.5,0.5
6.711353063583374,0.5,0.5
6.725690603256226,0.5,0.5
6.728779554367065,0.5,0.5
6.737130403518677,0.5,0.5
6.737989664077759,0.5,0.5
6.750039339065552,0.5,0.5
6.758779048919678,0.5,0.5
6.76068902015686,0.5,0.5
6.762614011764526,0.5,0.5
6.768338680267334,0.5,0.5
6.780613899230957,0.5,0.5
6.786130666732788,0.5,0.5
6.78705620765686,0.5,0.5
6.790688991546631,0.5,0.5
6.800779104232788,0.5,0.5
6.807324409484863,0.5,0.5
6.825994729995728,0.5,0.5
6.834779262542725,0.5,0.5
6.838117599487305,0.5,0.5
6.839855194091797,0.5,0.5
6.850445508956909,0.5,0.5
6.850742816925049,0.5,0.5
6.858689069747925,0.5,0.5
6.863383531570435,0.5,0.5
6.865689039230347,0.5,0.5
6.866117477416992,0.5,0.5
6.873674392700195,0.5,0.5
6.879976749420166,0.5,0.5
6.886688947677612,0.5,0.5
6.897580146789551,0.5,0.5
6.901286602020264,0.5,0.5
6.908780097961426,0.5,0.5
6.910706043243408,0.5,0.5
6.917117595672607,0.5,0.5
6.922763347625732,0.5,0.5
6.9307122230529785,0.5,0.5
6.936115026473999,0.5,0.5
6.938730001449585,0.6,0.4
6.942778587341309,0.6,0.4
6.951689004898071,0.6,0.4
6.960183620452881,0.6,0.4
6.968578100204468,0.6,0.4
6.978778600692749,0.6,0.4
6.979207277297974,0.6,0.4
6.985688924789429,0.6,0.4
6.990592956542969,0.6,0.4
6.997114419937134,0.6,0.4
7.009874582290649,0.6,0.4
7.017831802368164,0.6,0.4
7.02077841758728,0.6,0.4
7.028112411499023,0.6,0.4
7.034451723098755,0.6,0.4
7.039689064025879,0.6,0.4
7.041780710220337,0.6,0.4
7.045982599258423,0.5,0.5
7.053104877471924,0.5,0.5
7.06722092628479,0.5,0.5
7.069690227508545,0.5,0.5
7.070636987686157,0.5,0.5
7.071780681610107,0.5,0.5
7.080794334411621,0.5,0.5
7.081112623214722,0.5,0.5
7.089923620223999,0.5,0.5
7.100112676620483,0.5,0.5
7.100731611251831,0.5,0.5
7.111690282821655,0.5,0.5
7.11479640007019,0.5,0.5
7.124780416488648,0.5,0.5
7.127111673355103,0.5,0.5
7.127299785614014,0.5,0.5
7.1397788524627686,0.5,0.5
7.146689176559448,0.5,0.5
7.150182008743286,0.5,0.5
7.150522470474243,0.5,0.5
7.168111801147461,0.5,0.5
7.16830587387085,0.5,0.5
7.175689220428467,0.5,0.5
7.175778865814209,0.5,0.5
7.1805739402771,0.5,0.5
7.195014953613281,0.5,0.5
7.1971116065979,0.5,0.5
7.20214319229126,0.5,0.5
7.206689357757568,0.5,0.5
7.215522289276123,0.5,0.5
7.223778963088989,0.5,0.5
7.224064350128174,0.5,0.5
7.226109743118286,0.5,0.5
7.229631185531616,0.5,0.5
7.238780975341797,0.5,0.5
7.239687204360962,0.5,0.5
7.239733219146728,0.5,0.5
7.254879951477051,0.5,0.5
7.263960838317871,0.5,0.5
7.268545389175415,0.5,0.5
7.270109891891479,0.5,0.5
7.2734456062316895,0.5,0.5
7.275687217712402,0.5,0.5
7.279780864715576,0.5,0.5
7.295836925506592,0.5,0.5
7.297109603881836,0.5,0.5
7.300781011581421,0.5,0.5
7.3046875,0.5,0.5
7.308213710784912,0.5,0.5
7.322103023529053,0.5,0.5
7.32610821723938,0.5,0.5
7.334686279296875,0.5,0.5
7.342333555221558,0.5,0.5
7.342779636383057,0.5,0.5
7.349305868148804,0.5,0.5
7.358010530471802,0.5,0.5
7.369108200073242,0.5,0.5
7.370779752731323,0.5,0.5
7.376686334609985,0.5,0.5
7.380701541900635,0.5,0.5
7.384024620056152,0.5,0.5
7.396233797073364,0.5,0.5
7.39710807800293,0.5,0.5
7.401286602020264,0.5,0.5
7.406686305999756,0.5,0.5
7.412779808044434,0.5,0.5
7.422156810760498,0.5,0.5
7.425107717514038,0.5,0.5
7.431713819503784,0.5,0.5
7.434686183929443,0.5,0.5
7.440782070159912,0.5,0.5
7.452672958374023,0.5,0.5
7.460814714431763,0.5,0.5
7.463434219360352,0.5,0.5
7.4681077003479,0.5,0.5
7.469682693481445,0.5,0.5
7.471782207489014,0.5,0.5
7.48051643371582,0.5,0.5
7.498107671737671,0.5,0.5
7.498979091644287,0.5,0.5
7.504682540893555,0.5,0.5
7.512781620025635,0.5,0.5
7.515252351760864,0.5,0.5
7.521117210388184,0.5,0.5
7.534682035446167,0.5,0.5
7.537878036499023,0.5,0.5
7.538106918334961,0.5,0.5
7.54278039932251,0.5,0.5
7.547410726547241,0.5,0.5
7.558081150054932,0.5,0.5
7.5661070346832275,0.5,0.5
7.574496269226074,0.5,0.5
7.574681997299194,0.5,0.5
7.578402519226074,0.5,0.5
7.57878041267395,0.5,0.5
7.591952085494995,0.5,0.5
7.595107078552246,0.5,0.5
7.600328207015991,0.5,0.5
7.609682083129883,0.5,0.5
7.6122496128082275,0.5,0.5
7.61478066444397,0.5,0.5
7.616936922073364,0.5,0.5
7.628464221954346,0.5,0.5
7.630104303359985,0.5,0.5
7.637553215026855,0.5,0.5
7.638682126998901,0.5,0.5
7.647871017456055,0.5,0.5
7.649776220321655,0.5,0.5
7.657166004180908,0.6,0.4
7.665683746337891,0.6,0.4
7.66609001159668,0.6,0.4
7.667104005813599,0.6,0.4
7.678776264190674,0.6,0.4
7.68066668510437,0.6,0.4
7.690839529037476,0.6,0.4
7.694104194641113,0.6,0.4
7.696717739105225,0.6,0.4
7.706909894943237,0.6,0.4
7.710683822631836,0.6,0.4
7.713776350021362,0.6,0.4
7.720733642578125,0.5,0.5
7.731102228164673,0.5,0.5
7.73195219039917,0.5,0.5
7.736569881439209,0.5,0.5
7.73668360710144,0.5,0.5
7.747225761413574,0.5,0.5
7.748776435852051,0.5,0.5
7.758179426193237,0.5,0.5
7.764102220535278,0.5,0.5
7.769776344299316,0.5,0.5
7.774681806564331,0.5,0.5
7.777301073074341,0.5,0.5
7.778392791748047,0.5,0.5
7.784756183624268,0.5,0.5
7.794689893722534,0.5,0.5
7.795681715011597,0.5,0.5
7.799101591110229,0.5,0.5
7.810928344726562,0.5,0.5
7.811776399612427,0.5,0.5
7.812016487121582,0.5,0.5
7.827999591827393,0.5,0.5
7.829097032546997,0.5,0.5
7.83696722984314,0.5,0.5
7.838679790496826,0.5,0.5
7.839775800704956,0.5,0.5
7.846343755722046,0.5,0.5
7.859208106994629,0.5,0.5
7.860384702682495,0.5,0.5
7.86709713935852,0.5,0.5
7.873792171478271,0.5,0.5
7.875679731369018,0.5,0.5
7.876775741577148,0.5,0.5
7.879610538482666,0.5,0.5
7.889685153961182,0.5,0.5
7.895097017288208,0.5,0.5
7.900108337402344,0.5,0.5
7.904679775238037,0.5,0.5
7.909775733947754,0.5,0.5
7.912768125534058,0.5,0.5
7.918745279312134,0.5,0.5
7.923097133636475,0.5,0.5
7.925095558166504,0.5,0.5
7.93467903137207,0.5,0.5
7.944776058197021,0.5,0.5
7.952440500259399,0.5,0.5
7.967095613479614,0.5,0.5
7.968381404876709,0.5,0.5
7.976679086685181,0.5,0.5
7.981696605682373,0.5,0.5
7.981775999069214,0.5,0.5
7.987453699111938,0.5,0.5
7.99667763710022,0.5,0.5
7.997095823287964,0.5,0.5
8.000776052474976,0.5,0.5
8.005723714828491,0.5,0.5
8.006679058074951,0.5,0.5
8.017641544342041,0.5,0.5
8.025962829589844,0.5,0.5
8.026094198226929,0.5,0.5
8.03567910194397,0.5,0.5
8.047521591186523,0.5,0.5
8.049779176712036,0.5,0.5
8.059049129486084,0.5,0.5
8.064677000045776,0.5,0.5
8.070779085159302,0.5,0.5
8.071689367294312,0.5,0.5
8.073093891143799,0.5,0.5
8.09142780303955,0.5,0.5
8.097094058990479,0.5,0.5
8.100636005401611,0.5,0.5
8.100779056549072,0.5,0.5
8.106676816940308,0.5,0.5
8.117937803268433,0.5,0.5
8.125937700271606,0.5,0.5
8.126091718673706,0.5,0.5
8.13567590713501,0.5,0.5
8.140588998794556,0.5,0.5
8.14277720451355,0.5,0.5
8.152464151382446,0.5,0.5
8.166676044464111,0.5,0.5
8.167765617370605,0.5,0.5
8.169091701507568,0.5,0.5
8.177213907241821,0.5,0.5
8.17877721786499,0.5,0.5
8.188828468322754,0.5,0.5
8.195938110351562,0.5,0.5
8.198091745376587,0.5,0.5
8.206676006317139,0.5,0.5
8.207108974456787,0.5,0.5
8.213777303695679,0.5,0.5
8.217838525772095,0.5,0.5
8.22508955001831,0.5,0.5
8.228711366653442,0.5,0.5
8.234675884246826,0.5,0.5
8.238953113555908,0.5,0.5
8.24177360534668,0.5,0.5
8.250375747680664,0.5,0.5
8.253896474838257,0.5,0.5
8.263689517974854,0.5,0.5
8.266089677810669,0.5,0.5
8.270773887634277,0.5,0.5
8.277674198150635,0.5,0.5
8.285492181777954,0.5,0.5
8.295089721679688,0.5,0.5
8.303569316864014,0.5,0.5
8.305674076080322,0.5,0.5
8.311654090881348,0.5,0.5
8.314773797988892,0.5,0.5
8.325085401535034,0.5,0.5
8.332972288131714,0.5,0.5
8.33367395401001,0.6,0.4
8.335422992706299,0.6,0.4
8.342773199081421,0.6,0.4
8.35862112045288,0.6,0.4
8.359493732452393,0.6,0.4
8.366085529327393,0.6,0.4
8.369219541549683,0.6,0.4
8.37567400932312,0.6,0.4
8.380597591400146,0.5,0.5
8.381773233413696,0.5,0.5
8.392550945281982,0.5,0.5
8.39508581161499,0.5,0.5
8.39932632446289,0.5,0.5
8.406673908233643,0.5,0.5
8.408773183822632,0.5,0.5
8.413671016693115,0.5,0.5
8.42408299446106,0.5,0.5
8.431994199752808,0.5,0.5
8.438772439956665,0.5,0.5
8.439673900604248,0.5,0.5
8.440538883209229,0.5,0.5
8.455172538757324,0.5,0.5
8.459805488586426,0.5,0.5
8.467082977294922,0.5,0.5
8.471024990081787,0.5,0.5
8.473772525787354,0.5,0.5
8.475674867630005,0.5,0.5
8.481924295425415,0.5,0.5
8.494110584259033,0.5,0.5
8.49608302116394,0.5,0.5
8.501674175262451,0.5,0.5
8.504674911499023,0.5,0.5
8.510772466659546,0.5,0.5
8.517833948135376,0.5,0.5
8.530380010604858,0.5,0.5
8.534673690795898,0.5,0.5
8.53808045387268,0.5,0.5
8.538772583007812,0.5,0.5
8.539867401123047,0.5,0.5
8.552311897277832,0.5,0.5
8.558584928512573,0.5,0.5
8.566080331802368,0.5,0.5
8.570537805557251,0.5,0.5
8.574765682220459,0.5,0.5
8.576673746109009,0.5,0.5
8.581312894821167,0.5,0.5
8.595080614089966,0.5,0.5
8.598692417144775,0.5,0.5
8.60218334197998,0.5,0.5
8.603259325027466,0.5,0.5
8.605673789978027,0.5,0.5
8.6107656955719,0.5,0.5
8.612948894500732,0.5,0.5
8.620979309082031,0.5,0.5
8.633760213851929,0.5,0.5
8.635673522949219,0.5,0.5
8.636080741882324,0.5,0.5
8.63875961303711,0.5,0.5
8.64718246459961,0.5,0.5
8.661500215530396,0.5,0.5
8.664080619812012,0.5,0.5
8.664673328399658,0.5,0.5
8.674759864807129,0.5,0.5
8.675180673599243,0.5,0.5
8.687904834747314,0.5,0.5
8.689561605453491,0.5,0.5
8.6990807056427,0.5,0.5
8.699406147003174,0.5,0.5
8.70123839378357,0.5,0.5
8.710673332214355,0.5,0.5
8.7117600440979,0.5,0.5
8.71186375617981,0.5,0.5
8.723146677017212,0.5,0.5
8.733060598373413,0.5,0.5
8.73407793045044,0.5,0.5
8.736671924591064,0.5,0.5
8.738762855529785,0.5,0.5
8.741853475570679,0.5,0.5
8.758625507354736,0.5,0.5
8.765077590942383,0.5,0.5
8.769126415252686,0.5,0.5
8.774671792984009,0.5,0.5
8.775509357452393,0.5,0.5
8.775762796401978,0.5,0.5
8.787246465682983,0.5,0.5
8.792593955993652,0.5,0.5
8.797077894210815,0.5,0.5
8.80473518371582,0.5,0.5
8.809671878814697,0.5,0.5
8.809762716293335,0.5,0.5
8.81358003616333,0.5,0.5
8.820442199707031,0.5,0.5
8.826072454452515,0.5,0.5
8.828680515289307,0.5,0.5
8.83867359161377,0.5,0.5
8.838762044906616,0.5,0.5
8.843654155731201,0.5,0.5
8.85727334022522,0.5,0.5
8.865280151367188,0.5,0.5
8.866673946380615,0.5,0.5
8.869072437286377,0.5,0.5
8.874762058258057,0.5,0.5
8.881365060806274,0.5,0.5
8.892219305038452,0.5,0.5
8.897830963134766,0.5,0.5
8.899072408676147,0.5,0.5
8.906168222427368,0.5,0.5
8.909673929214478,0.5,0.5
8.911761999130249,0.5,0.5
8.91925573348999,0.5,0.5
8.924361228942871,0.5,0.5
8.935070276260376,0.5,0.5
8.93605899810791,0.5,0.5
8.937674045562744,0.5,0.5
8.940765380859375,0.5,0.5
8.941272020339966,0.5,0.5
8.953505992889404,0.5,0.5
8.957070112228394,0.5,0.5
8.96667194366455,0.5,0.5
8.968765258789062,0.5,0.5
8.976191520690918,0.5,0.5
8.998639822006226,0.5,0.5
8.999070167541504,0.5,0.5
9.007248163223268,0.5,0.5
9.009671926498411,0.5,0.5
9.011765241622925,0.5,0.5
9.014283418655396,0.5,0.5
9.025970458984377,0.5,0.5
9.029067039489746,0.5,0.5
9.034437894821169,0.5,0.5
9.03867220878601,0.5,0.5
9.038769006729126,0.5,0.5
9.052848100662231,0.5,0.5
9.065067052841188,0.5,0.5
9.065672397613524,0.5,0.5
9.067092895507812,0.5,0.5
9.073550701141356,0.5,0.5
9.07676887512207,0.5,0.5
9.083415269851685,0.5,0.5
9.095067024230955,0.5,0.5
9.09610366821289,0.5,0.5
9.107672691345217,0.5,0.5
9.107710838317873,0.5,0.5
9.109768867492676,0.5,0.5
9.11347222328186,0.5,0.5
9.127913236618042,0.5,0.5
9.130065202713013,0.5,0.5
9.136672019958496,0.5,0.5
9.13876748085022,0.5,0.5
9.138980150222778,0.5,0.5
9.146237134933472,0.5,0.5
9.156375646591188,0.5,0.5
9.1650652885437,0.5,0.5
9.165672063827516,0.5,0.5
9.172286987304688,0.5,0.5
9.180767297744753,0.5,0.5
9.18164086341858,0.5,0.5
9.188526391983032,0.5,0.5
9.195065259933472,0.5,0.5
9.197192430496216,0.5,0.5
9.206672191619871,0.5,0.5
9.207829236984251,0.5,0.5
9.208767414093018,0.5,0.5
9.218360662460327,0.5,0.5
9.232439994812012,0.5,0.5
9.237065315246582,0.5,0.5
9.241672039031982,0.5,0.5
9.24376630783081,0.5,0.5
9.24713897705078,0.5,0.5
9.259701251983644,0.5,0.5
9.26084041595459,0.5,0.5
9.26506519317627,0.5,0.5
9.268995761871338,0.5,0.5
9.269670009613035,0.5,0.5
9.279766321182253,0.5,0.5
9.280749320983888,0.5,0.5
9.294288396835327,0.5,0.5
9.29506540298462,0.5,0.5
9.304752349853516,0.5,0.5
9.305670022964478,0.5,0.5
9.308766603469849,0.5,0.5
9.31488275527954,0.5,0.5
9.323070049285889,0.5,0.5
9.328062295913696,0.5,0.5
9.332306623458862,0.5,0.5
9.34155297279358,0.5,0.5
9.342669248580933,0.5,0.5
9.343765497207642,0.5,0.5
9.352672815322876,0.5,0.5
9.356062173843384,0.5,0.5
9.361403465270996,0.5,0.5
9.375924587249756,0.5,0.5
9.37666940689087,0.5,0.5
9.380765676498411,0.5,0.5
9.3896381855011,0.5,0.5
9.399062156677246,0.5,0.5
9.400765657424929,0.5,0.5
9.406304597854614,0.5,0.5
9.40666937828064,0.5,0.5
9.415848731994627,0.5,0.5
9.426060914993286,0.5,0.5
9.427796602249146,0.5,0.5
9.429912090301514,0.5,0.5
9.439669370651243,0.5,0.5
9.443022012710571,0.5,0.5
9.443762302398682,0.5,0.5
9.452695608139038,0.5,0.5
9.465060949325562,0.5,0.5
9.465679407119753,0.5,0.5
9.467668056488035,0.5,0.5
9.470762014389038,0.5,0.5
9.473720073699951,0.5,0.5
9.48043966293335,0.5,0.5
9.487699270248411,0.5,0.5
9.493921518325806,0.5,0.5
9.50006103515625,0.5,0.5
9.506692171096802,0.5,0.5
9.5106680393219,0.5,0.5
9.511762142181396,0.5,0.5
9.515963077545166,0.5,0.5
9.524926900863647,0.5,0.5
9.529056549072266,0.5,0.5
9.531664609909058,0.5,0.5
9.539761066436768,0.5,0.5
9.540660619735718,0.5,0.5
9.545668601989746,0.5,0.5
9.5511474609375,0.5,0.5
9.566056489944458,0.5,0.5
9.566668272018433,0.5,0.5
9.568760871887209,0.5,0.5
9.570160627365112,0.5,0.5
9.586618661880491,0.5,0.5
9.5919451713562,0.5,0.5
9.595056533813477,0.5,0.5
9.604187488555908,0.5,0.5
9.609020948410034,0.5,0.5
9.609668016433716,0.5,0.5
9.61176085472107,0.5,0.5
9.623430013656616,0.5,0.5
9.629058122634888,0.5,0.5
9.634695768356323,0.5,0.5
9.638668060302734,0.5,0.5
9.64076018333435,0.5,0.5
9.651779174804688,0.5,0.5
9.662843227386476,0.5,0.5
9.665058135986328,0.5,0.5
9.66566801071167,0.5,0.5
9.668760299682615,0.5,0.5
9.672601461410522,0.5,0.5
9.688548564910889,0.5,0.5
9.69289517402649,0.5,0.5
9.700058221817017,0.5,0.5
9.70059299468994,0.5,0.5
9.70766806602478,0.5,0.5
9.712760210037231,0.5,0.5
9.714015007019045,0.5,0.5
9.725600957870483,0.5,0.5
9.72905659675598,0.5,0.5
9.735504627227783,0.5,0.5
9.735667705535889,0.5,0.5
9.73976707458496,0.5,0.5
9.750712156295776,0.5,0.5
9.757056474685667,0.5,0.5
9.75882339477539,0.5,0.5
9.76876711845398,0.5,0.5
9.770667791366575,0.5,0.5
9.770678281784058,0.5,0.5
9.78229308128357,0.5,0.5
9.789011001586914,0.5,0.5
9.798056602478027,0.5,0.5
9.803061485290527,0.5,0.5
9.806667804718018,0.5,0.5
9.811767101287842,0.5,0.5
9.817924737930298,0.5,0.5
9.824422597885132,0.6,0.4
9.830888986587524,0.6,0.4
9.834054470062256,0.6,0.4
9.835667610168455,0.6,0.4
9.840769529342651,0.6,0.4
9.847927331924438,0.6,0.4
9.851577281951904,0.6,0.4
9.86804699897766,0.6,0.4
9.870054483413696,0.6,0.4
9.874142408370972,0.6,0.4
9.87476921081543,0.6,0.4
9.877667427062988,0.6,0.4
9.890663623809814,0.6,0.4
9.892671823501589,0.5,0.5
9.897054433822632,0.5,0.5
9.905667543411257,0.5,0.5
9.9117693901062,0.5,0.5
9.912951469421388,0.5,0.5
9.913554430007936,0.5,0.5
9.925052404403688,0.5,0.5
9.92759656906128,0.5,0.5
9.940773725509644,0.5,0.5
9.941502809524536,0.5,0.5
9.942668914794922,0.5,0.5
9.95195245742798,0.5,0.5
9.958391427993774,0.5,0.5
9.96905255317688,0.5,0.5
9.969773769378662,0.5,0.5
9.975668907165527,0.5,0.5
9.988884210586548,0.5,0.5
9.994534015655518,0.5,0.5
9.997668743133543,0.5,0.5
9.99905252456665,0.5,0.5
10.01077365875244,0.5,0.5
10.02001690864563,0.5,0.5
10.025050401687622,0.5,0.5
10.031364679336548,0.5,0.5
10.034520149230955,0.5,0.5
10.039668560028076,0.5,0.5
10.041773080825806,0.5,0.5
10.044255018234251,0.5,0.5
10.052379608154297,0.5,0.5
10.066852569580078,0.5,0.5
10.067050457000732,0.5,0.5
10.074773073196411,0.5,0.5
10.075668573379517,0.5,0.5
10.077824592590332,0.5,0.5
10.09505033493042,0.5,0.5
10.096484184265137,0.5,0.5
10.10283589363098,0.5,0.5
10.10977292060852,0.5,0.5
10.110668420791626,0.5,0.5
10.11997938156128,0.5,0.5
10.129546165466309,0.5,0.5
10.138800621032717,0.5,0.5
10.13904881477356,0.5,0.5
10.144772052764893,0.5,0.5
10.14566683769226,0.5,0.5
10.1610267162323,0.5,0.5
10.164246797561646,0.5,0.5
10.165048837661743,0.5,0.5
10.166666746139526,0.5,0.5
10.173772096633911,0.5,0.5
10.183777093887327,0.5,0.5
10.189952611923218,0.5,0.5
10.195048809051514,0.5,0.5
10.197632551193236,0.5,0.5
10.208666801452637,0.5,0.5
10.209091424942017,0.5,0.5
10.211772203445436,0.5,0.5
10.214571237564089,0.5,0.5
10.22819685935974,0.4,0.6
10.229750394821169,0.4,0.6
10.230046510696411,0.4,0.6
10.238667011260986,0.4,0.6
10.243773698806764,0.4,0.6
10.247713804244995,0.4,0.6
10.258132457733154,0.4,0.6
10.262750625610352,0.4,0.6
10.265666961669922,0.4,0.6
10.268046617507936,0.4,0.6
10.27177381515503,0.4,0.6
10.274869680404665,0.4,0.6
10.285905122756958,0.4,0.6
10.294038534164429,0.4,0.6
10.297046661376951,0.4,0.6
10.303161382675173,0.4,0.6
10.30666708946228,0.4,0.6
10.314773797988892,0.4,0.6
10.318701267242432,0.4,0.6
10.32604479789734,0.4,0.6
10.33186101913452,0.4,0.6
10.34122395515442,0.4,0.6
10.341774225234984,0.4,0.6
10.342666864395142,0.4,0.6
10.355044841766356,0.4,0.6
10.35757541656494,0.4,0.6
10.358945608139038,0.4,0.6
10.36866569519043,0.4,0.6
10.376667022705078,0.4,0.6
10.37977409362793,0.4,0.6
10.382890224456789,0.4,0.6
10.390410661697388,0.4,0.6
10.397525310516356,0.4,0.6
10.39804482460022,0.4,0.6
10.401773929595947,0.4,0.6
10.405666828155518,0.4,0.6
10.406713247299194,0.4,0.6
10.41530442237854,0.4,0.6
10.426882266998293,0.4,0.6
10.43099880218506,0.4,0.6
10.43403959274292,0.4,0.6
10.438396453857422,0.4,0.6
10.439666748046877,0.4,0.6
10.443774700164797,0.4,0.6
10.45630431175232,0.4,0.6
10.467664957046509,0.4,0.6
10.469039678573608,0.4,0.6
10.469730854034424,0.4,0.6
10.471774816513062,0.4,0.6
10.477638721466064,0.6,0.4
10.48587703704834,0.6,0.4
10.49860692024231,0.6,0.4
10.49903964996338,0.6,0.4
10.50077486038208,0.6,0.4
10.501217603683472,0.6,0.4
10.510563611984251,0.6,0.4
10.510664939880373,0.6,0.4
10.525655269622805,0.6,0.4
10.527038812637327,0.6,0.4
10.53766942024231,0.6,0.4
10.543776750564575,0.6,0.4
10.548580169677734,0.6,0.4
10.565669298171995,0.6,0.4
10.568038940429688,0.6,0.4
10.57397961616516,0.6,0.4
10.580776929855348,0.6,0.4
10.588377952575684,0.6,0.4
10.590185642242432,0.6,0.4
10.596038818359377,0.6,0.4
10.600435733795166,0.6,0.4
10.60077691078186,0.6,0.4
10.607669353485107,0.6,0.4
10.618440866470335,0.6,0.4
10.624037027359009,0.6,0.4
10.632554531097412,0.6,0.4
10.635668516159058,0.6,0.4
10.644452333450316,0.6,0.4
10.650774478912354,0.6,0.4
10.65379524230957,0.6,0.4
10.663217306137083,0.6,0.4
10.66603708267212,0.5,0.5
10.670668601989746,0.5,0.5
10.670774459838867,0.5,0.5
10.6754732131958,0.5,0.5
10.682199478149414,0.5,0.5
10.693469285964966,0.5,0.5
10.695037126541138,0.5,0.5
10.705668449401855,0.5,0.5
10.70614528656006,0.5,0.5
10.712774515151978,0.5,0.5
10.718416213989258,0.5,0.5
10.72603440284729,0.5,0.5
10.735466957092283,0.5,0.5
10.74077534675598,0.5,0.5
10.742668390274048,0.5,0.5
10.746166467666626,0.6,0.4
10.751083374023438,0.6,0.4
10.764029741287231,0.6,0.4
10.765034198760986,0.6,0.4
10.77205753326416,0.6,0.4
10.77566933631897,0.6,0.4
10.77577519416809,0.6,0.4
10.792417526245115,0.6,0.4
10.795034408569336,0.6,0.4
10.797669410705566,0.6,0.4
10.798768281936646,0.6,0.4
10.811775207519531,0.6,0.4
10.819161891937256,0.6,0.4
10.819732666015623,0.6,0.4
10.828031539916992,0.6,0.4
10.828482151031494,0.6,0.4
10.83966898918152,0.6,0.4
10.846774578094482,0.6,0.4
10.85041117668152,0.6,0.4
10.858031511306764,0.6,0.4
10.862174272537231,0.6,0.4
10.870322227478027,0.6,0.4
10.87566900253296,0.6,0.4
10.8757746219635,0.6,0.4
10.883337020874023,0.6,0.4
10.895979166030884,0.5,0.5
10.89803147315979,0.5,0.5
10.907537937164308,0.5,0.5
10.909774541854858,0.5,0.5
10.910669088363647,0.5,0.5
10.925843000411987,0.5,0.5
10.934031248092651,0.5,0.5
10.944661617279053,0.5,0.5
10.944778442382812,0.5,0.5
10.94566822052002,0.5,0.5
10.952897548675535,0.5,0.5
10.963706493377686,0.5,0.5
10.966668605804443,0.5,0.5
10.970031261444092,0.5,0.5
10.971973657608032,0.5,0.5
10.979938983917236,0.5,0.5
10.981778621673584,0.5,0.5
10.994791030883787,0.5,0.5
10.99803113937378,0.5,0.5
11.000778436660768,0.5,0.5
11.0042622089386,0.5,0.5
11.008668184280396,0.5,0.5
11.01646852493286,0.5,0.5
11.02702808380127,0.5,0.5
11.028609037399292,0.6,0.4
11.038668394088743,0.6,0.4
11.041358947753906,0.6,0.4
11.043779373168944,0.6,0.4
11.044574737548828,0.6,0.4
11.054028272628784,0.6,0.4
11.061426877975464,0.6,0.4
11.065666913986206,0.6,0.4
11.07077932357788,0.6,0.4
11.074039936065674,0.6,0.4
11.083016395568848,0.6,0.4
11.095884084701538,0.6,0.4
11.096028089523315,0.6,0.4
11.1034836769104,0.6,0.4
11.107666969299316,0.6,0.4
11.109779357910156,0.6,0.4
11.11444902420044,0.6,0.4
11.124026536941528,0.6,0.4
11.125895261764526,0.6,0.4
11.13666605949402,0.6,0.4
11.142120599746704,0.6,0.4
11.144778490066528,0.6,0.4
11.150444984436035,0.6,0.4
11.150657653808594,0.6,0.4
11.165303230285645,0.6,0.4
11.165666103363035,0.6,0.4
11.16602659225464,0.6,0.4
11.172197818756104,0.5,0.5
11.18077826499939,0.5,0.5
11.186460494995115,0.5,0.5
11.193414211273192,0.5,0.5
11.19602656364441,0.5,0.5
11.198583364486694,0.5,0.5
11.200778484344482,0.5,0.5
11.206665992736816,0.5,0.5
11.213615655899048,0.5,0.5
11.225022315979004,0.5,0.5
11.225694417953491,0.5,0.5
11.232758522033691,0.5,0.5
11.241666078567505,0.5,0.5
11.244778394699097,0.5,0.5
11.246808528900146,0.5,0.5
11.25081181526184,0.5,0.5
11.261245727539062,0.5,0.5
11.268022298812866,0.5,0.5
11.274986028671265,0.5,0.5
11.277666091918944,0.5,0.5
11.280778408050535,0.5,0.5
11.287333488464355,0.5,0.5
11.295022010803224,0.5,0.5
11.305666208267212,0.5,0.5
11.309778451919556,0.5,0.5
11.31222915649414,0.5,0.5
11.320431470870972,0.5,0.5
11.324019193649292,0.5,0.5
11.33706521987915,0.5,0.5
11.338987827301024,0.5,0.5
11.341666221618652,0.5,0.5
11.343777656555176,0.5,0.5
11.349045038223268,0.5,0.5
11.36451506614685,0.5,0.5
11.36601948738098,0.5,0.5
11.372777700424194,0.5,0.5
11.374486207962036,0.5,0.5
11.37666654586792,0.5,0.5
11.38201642036438,0.5,0.5
11.396019220352173,0.5,0.5
11.403261423110962,0.5,0.5
11.40666651725769,0.5,0.5
11.413777828216553,0.5,0.5
11.418209552764893,0.5,0.5
11.429017066955566,0.5,0.5
11.431567192077637,0.5,0.5
11.439278602600098,0.4,0.6
11.439666509628296,0.4,0.6
11.444783210754396,0.4,0.6
11.451340198516846,0.4,0.6
11.465017080307009,0.4,0.6
11.467146396636965,0.4,0.6
11.47178316116333,0.4,0.6
11.475666522979736,0.4,0.6
11.476356267929075,0.4,0.6
11.491451263427734,0.5,0.5
11.501017093658447,0.5,0.5
11.508928298950195,0.5,0.5
11.509783267974854,0.5,0.5
11.51064920425415,0.5,0.5
11.510666608810425,0.5,0.5
11.521472930908203,0.5,0.5
11.535016059875488,0.5,0.5
11.538665771484377,0.5,0.5
11.538975477218628,0.5,0.5
11.54178261756897,0.5,0.5
11.545949697494509,0.5,0.5
11.556693077087402,0.5,0.5
11.56501603126526,0.5,0.5
11.566665649414062,0.5,0.5
11.569665908813477,0.5,0.5
11.569782733917236,0.5,0.5
11.579206943511965,0.5,0.5
11.587405920028688,0.4,0.6
11.59693455696106,0.4,0.6
11.598016023635864,0.4,0.6
11.60840630531311,0.5,0.5
11.609665632247925,0.5,0.5
11.613782405853271,0.5,0.5
11.616670846939089,0.5,0.5
11.632277488708496,0.5,0.5
11.63401460647583,0.5,0.5
11.638665676116943,0.5,0.5
11.640780210494995,0.5,0.5
11.640984058380129,0.5,0.5
11.647374391555786,0.5,0.5
11.658806800842283,0.5,0.5
11.665274858474731,0.5,0.5
11.66566777229309,0.5,0.5
11.67001461982727,0.4,0.6
11.670780181884766,0.4,0.6
11.674772262573242,0.4,0.6
11.69801425933838,0.4,0.6
11.699301958084106,0.6,0.4
11.7076678276062,0.6,0.4
11.710186004638672,0.6,0.4
11.712779998779297,0.6,0.4
11.714641332626345,0.6,0.4
11.721639156341553,0.6,0.4
11.726011991500854,0.6,0.4
11.734278440475464,0.6,0.4
11.736666679382324,0.6,0.4
11.741780281066896,0.5,0.5
11.743106603622437,0.5,0.5
11.757964611053469,0.5,0.5
11.765666723251345,0.5,0.5
11.766509532928469,0.5,0.5
11.769012212753296,0.5,0.5
11.770780086517334,0.5,0.5
11.77456521987915,0.5,0.5
11.78681254386902,0.5,0.5
11.79426407814026,0.5,0.5
11.799012184143066,0.5,0.5
11.8066668510437,0.5,0.5
11.814425706863403,0.5,0.5
11.814779996871948,0.5,0.5
11.825011014938354,0.5,0.5
11.825968742370604,0.5,0.5
11.834837198257446,0.5,0.5
11.835666418075562,0.5,0.5
11.84178352355957,0.5,0.5
11.845957040786743,0.5,0.5
11.859471321105955,0.5,0.5
11.86005401611328,0.5,0.5
11.863788604736328,0.5,0.5
11.87001085281372,0.5,0.5
11.87178349494934,0.5,0.5
11.87866735458374,0.5,0.5
11.880473613739014,0.5,0.5
11.897010803222656,0.5,0.5
11.897075891494753,0.5,0.5
11.902783393859863,0.5,0.5
11.90542697906494,0.5,0.5
11.905667304992676,0.5,0.5
11.911317825317385,0.5,0.5
11.919952392578123,0.5,0.5
11.926008701324465,0.5,0.5
11.931977033615112,0.5,0.5
11.941665172576904,0.5,0.5
11.943785667419434,0.5,0.5
11.948393821716309,0.5,0.5
11.95400881767273,0.5,0.5
11.9575514793396,0.5,0.5
11.965886116027832,0.5,0.5
11.974785804748535,0.5,0.5
11.975541353225708,0.5,0.5
11.976665258407593,0.5,0.5
11.990615129470823,0.5,0.5
11.995115518569946,0.5,0.5
11.996008396148682,0.5,0.5
12.006665229797363,0.5,0.5
12.009785652160645,0.5,0.5
12.009804487228394,0.5,0.5
12.015079498291016,0.5,0.5
12.018210411071776,0.5,0.5
12.026006698608398,0.5,0.5
12.036582469940186,0.5,0.5
12.039664268493652,0.5,0.5
12.046789407730104,0.5,0.5
12.053452491760254,0.5,0.5
12.062990665435793,0.5,0.5
12.067006587982178,0.5,0.5
12.06997013092041,0.5,0.5
12.07478928565979,0.5,0.5
12.075664281845093,0.5,0.5
12.076536417007446,0.5,0.5
12.096006393432615,0.5,0.5
12.101484537124634,0.5,0.5
12.110664129257202,0.5,0.5
12.111789464950562,0.5,0.5
12.126805782318115,0.5,0.5
12.13000774383545,0.5,0.5
12.138662815093994,0.5,0.5
12.14379382133484,0.5,0.5
12.149151086807253,0.5,0.5
12.15836215019226,0.5,0.5
12.16500759124756,0.5,0.5
12.16666293144226,0.5,0.5
12.167431116104126,0.5,0.5
12.172177076339722,0.5,0.5
12.17479372024536,0.5,0.5
12.187403202056885,0.5,0.5
12.200007677078249,0.5,0.5
12.200117826461792,0.5,0.5
12.207985162734984,0.5,0.5
12.209662914276125,0.5,0.5
12.211793661117554,0.5,0.5
12.22388505935669,0.5,0.5
12.228004217147827,0.5,0.5
12.234906673431396,0.5,0.5
12.238662958145142,0.5,0.5
12.244792222976685,0.5,0.5
12.24488091468811,0.5,0.5
12.252014875411987,0.5,0.5
12.25995707511902,0.5,0.5
12.26500415802002,0.5,0.5
12.265663385391235,0.5,0.5
12.273035526275637,0.5,0.5
12.275791883468628,0.5,0.5
12.27854061126709,0.5,0.5
12.297828674316406,0.5,0.5
12.298004150390623,0.5,0.5
12.307663202285768,0.5,0.5
12.308642864227297,0.5,0.5
12.309792041778564,0.5,0.5
12.311859607696531,0.5,0.5
12.330711126327516,0.5,0.5
12.336001634597778,0.5,0.5
12.336661338806152,0.5,0.5
12.338790893554688,0.5,0.5
12.341389894485474,0.5,0.5
12.355499029159546,0.5,0.5
12.36500120162964,0.5,0.5
12.36561918258667,0.5,0.5
12.365661382675173,0.5,0.5
12.380790948867798,0.5,0.5
12.382685661315918,0.5,0.5
12.391780614852903,0.5,0.5
12.400001525878906,0.5,0.5
12.407661199569702,0.5,0.5
12.408790826797484,0.5,0.5
12.417184114456177,0.5,0.5
12.428999185562134,0.5,0.5
12.430844068527222,0.5,0.5
12.435661315917969,0.5,0.5
12.441121101379396,0.5,0.5
12.44478440284729,0.5,0.5
12.460949182510376,0.5,0.5
12.463999271392822,0.5,0.5
12.464147806167604,0.5,0.5
12.476186275482178,0.5,0.5
12.477659940719604,0.5,0.5
12.47978448867798,0.5,0.5
12.490327596664429,0.5,0.5
12.495926141738892,0.5,0.5
12.49899935722351,0.5,0.5
12.505659818649292,0.5,0.5
12.508784532546995,0.5,0.5
12.510640144348145,0.5,0.5
12.520461320877075,0.5,0.5
12.532335996627808,0.5,0.5
12.533996343612673,0.5,0.5
12.542296409606934,0.6,0.4
12.542658567428589,0.6,0.4
12.542783498764038,0.6,0.4
12.555498838424684,0.6,0.4
12.566529750823976,0.6,0.4
12.56899642944336,0.6,0.4
12.571783542633057,0.6,0.4
12.576658487319946,0.6,0.4
12.579349040985107,0.6,0.4
12.59406328201294,0.6,0.4
12.597996473312378,0.6,0.4
12.599200010299684,0.6,0.4
12.606658458709717,0.6,0.4
12.61202621459961,0.6,0.4
12.612783193588257,0.6,0.4
12.622138023376465,0.5,0.5
12.625872611999512,0.5,0.5
12.626993894577026,0.5,0.5
12.632710695266724,0.5,0.5
12.639657020568848,0.5,0.5
12.640780210494995,0.5,0.5
12.643790006637571,0.5,0.5
12.660162925720217,0.5,0.5
12.668993949890137,0.5,0.5
12.669705629348757,0.5,0.5
12.669780015945436,0.5,0.5
12.675656795501707,0.5,0.5
12.68504762649536,0.5,0.5
12.698993921279907,0.5,0.5
12.70017123222351,0.4,0.6
12.70576810836792,0.4,0.6
12.710656881332396,0.4,0.6
12.711780071258543,0.4,0.6
12.716570615768433,0.4,0.6
12.72699213027954,0.4,0.6
12.730436086654665,0.4,0.6
12.731940984725952,0.4,0.6
12.738656759262083,0.4,0.6
12.739779472351074,0.4,0.6
12.74698519706726,0.4,0.6
12.755297899246216,0.4,0.6
12.766655206680298,0.4,0.6
12.768779516220093,0.4,0.6
12.769992113113403,0.4,0.6
12.775529384613035,0.4,0.6
12.782128810882568,0.2,0.8
12.78472375869751,0.2,0.8
12.79799199104309,0.2,0.8
12.7988440990448,0.2,0.8
12.80965518951416,0.2,0.8
12.811779499053957,0.2,0.8
12.812201499938965,0.2,0.8
12.826987743377686,0.2,0.8
12.834496974945068,0.1,0.9
12.83865523338318,0.1,0.9
12.84310007095337,0.2,0.8
12.845778465270996,0.1,0.9
12.852899551391602,0.1,0.9
12.863855600357056,0.1,0.9
12.86565375328064,0.1,0.9
12.867987632751465,0.1,0.9
12.87361764907837,0.1,0.9
12.880778312683104,0.1,0.9
12.884663105010986,0.1,0.9
12.897222757339478,0.1,0.9
12.898987770080566,0.1,0.9
12.90765380859375,0.1,0.9
12.909778356552124,0.1,0.9
12.913654565811155,0.1,0.9
12.919313669204712,0.1,0.9
12.932705402374268,0.0,1.0
12.93398404121399,0.0,1.0
12.93665361404419,0.0,1.0
12.943777799606323,0.0,1.0
12.950977325439451,0.0,1.0
12.954071521759031,0.0,1.0
12.961464405059814,0.0,1.0
12.96498417854309,0.0,1.0
12.965651750564575,0.0,1.0
12.973777532577516,0.0,1.0
12.979780435562134,0.0,1.0
12.987942457199097,0.0,1.0
12.995739459991457,0.0,1.0
12.998984098434448,0.0,1.0
12.999777555465698,0.0,1.0
13.006651639938354,0.0,1.0
13.013284921646118,0.0,1.0
13.02418851852417,0.0,1.0
13.027988195419312,0.0,1.0
13.028740406036375,0.0,1.0
13.035651683807371,0.0,1.0
13.044776439666748,0.0,1.0
13.04659128189087,0.0,1.0
13.056676864624023,0.7,0.3
13.06898832321167,0.7,0.3
13.07064962387085,0.7,0.3
13.071624279022217,0.7,0.3
13.075557231903076,0.7,0.3
13.079776287078856,0.7,0.3
13.08373999595642,0.7,0.3
13.095988273620604,0.7,0.3
13.099936962127686,0.7,0.3
13.105649709701538,0.7,0.3
13.11077642440796,0.7,0.3
13.117424488067629,0.7,0.3
13.120261192321776,0.7,0.3
13.12398600578308,0.7,0.3
13.13288140296936,0.7,0.3
13.142648696899414,0.7,0.3
13.144996166229248,0.7,0.3
13.145776271820068,0.7,0.3
13.156485557556152,0.7,0.3
13.16598629951477,0.7,0.3
13.16757106781006,0.7,0.3
13.174776315689089,0.6,0.4
13.176648616790771,0.6,0.4
13.193145751953123,0.6,0.4
13.196986198425291,0.6,0.4
13.204559087753296,0.6,0.4
13.206648588180542,0.6,0.4
13.210776329040527,0.6,0.4
13.214839220046995,0.6,0.4
13.223983526229858,0.6,0.4
13.226393461227415,0.6,0.4
13.231569528579712,0.6,0.4
13.239648580551147,0.6,0.4
13.245774507522585,0.6,0.4
13.247767210006714,0.6,0.4
13.250025749206545,0.6,0.4
13.263578176498411,0.6,0.4
13.265983819961548,0.6,0.4
13.267648935317991,0.6,0.4
13.27377462387085,0.6,0.4
13.281922101974487,0.6,0.4
13.294983625411987,0.6,0.4
13.296648740768433,0.6,0.4
13.301272869110107,0.6,0.4
13.310774564743042,0.6,0.4
13.314242601394652,0.6,0.4
13.318861246109009,0.6,0.4
13.325982093811035,0.6,0.4
13.335728883743286,0.6,0.4
13.338647365570068,0.6,0.4
13.344775915145874,0.6,0.4
13.346508979797363,0.6,0.4
13.355588912963867,0.6,0.4
13.365982055664062,0.6,0.4
13.366647243499756,0.6,0.4
13.372358322143556,0.6,0.4
13.374775886535645,0.6,0.4
13.37883186340332,0.6,0.4
13.390924215316772,0.6,0.4
13.39498209953308,0.6,0.4
13.395647287368774,0.6,0.4
13.404284000396729,0.6,0.4
13.414775609970093,0.6,0.4
13.423981428146362,0.6,0.4
13.432703018188477,0.6,0.4
13.43846321105957,0.6,0.4
13.438647270202637,0.6,0.4
13.441780090332031,0.6,0.4
13.445518016815186,0.6,0.4
13.458056211471558,0.6,0.4
13.465647220611572,0.6,0.4
13.466981410980225,0.6,0.4
13.46939182281494,0.6,0.4
13.47078013420105,0.6,0.4
13.482552528381348,0.6,0.4
13.488432168960571,0.6,0.4
13.49398136138916,0.6,0.4
13.501780271530151,0.6,0.4
13.506664752960203,0.6,0.4
13.506673336029053,0.6,0.4
13.507647275924684,0.6,0.4
13.517665386199951,0.6,0.4
13.529979467391968,0.6,0.4
13.531770706176758,0.6,0.4
13.536645889282228,0.6,0.4
13.542790412902832,0.6,0.4
13.543781518936155,0.6,0.4
13.547826528549194,0.6,0.4
13.563979625701904,0.6,0.4
13.565645694732666,0.6,0.4
13.568238019943236,0.6,0.4
13.568875789642334,0.6,0.4
13.57478141784668,0.6,0.4
13.581079006195068,0.6,0.4
13.595277547836304,0.6,0.4
13.59704041481018,0.6,0.4
13.598979473114014,0.6,0.4
13.606645822525024,0.6,0.4
13.609781503677368,0.6,0.4
13.622869729995728,0.6,0.4
13.628974676132202,0.6,0.4
13.633747100830078,0.6,0.4
13.635160684585571,0.6,0.4
13.635645866394045,0.6,0.4
13.646780729293823,0.6,0.4
13.652331352233888,0.6,0.4
13.658390045166016,0.6,0.4
13.666975021362305,0.6,0.4
13.673546075820925,0.6,0.4
13.67378067970276,0.6,0.4
13.677648305892944,0.6,0.4
13.677858352661133,0.6,0.4
13.686715602874756,0.6,0.4
13.694974660873411,0.6,0.4
13.699978590011597,0.6,0.4
13.705648422241213,0.6,0.4
13.708859920501707,0.6,0.4
13.71178102493286,0.6,0.4
13.726709365844728,0.6,0.4
13.72923493385315,0.6,0.4
13.729972839355469,0.6,0.4
13.74242091178894,0.6,0.4
13.742647171020508,0.6,0.4
13.743780136108398,0.6,0.4
13.758050918579102,0.6,0.4
13.765637397766112,0.6,0.4
13.76697301864624,0.6,0.4
13.771780014038086,0.6,0.4
13.772135734558104,0.6,0.4
13.776647090911863,0.6,0.4
13.785979509353638,0.6,0.4
13.795119524002075,0.6,0.4
13.79597282409668,0.6,0.4
13.806647062301636,0.6,0.4
13.80928921699524,0.6,0.4
13.814779996871948,0.6,0.4
13.817858219146729,0.6,0.4
13.82896614074707,0.6,0.4
13.829020977020264,0.6,0.4
13.83769679069519,0.6,0.4
13.83964705467224,0.6,0.4
13.843780755996704,0.6,0.4
13.855932474136353,0.6,0.4
13.860157012939451,0.6,0.4
13.86496615409851,0.6,0.4
13.871875524520874,0.6,0.4
13.875645399093628,0.6,0.4
13.879781007766724,0.6,0.4
13.881459712982178,0.6,0.4
13.89633083343506,0.6,0.4
13.896645545959473,0.6,0.4
13.900966167449951,0.6,0.4
13.902677297592165,0.6,0.4
13.913780689239502,0.6,0.4
13.9177885055542,0.6,0.4
13.924447059631348,0.6,0.4
13.927965879440308,0.6,0.4
13.938643217086792,0.6,0.4
13.940250396728516,0.6,0.4
13.942778825759888,0.6,0.4
13.956591606140137,0.6,0.4
13.957664012908936,0.6,0.4
13.963965892791748,0.6,0.4
13.966643810272217,0.6,0.4
13.96950101852417,0.6,0.4
13.969779014587402,0.6,0.4
13.98022484779358,0.5,0.5
13.997966051101685,0.5,0.5
14.004094123840332,0.5,0.5
14.0089213848114,0.5,0.5
14.0096435546875,0.5,0.5
14.011778831481934,0.5,0.5
14.022234678268433,0.5,0.5
14.033964395523071,0.5,0.5
14.035928010940552,0.5,0.5
14.03864336013794,0.5,0.5
14.039777755737305,0.5,0.5
14.05260419845581,0.5,0.5
14.055161952972412,0.5,0.5
14.06564450263977,0.4,0.6
14.06896471977234,0.4,0.6
14.069403886795044,0.0,1.0
14.074777603149414,0.0,1.0
14.078296184539797,0.0,1.0
14.090834617614746,0.0,1.0
14.096964597702026,0.0,1.0
14.100401163101196,0.0,1.0
14.103240728378296,0.0,1.0
14.10764455795288,0.0,1.0
14.111777782440186,0.0,1.0
14.119200706481934,0.0,1.0
14.124963760375977,0.0,1.0
14.130051612854004,0.0,1.0
14.135646104812622,0.0,1.0
14.139172554016112,0.0,1.0
14.144776582717896,0.0,1.0
14.147642850875854,0.0,1.0
14.154481649398804,0.0,1.0
14.165114402770996,0.0,1.0
14.16896367073059,0.0,1.0
14.170645952224731,0.0,1.0
14.176896810531616,0.0,1.0
14.180776596069336,0.0,1.0
14.19896364212036,0.0,1.0
14.198991537094116,0.0,1.0
14.20077657699585,0.0,1.0
14.204726934432983,0.0,1.0
14.206646203994753,0.0,1.0
14.224932670593262,0.0,1.0
14.224960565567017,0.0,1.0
14.235036611557009,0.0,1.0
14.23564600944519,0.0,1.0
14.24377942085266,0.0,1.0
14.25352430343628,0.0,1.0
14.265321731567385,0.0,1.0
14.26896047592163,0.0,1.0
14.270643711090088,0.0,1.0
14.270779371261597,0.0,1.0
14.276336431503296,0.0,1.0
14.288999319076538,0.0,1.0
14.295960664749146,0.0,1.0
14.298877000808716,0.0,1.0
14.300779342651367,0.0,1.0
14.3046452999115,0.0,1.0
14.305643796920776,0.0,1.0
14.322333812713625,0.0,1.0
14.334588527679443,0.0,1.0
14.338958740234377,0.0,1.0
14.3426411151886,0.0,1.0
14.34277844429016,0.0,1.0
14.34636640548706,0.0,1.0
14.355197191238403,0.0,1.0
14.36595869064331,0.0,1.0
14.372778415679932,0.0,1.0
14.376641273498535,0.0,1.0
14.389982223510742,0.0,1.0
14.394958734512327,0.0,1.0
14.399778604507446,0.0,1.0
14.400148391723633,0.0,1.0
14.406641244888306,0.0,1.0
14.41045880317688,0.0,1.0
14.42995572090149,0.0,1.0
14.437403678894045,0.0,1.0
14.439641237258911,0.0,1.0
14.444774866104126,0.0,1.0
14.451958894729614,0.0,1.0
14.45505952835083,0.0,1.0
14.466055631637571,0.0,1.0
14.467955827713013,0.0,1.0
14.475642919540403,0.0,1.0
14.48054575920105,0.0,1.0
14.480774879455566,0.0,1.0
14.493955612182615,0.0,1.0
14.49495792388916,0.0,1.0
14.50298833847046,0.0,1.0
14.510643005371094,0.0,1.0
14.510774850845335,0.0,1.0
14.511332273483276,0.0,1.0
14.519989013671877,0.0,1.0
14.5279541015625,0.0,1.0
14.533170461654665,0.0,1.0
14.538641214370728,0.0,1.0
14.542139291763306,0.0,1.0
14.545770406723022,0.0,1.0
14.564954280853271,0.0,1.0
14.565335273742676,0.0,1.0
14.566641330718994,0.0,1.0
14.569496393203735,0.0,1.0
14.581770420074465,0.0,1.0
14.588640928268433,0.0,1.0
14.59995412826538,0.0,1.0
14.60251522064209,0.0,1.0
14.604296684265137,0.0,1.0
14.609641313552856,0.0,1.0
14.61077070236206,0.0,1.0
14.61603021621704,0.0,1.0
14.62795090675354,0.0,1.0
14.630471467971802,0.0,1.0
14.63086724281311,0.0,1.0
14.638641357421877,0.0,1.0
14.643861055374146,0.0,1.0
14.645769596099854,0.0,1.0
14.655491590499878,0.0,1.0
14.65695095062256,0.0,1.0
14.660646200180054,0.0,1.0
14.665641784667969,0.0,1.0
14.666288614273071,0.0,1.0
14.676622867584229,0.0,1.0
14.680769681930542,0.0,1.0
14.683011531829834,0.0,1.0
14.69408130645752,0.0,1.0
14.69995093345642,0.0,1.0
14.704156398773192,0.0,1.0
14.7076416015625,0.0,1.0
14.70976972579956,0.0,1.0
14.723939657211304,0.0,1.0
14.72722101211548,0.0,1.0
14.727949619293211,0.0,1.0
14.737641096115112,0.0,1.0
14.739710807800291,0.0,1.0
14.744768857955933,0.0,1.0
14.75694990158081,0.0,1.0
14.757863998413086,0.0,1.0
14.758304595947266,0.0,1.0
14.76564121246338,0.0,1.0
14.767640590667725,0.0,1.0
14.774768829345703,0.0,1.0
14.775540351867676,0.0,1.0
14.783397912979126,0.0,1.0
14.798604488372805,0.0,1.0
14.798949718475342,0.0,1.0
14.801769018173218,0.0,1.0
14.806641101837158,0.0,1.0
14.80803632736206,0.0,1.0
14.819949626922607,0.0,1.0
14.82465147972107,0.0,1.0
14.82894730567932,0.0,1.0
14.830028057098389,0.0,1.0
14.835641145706177,0.0,1.0
14.84376859664917,0.0,1.0
14.84783101081848,0.0,1.0
14.855947256088257,0.0,1.0
14.865236759185793,0.0,1.0
14.871459484100342,0.0,1.0
14.871768712997437,0.0,1.0
14.877641201019289,0.0,1.0
14.879279613494871,0.0,1.0
14.898401498794556,0.0,1.0
14.898804187774658,0.0,1.0
14.900947332382202,0.0,1.0
14.905641078948976,0.0,1.0
14.909119606018066,0.0,1.0
14.9147686958313,0.0,1.0
14.9191575050354,0.0,1.0
14.93494153022766,0.0,1.0
14.942639827728271,0.0,1.0
14.94276762008667,0.0,1.0
14.944086074829102,0.0,1.0
14.959718227386476,0.0,1.0
14.965941667556764,0.0,1.0
14.970105648040771,0.0,1.0
14.970768213272097,0.0,1.0
14.976639747619627,0.0,1.0
14.980014324188232,0.0,1.0
14.98629069328308,0.0,1.0
14.99872350692749,0.0,1.0
15.000941753387451,0.0,1.0
15.0066397190094,0.0,1.0
15.009621620178224,0.0,1.0
15.012767791748049,0.0,1.0
15.015824556350708,0.0,1.0
15.028281688690186,0.0,1.0
15.02994155883789,0.0,1.0
15.03501844406128,0.0,1.0
15.039639711380005,0.0,1.0
15.040765047073364,0.0,1.0
15.055561304092407,0.0,1.0
15.06594181060791,0.0,1.0
15.07530951499939,0.0,1.0
15.075635194778442,0.0,1.0
15.07651686668396,0.0,1.0
15.082765102386476,0.0,1.0
15.089496850967407,0.0,1.0
15.097635507583618,0.0,1.0
15.099941730499268,0.0,1.0
15.104370594024658,0.6,0.4
15.111765146255491,0.6,0.4
15.114158391952516,0.6,0.4
15.121999025344849,0.6,0.4
15.127941131591797,0.6,0.4
15.138177633285522,0.6,0.4
15.138635635375977,0.6,0.4
15.139768838882446,0.6,0.4
15.14989733695984,0.6,0.4
15.164201736450195,0.6,0.4
15.166634798049929,0.6,0.4
15.16699481010437,0.6,0.4
15.169941186904907,0.6,0.4
15.175768852233888,0.6,0.4
15.180923223495483,0.6,0.4
15.189416885375977,0.6,0.4
15.197941064834597,0.6,0.4
15.200448989868164,0.6,0.4
15.209635019302368,0.6,0.4
15.21044421195984,0.5,0.5
15.210768938064575,0.5,0.5
15.219833374023438,0.5,0.5
15.226937770843506,0.5,0.5
15.23396897315979,0.5,0.5
15.238634824752808,0.5,0.5
15.242780923843384,0.5,0.5
15.246768951416016,0.5,0.5
15.25367307662964,0.5,0.5
15.254937887191772,0.5,0.5
15.26210069656372,0.5,0.5
15.26563286781311,0.5,0.5
15.274768829345703,0.5,0.5
15.287476301193236,0.5,0.5
15.296337127685549,0.5,0.5
15.29993772506714,0.5,0.5
15.306923866271973,0.5,0.5
15.30763292312622,0.5,0.5
15.310219526290894,0.5,0.5
15.311769008636476,0.5,0.5
15.317077398300173,0.5,0.5
15.326934814453123,0.5,0.5
15.33004593849182,0.5,0.5
15.336630582809448,0.5,0.5
15.343768119812012,0.5,0.5
15.344418048858644,0.5,0.5
15.353355169296265,0.5,0.5
15.354934692382812,0.5,0.5
15.362314224243164,0.5,0.5
15.365630626678469,0.5,0.5
15.3717679977417,0.5,0.5
15.3825101852417,0.5,0.5
15.394965410232544,0.5,0.5
15.397934675216677,0.5,0.5
15.406112670898438,0.5,0.5
15.406630754470823,0.5,0.5
15.41476821899414,0.5,0.5
15.42326521873474,0.5,0.5
15.42693018913269,0.5,0.5
15.435063123703005,0.5,0.5
15.435630559921265,0.5,0.5
15.443764209747314,0.5,0.5
15.447016954421995,0.5,0.5
15.45592999458313,0.5,0.5
15.455935001373293,0.5,0.5
15.460299253463743,0.5,0.5
15.47762894630432,0.5,0.5
15.479764223098757,0.5,0.5
15.48856520652771,0.5,0.5
15.498930215835571,0.5,0.5
15.50011420249939,0.5,0.5
15.505628824234009,0.5,0.5
15.514764070510864,0.5,0.5
15.526929140090942,0.5,0.5
15.527053594589232,0.5,0.5
15.527426481246948,0.5,0.5
15.542628526687622,0.5,0.5
15.543766498565674,0.5,0.5
15.546655654907228,0.5,0.5
15.548975944519045,0.5,0.5
15.564929008483888,0.5,0.5
15.57293963432312,0.5,0.5
15.57662868499756,0.5,0.5
15.579766511917114,0.5,0.5
15.590900897979736,0.5,0.5
15.593974351882936,0.5,0.5
15.600929021835327,0.5,0.5
15.60662841796875,0.5,0.5
15.611409664154053,0.5,0.5
15.61376667022705,0.5,0.5
15.615514039993286,0.5,0.5
15.629929780960085,0.5,0.5
15.63505220413208,0.5,0.5
15.639628410339355,0.5,0.5
15.641369104385376,0.5,0.5
15.642764806747437,0.5,0.5
15.662970304489136,0.5,0.5
15.665929794311523,0.5,0.5
15.669764757156372,0.5,0.5
15.675628423690796,0.5,0.5
15.676108598709106,0.5,0.5
15.690980434417725,0.5,0.5
15.700929880142212,0.5,0.5
15.70280146598816,0.5,0.5
15.70639181137085,0.5,0.5
15.710628271102903,0.5,0.5
15.711764812469482,0.5,0.5
15.725732564926147,0.5,0.5
15.728928804397585,0.5,0.5
15.733494997024536,0.5,0.5
15.73862600326538,0.5,0.5
15.740764617919922,0.5,0.5
15.742477655410768,0.5,0.5
15.757112503051758,0.5,0.5
15.765928745269775,0.5,0.5
15.766626119613647,0.5,0.5
15.771764278411863,0.5,0.5
15.77947759628296,0.5,0.5
15.792243003845217,0.5,0.5
15.799764394760132,0.5,0.5
15.800864934921265,0.5,0.5
15.800928831100464,0.5,0.5
15.80962610244751,0.5,0.5
15.812384843826294,0.5,0.5
15.829926013946531,0.5,0.5
15.829975128173828,0.5,0.5
15.837626218795776,0.5,0.5
15.841516733169556,0.5,0.5
15.841761112213137,0.5,0.5
15.846118211746216,0.5,0.5
15.861385822296144,0.5,0.5
15.865623712539673,0.5,0.5
15.865926027297974,0.5,0.5
15.870761156082152,0.5,0.5
15.88602375984192,0.5,0.5
15.900926113128662,0.5,0.5
15.908101558685305,0.5,0.5
15.910623788833618,0.5,0.5
15.911761283874512,0.5,0.5
15.91948127746582,0.5,0.5
15.923014879226685,0.5,0.5
15.929924011230469,0.5,0.5
15.934844493865969,0.5,0.5
15.940759897232056,0.5,0.5
15.944623470306396,0.5,0.5
15.95338249206543,0.5,0.5
15.96562361717224,0.5,0.5
15.965924263000488,0.5,0.5
15.96635627746582,0.5,0.5
15.975760221481323,0.5,0.5
15.975794792175291,0.5,0.5
15.9950532913208,0.4,0.6
15.99592399597168,0.4,0.6
16.006434202194214,0.4,0.6
16.008623600006104,0.4,0.6
16.011759996414185,0.4,0.6
16.025670528411865,0.4,0.6
16.03092074394226,0.4,0.6
16.03221869468689,0.4,0.6
16.038623332977295,0.4,0.6
16.040758848190308,0.4,0.6
16.04637050628662,0.4,0.6
16.053974628448486,0.4,0.6
16.06562328338623,0.4,0.6
16.066274166107178,0.4,0.6
16.0669207572937,0.4,0.6
16.07694149017334,0.4,0.6
16.07775902748108,0.4,0.6
16.08987331390381,0.4,0.6
16.09592056274414,0.4,0.6
16.098896980285645,0.4,0.6
16.10762333869934,0.4,0.6
16.109260320663452,0.4,0.6
16.111758947372437,0.4,0.6
16.11340594291687,0.4,0.6
16.129767894744873,0.4,0.6
16.130918264389038,0.4,0.6
16.135622262954712,0.4,0.6
16.140759706497192,0.4,0.6
16.14582061767578,0.4,0.6
16.158374071121216,0.4,0.6
16.165621995925903,0.4,0.6
16.16691827774048,0.4,0.6
16.16975736618042,0.4,0.6
16.17475962638855,0.4,0.6
16.17808222770691,0.4,0.6
16.195918321609497,0.3,0.7
16.198556184768677,0.0,1.0
16.20662212371826,0.0,1.0
16.21075963973999,0.0,1.0
16.21584415435791,0.0,1.0
16.221355199813843,0.0,1.0
16.229912996292114,0.0,1.0
16.235612392425537,0.0,1.0
16.23562002182007,0.0,1.0
16.245757341384888,0.0,1.0
16.24753212928772,0.0,1.0
16.264619827270508,0.0,1.0
16.26791286468506,0.0,1.0
16.272897720336914,0.0,1.0
16.280757427215576,0.0,1.0
16.28479242324829,0.0,1.0
16.300912857055664,0.0,1.0
16.309619903564453,0.0,1.0
16.309757471084595,0.0,1.0
16.31137204170227,0.0,1.0
16.32626724243164,0.0,1.0
16.328911542892456,0.0,1.0
16.336618900299072,0.0,1.0
16.34347105026245,0.0,1.0
16.344758987426758,0.0,1.0
16.34983539581299,0.0,1.0
16.356911420822144,0.0,1.0
16.36561894416809,0.0,1.0
16.369486093521118,0.0,1.0
16.372758865356445,0.0,1.0
16.37943458557129,0.0,1.0
16.390393018722534,0.0,1.0
16.398911476135254,0.0,1.0
16.404104709625244,0.0,1.0
16.4076189994812,0.0,1.0
16.411253213882446,0.0,1.0
16.414758920669556,0.0,1.0
16.41857361793518,0.0,1.0
16.430519819259644,0.0,1.0
16.43490719795227,0.0,1.0
16.43561887741089,0.0,1.0
16.438664197921753,0.0,1.0
16.442758560180664,0.0,1.0
16.449762105941772,0.0,1.0
16.45851731300354,0.0,1.0
16.468907356262207,0.0,1.0
16.469218730926514,0.0,1.0
16.47075867652893,0.0,1.0
16.477615356445312,0.0,1.0
16.481926918029785,0.0,1.0
16.487279891967773,0.0,1.0
16.497907400131226,0.0,1.0
16.501594066619873,0.0,1.0
16.505615234375,0.0,1.0
16.511309146881104,0.0,1.0
16.514758586883545,0.0,1.0
16.52052593231201,0.0,1.0
16.524907112121582,0.0,1.0
16.530067682266235,0.0,1.0
16.54261565208435,0.0,1.0
16.549576997756958,0.0,1.0
16.549757957458496,0.0,1.0
16.56153702735901,0.0,1.0
16.567907094955444,0.0,1.0
16.57075786590576,0.0,1.0
16.575226545333862,0.0,1.0
16.575615644454956,0.0,1.0
16.586807012557983,0.0,1.0
16.596476316452026,0.0,1.0
16.596907138824463,0.0,1.0
16.597615480422974,0.0,1.0
16.608897924423218,0.0,1.0
16.613757610321045,0.0,1.0
16.62490177154541,0.0,1.0
16.625006914138794,0.0,1.0
16.638016939163208,0.0,1.0
16.639615535736084,0.0,1.0
16.64075493812561,0.0,1.0
16.649458169937134,0.0,1.0
16.660337209701538,0.0,1.0
16.66690182685852,0.0,1.0
16.67075490951538,0.0,1.0
16.67561435699463,0.0,1.0
16.679450750350952,0.0,1.0
16.690381050109863,0.0,1.0
16.694901704788208,0.0,1.0
16.702386140823364,0.0,1.0
16.71161460876465,0.0,1.0
16.71175479888916,0.0,1.0
16.715123653411865,0.0,1.0
16.727088451385498,0.0,1.0
16.729900598526,0.0,1.0
16.736343383789062,0.0,1.0
16.738614320755005,0.0,1.0
16.739754676818848,0.0,1.0
16.754566192626953,0.0,1.0
16.76490044593811,0.0,1.0
16.766603231430054,0.0,1.0
16.77204394340515,0.0,1.0
16.78156089782715,0.0,1.0
16.78275465965271,0.0,1.0
16.789202213287354,0.0,1.0
16.79390048980713,0.0,1.0
16.79729151725769,0.0,1.0
16.80164670944214,0.0,1.0
16.809603214263916,0.0,1.0
16.809754610061646,0.0,1.0
16.814093828201294,0.0,1.0
16.824852466583252,0.0,1.0
16.828897953033447,0.0,1.0
16.830952167510986,0.0,1.0
16.838603258132935,0.0,1.0
16.842905282974243,0.0,1.0
16.84675431251526,0.0,1.0
16.850623607635498,0.0,1.0
16.857897758483887,0.0,1.0
16.86126136779785,0.0,1.0
16.86560082435608,0.0,1.0
16.873754262924194,0.0,1.0
16.8938410282135,0.0,1.0
16.898897886276245,0.0,1.0
16.90433168411255,0.0,1.0
16.90760040283203,0.0,1.0
16.911754608154297,0.0,1.0
16.916279792785645,0.0,1.0
16.925836324691772,0.0,1.0
16.92689561843872,0.0,1.0
16.93660020828247,0.0,1.0
16.93685793876648,0.0,1.0
16.943755388259888,0.0,1.0
16.945124864578247,0.0,1.0
16.954895734786987,0.0,1.0
16.96160364151001,0.0,1.0
16.96349859237671,0.0,1.0
16.974358558654785,0.0,1.0
16.974599599838257,0.0,1.0
16.975755214691162,0.0,1.0
16.981212615966797,0.0,1.0
16.99560022354126,0.0,1.0
16.996452569961548,0.0,1.0
16.99789571762085,0.0,1.0
17.011755228042603,0.0,1.0
17.018649339675903,0.0,1.0
17.02258801460266,0.0,1.0
17.02689242362976,0.0,1.0
17.038600206375122,0.0,1.0
17.0441312789917,0.0,1.0
17.04475426673889,0.0,1.0
17.044857025146484,0.0,1.0
17.057934999465942,0.0,1.0
17.066597938537598,0.0,1.0
17.06789255142212,0.0,1.0
17.070334672927856,0.0,1.0
17.075754404067993,0.0,1.0
17.080683708190918,0.0,1.0
17.084671020507812,0.0,1.0
17.096892595291138,0.0,1.0
17.09980320930481,0.0,1.0
17.101754426956177,0.0,1.0
17.109176874160767,0.0,1.0
17.110597610473633,0.0,1.0
17.1134831905365,0.0,1.0
17.12417435646057,0.0,1.0
17.12588882446289,0.0,1.0
17.136597871780396,0.0,1.0
17.141417741775513,0.0,1.0
17.14375615119934,0.0,1.0
17.146955013275146,0.0,1.0
17.15902853012085,0.0,1.0
17.165597915649414,0.0,1.0
17.167888879776,0.0,1.0
17.169658184051514,0.0,1.0
17.180756092071533,0.0,1.0
17.18236517906189,0.0,1.0
17.19688892364502,0.0,1.0
17.198508501052856,0.0,1.0
17.199756145477295,0.0,1.0
17.207598209381104,0.0,1.0
17.225234031677246,0.0,1.0
17.225882530212402,0.0,1.0
17.233356475830078,0.0,1.0
17.235597610473633,0.0,1.0
17.24275541305542,0.0,1.0
17.244725942611694,0.0,1.0
17.25308656692505,0.0,1.0
17.26459765434265,0.0,1.0
17.268882513046265,0.0,1.0
17.26930570602417,0.0,1.0
17.269755363464355,0.0,1.0
17.27694058418274,0.0,1.0
17.294768810272217,0.0,1.0
17.2958824634552,0.0,1.0
17.304349184036255,0.6,0.4
17.30659770965576,0.6,0.4
17.311755418777466,0.6,0.4
17.321821212768555,0.6,0.4
17.3227481842041,0.9,0.1
17.325878620147705,0.9,0.1
17.335599422454834,0.9,0.1
17.336713075637817,0.9,0.1
17.34075617790222,0.9,0.1
17.354132890701294,0.9,0.1
17.365599393844604,0.9,0.1
17.367878437042236,0.9,0.1
17.36975622177124,0.9,0.1
17.36977219581604,0.9,0.1
17.377296924591064,0.9,0.1
17.389986515045166,0.9,0.1
17.397878408432007,0.9,0.1
17.406599521636963,0.9,0.1
17.4092915058136,0.9,0.1
17.41175603866577,0.9,0.1
17.4246084690094,0.9,0.1
17.425872802734375,0.9,0.1
17.428118467330933,0.9,0.1
17.434001922607422,0.9,0.1
17.44159722328186,0.9,0.1
17.44175386428833,0.9,0.1
17.449127197265625,0.9,0.1
17.46037721633911,0.9,0.1
17.469847202301025,0.7,0.3
17.46987271308899,0.7,0.3
17.47075390815735,0.7,0.3
17.4775972366333,0.7,0.3
17.479440927505493,0.7,0.3
17.489305019378662,0.7,0.3
17.49492859840393,0.7,0.3
17.496872663497925,0.7,0.3
17.50075387954712,0.7,0.3
17.50559711456299,0.7,0.3
17.506741762161255,0.7,0.3
17.51397681236267,0.7,0.3
17.52587103843689,0.8,0.2
17.531142950057983,0.8,0.2
17.540093660354614,0.8,0.2
17.54159712791443,0.8,0.2
17.542752742767334,0.8,0.2
17.54690170288086,0.8,0.2
17.55379581451416,0.8,0.2
17.557871103286743,0.8,0.2
17.567508697509766,0.8,0.2
17.575594902038574,0.8,0.2
17.580752849578857,0.8,0.2
17.586809635162354,0.8,0.2
17.597594738006592,0.8,0.2
17.59787106513977,0.8,0.2
17.59959578514099,0.8,0.2
17.59975266456604,0.8,0.2
17.612135648727417,0.8,0.2
17.61782431602478,0.8,0.2
17.63787055015564,0.8,0.2
17.639594793319702,0.8,0.2
17.63969612121582,0.6,0.4
17.641756057739258,0.6,0.4
17.651310443878174,0.6,0.4
17.663747549057007,0.6,0.4
17.665870428085327,0.6,0.4
17.667593240737915,0.6,0.4
17.669756174087524,0.6,0.4
17.67219376564026,0.6,0.4
17.675068855285645,0.5,0.5
17.684722423553467,0.5,0.5
17.69683599472046,0.5,0.5
17.698870420455933,0.5,0.5
17.710593223571777,0.5,0.5
17.711755990982056,0.5,0.5
17.716755390167236,0.5,0.5
17.717869997024536,0.5,0.5
17.729572534561157,0.5,0.5
17.7348690032959,0.5,0.5
17.740755319595337,0.5,0.5
17.74559235572815,0.5,0.5
17.754789352416992,0.5,0.5
17.766592264175415,0.5,0.5
17.769078731536865,0.5,0.5
17.769755363464355,0.5,0.5
17.76986861228943,0.5,0.5
17.781519412994385,0.5,0.5
17.78919005393982,0.4,0.6
17.7975594997406,0.4,0.6
17.797868728637695,0.4,0.6
17.801190614700317,0.4,0.6
17.8095920085907,0.4,0.6
17.812755346298218,0.4,0.6
17.81463074684143,0.4,0.6
17.818023920059204,0.4,0.6
17.826821327209473,0.4,0.6
17.826864004135132,0.4,0.6
17.83639669418335,0.4,0.6
17.838592290878296,0.4,0.6
17.839756727218628,0.4,0.6
17.845794200897217,0.4,0.6
17.85686421394348,0.4,0.6
17.865592002868652,0.4,0.6
17.86620593070984,0.4,0.6
17.870853185653687,0.4,0.6
17.877756595611572,0.4,0.6
17.878793001174927,0.4,0.6
17.890419483184814,0.4,0.6
17.898864030838013,0.4,0.6
17.9035005569458,0.4,0.6
17.907592058181763,0.4,0.6
17.909756660461426,0.4,0.6
17.920087099075317,0.4,0.6
17.92489528656006,0.4,0.6
17.925865650177002,0.4,0.6
17.936590671539307,0.4,0.6
17.944756269454956,0.4,0.6
17.946882486343384,0.4,0.6
17.95486569404602,0.4,0.6
17.961589813232422,0.4,0.6
17.964305639266968,0.4,0.6
17.965590715408325,0.4,0.6
17.971487045288086,0.4,0.6
17.974756479263306,0.4,0.6
17.98225212097168,0.4,0.6
17.99686551094055,0.4,0.6
17.99735999107361,0.4,0.6
17.997926950454712,0.4,0.6
18.006590843200684,0.4,0.6
18.010204315185547,0.5,0.5
18.011756420135498,0.5,0.5
18.027859926223755,0.5,0.5
18.02926206588745,0.5,0.5
18.035590410232544,0.5,0.5
18.04075860977173,0.5,0.5
18.04105353355408,0.5,0.5
18.04607081413269,0.5,0.5
18.05485987663269,0.5,0.5
18.05622792243957,0.5,0.5
18.069758415222168,0.5,0.5
18.07055640220642,0.5,0.5
18.07058811187744,0.5,0.5
18.08045268058777,0.5,0.5
18.089738845825195,0.5,0.5
18.09985995292664,0.5,0.5
18.10025668144226,0.5,0.5
18.10558819770813,0.5,0.5
18.110681295394897,0.5,0.5
18.11175847053528,0.5,0.5
18.127009630203247,0.5,0.5
18.12785840034485,0.5,0.5
18.13126230239868,0.5,0.5
18.14175820350647,0.5,0.5
18.147586584091187,0.5,0.5
18.15069603919983,0.5,0.5
18.16585874557495,0.5,0.5
18.168758153915405,0.5,0.5
18.176586627960205,0.5,0.5
18.20085859298706,0.5,0.5
18.206586599349976,0.5,0.5
18.21075820922852,0.5,0.5
18.235853672027588,0.5,0.5
18.23958659172058,0.5,0.5
18.24075579643249,0.5,0.5
18.24616765975952,0.5,0.5
18.251905918121334,0.5,0.5
18.25926303863525,0.5,0.5
18.267853498458862,0.5,0.5
18.270755767822266,0.5,0.5
18.275585889816284,0.5,0.5
18.27876162528992,0.5,0.5
18.2809100151062,0.5,0.5
18.29585361480713,0.5,0.5
18.296300411224365,0.4,0.6
18.30282974243164,0.4,0.6
18.31058621406555,0.4,0.6
18.311755895614624,0.4,0.6
18.31320858001709,0.4,0.6
18.32424807548523,0.4,0.6
18.32585096359253,0.4,0.6
18.33665990829468,0.4,0.6
18.33858370780945,0.4,0.6
18.339755296707157,0.4,0.6
18.35109257698059,0.4,0.6
18.358630180358887,0.4,0.6
18.366583824157715,0.4,0.6
18.366851091384888,0.4,0.6
18.36875534057617,0.4,0.6
18.382230281829838,0.4,0.6
18.38944101333618,0.4,0.6
18.39485096931457,0.4,0.6
18.401299715042114,0.4,0.6
18.409583806991577,0.4,0.6
18.411755323410038,0.4,0.6
18.4139096736908,0.4,0.6
18.42160415649414,0.4,0.6
18.429848670959476,0.4,0.6
18.43452739715576,0.4,0.6
18.438583612442017,0.4,0.6
18.439754486083984,0.4,0.6
18.443490028381348,0.4,0.6
18.455472469329838,0.4,0.6
18.46412420272827,0.4,0.6
18.46558380126953,0.4,0.6
18.465848684310917,0.4,0.6
18.47075462341309,0.4,0.6
18.485896110534668,0.4,0.6
18.487518310546875,0.4,0.6
18.49829411506653,0.4,0.6
18.50084900856018,0.4,0.6
18.507583618164062,0.4,0.6
18.511130332946777,0.4,0.6
18.511754512786865,0.4,0.6
18.514381885528564,0.4,0.6
18.529635190963745,0.4,0.6
18.529844284057617,0.4,0.6
18.53658175468445,0.4,0.6
18.53782892227173,0.5,0.5
18.539753913879395,0.5,0.5
18.54842710494995,0.5,0.5
18.55205249786377,0.5,0.5
18.555710554122925,0.5,0.5
18.565279006958008,0.5,0.5
18.565581798553467,0.5,0.5
18.569753885269165,0.5,0.5
18.569844484329224,0.5,0.5
18.57665991783142,0.5,0.5
18.595319032669067,0.5,0.5
18.59784460067749,0.5,0.5
18.598365545272827,0.5,0.5
18.598753690719604,0.5,0.5
18.60658168792725,0.5,0.5
18.607203483581543,0.5,0.5
18.620336294174194,0.5,0.5
18.625794410705566,0.5,0.5
18.6348397731781,0.5,0.5
18.635581731796265,0.5,0.5
18.63888907432556,0.5,0.5
18.64075255393982,0.5,0.5
18.646743297576904,0.5,0.5
18.65583968162537,0.5,0.5
18.66889834403992,0.5,0.5
18.670579195022583,0.5,0.5
18.67075252532959,0.5,0.5
18.680901050567627,0.5,0.5
18.693986177444454,0.5,0.5
18.69983959197998,0.5,0.5
18.70253205299377,0.5,0.5
18.70557951927185,0.5,0.5
18.71175241470337,0.5,0.5
18.711875677108765,0.5,0.5
18.726837158203125,0.5,0.5
18.72827434539795,0.5,0.5
18.74074959754944,0.5,0.5
18.742579460144043,0.5,0.5
18.74775099754333,0.5,0.5
18.752991914749146,0.5,0.5
18.76208782196045,0.5,0.5
18.77083730697632,0.5,0.5
18.77148699760437,0.5,0.5
18.775749683380127,0.5,0.5
18.776578664779663,0.5,0.5
18.77951192855835,0.5,0.5
18.786842584609985,0.5,0.5
18.796837091445923,0.5,0.5
18.79925966262817,0.5,0.5
18.80657839775085,0.5,0.5
18.811723470687863,0.5,0.5
18.811749696731567,0.5,0.5
18.82071042060852,0.5,0.5
18.82185935974121,0.5,0.5
18.824837923049927,0.5,0.5
18.83802103996277,0.5,0.5
18.83957839012146,0.5,0.5
18.83975195884705,0.5,0.5
18.85000729560852,0.5,0.5
18.856725215911865,0.5,0.5
18.86622309684753,0.5,0.5
18.86783790588379,0.5,0.5
18.874156951904297,0.5,0.5
18.875577211380005,0.5,0.5
18.882751941680908,0.5,0.5
18.885823726654053,0.5,0.5
18.894837617874146,0.5,0.5
18.89657735824585,0.5,0.5
18.90571689605713,0.5,0.5
18.909752130508423,0.5,0.5
18.91647505760193,0.5,0.5
18.925143480300903,0.5,0.5
18.930834531784058,0.5,0.5
18.932412147521973,0.5,0.5
18.937653064727783,0.5,0.5
18.938576459884644,0.5,0.5
18.94200372695923,0.5,0.5
18.944249153137207,0.5,0.5
18.94475245475769,0.5,0.5
18.95737314224243,0.5,0.5
18.964834690093998,0.5,0.5
18.96657633781433,0.5,0.5
18.970228910446167,0.5,0.5
18.981752395629883,0.5,0.5
18.9889395236969,0.5,0.5
18.999834537506104,0.5,0.5
19.001752614974976,0.5,0.5
19.00259113311768,0.5,0.5
19.009576320648197,0.5,0.5
19.011459827423096,0.5,0.5
19.02436113357544,0.5,0.5
19.035829305648804,0.5,0.5
19.036863088607788,0.5,0.5
19.03857660293579,0.5,0.5
19.04375505447388,0.5,0.5
19.045754432678223,0.5,0.5
19.05353021621704,0.5,0.5
19.061758995056152,0.5,0.5
19.06757426261902,0.5,0.5
19.06982922554016,0.5,0.5
19.079941749572757,0.5,0.5
19.08075499534607,0.5,0.5
19.09361338615417,0.5,0.5
19.097829341888428,0.5,0.5
19.105776071548465,0.5,0.5
19.108755111694336,0.5,0.5
19.1105740070343,0.5,0.5
19.116612434387207,0.5,0.5
19.125824451446533,0.5,0.5
19.12692618370056,0.5,0.5
19.13638043403625,0.5,0.5
19.1375744342804,0.5,0.5
19.14375400543213,0.5,0.5
19.15830492973328,0.5,0.5
19.166573524475098,0.5,0.5
19.167824506759644,0.5,0.5
19.172754287719727,0.5,0.5
19.172913312911987,0.5,0.5
19.182579040527344,0.5,0.5
19.19548177719116,0.5,0.5
19.19782447814941,0.5,0.5
19.199753999710083,0.5,0.5
19.202162742614743,0.5,0.5
19.20957350730896,0.5,0.5
19.21359872817993,0.5,0.5
19.230822563171387,0.5,0.5
19.238566875457764,0.5,0.5
19.23857355117798,0.5,0.5
19.24025535583496,0.5,0.5
19.2407546043396,0.5,0.5
19.246485233306885,0.5,0.5
19.25627827644348,0.5,0.5
19.265571355819706,0.5,0.5
19.266822576522827,0.5,0.5
19.26975440979004,0.5,0.5
19.27580308914185,0.5,0.5
19.300822496414185,0.5,0.5
19.307571172714237,0.5,0.5
19.31175422668457,0.5,0.5
19.33582067489624,0.5,0.5
19.33657121658325,0.5,0.5
19.348754167556763,0.5,0.5
19.356820583343502,0.5,0.5
19.36556887626648,0.5,0.5
19.36975407600403,0.5,0.5
19.39882040023804,0.5,0.5
19.40085530281067,0.5,0.5
19.40656900405884,0.5,0.5
19.411293506622314,0.5,0.5
19.41275405883789,0.5,0.5
19.420333862304688,0.5,0.5
19.426826000213623,0.5,0.5
19.429824590682983,0.5,0.5
19.435569047927856,0.5,0.5
19.43919897079468,0.5,0.5
19.44075727462769,0.5,0.5
19.45482587814331,0.5,0.5
19.455054998397827,0.5,0.5
19.470566987991333,0.5,0.5
19.470757484436035,0.5,0.5
19.472708225250244,0.5,0.5
19.475974082946777,0.5,0.5
19.49016499519348,0.5,0.5
19.498826026916504,0.5,0.5
19.501510858535767,0.5,0.5
19.506567001342773,0.5,0.5
19.512757301330566,0.5,0.5
19.513484001159668,0.5,0.5
19.520971059799194,0.5,0.5
19.525825262069706,0.5,0.5
19.529457807540894,0.5,0.5
19.535566568374637,0.5,0.5
19.53830456733704,0.5,0.5
19.54175639152527,0.5,0.5
19.55482506752014,0.5,0.5
19.56246566772461,0.5,0.5
19.568756580352783,0.5,0.5
19.570566415786743,0.5,0.5
19.574236154556274,0.5,0.5
19.58095622062683,0.5,0.5
19.59479260444641,0.5,0.5
19.597825050354004,0.5,0.5
19.60329580307007,0.5,0.5
19.606566667556763,0.5,0.5
19.60864305496216,0.5,0.5
19.610756397247314,0.5,0.5
19.620104551315308,0.5,0.5
19.624830961227417,0.5,0.5
19.629308223724365,0.5,0.5
19.63556671142578,0.5,0.5
19.63875126838684,0.5,0.5
19.64592981338501,0.5,0.5
19.65379810333252,0.5,0.5
19.66883111000061,0.5,0.5
19.66890239715576,0.5,0.5
19.67056560516357,0.5,0.5
19.67375135421753,0.5,0.5
19.67687964439392,0.5,0.5
19.68668794631958,0.5,0.5
19.694831132888797,0.5,0.5
19.698427200317383,0.5,0.5
19.705565690994263,0.5,0.5
19.707221031188965,0.5,0.5
19.71075129508972,0.5,0.5
19.7160542011261,0.5,0.5
19.72443699836731,0.5,0.5
19.73083257675171,0.5,0.5
19.73134160041809,0.5,0.5
19.74117374420166,0.5,0.5
19.74256563186645,0.5,0.5
19.74475121498108,0.5,0.5
19.754526138305664,0.5,0.5
19.76394772529602,0.5,0.5
19.76683259010315,0.5,0.5
19.769564867019653,0.5,0.5
19.77475142478943,0.5,0.5
19.77695369720459,0.5,0.5
19.77999973297119,0.5,0.5
19.79140615463257,0.2,0.8
19.79683256149292,0.2,0.8
19.80159640312195,0.2,0.8
19.80633234977722,0.2,0.8
19.80656480789185,0.2,0.8
19.80975151062012,0.2,0.8
19.82524061203003,0.1,0.9
19.831941604614254,0.1,0.9
19.83683013916016,0.1,0.9
19.83956480026245,0.1,0.9
19.84375047683716,0.1,0.9
19.854840517044067,0.1,0.9
19.866239309310917,0.1,0.9
19.86983013153076,0.1,0.9
19.872750520706177,0.1,0.9
19.87556314468384,0.1,0.9
19.882152795791622,0.1,0.9
19.894830226898197,0.1,0.9
19.89522361755371,0.1,0.9
19.896563053131104,0.1,0.9
19.90676021575928,0.1,0.9
19.91175055503845,0.1,0.9
19.91368079185486,0.1,0.9
19.929827213287357,0.1,0.9
19.93203449249268,0.1,0.9
19.943753957748413,0.1,0.9
19.945563793182373,0.1,0.9
19.94919180870056,0.1,0.9
19.954969882965088,0.1,0.9
19.965827226638797,0.1,0.9
19.966563940048218,0.1,0.9
19.969083309173584,0.1,0.9
19.975754022598267,0.1,0.9
19.976577520370483,0.1,0.9
19.98475551605225,0.1,0.9
19.99027848243713,0.1,0.9
19.998629808425903,0.1,0.9
19.99982714653015,0.1,0.9
20.008754014968872,0.1,0.9
20.00879740715027,0.1,0.9
20.00956392288208,0.1,0.9
20.01432466506958,0.1,0.9
20.028825998306274,0.1,0.9
20.03578805923462,0.1,0.9
20.03856134414673,0.1,0.9
20.039236545562744,0.0,1.0
20.03974795341492,0.0,1.0
20.050742864608765,0.0,1.0
20.061361074447632,0.0,1.0
20.064826011657715,0.0,1.0
20.065561294555664,0.0,1.0
20.074015617370605,0.0,1.0
20.074747800827023,0.0,1.0
20.078810691833496,0.0,1.0
20.093064308166504,0.0,1.0
20.10163736343384,0.0,1.0
20.101826190948486,0.0,1.0
20.10756134986877,0.0,1.0
20.109634399414062,0.0,1.0
20.111748218536377,0.0,1.0
20.120524883270264,0.0,1.0
20.128822088241577,0.0,1.0
20.13489007949829,0.0,1.0
20.136560201644897,0.0,1.0
20.139747142791748,0.0,1.0
20.14331698417664,0.0,1.0
20.14467668533325,0.0,1.0
20.15505862236023,0.0,1.0
20.1578221321106,0.0,1.0
20.165560007095337,0.0,1.0
20.174139261245728,0.0,1.0
20.17474722862244,0.0,1.0
20.184945106506348,0.0,1.0
20.194974422454838,0.0,1.0
20.19882202148437,0.0,1.0
20.202401399612427,0.0,1.0
20.20655989646912,0.0,1.0
20.21074724197388,0.0,1.0
20.21529960632324,0.0,1.0
20.22450613975525,0.0,1.0
20.226819038391117,0.0,1.0
20.235557556152344,0.0,1.0
20.238746881484985,0.0,1.0
20.241923332214355,0.0,1.0
20.24923515319824,0.0,1.0
20.261903524398804,0.0,1.0
20.269819021224976,0.0,1.0
20.27489471435547,0.0,1.0
20.27855753898621,0.0,1.0
20.280746936798096,0.0,1.0
20.28387808799744,0.3,0.7
20.296250581741333,0.4,0.6
20.298819065093998,0.4,0.6
20.302685260772705,0.4,0.6
20.30555748939514,0.4,0.6
20.310746908187863,0.4,0.6
20.311002492904663,0.4,0.6
20.325817823410038,0.4,0.6
20.32930421829224,0.4,0.6
20.33874821662903,0.4,0.6
20.33935832977295,0.4,0.6
20.341557502746586,0.4,0.6
20.34766721725464,0.4,0.6
20.35103154182434,0.3,0.7
20.35481739044189,0.3,0.7
20.35981559753418,0.3,0.7
20.37136721611023,0.3,0.7
20.3765549659729,0.3,0.7
20.38074803352356,0.3,0.7
20.39171600341797,0.3,0.7
20.39781737327576,0.3,0.7
20.400117874145508,0.3,0.7
20.400748014450077,0.3,0.7
20.40655493736267,0.3,0.7
20.41992497444153,0.3,0.7
20.427701234817505,0.3,0.7
20.43581509590149,0.3,0.7
20.439552307128903,0.3,0.7
20.44274640083313,0.3,0.7
20.44298219680786,0.0,1.0
20.443988800048828,0.0,1.0
20.452068328857425,0.0,1.0
20.45681524276733,0.0,1.0
20.465757131576535,0.0,1.0
20.475552320480347,0.0,1.0
20.47874641418457,0.0,1.0
20.48383378982544,0.0,1.0
20.48474645614624,0.0,1.0
20.49399161338806,0.0,1.0
20.498815298080444,0.0,1.0
20.50775027275085,0.0,1.0
20.510552406311035,0.0,1.0
20.515746593475345,0.0,1.0
20.516334533691406,0.0,1.0
20.5218563079834,0.0,1.0
20.53481650352478,0.0,1.0
20.538552284240723,0.0,1.0
20.543747425079346,0.0,1.0
20.55119609832764,0.0,1.0
20.5638165473938,0.0,1.0
20.56410121917725,0.0,1.0
20.56655240058899,0.0,1.0
20.5762460231781,0.0,1.0
20.580747365951535,0.0,1.0
20.5815691947937,0.0,1.0
20.59665441513061,0.0,1.0
20.59781646728516,0.0,1.0
20.606495141983032,0.0,1.0
20.60955262184143,0.0,1.0
20.61274719238281,0.0,1.0
20.61485362052917,0.0,1.0
20.62523579597473,0.0,1.0
20.62580919265747,0.0,1.0
20.635488986968998,0.0,1.0
20.63855242729187,0.0,1.0
20.640745162963867,0.0,1.0
20.645411252975464,0.0,1.0
20.65106964111328,0.0,1.0
20.66555094718933,0.0,1.0
20.66974520683289,0.0,1.0
20.669809818267822,0.0,1.0
20.670106887817383,0.0,1.0
20.678171157836918,0.0,1.0
20.68101930618286,0.0,1.0
20.69473147392273,0.0,1.0
20.69680953025818,0.0,1.0
20.70755100250244,0.0,1.0
20.709984302520752,0.0,1.0
20.711745023727417,0.0,1.0
20.722726345062256,0.0,1.0
20.72580599784851,0.0,1.0
20.73482060432434,0.0,1.0
20.736550092697144,0.0,1.0
20.73974370956421,0.0,1.0
20.74776577949524,0.0,1.0
20.763187170028687,0.0,1.0
20.76555013656616,0.0,1.0
20.768743753433228,0.0,1.0
20.768806219100952,0.0,1.0
20.775184154510494,0.0,1.0
20.785819053649902,0.0,1.0
20.79546070098877,0.0,1.0
20.798805952072144,0.0,1.0
20.80655002593994,0.0,1.0
20.810181140899655,0.0,1.0
20.81174373626709,0.0,1.0
20.81500005722046,0.0,1.0
20.823967218399048,0.0,1.0
20.824803590774536,0.0,1.0
20.834548950195312,0.0,1.0
20.83974289894104,0.0,1.0
20.851073026657104,0.0,1.0
20.8666729927063,0.0,1.0
20.867436408996586,0.0,1.0
20.86980390548706,0.0,1.0
20.87630820274353,0.0,1.0
20.87754893302917,0.0,1.0
20.877743005752563,0.0,1.0
20.89151287078857,0.0,1.0
20.895803928375244,0.0,1.0
20.901058673858643,0.0,1.0
20.90554904937744,0.0,1.0
20.911742687225345,0.0,1.0
20.91678285598755,0.0,1.0
20.925801753997803,0.0,1.0
20.927183628082275,0.0,1.0
20.940742015838623,0.0,1.0
20.94241499900818,0.0,1.0
20.942548990249637,0.0,1.0
20.953282833099365,0.0,1.0
20.967801809310917,0.0,1.0
20.97313952445984,0.0,1.0
20.97446227073669,0.0,1.0
20.975548267364506,0.0,1.0
20.98174214363098,0.0,1.0
20.996801614761356,0.0,1.0
20.9975483417511,0.0,1.0
21.00174212455749,0.0,1.0
21.00193500518799,0.0,1.0
21.00484275817871,0.0,1.0
21.01456999778748,0.0,1.0
21.02579975128174,0.0,1.0
21.0259473323822,0.0,1.0
21.03810715675354,0.0,1.0
21.038546085357662,0.0,1.0
21.03898549079895,0.0,1.0
21.04474115371704,0.0,1.0
21.05098390579224,0.0,1.0
21.06340718269348,0.0,1.0
21.066546201705933,0.0,1.0
21.066799879074097,0.0,1.0
21.072741270065308,0.0,1.0
21.08141613006592,0.0,1.0
21.094799757003784,0.0,1.0
21.09739112854004,0.0,1.0
21.106679677963257,0.0,1.0
21.109546184539795,0.0,1.0
21.11074137687683,0.0,1.0
21.11804962158203,0.0,1.0
21.13079571723938,0.0,1.0
21.13140106201172,0.0,1.0
21.13541960716248,0.0,1.0
21.14274549484253,0.0,1.0
21.145545482635494,0.0,1.0
21.14855408668518,0.0,1.0
21.16579580307007,0.0,1.0
21.166545391082764,0.0,1.0
21.1675922870636,0.0,1.0
21.1707456111908,0.0,1.0
21.17756748199463,0.0,1.0
21.181719064712524,0.0,1.0
21.194795608520508,0.0,1.0
21.195448398590088,0.0,1.0
21.203590393066406,0.0,1.0
21.209545373916622,0.0,1.0
21.212745666503903,0.0,1.0
21.215592861175537,0.0,1.0
21.22979235649109,0.0,1.0
21.238545417785645,0.0,1.0
21.239113330841064,0.0,1.0
21.23941373825073,0.0,1.0
21.24074649810791,0.0,1.0
21.255639791488647,0.0,1.0
21.265544176101685,0.0,1.0
21.266193389892575,0.0,1.0
21.26779246330261,0.0,1.0
21.27074646949768,0.0,1.0
21.2791051864624,0.0,1.0
21.28268337249756,0.0,1.0
21.286792278289795,0.0,1.0
21.29865789413452,0.0,1.0
21.300939083099365,0.0,1.0
21.308544158935547,0.0,1.0
21.31274628639221,0.0,1.0
21.31910753250122,0.0,1.0
21.3224413394928,0.0,1.0
21.328792810440063,0.0,1.0
21.33502960205078,0.0,1.0
21.33554410934448,0.0,1.0
21.341742992401123,0.0,1.0
21.35847234725952,0.0,1.0
21.365792989730835,0.0,1.0
21.36869430541992,0.0,1.0
21.37074303627014,0.0,1.0
21.37854290008545,0.0,1.0
21.38012981414795,0.0,1.0
21.381187200546265,0.0,1.0
21.394944190979004,0.0,1.0
21.400792837142944,0.0,1.0
21.40654301643372,0.0,1.0
21.410890579223636,0.0,1.0
21.41274309158325,0.0,1.0
21.42035722732544,0.0,1.0
21.427440404891968,0.0,1.0
21.42879366874695,0.0,1.0
21.43554091453552,0.0,1.0
21.44074320793152,0.0,1.0
21.442789316177368,0.0,1.0
21.45278239250183,0.0,1.0
21.463277339935303,0.0,1.0
21.46679377555847,0.0,1.0
21.46954083442688,0.0,1.0
21.470743656158447,0.0,1.0
21.478951692581177,0.0,1.0
21.49016261100769,0.0,1.0
21.49479365348816,0.0,1.0
21.497540712356567,0.0,1.0
21.498735189437863,0.4,0.6
21.50382661819458,0.4,0.6
21.511743545532227,0.4,0.6
21.513288974761963,0.4,0.6
21.52184510231018,0.4,0.6
21.52379155158997,0.4,0.6
21.531371116638184,0.4,0.6
21.53973960876465,0.4,0.6
21.54053950309753,0.4,0.6
21.542431592941284,0.4,0.6
21.54809856414795,0.4,0.6
21.564791679382324,0.4,0.6
21.56588220596313,0.4,0.6
21.57426643371582,0.4,0.6
21.5755398273468,0.4,0.6
21.57573962211609,0.4,0.6
21.57916045188904,0.4,0.6
21.593791723251343,0.4,0.6
21.593929767608643,0.4,0.6
21.60635805130005,0.4,0.6
21.609739780426025,0.4,0.6
21.61253952980041,0.4,0.6
21.61483693122864,0.4,0.6
21.628790616989136,0.4,0.6
21.632996559143063,0.4,0.6
21.638537168502808,0.4,0.6
21.63868498802185,0.4,0.6
21.64674186706543,0.4,0.6
21.647292137146,0.4,0.6
21.65779042243957,0.4,0.6
21.6642701625824,0.4,0.6
21.667537212371823,0.4,0.6
21.67474174499512,0.4,0.6
21.678844451904297,0.4,0.6
21.69022011756897,0.4,0.6
21.698790311813354,0.4,0.6
21.70320415496826,0.4,0.6
21.709537267684937,0.4,0.6
21.71174168586731,0.4,0.6
21.71989727020264,0.4,0.6
21.726787090301517,0.4,0.6
21.73421287536621,0.4,0.6
21.737537145614624,0.4,0.6
21.743740797042847,0.4,0.6
21.74524402618408,0.4,0.6
21.75778698921204,0.4,0.6
21.758098125457764,0.4,0.6
21.76659774780273,0.4,0.6
21.772740840911865,0.4,0.6
21.778206825256348,0.4,0.6
21.779534339904785,0.4,0.6
21.794240713119507,0.3,0.7
21.798709630966187,0.3,0.7
21.799787044525143,0.3,0.7
21.800740718841556,0.3,0.7
21.80753445625305,0.3,0.7
21.81499028205872,0.3,0.7
21.82431721687317,0.3,0.7
21.82852840423584,0.3,0.7
21.829784393310547,0.3,0.7
21.836531400680546,0.3,0.7
21.83732008934021,0.3,0.7
21.843743324279785,0.3,0.7
21.84600019454956,0.3,0.7
21.86553120613098,0.3,0.7
21.865784406661987,0.3,0.7
21.86834406852722,0.3,0.7
21.87005186080933,0.0,1.0
21.87574338912964,0.0,1.0
21.8790180683136,0.0,1.0
21.89478445053101,0.0,1.0
21.90274333953857,0.0,1.0
21.904720544815063,0.0,1.0
21.90753126144409,0.0,1.0
21.91973853111267,0.0,1.0
21.929780960083008,0.0,1.0
21.93553137779236,0.0,1.0
21.94373631477356,0.0,1.0
21.94678378105164,0.0,1.0
21.947794437408447,0.0,1.0
21.960127592086792,0.0,1.0
21.96388435363769,0.0,1.0
21.967780828475952,0.0,1.0
21.971529006958008,0.0,1.0
21.974377155303955,0.0,1.0
21.98073649406433,0.0,1.0
21.98901104927063,0.0,1.0
21.99678087234497,0.0,1.0
21.999736309051517,0.0,1.0
22.000251054763797,0.0,1.0
22.005528926849365,0.0,1.0
22.013739824295044,0.0,1.0
22.02036690711975,0.0,1.0
22.02577805519104,0.0,1.0
22.028894186019897,0.0,1.0
22.040529012680054,0.0,1.0
22.042739152908325,0.0,1.0
22.050832986831665,0.0,1.0
22.06777811050415,0.0,1.0
22.070739269256592,0.0,1.0
22.073018550872803,0.0,1.0
22.07652902603149,0.0,1.0
22.08818554878235,0.0,1.0
22.096511363983154,0.0,1.0
22.09677815437317,0.0,1.0
22.09752869606018,0.0,1.0
22.10073924064636,0.0,1.0
22.104105472564697,0.0,1.0
22.113313913345337,0.0,1.0
22.1257746219635,0.0,1.0
22.12714385986328,0.0,1.0
22.13727355003357,0.0,1.0
22.13952875137329,0.0,1.0
22.14273738861084,0.0,1.0
22.14557695388794,0.0,1.0
22.16162204742432,0.0,1.0
22.167527198791504,0.0,1.0
22.167774438858032,0.0,1.0
22.17608428001404,0.0,1.0
22.180737495422363,0.0,1.0
22.188801288604736,0.0,1.0
22.195794582366943,0.0,1.0
22.19677448272705,0.0,1.0
22.199737310409542,0.0,1.0
22.204973936080933,0.3,0.7
22.21252727508545,0.3,0.7
22.21379446983337,0.3,0.7
22.225775003433228,0.3,0.7
22.238526821136475,0.3,0.7
22.24473285675049,0.3,0.7
22.246058464050293,0.3,0.7
22.25436520576477,0.3,0.7
22.26055860519409,0.3,0.7
22.267526626586918,0.3,0.7
22.26877498626709,0.3,0.7
22.270732879638672,0.3,0.7
22.277836561203003,0.3,0.7
22.289927005767822,0.3,0.7
22.29552674293518,0.3,0.7
22.295774936676025,0.3,0.7
22.29973292350769,0.3,0.7
22.30694961547852,0.3,0.7
22.315343379974365,0.3,0.7
22.33077335357666,0.3,0.7
22.334640741348267,0.3,0.7
22.34052538871765,0.3,0.7
22.34273195266724,0.3,0.7
22.35118079185486,0.3,0.7
22.36577320098877,0.3,0.7
22.366525411605835,0.3,0.7
22.36969518661499,0.3,0.7
22.372732162475582,0.3,0.7
22.376351594924927,0.3,0.7
22.381591081619263,0.3,0.7
22.400442600250244,0.3,0.7
22.40077352523804,0.3,0.7
22.4107506275177,0.3,0.7
22.41252541542053,0.3,0.7
22.413732051849365,0.3,0.7
22.416178941726685,0.3,0.7
22.425628900527958,0.3,0.7
22.43577122688293,0.3,0.7
22.43852496147156,0.3,0.7
22.44115519523621,0.3,0.7
22.444731950759888,0.3,0.7
22.4506516456604,0.3,0.7
22.45871114730835,0.3,0.7
22.465771198272705,0.3,0.7
22.467525005340576,0.3,0.7
22.47900986671448,0.3,0.7
22.479732036590576,0.3,0.7
22.48732113838196,0.3,0.7
22.499771118164062,0.3,0.7
22.508524894714355,0.3,0.7
22.5107319355011,0.3,0.7
22.51720094680786,0.3,0.7
22.528928995132446,0.3,0.7
22.52976965904236,0.3,0.7
22.53552484512329,0.3,0.7
22.54073119163513,0.3,0.7
22.547308921813965,0.0,1.0
22.549880027771,0.0,1.0
22.564769506454468,0.0,1.0
22.56552243232727,0.0,1.0
22.567485094070435,0.0,1.0
22.58173155784607,0.0,1.0
22.58351302146912,0.0,1.0
22.589709043502808,0.0,1.0
22.59756851196289,0.0,1.0
22.60176968574524,0.0,1.0
22.60752248764038,0.0,1.0
22.610731601715088,0.0,1.0
22.62876534461975,0.0,1.0
22.6365180015564,0.0,1.0
22.636918544769287,0.0,1.0
22.64572834968567,0.0,1.0
22.649165630340576,0.0,1.0
22.65776515007019,0.0,1.0
22.66302490234375,0.0,1.0
22.66886591911316,0.0,1.0
22.671518325805664,0.0,1.0
22.673728466033936,0.0,1.0
22.67944025993347,0.1,0.9
22.698467016220093,0.1,0.9
22.69876527786255,0.1,0.9
22.708518266677856,0.1,0.9
22.710728406906128,0.1,0.9
22.711324214935303,0.1,0.9
22.72242426872253,0.1,0.9
22.726762533187863,0.1,0.9
22.73445534706116,0.1,0.9
22.73551726341248,0.1,0.9
22.742591619491577,0.0,1.0
22.74472951889038,0.0,1.0
22.754762411117557,0.0,1.0
22.755295753479004,0.1,0.9
22.759767532348636,0.1,0.9
22.77151727676392,0.1,0.9
22.77372980117798,0.1,0.9
22.775880813598636,0.2,0.8
22.786212682724,0.2,0.8
22.793423891067505,0.2,0.8
22.797762393951416,0.2,0.8
22.806517362594604,0.2,0.8
22.81572937965393,0.2,0.8
22.81638503074646,0.1,0.9
22.82539916038513,0.1,0.9
22.82676100730896,0.1,0.9
22.83483576774597,0.1,0.9
22.835514545440677,0.1,0.9
22.84373164176941,0.1,0.9
22.85538935661316,0.1,0.9
22.859063625335693,0.1,0.9
22.86776041984558,0.1,0.9
22.871069192886356,0.1,0.9
22.871731519699097,0.1,0.9
22.8755145072937,0.1,0.9
22.88101840019226,0.1,0.9
22.88953995704651,0.1,0.9
22.895760536193848,0.1,0.9
22.901779413223267,0.1,0.9
22.90451455116272,0.1,0.9
22.91473150253296,0.1,0.9
22.92463445663452,0.1,0.9
22.931759357452396,0.1,0.9
22.93951439857483,0.1,0.9
22.942694902420044,0.1,0.9
22.942731380462646,0.1,0.9
22.956257104873657,0.1,0.9
22.963079690933228,0.1,0.9
22.966759204864506,0.1,0.9
22.97073125839233,0.1,0.9
22.974511861801147,0.1,0.9
22.98331379890442,0.1,0.9
22.98676586151123,0.6,0.4
22.99675941467285,0.6,0.4
23.002752542495728,0.6,0.4
23.00951194763184,0.6,0.4
23.01473116874695,0.7,0.3
23.015467643737797,0.7,0.3
23.02277898788452,0.7,0.3
23.0287606716156,0.7,0.3
23.037508726119995,0.7,0.3
23.04073452949524,0.7,0.3
23.04582142829895,0.7,0.3
23.057673931121823,0.7,0.3
23.06476068496704,0.7,0.3
23.06550884246826,0.7,0.3
23.070067405700684,0.7,0.3
23.07073450088501,0.7,0.3
23.079374074935917,0.7,0.3
23.085835933685303,0.7,0.3
23.09689283370972,0.7,0.3
23.10076069831848,0.7,0.3
23.10687565803528,0.7,0.3
23.10750889778137,0.7,0.3
23.11173439025879,0.7,0.3
23.115010261535645,0.7,0.3
23.120437622070312,0.7,0.3
23.12710404396057,0.7,0.3
23.12975764274597,0.7,0.3
23.131866455078125,0.7,0.3
23.13550639152527,0.7,0.3
23.142741203308105,0.7,0.3
23.14573621749878,0.7,0.3
23.149629592895508,0.7,0.3
23.157079935073853,0.7,0.3
23.16575765609741,0.7,0.3
23.17150640487671,0.7,0.3
23.172065019607544,0.6,0.4
23.17473578453064,0.6,0.4
23.18756937980652,0.6,0.4
23.20075750350952,0.6,0.4
23.201736211776733,0.6,0.4
23.20550656318665,0.6,0.4
23.22011399269104,0.6,0.4
23.228755235672,0.6,0.4
23.230787992477417,0.6,0.4
23.2405059337616,0.6,0.4
23.243739128112797,0.6,0.4
23.243901014328003,0.6,0.4
23.256755352020264,0.6,0.4
23.258721828460693,0.6,0.4
23.269506216049194,0.6,0.4
23.275307178497314,0.5,0.5
23.2777636051178,0.5,0.5
23.279739141464237,0.5,0.5
23.292038440704346,0.5,0.5
23.29750609397888,0.5,0.5
23.30075526237488,0.5,0.5
23.301807641983032,0.5,0.5
23.302739143371586,0.5,0.5
23.303903818130493,0.5,0.5
23.32054018974304,0.5,0.5
23.32775330543518,0.5,0.5
23.33028626441956,0.5,0.5
23.339503288269043,0.5,0.5
23.3447380065918,0.5,0.5
23.359910011291504,0.5,0.5
23.365753173828125,0.5,0.5
23.369405508041385,0.5,0.5
23.375503063201904,0.5,0.5
23.37673759460449,0.5,0.5
23.381951093673703,0.5,0.5
23.392124891281128,0.5,0.5
23.39875316619873,0.5,0.5
23.408329248428345,0.5,0.5
23.40973782539368,0.5,0.5
23.41250324249268,0.5,0.5
23.41752886772156,0.5,0.5
23.42332243919373,0.5,0.5
23.426750421524048,0.5,0.5
23.438499689102173,0.5,0.5
23.44071316719055,0.5,0.5
23.444737195968628,0.5,0.5
23.44596576690674,0.5,0.5
23.454859256744385,0.6,0.4
23.46749949455261,0.6,0.4
23.46975040435791,0.6,0.4
23.477924346923828,0.6,0.4
23.48073720932007,0.6,0.4
23.48354411125183,0.6,0.4
23.497750520706177,0.6,0.4
23.50849962234497,0.6,0.4
23.514737367630005,0.6,0.4
23.516669750213623,0.6,0.4
23.51771640777588,0.6,0.4
23.52574777603149,0.6,0.4
23.531742572784424,0.6,0.4
23.536499500274655,0.6,0.4
23.53791904449463,0.6,0.4
23.550424098968502,0.6,0.4
23.55173373222351,0.6,0.4
23.56292295455933,0.6,0.4
23.56474781036377,0.6,0.4
23.570733785629272,0.6,0.4
23.578622579574585,0.6,0.4
23.579497814178467,0.6,0.4
23.589240074157715,0.6,0.4
23.599485635757446,0.6,0.4
23.599747896194454,0.6,0.4
23.6064977645874,0.6,0.4
23.60857367515564,0.6,0.4
23.612733602523804,0.6,0.4
23.634743213653564,0.6,0.4
23.63649725914001,0.6,0.4
23.63767790794373,0.6,0.4
23.64174103736877,0.6,0.4
23.64712262153625,0.6,0.4
23.65574359893799,0.6,0.4
23.657665729522705,0.6,0.4
23.669179677963257,0.6,0.4
23.66949725151062,0.6,0.4
23.671741008758545,0.6,0.4
23.67676305770874,0.6,0.4
23.697497367858887,0.6,0.4
23.69874382019043,0.6,0.4
23.709200620651245,0.6,0.4
23.712740898132324,0.6,0.4
23.722219705581665,0.6,0.4
23.72674369812012,0.6,0.4
23.73175621032715,0.6,0.4
23.740143060684204,0.6,0.4
23.74049735069275,0.6,0.4
23.743739128112797,0.6,0.4
23.74692964553833,0.6,0.4
23.755743741989136,0.6,0.4
23.75925135612488,0.6,0.4
23.768450498580933,0.6,0.4
23.775493383407596,0.6,0.4
23.779739141464237,0.6,0.4
23.782950401306152,0.6,0.4
23.794812440872192,0.6,0.4
23.79774379730225,0.6,0.4
23.80320906639099,0.6,0.4
23.80873918533325,0.6,0.4
23.812493801116943,0.6,0.4
23.813692331314087,0.6,0.4
23.82512187957764,0.6,0.4
23.827749252319336,0.6,0.4
23.832374095916748,0.6,0.4
23.838494300842285,0.6,0.4
23.842738151550293,0.6,0.4
23.85474920272827,0.6,0.4
23.860414266586304,0.6,0.4
23.864963054656982,0.6,0.4
23.867494106292725,0.6,0.4
23.87173819541931,0.6,0.4
23.87942361831665,0.6,0.4
23.896749019622803,0.6,0.4
23.897494316101078,0.6,0.4
23.899738073349,0.6,0.4
23.90370774269104,0.6,0.4
23.909403800964355,0.6,0.4
23.924746990203857,0.6,0.4
23.92599868774414,0.6,0.4
23.928078413009644,0.5,0.5
23.939494132995605,0.5,0.5
23.941734552383423,0.5,0.5
23.94476747512817,0.5,0.5
23.961521863937374,0.5,0.5
23.966747045516968,0.5,0.5
23.967495679855347,0.5,0.5
23.96973466873169,0.5,0.5
23.97624969482422,0.5,0.5
23.98456120491028,0.5,0.5
23.99774718284607,0.5,0.5
23.99825954437256,0.5,0.5
24.01249575614929,0.5,0.5
24.012734413146973,0.5,0.5
24.016711711883545,0.5,0.5
24.02974534034729,0.5,0.5
24.030839204788208,0.5,0.5
24.038493394851685,0.5,0.5
24.04004740715027,0.5,0.5
24.040101289749146,0.5,0.5
24.040730714797974,0.5,0.5
24.05305504798889,0.5,0.5
24.0647451877594,0.5,0.5
24.06766700744629,0.5,0.5
24.06873083114624,0.5,0.5
24.073262214660645,0.5,0.5
24.07549333572388,0.5,0.5
24.08781599998474,0.5,0.5
24.09824514389038,0.5,0.5
24.10174536705017,0.5,0.5
24.10973072052002,0.5,0.5
24.110493421554565,0.5,0.5
24.11227250099182,0.5,0.5
24.11915135383606,0.5,0.5
24.12637042999268,0.5,0.5
24.134742498397827,0.5,0.5
24.139492511749268,0.5,0.5
24.144737005233765,0.5,0.5
24.14475178718567,0.5,0.5
24.156742572784424,0.5,0.5
24.159329175949097,0.5,0.5
24.166492462158203,0.5,0.5
24.171850442886356,0.5,0.5
24.17913699150085,0.6,0.4
24.181736707687374,0.6,0.4
24.193139791488647,0.6,0.4
24.196357011795044,0.6,0.4
24.197742462158203,0.6,0.4
24.20173668861389,0.6,0.4
24.209492444992065,0.6,0.4
24.22120976448059,0.6,0.4
24.2263400554657,0.6,0.4
24.22973895072937,0.6,0.4
24.234504222869877,0.6,0.4
24.237489461898804,0.6,0.4
24.24473571777344,0.6,0.4
24.245360612869263,0.6,0.4
24.25045919418335,0.6,0.4
24.26248002052307,0.6,0.4
24.26573896408081,0.6,0.4
24.267489194869995,0.6,0.4
24.270877361297607,0.6,0.4
24.272735595703125,0.6,0.4
24.290935277938843,0.6,0.4
24.293329000473022,0.6,0.4
24.29473900794983,0.6,0.4
24.29548931121826,0.6,0.4
24.29942941665649,0.6,0.4
24.3073046207428,0.6,0.4
24.31073570251465,0.6,0.4
24.31681489944458,0.6,0.4
24.32973551750183,0.6,0.4
24.33108639717102,0.6,0.4
24.33847594261169,0.6,0.4
24.33948945999145,0.6,0.4
24.34473562240601,0.6,0.4
24.350772857666016,0.6,0.4
24.363622903823853,0.6,0.4
24.36648917198181,0.6,0.4
24.366735219955444,0.6,0.4
24.371606588363647,0.6,0.4
24.381735801696777,0.6,0.4
24.38262152671814,0.6,0.4
24.39973521232605,0.6,0.4
24.40073561668396,0.6,0.4
24.40192151069641,0.6,0.4
24.407554626464844,0.6,0.4
24.41248917579651,0.6,0.4
24.41728186607361,0.6,0.4
24.423871755599976,0.6,0.4
24.427732467651367,0.6,0.4
24.434571027755737,0.6,0.4
24.438486337661743,0.6,0.4
24.44273567199707,0.6,0.4
24.44456124305725,0.6,0.4
24.454955101013184,0.6,0.4
24.456732511520386,0.6,0.4
24.46214890480041,0.6,0.4
24.46748661994934,0.6,0.4
24.47073554992676,0.6,0.4
24.48384380340576,0.6,0.4
24.49748635292053,0.6,0.4
24.49958086013794,0.6,0.4
24.499732494354248,0.6,0.4
24.50163245201111,0.6,0.4
24.51201033592224,0.6,0.4
24.512735605239868,0.6,0.4
24.522615909576416,0.6,0.4
24.52773070335388,0.6,0.4
24.539486169815063,0.6,0.4
24.541337251663208,0.6,0.4
24.541738986968998,0.6,0.4
24.554303407669067,0.6,0.4
24.55573081970215,0.6,0.4
24.56159901618957,0.6,0.4
24.56973886489868,0.6,0.4
24.575483798980716,0.6,0.4
24.58129906654358,0.6,0.4
24.582958221435547,0.6,0.4
24.591697216033936,0.6,0.4
24.5977303981781,0.6,0.4
24.60435914993286,0.6,0.4
24.611738920211792,0.6,0.4
24.61248350143433,0.6,0.4
24.614903211593628,0.6,0.4
24.62771058082581,0.5,0.5
24.627731800079346,0.5,0.5
24.63972568511963,0.5,0.5
24.63973355293274,0.5,0.5
24.64048147201538,0.5,0.5
24.6440749168396,0.5,0.5
24.65473175048828,0.5,0.5
24.660654067993164,0.5,0.5
24.67404818534851,0.5,0.5
24.67548131942749,0.5,0.5
24.67573380470276,0.5,0.5
24.6857168674469,0.5,0.5
24.69202160835266,0.5,0.5
24.69673180580139,0.5,0.5
24.70467519760132,0.1,0.9
24.71048140525818,0.1,0.9
24.71048402786255,0.1,0.9
24.7117338180542,0.1,0.9
24.725852966308597,0.1,0.9
24.73193359375,0.1,0.9
24.733729362487797,0.1,0.9
24.73554635047913,0.1,0.9
24.739481210708615,0.1,0.9
24.74171781539917,0.1,0.9
24.74473285675049,0.1,0.9
24.75206208229065,0.1,0.9
24.75672936439514,0.1,0.9
24.76648020744324,0.1,0.9
24.768404722213745,0.0,1.0
24.772500038146973,0.0,1.0
24.77473282814026,0.0,1.0
24.78486657142639,0.0,1.0
24.7977294921875,0.0,1.0
24.80073285102844,0.0,1.0
24.8024582862854,0.0,1.0
24.80947995185852,0.0,1.0
24.81458330154419,0.0,1.0
24.828298330307007,0.0,1.0
24.82872748374939,0.0,1.0
24.836600065231323,0.0,1.0
24.83747696876526,0.0,1.0
24.842735767364506,0.0,1.0
24.84502458572388,0.0,1.0
24.848275184631348,0.0,1.0
24.856911659240723,0.0,1.0
24.864399194717407,0.0,1.0
24.86472725868225,0.0,1.0
24.86747717857361,0.0,1.0
24.87173581123352,0.0,1.0
24.87676787376404,0.0,1.0
24.88993740081787,0.0,1.0
24.89372730255127,0.0,1.0
24.89572668075561,0.0,1.0
24.91047716140747,0.0,1.0
24.91086769104004,0.0,1.0
24.914735794067383,0.0,1.0
24.92305564880371,0.0,1.0
24.935723781585693,0.0,1.0
24.939170598983765,0.0,1.0
24.93947696685791,0.0,1.0
24.94273376464844,0.0,1.0
24.9481737613678,0.0,1.0
24.95558524131775,0.0,1.0
24.965723752975464,0.0,1.0
24.966475009918213,0.0,1.0
24.96679401397705,0.0,1.0
24.970733880996704,0.0,1.0
24.976408004760746,0.0,1.0
24.99422526359558,0.0,1.0
24.99872374534607,0.0,1.0
25.00507640838623,0.0,1.0
25.011733770370483,0.0,1.0
25.01247501373291,0.0,1.0
25.017569303512573,0.0,1.0
25.02672004699707,0.0,1.0
25.03075647354126,0.0,1.0
25.038472414016724,0.0,1.0
25.040733814239506,0.0,1.0
25.055421113967896,0.0,1.0
25.065683364868164,0.0,1.0
25.067472457885746,0.0,1.0
25.0687198638916,0.0,1.0
25.07124948501587,0.0,1.0
25.07573366165161,0.0,1.0
25.082432508468628,0.0,1.0
25.090837955474854,0.0,1.0
25.09771990776062,0.0,1.0
25.09913468360901,0.0,1.0
25.10847234725952,0.0,1.0
25.11173367500305,0.0,1.0
25.11994457244873,0.0,1.0
25.120709657669067,0.0,1.0
25.12471914291382,0.0,1.0
25.133002996444706,0.0,1.0
25.136472463607788,0.0,1.0
25.139732599258423,0.0,1.0
25.15104413032532,0.0,1.0
25.16644501686096,0.0,1.0
25.169719219207764,0.0,1.0
25.17540645599365,0.0,1.0
25.179471015930176,0.0,1.0
25.182732582092285,0.0,1.0
25.1967191696167,0.0,1.0
25.1989004611969,0.0,1.0
25.206981658935547,0.0,1.0
25.207470893859863,0.0,1.0
25.210732460021973,0.0,1.0
25.217300176620483,0.0,1.0
25.226404666900635,0.0,1.0
25.22671914100647,0.0,1.0
25.23646879196167,0.0,1.0
25.23727369308472,0.0,1.0
25.244737148284912,0.0,1.0
25.25429320335388,0.0,1.0
25.26202368736267,0.0,1.0
25.267719268798828,0.0,1.0
25.27146887779236,0.0,1.0
25.27673721313477,0.0,1.0
25.27678275108337,0.0,1.0
25.287544012069706,0.0,1.0
25.29571914672852,0.0,1.0
25.300926208496094,0.0,1.0
25.307331800460812,0.0,1.0
25.3074688911438,0.0,1.0
25.310737133026123,0.0,1.0
25.325717210769653,0.0,1.0
25.326807737350464,0.0,1.0
25.340736150741577,0.0,1.0
25.34122347831726,0.0,1.0
25.341466665267944,0.0,1.0
25.35110902786255,0.0,1.0
25.366717100143436,0.0,1.0
25.36897683143616,0.0,1.0
25.369466543197632,0.0,1.0
25.375735998153687,0.0,1.0
25.37724232673645,0.0,1.0
25.39405941963196,0.0,1.0
25.39571714401245,0.0,1.0
25.39934182167053,0.0,1.0
25.405589818954468,0.0,1.0
25.41246652603149,0.0,1.0
25.412736177444454,0.0,1.0
25.42971897125244,0.0,1.0
25.43402338027954,0.0,1.0
25.43946409225464,0.0,1.0
25.44065642356873,0.0,1.0
25.4407331943512,0.0,1.0
25.44741153717041,0.0,1.0
25.454991340637207,0.0,1.0
25.46471881866455,0.0,1.0
25.467464208602905,0.0,1.0
25.473997116088867,0.0,1.0
25.47673320770264,0.0,1.0
25.48695516586304,0.0,1.0
25.497463941574097,0.0,1.0
25.49828791618347,0.0,1.0
25.49971890449524,0.0,1.0
25.506661415100098,0.0,1.0
25.510733366012573,0.0,1.0
25.5159330368042,0.0,1.0
25.528223514556885,0.0,1.0
25.534717798233032,0.0,1.0
25.539732217788696,0.0,1.0
25.54046320915222,0.0,1.0
25.54806971549988,0.0,1.0
25.55251979827881,0.0,1.0
25.55571794509888,0.0,1.0
25.569732189178467,0.0,1.0
25.572224617004395,0.0,1.0
25.57546353340149,0.0,1.0
25.58101749420166,0.0,1.0
25.588711261749268,0.0,1.0
25.5951828956604,0.0,1.0
25.597718000411987,0.0,1.0
25.60538482666016,0.0,1.0
25.611732006073,0.0,1.0
25.61246347427368,0.0,1.0
25.61299228668213,0.0,1.0
25.62550187110901,0.0,1.0
25.6257164478302,0.0,1.0
25.639461517333984,0.0,1.0
25.640729188919067,0.0,1.0
25.65226721763611,0.0,1.0
25.655906200408936,0.0,1.0
25.668084144592285,0.0,1.0
25.66971635818481,0.0,1.0
25.66972923278809,0.0,1.0
25.675461530685425,0.0,1.0
25.69546151161194,0.0,1.0
25.695716619491577,0.0,1.0
25.697317600250244,0.0,1.0
25.70800280570984,0.0,1.0
25.7115216255188,0.0,1.0
25.71272921562195,0.0,1.0
25.72571420669556,0.0,1.0
25.727138996124268,0.0,1.0
25.73555421829224,0.0,1.0
25.739461421966556,0.0,1.0
25.740735054016117,0.0,1.0
25.748136520385746,0.0,1.0
25.762800931930546,0.0,1.0
25.765714406967163,0.0,1.0
25.766460180282596,0.0,1.0
25.770663499832157,0.0,1.0
25.777735233306885,0.0,1.0
25.784191608428955,0.0,1.0
25.796492099761963,0.0,1.0
25.799883604049683,0.0,1.0
25.800714015960693,0.0,1.0
25.81173515319824,0.0,1.0
25.81226086616516,0.0,1.0
25.81246018409729,0.0,1.0
25.82586002349853,0.0,1.0
25.82871460914612,0.0,1.0
25.83412528038025,0.0,1.0
25.838457822799683,0.0,1.0
25.839152097702023,0.0,1.0
25.840734720230103,0.0,1.0
25.8507080078125,0.0,1.0
25.856714010238647,0.0,1.0
25.86467337608337,0.0,1.0
25.87048578262329,0.0,1.0
25.87473440170288,0.0,1.0
25.875457525253296,0.0,1.0
25.878008127212524,0.0,1.0
25.895352840423584,0.0,1.0
25.89545750617981,0.0,1.0
25.898714303970337,0.0,1.0
25.909924507141117,0.0,1.0
25.91073441505432,0.0,1.0
25.9157612323761,0.0,1.0
25.92671298980713,0.0,1.0
25.93156099319458,0.0,1.0
25.933791399002075,0.0,1.0
25.93945622444153,0.0,1.0
25.944642066955566,0.0,1.0
25.9457426071167,0.0,1.0
25.9547131061554,0.0,1.0
25.96932101249695,0.0,1.0
25.97278380393982,0.0,1.0
25.97474217414856,0.0,1.0
25.97545599937439,0.0,1.0
25.98316335678101,0.0,1.0
25.994839191436768,0.0,1.0
25.99871301651001,0.0,1.0
25.999444723129272,0.0,1.0
26.0107421875,0.0,1.0
26.01245641708374,0.0,1.0
26.0180938243866,0.0,1.0
26.025710582733154,0.0,1.0
26.034034490585327,0.0,1.0
26.039453744888306,0.0,1.0
26.04474115371704,0.0,1.0
26.06232333183289,0.0,1.0
26.07071042060852,0.0,1.0
26.07474136352539,0.0,1.0
26.075453758239743,0.0,1.0
26.084728479385376,0.0,1.0
26.093201398849487,0.0,1.0
26.09545373916626,0.0,1.0
26.097710609436035,0.0,1.0
26.100741147994995,0.0,1.0
26.106913328170776,0.0,1.0
26.11522102355957,0.0,1.0
26.12670612335205,0.0,1.0
26.13234066963196,0.0,1.0
26.137451171875,0.0,1.0
26.14374136924744,0.0,1.0
26.148933172225952,0.0,1.0
26.151657342910767,0.0,1.0
26.16645121574402,0.0,1.0
26.167607069015503,0.0,1.0
26.16770601272583,0.0,1.0
26.17867851257324,0.0,1.0
26.179741144180294,0.0,1.0
26.192981481552124,0.0,1.0
26.195706129074097,0.0,1.0
26.19874119758606,0.0,1.0
26.201784133911133,0.0,1.0
26.20478630065918,0.0,1.0
26.2074511051178,0.0,1.0
26.217474222183228,0.0,1.0
26.225704669952396,0.0,1.0
26.23192048072815,0.0,1.0
26.24274182319641,0.0,1.0
26.243226051330566,0.0,1.0
26.244447469711304,0.0,1.0
26.256712675094604,0.0,1.0
26.267704486846924,0.0,1.0
26.269741535186768,0.0,1.0
26.27671980857849,0.0,1.0
26.2774817943573,0.0,1.0
26.27844738960266,0.0,1.0
26.29570460319519,0.0,1.0
26.3003191947937,0.0,1.0
26.304421424865723,0.0,1.0
26.30502152442932,0.0,1.0
26.30844736099243,0.0,1.0
26.313741207122803,0.0,1.0
26.31742739677429,0.0,1.0
26.322428703308105,0.0,1.0
26.330703258514404,0.0,1.0
26.33444738388061,0.0,1.0
26.34384250640869,0.0,1.0
26.348740816116333,0.0,1.0
26.356121301651,0.0,1.0
26.363053798675537,0.0,1.0
26.365703344345093,0.0,1.0
26.371445655822757,0.0,1.0
26.379740715026852,0.0,1.0
26.379817724227905,0.0,1.0
26.38682794570923,0.0,1.0
26.39370322227478,0.0,1.0
26.3987410068512,0.0,1.0
26.399453163146973,0.0,1.0
26.401625156402588,0.0,1.0
26.40444564819336,0.0,1.0
26.416544675827023,0.0,1.0
26.426777601242065,0.0,1.0
26.429701805114743,0.0,1.0
26.43225479125977,0.0,1.0
26.439441919326782,0.0,1.0
26.44174075126648,0.0,1.0
26.445950269699097,0.0,1.0
26.45454454421997,0.0,1.0
26.461634397506717,0.0,1.0
26.464701890945435,0.0,1.0
26.470740795135494,0.0,1.0
26.476442098617557,0.0,1.0
26.48099017143249,0.0,1.0
26.487733602523804,0.0,1.0
26.49744200706482,0.0,1.0
26.49773001670837,0.0,1.0
26.500701665878296,0.0,1.0
26.51013875007629,0.0,1.0
26.514740705490112,0.0,1.0
26.51684021949768,0.0,1.0
26.52870178222656,0.0,1.0
26.529435873031616,0.0,1.0
26.5378680229187,0.0,1.0
26.54044222831726,0.0,1.0
26.54173970222473,0.0,1.0
26.549559354782104,0.0,1.0
26.565701723098755,0.0,1.0
26.567159414291385,0.0,1.0
26.57144069671631,0.0,1.0
26.57945919036865,0.0,1.0
26.57973980903625,0.0,1.0
26.59307813644409,0.0,1.0
26.59870171546936,0.0,1.0
26.60251307487488,0.0,1.0
26.606441020965576,0.0,1.0
26.61373972892761,0.0,1.0
26.622928857803345,0.0,1.0
26.62779951095581,0.0,1.0
26.633700132369995,0.0,1.0
26.635438442230225,0.0,1.0
26.6384174823761,0.0,1.0
26.642741203308105,0.0,1.0
26.647578477859497,0.0,1.0
26.65807342529297,0.0,1.0
26.66970014572144,0.0,1.0
26.670438528060917,0.0,1.0
26.67074155807495,0.0,1.0
26.674870014190677,0.0,1.0
26.67969536781311,0.0,1.0
26.688947916030884,0.0,1.0
26.697700262069706,0.0,1.0
26.70106530189514,0.0,1.0
26.707438468933105,0.0,1.0
26.71054768562317,0.0,1.0
26.714741468429565,0.0,1.0
26.72569751739502,0.0,1.0
26.728132963180546,0.0,1.0
26.735438346862797,0.0,1.0
26.736480951309204,0.0,1.0
26.7417414188385,0.0,1.0
26.746865272521973,0.0,1.0
26.761066913604736,0.0,1.0
26.7666974067688,0.0,1.0
26.771435499191284,0.0,1.0
26.77356433868408,0.0,1.0
26.776467323303223,0.0,1.0
26.779741525650024,0.0,1.0
26.78766751289368,0.0,1.0
26.794697523117065,0.0,1.0
26.79677367210388,0.0,1.0
26.799741506576535,0.0,1.0
26.80643582344055,0.0,1.0
26.8065721988678,0.0,1.0
26.823993682861328,0.0,1.0
26.829694271087646,0.0,1.0
26.834095001220703,0.0,1.0
26.836432695388797,0.0,1.0
26.841742992401123,0.0,1.0
26.84277939796448,0.0,1.0
26.85495090484619,0.0,1.0
26.8643000125885,0.0,1.0
26.86543273925781,0.0,1.0
26.86769461631775,0.0,1.0
26.868788480758667,0.0,1.0
26.87074303627014,0.0,1.0
26.87658262252808,0.0,1.0
26.887916326522827,0.0,1.0
26.893694400787357,0.0,1.0
26.89791679382324,0.0,1.0
26.900743007659912,0.0,1.0
26.908432722091675,0.0,1.0
26.915691614151,0.0,1.0
26.919187545776367,0.0,1.0
26.92969298362732,0.0,1.0
26.933144569396973,0.0,1.0
26.93543267250061,0.0,1.0
26.945092916488647,0.0,1.0
26.950560569763184,0.0,1.0
26.950745344161987,0.0,1.0
26.964431524276733,0.0,1.0
26.96473908424377,0.0,1.0
26.96569299697876,0.0,1.0
26.98074531555176,0.0,1.0
26.98435688018799,0.0,1.0
26.99569296836853,0.0,1.0
26.996090412139893,0.0,1.0
27.00531816482544,0.0,1.0
27.006431818008423,0.0,1.0
27.00674533843994,0.0,1.0
27.012937784194943,0.0,1.0
27.02869439125061,0.0,1.0
27.029618501663208,0.0,1.0
27.03542852401733,0.0,1.0
27.04074239730835,0.0,1.0
27.042043924331665,0.0,1.0
27.047784090042114,0.0,1.0
27.059031009674072,0.0,1.0
27.06869435310364,0.0,1.0
27.06942844390869,0.0,1.0
27.071940183639526,0.0,1.0
27.08374261856079,0.0,1.0
27.08398675918579,0.0,1.0
27.095694303512573,0.0,1.0
27.10262632369995,0.0,1.0
27.10442852973938,0.0,1.0
27.10804581642151,0.0,1.0
27.11174201965332,0.0,1.0
27.11939692497253,0.0,1.0
27.125693798065186,0.0,1.0
27.134012460708615,0.0,1.0
27.14042615890503,0.0,1.0
27.14074182510376,0.0,1.0
27.15169072151184,0.0,1.0
27.155378103256226,0.0,1.0
27.16371512413025,0.0,1.0
27.16769361495972,0.0,1.0
27.174426078796387,0.0,1.0
27.17910504341125,0.0,1.0
27.18174171447754,0.0,1.0
27.18905186653137,0.0,1.0
27.197693824768063,0.0,1.0
27.20557641983032,0.0,1.0
27.209426164627075,0.0,1.0
27.21074175834656,0.0,1.0
27.21516513824463,0.0,1.0
27.22569179534912,0.0,1.0
27.22574186325073,0.0,1.0
27.24442434310913,0.0,1.0
27.244738340377808,0.0,1.0
27.249176025390625,0.0,1.0
27.25877809524536,0.0,1.0
27.263543367385864,0.0,1.0
27.26742434501648,0.0,1.0
27.268691778182983,0.0,1.0
27.272738456726078,0.0,1.0
27.273053884506226,0.0,1.0
27.2843656539917,0.0,1.0
27.293173789978027,0.0,1.0
27.29569172859192,0.0,1.0
27.30286979675293,0.0,1.0
27.30842399597168,0.0,1.0
27.309738397598267,0.0,1.0
27.31449246406555,0.0,1.0
27.324103355407715,0.0,1.0
27.32569026947021,0.0,1.0
27.334978342056274,0.0,1.0
27.335423469543457,0.0,1.0
27.342052698135376,0.0,1.0
27.343737602233887,0.0,1.0
27.3599545955658,0.0,1.0
27.367690324783325,0.0,1.0
27.371423482894897,0.0,1.0
27.372737884521484,0.0,1.0
27.380717992782596,0.0,1.0
27.38083791732788,0.0,1.0
27.38880085945129,0.0,1.0
27.397690296173096,0.0,1.0
27.40155267715454,0.0,1.0
27.405423641204838,0.0,1.0
27.413738012313843,0.0,1.0
27.4139347076416,0.0,1.0
27.425238132476807,0.0,1.0
27.42568850517273,0.0,1.0
27.431841135025024,0.0,1.0
27.440421104431152,0.0,1.0
27.44073748588562,0.0,1.0
27.4530246257782,0.0,1.0
27.457380294799805,0.0,1.0
27.464080572128296,0.0,1.0
27.46668839454651,0.0,1.0
27.46973752975464,0.0,1.0
27.47542095184326,0.0,1.0
27.495688438415527,0.0,1.0
27.496078491210938,0.0,1.0
27.496421098709103,0.0,1.0
27.49885106086731,0.0,1.0
27.505868911743164,0.0,1.0
27.514737367630005,0.0,1.0
27.523686408996586,0.0,1.0
27.525970935821533,0.0,1.0
27.539419174194336,0.0,1.0
27.54232668876648,0.0,1.0
27.542743682861328,0.0,1.0
27.55217671394348,0.0,1.0
27.55929040908813,0.0,1.0
27.56568670272827,0.0,1.0
27.56641912460327,0.0,1.0
27.577597618103027,0.0,1.0
27.581743478775024,0.0,1.0
27.5870053768158,0.0,1.0
27.59468674659729,0.0,1.0
27.60126519203186,0.0,1.0
27.60874366760254,0.0,1.0
27.61241912841797,0.0,1.0
27.61398124694824,0.0,1.0
27.61756801605225,0.0,1.0
27.623282194137573,0.0,1.0
27.62968420982361,0.0,1.0
27.631662607192997,0.0,1.0
27.63841700553894,0.0,1.0
27.641215801239014,0.0,1.0
27.64474296569824,0.0,1.0
27.64946961402893,0.0,1.0
27.66678762435913,0.0,1.0
27.667684078216556,0.0,1.0
27.66984724998474,0.0,1.0
27.67274308204651,0.0,1.0
27.675416707992557,0.0,1.0
27.679222583770752,0.0,1.0
27.68402218818665,0.0,1.0
27.686794757843018,0.0,1.0
27.693684101104736,0.0,1.0
27.69818592071533,0.0,1.0
27.701743125915527,0.0,1.0
27.702575206756592,0.0,1.0
27.710416555404663,0.0,1.0
27.71419858932495,0.0,1.0
27.729565143585205,0.0,1.0
27.73068261146545,0.0,1.0
27.73890781402588,0.0,1.0
27.73941659927368,0.0,1.0
27.743740558624268,0.0,1.0
27.75067019462585,0.0,1.0
27.75409841537476,0.0,1.0
27.766415119171143,0.0,1.0
27.76668262481689,0.0,1.0
27.770740509033203,0.0,1.0
27.774489402771,0.0,1.0
27.783164739608765,0.0,1.0
27.79568243026733,0.0,1.0
27.79619097709656,0.0,1.0
27.80282735824585,0.0,1.0
27.809415102005005,0.0,1.0
27.813740491867065,0.0,1.0
27.83041310310364,0.0,1.0
27.83568572998047,0.0,1.0
27.8374137878418,0.0,1.0
27.84074091911316,0.0,1.0
27.85003089904785,0.0,1.0
27.855685710906982,0.0,1.0
27.863500356674194,0.0,1.0
27.866806268692017,0.0,1.0
27.867413759231567,0.0,1.0
27.87074089050293,0.0,1.0
27.89191174507141,0.0,1.0
27.895413875579838,0.0,1.0
27.8996856212616,0.0,1.0
27.903459548950195,0.0,1.0
27.911741018295288,0.0,1.0
27.91807627677917,0.0,1.0
27.92668390274048,0.0,1.0
27.92985200881958,0.0,1.0
27.93941378593445,0.0,1.0
27.945868968963623,0.0,1.0
27.946741819381717,0.0,1.0
27.95616388320923,0.0,1.0
27.96741342544556,0.0,1.0
27.96868395805359,0.0,1.0
27.96942925453186,0.0,1.0
27.97574186325073,0.0,1.0
27.97799324989319,0.0,1.0
27.991161823272705,0.0,1.0
27.99768376350403,0.0,1.0
27.99968719482422,0.0,1.0
28.006799697875977,0.0,1.0
28.009413242340088,0.0,1.0
28.01074171066284,0.0,1.0
28.017388820648197,0.0,1.0
28.026681661605835,0.0,1.0
28.031771659851078,0.0,1.0
28.031996965408325,0.0,1.0
28.037410497665405,0.0,1.0
28.040541410446167,0.0,1.0
28.046740531921387,0.0,1.0
28.047963619232178,0.0,1.0
28.063480615615845,0.0,1.0
28.067410469055176,0.0,1.0
28.06868147850037,0.0,1.0
28.074740409851078,0.0,1.0
28.084841012954712,0.0,1.0
28.096681594848636,0.0,1.0
28.101330041885376,0.0,1.0
28.10841059684753,0.0,1.0
28.110740423202515,0.0,1.0
28.11808681488037,0.0,1.0
28.122066259384155,0.0,1.0
28.126680612564087,0.0,1.0
28.131210565567017,0.0,1.0
28.13541054725647,0.0,1.0
28.137035369873047,0.0,1.0
28.14773917198181,0.0,1.0
28.15968012809753,0.0,1.0
28.16968059539795,0.0,1.0
28.174161195755005,0.0,1.0
28.179412603378296,0.0,1.0
28.180739164352417,0.0,1.0
28.19096827507019,0.0,1.0
28.191328525543213,0.0,1.0
28.196680545806885,0.0,1.0
28.1999306678772,0.0,1.0
28.202739238739014,0.0,1.0
28.20641255378723,0.0,1.0
28.212705612182617,0.0,1.0
28.213080406188965,0.0,1.0
28.22264862060547,0.0,1.0
28.22567915916443,0.0,1.0
28.2288978099823,0.0,1.0
28.23047471046448,0.0,1.0
28.235414505004883,0.0,1.0
28.242644548416138,0.0,1.0
28.24473810195923,0.0,1.0
28.25114154815674,0.0,1.0
28.265679359436035,0.0,1.0
28.26880979537964,0.0,1.0
28.27041459083557,0.0,1.0
28.27573800086975,0.0,1.0
28.28250932693481,0.0,1.0
28.2894127368927,0.0,1.0
28.29861092567444,0.0,1.0
28.300679206848145,0.0,1.0
28.307414531707764,0.0,1.0
28.31073808670044,0.0,1.0
28.31242609024048,0.0,1.0
28.31673622131348,0.0,1.0
28.32967734336853,0.0,1.0
28.334255695343018,0.0,1.0
28.3374125957489,0.0,1.0
28.340737104415894,0.0,1.0
28.34677791595459,0.0,1.0
28.364981412887573,0.0,1.0
28.36567735671997,0.0,1.0
28.36641240119934,0.0,1.0
28.375737190246586,0.0,1.0
28.383848905563354,0.0,1.0
28.38922929763794,0.0,1.0
28.39461874961853,0.0,1.0
28.40167737007141,0.0,1.0
28.404115200042725,0.0,1.0
28.411737203598022,0.0,1.0
28.41241240501404,0.0,1.0
28.412845611572266,0.0,1.0
28.42661547660828,0.0,1.0
28.429675102233887,0.0,1.0
28.43052315711975,0.0,1.0
28.441734075546265,0.0,1.0
28.445922136306763,0.0,1.0
28.44639539718628,0.0,1.0
28.446409463882446,0.0,1.0
28.467409372329712,0.0,1.0
28.46767520904541,0.0,1.0
28.470734119415283,0.0,1.0
28.48032259941101,0.0,1.0
28.49593710899353,0.0,1.0
28.49740982055664,0.0,1.0
28.500675201416016,0.0,1.0
28.500734090805054,0.0,1.0
28.5085928440094,0.0,1.0
28.513487815856934,0.0,1.0
28.5203537940979,0.0,1.0
28.5286717414856,0.0,1.0
28.53680992126465,0.0,1.0
28.540409803390503,0.0,1.0
28.542734146118164,0.0,1.0
28.54753041267395,0.0,1.0
28.556671619415283,0.0,1.0
28.575408697128296,0.0,1.0
28.57575416564941,0.0,1.0
28.57804012298584,0.0,1.0
28.58073401451111,0.0,1.0
28.58698296546936,0.0,1.0
28.59711241722107,0.0,1.0
28.59740900993347,0.0,1.0
28.599671602249146,0.0,1.0
28.604713201522827,0.0,1.0
28.60673403739929,0.0,1.0
28.613335609436035,0.0,1.0
28.625053644180294,0.0,1.0
28.627665996551517,0.0,1.0
28.639402151107788,0.0,1.0
28.63940644264221,0.0,1.0
28.64073348045349,0.0,1.0
28.65666627883911,0.0,1.0
28.662559032440186,0.0,1.0
28.668679237365723,0.0,1.0
28.67540645599365,0.0,1.0
28.676281213760376,0.0,1.0
28.677733659744263,0.0,1.0
28.68902921676636,0.0,1.0
28.69540643692017,0.0,1.0
28.69736862182617,0.0,1.0
28.699666261672974,0.0,1.0
28.71073532104492,0.0,1.0
28.7117338180542,0.0,1.0
28.722129106521606,0.0,1.0
28.727662086486816,0.0,1.0
28.731977462768555,0.0,1.0
28.73940634727478,0.0,1.0
28.74073266983032,0.0,1.0
28.74360704421997,0.0,1.0
28.756317138671875,0.0,1.0
28.76466202735901,0.0,1.0
28.76640486717224,0.0,1.0
28.77343845367432,0.0,1.0
28.7817325592041,0.0,1.0
28.78930759429932,0.0,1.0
28.79566216468811,0.0,1.0
28.799828052520752,0.0,1.0
28.80173254013061,0.0,1.0
28.811404943466187,0.0,1.0
28.818735599517822,0.0,1.0
28.82965588569641,0.0,1.0
28.832266569137573,0.0,1.0
28.83840250968933,0.0,1.0
28.84373188018799,0.0,1.0
28.846606016159058,0.0,1.0
28.85494112968445,0.0,1.0
28.858709812164307,0.0,1.0
28.86465620994568,0.0,1.0
28.867753267288208,0.0,1.0
28.87173175811768,0.0,1.0
28.875402688980103,0.0,1.0
28.882399559021,0.0,1.0
28.89365601539612,0.0,1.0
28.894235610961918,0.0,1.0
28.91040253639221,0.0,1.0
28.913731813430783,0.0,1.0
28.922956705093384,0.0,1.0
28.929652452468872,0.0,1.0
28.929868459701535,0.0,1.0
28.938116312026978,0.0,1.0
28.93940258026123,0.0,1.0
28.94536781311035,0.0,1.0
28.94872999191284,0.0,1.0
28.965478897094727,0.0,1.0
28.965652465820312,0.0,1.0
28.966402053833008,0.0,1.0
28.970730304718018,0.0,1.0
28.97310972213745,0.0,1.0
28.98067831993103,0.0,1.0
28.98680329322815,0.0,1.0
28.995402097702023,0.0,1.0
28.997177362442017,0.0,1.0
28.99865245819092,0.0,1.0
29.00688481330872,0.0,1.0
29.01373028755188,0.0,1.0
29.01673054695129,0.0,1.0
29.02665090560913,0.0,1.0
29.029561281204224,0.0,1.0
29.03773546218872,0.0,1.0
29.03840160369873,0.0,1.0
29.04172921180725,0.0,1.0
29.0546510219574,0.0,1.0
29.05548095703125,0.0,1.0
29.063802003860477,0.0,1.0
29.067401885986328,0.0,1.0
29.06972932815552,0.0,1.0
29.071123123168945,0.0,1.0
29.08325433731079,0.0,1.0
29.09154200553894,0.0,1.0
29.09665083885193,0.0,1.0
29.09740161895752,0.0,1.0
29.10194182395935,0.0,1.0
29.114729166030884,0.0,1.0
29.11779928207397,0.0,1.0
29.124185800552368,0.0,1.0
29.12564778327942,0.0,1.0
29.13070607185364,0.0,1.0
29.140400886535645,0.0,1.0
29.143728494644165,0.0,1.0
29.147624015808105,0.0,1.0
29.15564775466919,0.0,1.0
29.162615060806274,0.0,1.0
29.174728393554688,0.0,1.0
29.175400733947757,0.0,1.0
29.17769241333008,0.0,1.0
29.190020322799683,0.0,1.0
29.196913242340088,0.0,1.0
29.19740080833435,0.0,1.0
29.19864773750305,0.0,1.0
29.20072841644287,0.0,1.0
29.20914363861084,0.0,1.0
29.21794533729553,0.0,1.0
29.22564387321472,0.0,1.0
29.22767639160156,0.0,1.0
29.240400791168213,0.0,1.0
29.241061210632324,0.0,1.0
29.24272847175598,0.0,1.0
29.247391939163208,0.0,1.0
29.25173497200012,0.0,1.0
29.26180601119995,0.0,1.0
29.269644021987915,0.0,1.0
29.270057201385494,0.0,1.0
29.276400804519653,0.0,1.0
29.27834439277649,0.0,1.0
29.27972841262817,0.0,1.0
29.288666009902958,0.0,1.0
29.29740071296692,0.0,1.0
29.298643827438354,0.0,1.0
29.298728466033936,0.0,1.0
29.301438570022583,0.0,1.0
29.310956478118896,0.0,1.0
29.325640201568604,0.0,1.0
29.326812267303467,0.0,1.0
29.336291074752808,0.0,1.0
29.33680868148804,0.0,1.0
29.34040069580078,0.0,1.0
29.341731786727905,0.0,1.0
29.345829486846924,0.0,1.0
29.356912851333615,0.0,1.0
29.366640090942383,0.0,1.0
29.36873173713684,0.0,1.0
29.37398934364319,0.0,1.0
29.37539887428284,0.0,1.0
29.386065244674683,0.0,1.0
29.3956401348114,0.0,1.0
29.397966861724854,0.0,1.0
29.40775442123413,0.0,1.0
29.4085373878479,0.0,1.0
29.41139888763428,0.0,1.0
29.411731719970703,0.0,1.0
29.421507596969604,0.0,1.0
29.429636001586918,0.0,1.0
29.438682556152344,0.0,1.0
29.43973422050476,0.0,1.0
29.440397024154663,0.0,1.0
29.45148587226868,0.0,1.0
29.46051335334778,0.0,1.0
29.46463632583618,0.0,1.0
29.46973419189453,0.0,1.0
29.47539687156677,0.0,1.0
29.48483657836914,0.0,1.0
29.48633599281311,0.0,1.0
29.4866361618042,0.0,1.0
29.496397018432617,0.0,1.0
29.511734008789062,0.0,1.0
29.512577772140503,0.0,1.0
29.526907205581665,0.0,1.0
29.52763319015503,0.0,1.0
29.52997589111328,0.0,1.0
29.53667569160461,0.0,1.0
29.53939700126648,0.0,1.0
29.53973507881165,0.0,1.0
29.544721364974976,0.0,1.0
29.55601572990417,0.0,1.0
29.56363320350647,0.0,1.0
29.567395210266117,0.0,1.0
29.567464351654053,0.0,1.0
29.574896097183228,0.0,1.0
29.57573509216309,0.0,1.0
29.5844624042511,0.0,1.0
29.59639549255371,0.0,1.0
29.59863305091858,0.0,1.0
29.59985947608948,0.0,1.0
29.61125612258911,0.0,1.0
29.611735105514526,0.0,1.0
29.61654806137085,0.0,1.0
29.629168033599854,0.0,1.0
29.63363146781921,0.0,1.0
29.63839602470398,0.0,1.0
29.63973307609558,0.0,1.0
29.640772104263306,0.0,1.0
29.64312767982483,0.0,1.0
29.65607571601868,0.0,1.0
29.663578987121586,0.0,1.0
29.66739559173584,0.0,1.0
29.66963148117065,0.0,1.0
29.67573308944702,0.0,1.0
29.683484077453613,0.0,1.0
29.696106433868408,0.0,1.0
29.697071075439453,0.0,1.0
29.69739580154419,0.0,1.0
29.697631359100345,0.0,1.0
29.708733081817627,0.0,1.0
29.718910932540894,0.0,1.0
29.7256293296814,0.0,1.0
29.72896194458008,0.0,1.0
29.74039340019226,0.0,1.0
29.743733167648315,0.0,1.0
29.748968601226807,0.0,1.0
29.75531220436096,0.0,1.0
29.765077114105225,0.0,1.0
29.76862931251526,0.0,1.0
29.771393299102783,0.0,1.0
29.78068709373474,0.0,1.0
29.780733108520508,0.0,1.0
29.79277300834656,0.0,1.0
29.79762935638428,0.0,1.0
29.80073308944702,0.0,1.0
29.802169799804688,0.0,1.0
29.80639338493347,0.0,1.0
29.80899333953857,0.0,1.0
29.824626207351685,0.0,1.0
29.835391521453857,0.0,1.0
29.8366117477417,0.0,1.0
29.841054677963257,0.0,1.0
29.84273195266724,0.0,1.0
29.865626335144043,0.0,1.0
29.866068840026852,0.0,1.0
29.870391607284542,0.0,1.0
29.870732069015503,0.0,1.0
29.87842845916748,0.0,1.0
29.88605499267578,0.0,1.0
29.89362621307373,0.0,1.0
29.89653730392456,0.0,1.0
29.900732040405277,0.0,1.0
29.90839147567749,0.0,1.0
29.913413763046265,0.0,1.0
29.928624391555783,0.0,1.0
29.92910599708557,0.0,1.0
29.94127202033997,0.0,1.0
29.941391468048096,0.0,1.0
29.94273090362549,0.0,1.0
29.945656299591064,0.0,1.0
29.96662473678589,0.0,1.0
29.968058586120605,0.0,1.0
29.9753897190094,0.0,1.0
29.980480432510376,0.0,1.0
29.981730937957764,0.0,1.0
29.994643688201904,0.0,1.0
29.997389793396,0.0,1.0
29.998624801635746,0.0,1.0
29.99873113632202,0.0,1.0
30.005860567092896,0.0,1.0
30.02502751350403,0.0,1.0
30.02662420272827,0.0,1.0
30.039387226104736,0.0,1.0
30.04164409637451,0.0,1.0
30.043729066848755,0.0,1.0
30.0503933429718,0.0,1.0
30.062423706054688,0.0,1.0
30.069623947143555,0.0,1.0
30.075387239456177,0.0,1.0
30.078728914260864,0.0,1.0
30.081015825271606,0.0,1.0
30.088250398635864,0.0,1.0
30.09638714790344,0.0,1.0
30.099623918533325,0.0,1.0
30.108728885650635,0.0,1.0
30.109668970108032,0.0,1.0
30.12562227249145,0.0,1.0
30.12855672836304,0.0,1.0
30.138387203216556,0.0,1.0
30.143728017807007,0.0,1.0
30.153905868530277,0.0,1.0
30.15462207794189,0.0,1.0
30.155303955078125,0.0,1.0
30.16638803482056,0.0,1.0
30.167680740356445,0.0,1.0
30.176888942718502,0.0,1.0
30.178130626678467,0.0,1.0
30.18172812461853,0.0,1.0
30.19762206077576,0.0,1.0
30.2043719291687,0.0,1.0
30.211387872695923,0.0,1.0
30.213728189468384,0.0,1.0
30.214721202850345,0.0,1.0
30.226619005203247,0.0,1.0
30.23838520050049,0.0,1.0
30.24393582344055,0.0,1.0
30.244727611541748,0.0,1.0
30.25061058998108,0.0,1.0
30.25906229019165,0.0,1.0
30.268288612365723,0.0,1.0
30.26861906051636,0.0,1.0
30.272728204727173,0.0,1.0
30.272857189178467,0.0,1.0
30.27538537979126,0.0,1.0
30.28361701965332,0.0,1.0
30.29461908340454,0.0,1.0
30.296972274780277,0.0,1.0
30.298755168914795,0.0,1.0
30.31038546562195,0.0,1.0
30.31072759628296,0.0,1.0
30.318283081054688,0.0,1.0
30.330618619918823,0.0,1.0
30.33462262153625,0.0,1.0
30.33938360214233,0.0,1.0
30.345727920532227,0.0,1.0
30.346538305282596,0.0,1.0
30.355130672454838,0.0,1.0
30.36638355255127,0.0,1.0
30.366618394851685,0.0,1.0
30.36846947669983,0.0,1.0
30.381727933883667,0.0,1.0
30.382668495178223,0.0,1.0
30.39025568962097,0.0,1.0
30.395383596420288,0.0,1.0
30.39561867713928,0.0,1.0
30.399848461151123,0.0,1.0
30.406091928482056,0.0,1.0
30.410728216171265,0.0,1.0
30.416221380233765,0.0,1.0
30.424575805664062,0.0,1.0
30.43091607093811,0.0,1.0
30.4366147518158,0.0,1.0
30.43838381767273,0.0,1.0
30.444727659225464,0.0,1.0
30.44853973388672,0.0,1.0
30.45684576034546,0.0,1.0
30.46561479568481,0.0,1.0
30.476199626922607,0.0,1.0
30.476381063461304,0.0,1.0
30.479727745056152,0.0,1.0
30.484882354736328,0.0,1.0
30.49738097190857,0.0,1.0
30.500614404678345,0.0,1.0
30.50072455406189,0.0,1.0
30.503766298294067,0.0,1.0
30.509727716445923,0.0,1.0
30.51082134246826,0.0,1.0
30.52961301803589,0.0,1.0
30.531533241271973,0.0,1.0
30.54038095474243,0.0,1.0
30.542728185653687,0.0,1.0
30.5439875125885,0.0,1.0
30.551284074783325,0.0,1.0
30.561763048172,0.0,1.0
30.56461262702942,0.0,1.0
30.575380325317383,0.0,1.0
30.57614254951477,0.0,1.0
30.582728147506717,0.0,1.0
30.59461259841919,0.0,1.0
30.595773220062256,0.0,1.0
30.604844331741333,0.0,1.0
30.608728170394897,0.0,1.0
30.611380338668823,0.0,1.0
30.61580300331116,0.0,1.0
30.62489604949951,0.0,1.0
30.626612424850464,0.0,1.0
30.632479906082157,0.0,1.0
30.63854193687439,0.0,1.0
30.64038062095642,0.0,1.0
30.64472794532776,0.0,1.0
30.64978289604187,0.0,1.0
30.658937215805054,0.0,1.0
30.66861248016357,0.0,1.0
30.670905828475952,0.0,1.0
30.672728061676025,0.0,1.0
30.67538046836853,0.0,1.0
30.680992603302,0.0,1.0
30.692816495895386,0.0,1.0
30.69638061523437,0.0,1.0
30.698612451553345,0.0,1.0
30.70390653610229,0.0,1.0
30.709781408309937,0.0,1.0
30.71072793006897,0.0,1.0
30.716854572296143,0.0,1.0
30.726612329483032,0.0,1.0
30.730249166488647,0.0,1.0
30.73938059806824,0.0,1.0
30.742727994918823,0.0,1.0
30.742850303649902,0.0,1.0
30.74920773506165,0.0,1.0
30.765801906585693,0.0,1.0
30.766376733779907,0.0,1.0
30.76761245727539,0.0,1.0
30.77174115180969,0.0,1.0
30.77472805976868,0.0,1.0
30.7788770198822,0.0,1.0
30.78973269462585,0.0,1.0
30.795377016067505,0.0,1.0
30.79661250114441,0.0,1.0
30.80225515365601,0.0,1.0
30.808728218078613,0.0,1.0
30.819029331207275,0.0,1.0
30.826592922210693,0.0,1.0
30.8306097984314,0.0,1.0
30.832412481307983,0.0,1.0
30.838374137878414,0.0,1.0
30.843730688095093,0.0,1.0
30.844725370407104,0.0,1.0
30.861092567443848,0.0,1.0
30.86660981178284,0.0,1.0
30.870066165924072,0.0,1.0
30.87273073196411,0.0,1.0
30.87537407875061,0.0,1.0
30.89082932472229,0.0,1.0
30.894609689712524,0.0,1.0
30.895071506500244,0.0,1.0
30.897374153137207,0.0,1.0
30.90173101425171,0.0,1.0
30.90812373161316,0.0,1.0
30.915457248687744,0.0,1.0
30.926478624343872,0.0,1.0
30.930607080459595,0.0,1.0
30.934707403182983,0.0,1.0
30.940372467041016,0.0,1.0
30.94272994995117,0.0,1.0
30.9430673122406,0.0,1.0
30.949239015579224,0.0,1.0
30.96096968650818,0.0,1.0
30.965607166290283,0.0,1.0
30.973767518997192,0.0,1.0
30.975372314453125,0.0,1.0
30.975729942321777,0.0,1.0
30.97582483291626,0.0,1.0
30.985623598098755,0.0,1.0
30.994606971740723,0.0,1.0
30.996946096420288,0.0,1.0
31.008729934692383,0.0,1.0
31.011564016342163,0.0,1.0
31.01237201690674,0.0,1.0
31.022140502929688,0.0,1.0
31.02960181236267,0.0,1.0
31.03004240989685,0.0,1.0
31.0383722782135,0.0,1.0
31.03972840309143,0.0,1.0
31.04687261581421,0.0,1.0
31.05511689186096,0.0,1.0
31.06217861175537,0.0,1.0
31.067371129989624,0.0,1.0
31.06760168075561,0.0,1.0
31.06795334815979,0.0,1.0
31.07472848892212,0.0,1.0
31.075201511383057,0.0,1.0
31.09064221382141,0.0,1.0
31.094817638397217,0.0,1.0
31.10060167312622,0.0,1.0
31.103742122650143,0.0,1.0
31.108371019363403,0.0,1.0
31.11172842979431,0.0,1.0
31.12024474143982,0.0,1.0
31.12859845161438,0.0,1.0
31.135199069976807,0.0,1.0
31.13637113571167,0.0,1.0
31.143728733062744,0.0,1.0
31.14877462387085,0.0,1.0
31.156598329544067,0.0,1.0
31.15912961959839,0.0,1.0
31.16537022590637,0.0,1.0
31.17587971687317,0.0,1.0
31.178728818893436,0.0,1.0
31.18753552436829,0.0,1.0
31.19681739807129,0.0,1.0
31.19859862327576,0.0,1.0
31.1997287273407,0.0,1.0
31.207370042800903,0.0,1.0
31.21493887901306,0.0,1.0
31.22084736824036,0.0,1.0
31.227599382400516,0.0,1.0
31.23636746406555,0.0,1.0
31.24018621444702,0.0,1.0
31.24273133277893,0.0,1.0
31.252990007400516,0.0,1.0
31.26536750793457,0.0,1.0
31.269599199295044,0.0,1.0
31.270108461380005,0.0,1.0
31.270731210708615,0.0,1.0
31.2731773853302,0.0,1.0
31.286880016326904,0.0,1.0
31.299599409103397,0.0,1.0
31.29973125457764,0.0,1.0
31.300735235214237,0.0,1.0
31.30736780166626,0.0,1.0
31.311417818069454,0.0,1.0
31.321531772613525,0.0,1.0
31.32859706878662,0.0,1.0
31.33536720275879,0.0,1.0
31.3411602973938,0.0,1.0
31.341731309890747,0.0,1.0
31.35047173500061,0.0,1.0
31.360080003738403,0.0,1.0
31.36459708213806,0.0,1.0
31.368597269058228,0.0,1.0
31.377368211746216,0.0,1.0
31.38072657585144,0.0,1.0
31.38278365135193,0.0,1.0
31.39645481109619,0.0,1.0
31.397597074508667,0.0,1.0
31.399726390838623,0.0,1.0
31.40636801719665,0.0,1.0
31.406895399093628,0.0,1.0
31.416122674942017,0.3,0.7
31.42118549346924,0.3,0.7
31.430496215820312,0.3,0.7
31.43359661102295,0.3,0.7
31.43536615371704,0.3,0.7
31.441130876541138,0.3,0.7
31.442729234695435,0.3,0.7
31.45400714874268,0.3,0.7
31.46859622001648,0.3,0.7
31.469366312026978,0.3,0.7
31.469550609588623,0.3,0.7
31.46972918510437,0.3,0.7
31.48933720588684,0.3,0.7
31.497366189956665,0.3,0.7
31.49770951271057,0.2,0.8
31.49859619140625,0.2,0.8
31.50828790664673,0.2,0.8
31.51172924041748,0.2,0.8
31.51230216026306,0.2,0.8
31.524595737457275,0.2,0.8
31.54002094268799,0.2,0.8
31.540366172790527,0.2,0.8
31.54872822761536,0.2,0.8
31.55073070526123,0.2,0.8
31.56595659255981,0.2,0.8
31.570595741271973,0.2,0.8
31.570940732955933,0.2,0.8
31.57272791862488,0.2,0.8
31.576364517211918,0.2,0.8
31.585228204727173,0.2,0.8
31.59659576416016,0.2,0.8
31.59736442565918,0.2,0.8
31.597959995269772,0.2,0.8
31.599727869033813,0.2,0.8
31.60785675048828,0.2,0.8
31.626752614974976,0.3,0.7
31.62700390815735,0.3,0.7
31.63459134101868,0.3,0.7
31.63866233825684,0.3,0.7
31.64036226272583,0.3,0.7
31.64372491836548,0.3,0.7
31.649948358535767,0.3,0.7
31.65995621681213,0.3,0.7
31.66059136390686,0.3,0.7
31.66836261749268,0.3,0.7
31.678725004196167,0.3,0.7
31.679906606674194,0.3,0.7
31.68777060508728,0.3,0.7
31.6945915222168,0.2,0.8
31.697362422943115,0.2,0.8
31.6985445022583,0.3,0.7
31.70818567276001,0.3,0.7
31.708724975585938,0.3,0.7
31.716769218444824,0.3,0.7
31.728440523147583,0.2,0.8
31.72958850860596,0.2,0.8
31.740362405776978,0.2,0.8
31.743229389190677,0.2,0.8
31.74372386932373,0.2,0.8
31.7502965927124,0.2,0.8
31.75239109992981,0.2,0.8
31.763564586639404,0.2,0.8
31.7655885219574,0.2,0.8
31.77536177635193,0.2,0.8
31.781723737716675,0.2,0.8
31.79309153556824,0.2,0.8
31.795588731765747,0.2,0.8
31.80966734886169,0.2,0.8
31.810723781585693,0.2,0.8
31.8123619556427,0.2,0.8
31.81831669807434,0.2,0.8
31.82758402824402,0.2,0.8
31.830140352249146,0.2,0.8
31.839359998703003,0.2,0.8
31.839723348617557,0.2,0.8
31.84482216835022,0.2,0.8
31.85098004341125,0.2,0.8
31.855583906173703,0.2,0.8
31.865057945251465,0.2,0.8
31.86736035346985,0.2,0.8
31.869723320007324,0.2,0.8
31.87727403640747,0.2,0.8
31.89736032485962,0.2,0.8
31.8978271484375,0.2,0.8
31.8995840549469,0.2,0.8
31.906485080718998,0.2,0.8
31.911723375320435,0.2,0.8
31.916407108306885,0.2,0.8
31.925349235534668,0.2,0.8
31.926581382751465,0.2,0.8
31.93495321273804,0.2,0.8
31.94036030769348,0.2,0.8
31.94072413444519,0.2,0.8
31.950067281723022,0.2,0.8
31.96458148956299,0.2,0.8
31.96972417831421,0.2,0.8
31.96987199783325,0.2,0.8
31.97663164138794,0.2,0.8
31.97736001014709,0.2,0.8
31.97847580909729,0.2,0.8
31.99977469444275,0.3,0.7
32.00058150291443,0.3,0.7
32.00636029243469,0.3,0.7
32.01154971122742,0.3,0.7
32.01272416114807,0.3,0.7
32.034364461898804,0.3,0.7
32.03535890579224,0.3,0.7
32.03658199310303,0.3,0.7
32.037479639053345,0.3,0.7
32.04072308540344,0.3,0.7
32.05392670631409,0.3,0.7
32.06535887718201,0.3,0.7
32.06958222389221,0.3,0.7
32.07072305679321,0.3,0.7
32.07157802581787,0.3,0.7
32.08369708061218,0.3,0.7
32.086257219314575,0.3,0.7
32.09500241279602,0.3,0.7
32.095582008361816,0.3,0.7
32.10688805580139,0.3,0.7
32.10735869407654,0.3,0.7
32.11272311210632,0.3,0.7
32.11525249481201,0.3,0.7
32.1255784034729,0.3,0.7
32.12802720069885,0.3,0.7
32.134084701538086,0.3,0.7
32.13435888290405,0.3,0.7
32.14172649383545,0.3,0.7
32.15327715873718,0.3,0.7
32.16300988197327,0.3,0.7
32.16757845878601,0.3,0.7
32.1746609210968,0.3,0.7
32.174726486206055,0.3,0.7
32.17735934257507,0.3,0.7
32.189361333847046,0.3,0.7
32.19757843017578,0.3,0.7
32.20535922050476,0.3,0.7
32.210726499557495,0.3,0.7
32.22203016281128,0.3,0.7
32.22582459449768,0.3,0.7
32.22657608985901,0.3,0.7
32.23529267311096,0.3,0.7
32.23935627937317,0.3,0.7
32.239725828170776,0.3,0.7
32.24216842651367,0.3,0.7
32.25133919715881,0.3,0.7
32.25557613372803,0.3,0.7
32.2610650062561,0.3,0.7
32.274725675582886,0.3,0.7
32.27635622024536,0.3,0.7
32.28655529022217,0.3,0.7
32.28830647468567,0.3,0.7
32.29757618904114,0.3,0.7
32.30535626411438,0.3,0.7
32.30622458457947,0.2,0.8
32.310725688934326,0.2,0.8
32.31663775444031,0.2,0.8
32.32557320594788,0.2,0.8
32.33299207687378,0.2,0.8
32.33474373817444,0.2,0.8
32.3387246131897,0.2,0.8
32.34035634994507,0.2,0.8
32.35162806510925,0.2,0.8
32.368354082107544,0.2,0.8
32.36957359313965,0.2,0.8
32.37129640579224,0.2,0.8
32.37472462654114,0.2,0.8
32.38108015060425,0.2,0.8
32.39093232154846,0.2,0.8
32.396573543548584,0.2,0.8
32.408724546432495,0.2,0.8
32.411354303359985,0.2,0.8
32.41207242012024,0.1,0.9
32.422879219055176,0.1,0.9
32.43356990814209,0.1,0.9
32.439353942871094,0.1,0.9
32.443724155426025,0.1,0.9
32.445587158203125,0.1,0.9
32.46956992149353,0.0,1.0
32.47131085395813,0.0,1.0
32.472724199295044,0.0,1.0
32.475353956222534,0.0,1.0
32.48488163948059,0.0,1.0
32.4995698928833,0.0,1.0
32.50172400474548,0.0,1.0
32.5029091835022,0.0,1.0
32.50935387611389,0.0,1.0
32.51825761795044,0.0,1.0
32.518489599227905,0.0,1.0
32.52656841278076,0.0,1.0
32.531787395477295,0.0,1.0
32.53735399246216,0.0,1.0
32.543723821640015,0.0,1.0
32.55456900596619,0.0,1.0
32.55771040916443,0.0,1.0
32.56635332107544,0.0,1.0
32.56846308708191,0.0,1.0
32.5717236995697,0.0,1.0
32.58685898780823,0.0,1.0
32.59756875038147,0.0,1.0
32.59901142120361,0.0,1.0
32.60835337638855,0.0,1.0
32.61006283760071,0.0,1.0
32.614723682403564,0.0,1.0
32.61938834190369,0.0,1.0
32.626564741134644,0.0,1.0
32.626643657684326,0.0,1.0
32.63795042037964,0.0,1.0
32.64434862136841,0.0,1.0
32.64872431755066,0.0,1.0
32.65356492996216,0.0,1.0
32.65399241447449,0.0,1.0
32.665348529815674,0.0,1.0
32.66653370857239,0.0,1.0
32.67972445487976,0.0,1.0
32.68041253089905,0.0,1.0
32.69517421722412,0.0,1.0
32.69656491279602,0.0,1.0
32.69872426986694,0.0,1.0
32.706833362579346,0.0,1.0
32.707348585128784,0.0,1.0
32.720340967178345,0.0,1.0
32.72456407546997,0.0,1.0
32.733697175979614,0.0,1.0
32.73534822463989,0.0,1.0
32.74072456359863,0.0,1.0
32.74197173118591,0.0,1.0
32.75440454483032,0.0,1.0
32.75956416130066,0.0,1.0
32.766357421875,0.0,1.0
32.771347999572754,0.0,1.0
32.771724700927734,0.0,1.0
32.78811287879944,0.0,1.0
32.79656410217285,0.0,1.0
32.7997100353241,0.0,1.0
32.80634808540344,0.0,1.0
32.80905723571777,0.0,1.0
32.81172466278076,0.0,1.0
32.815961599349976,0.0,1.0
32.82343244552612,0.0,1.0
32.824559926986694,0.0,1.0
32.83586525917053,0.0,1.0
32.83634567260742,0.0,1.0
32.839723110198975,0.0,1.0
32.84595799446106,0.0,1.0
32.85136103630066,0.0,1.0
32.86855959892273,0.0,1.0
32.875723123550415,0.0,1.0
32.87634563446045,0.0,1.0
32.87875723838806,0.0,1.0
32.89150953292847,0.0,1.0
32.89455986022949,0.0,1.0
32.901880502700806,0.0,1.0
32.90534567832947,0.0,1.0
32.90872311592102,0.0,1.0
32.923248291015625,0.0,1.0
32.924559593200684,0.0,1.0
32.9292995929718,0.0,1.0
32.93862199783325,0.0,1.0
32.94034576416016,0.0,1.0
32.94372248649597,0.0,1.0
32.945916414260864,0.0,1.0
32.9558687210083,0.0,1.0
32.963934898376465,0.0,1.0
32.966559648513794,0.0,1.0
32.975202560424805,0.0,1.0
32.97534155845642,0.0,1.0
32.98072266578674,0.0,1.0
32.986886501312256,0.0,1.0
32.996341705322266,0.0,1.0
32.996559619903564,0.0,1.0
33.00656461715698,0.0,1.0
33.00967621803284,0.0,1.0
33.0147225856781,0.0,1.0
33.02559971809387,0.0,1.0
33.02955722808838,0.0,1.0
33.03933906555176,0.0,1.0
33.04245138168335,0.0,1.0
33.04371953010559,0.0,1.0
33.05456304550171,0.0,1.0
33.06441044807434,0.0,1.0
33.06555724143982,0.0,1.0
33.0753390789032,0.0,1.0
33.078489780426025,0.0,1.0
33.07871961593628,0.0,1.0
33.095327615737915,0.0,1.0
33.10055708885193,0.0,1.0
33.104854583740234,0.0,1.0
33.10933899879456,0.0,1.0
33.1097195148468,0.0,1.0
33.12964200973511,0.0,1.0
33.13278365135193,0.0,1.0
33.13455581665039,0.0,1.0
33.137336015701294,0.0,1.0
33.14285922050476,0.0,1.0
33.15171933174133,0.0,1.0
33.1538360118866,0.0,1.0
33.16633605957031,0.0,1.0
33.1695556640625,0.0,1.0
33.173604011535645,0.0,1.0
33.179428815841675,0.0,1.0
33.18071913719177,0.0,1.0
33.18870449066162,0.0,1.0
33.19755554199219,0.0,1.0
33.20021605491638,0.0,1.0
33.20833611488342,0.0,1.0
33.20971918106079,0.0,1.0
33.209826946258545,0.0,1.0
33.22146964073181,0.0,1.0
33.22655200958252,0.0,1.0
33.22760248184204,0.0,1.0
33.23633599281311,0.0,1.0
33.24471688270569,0.0,1.0
33.253090143203735,0.0,1.0
33.25941252708435,0.0,1.0
33.264519929885864,0.0,1.0
33.265334129333496,0.0,1.0
33.26855230331421,0.0,1.0
33.27971696853638,0.0,1.0
33.28318500518799,0.0,1.0
33.29414653778076,0.0,1.0
33.29855227470398,0.0,1.0
33.307334184646606,0.0,1.0
33.30971693992615,0.0,1.0
33.315502405166626,0.0,1.0
33.323352336883545,0.0,1.0
33.325549602508545,0.0,1.0
33.33533430099487,0.0,1.0
33.34471559524536,0.0,1.0
33.34854817390442,0.0,1.0
33.34945607185364,0.0,1.0
33.35454964637756,0.0,1.0
33.36643314361572,0.0,1.0
33.3713321685791,0.0,1.0
33.37854599952698,0.0,1.0
33.38171601295471,0.0,1.0
33.39101433753967,0.0,1.0
33.397549629211426,0.0,1.0
33.40633201599121,0.0,1.0
33.410080671310425,0.0,1.0
33.41071581840515,0.0,1.0
33.416077613830566,0.0,1.0
33.4265456199646,0.0,1.0
33.42688965797424,0.0,1.0
33.43533205986023,0.0,1.0
33.43971490859985,0.0,1.0
33.442747592926025,0.0,1.0
33.46178388595581,0.0,1.0
33.46754550933838,0.0,1.0
33.47134804725647,0.0,1.0
33.47632932662964,0.0,1.0
33.48154807090759,0.0,1.0
33.481714963912964,0.0,1.0
33.49413537979126,0.0,1.0
33.4965455532074,0.0,1.0
33.5019052028656,0.0,1.0
33.50532937049866,0.0,1.0
33.51071500778198,0.0,1.0
33.52554535865784,0.0,1.0
33.54032921791077,0.0,1.0
33.540714263916016,0.0,1.0
33.543843269348145,0.0,1.0
33.5538272857666,0.0,1.0
33.562432527542114,0.0,1.0
33.56754541397095,0.0,1.0
33.57532787322998,0.0,1.0
33.57554912567139,0.0,1.0
33.581714391708374,0.0,1.0
33.58380460739136,0.0,1.0
33.59220361709595,0.0,1.0
33.59654521942139,0.0,1.0
33.60184979438782,0.0,1.0
33.61071443557739,0.0,1.0
33.61132788658142,0.0,1.0
33.616262912750244,0.0,1.0
33.61998701095581,0.0,1.0
33.62554168701172,0.0,1.0
33.63205099105835,0.0,1.0
33.63932967185974,0.0,1.0
33.6397123336792,0.0,1.0
33.645145893096924,0.0,1.0
33.66380739212036,0.0,1.0
33.66754174232483,0.0,1.0
33.66935920715332,0.0,1.0
33.67471241950989,0.0,1.0
33.674903869628906,0.0,1.0
33.67532968521118,0.0,1.0
33.68679070472717,0.0,1.0
33.695329666137695,0.0,1.0
33.69554162025452,0.0,1.0
33.6993134021759,0.0,1.0
33.71071243286133,0.0,1.0
33.711353063583374,0.0,1.0
33.72554039955139,0.0,1.0
33.73646521568298,0.0,1.0
33.737329721450806,0.0,1.0
33.73971652984619,0.0,1.0
33.75100040435791,0.0,1.0
33.7566556930542,0.0,1.0
33.76632142066956,0.0,1.0
33.76654100418091,0.0,1.0
33.7687623500824,0.0,1.0
33.77471661567688,0.0,1.0
33.78047513961792,0.0,1.0
33.79573178291321,0.0,1.0
33.79754066467285,0.0,1.0
33.808321475982666,0.0,1.0
33.809324502944946,0.0,1.0
33.80971646308899,0.0,1.0
33.813767194747925,0.0,1.0
33.82453894615173,0.0,1.0
33.83393406867981,0.0,1.0
33.83632135391235,0.0,1.0
33.839030742645264,0.0,1.0
33.84471559524536,0.0,1.0
33.848114013671875,0.0,1.0
33.857426166534424,0.0,1.0
33.865318059921265,0.0,1.0
33.86553907394409,0.0,1.0
33.873637199401855,0.0,1.0
33.87371563911438,0.0,1.0
33.883766412734985,0.0,1.0
33.89324450492859,0.0,1.0
33.89353895187378,0.0,1.0
33.90171575546265,0.0,1.0
33.907318115234375,0.0,1.0
33.91277313232422,0.0,1.0
33.921295404434204,0.0,1.0
33.92853903770447,0.0,1.0
33.93531799316406,0.0,1.0
33.93618178367615,0.0,1.0
33.94371461868286,0.0,1.0
33.96553897857666,0.0,1.0
33.96799159049988,0.0,1.0
33.975714683532715,0.0,1.0
33.977314949035645,0.0,1.0
33.9813084602356,0.0,1.0
33.99186682701111,0.0,1.0
33.99353885650635,0.0,1.0
34.0027449131012,0.0,1.0
34.00631499290466,0.0,1.0
34.00871467590332,0.0,1.0
34.029537200927734,0.0,1.0
34.03531336784363,0.0,1.0
34.03926753997803,0.0,1.0
34.04268002510071,0.0,1.0
34.04371380805969,0.0,1.0
34.05553388595581,0.0,1.0
34.064537048339844,0.0,1.0
34.0690553188324,0.0,1.0
34.076313495635986,0.0,1.0
34.07971382141113,0.0,1.0
34.08363485336304,0.0,1.0
34.09853720664978,0.0,1.0
34.09971380233765,0.0,1.0
34.10383439064026,0.0,1.0
34.105313539505005,0.0,1.0
34.11183166503906,0.0,1.0
34.12338209152222,0.0,1.0
34.13453412055969,0.0,1.0
34.14031219482422,0.0,1.0
34.14108371734619,0.0,1.0
34.149714946746826,0.0,1.0
34.1519296169281,0.0,1.0
34.162209033966064,0.0,1.0
34.1675341129303,0.0,1.0
34.16971492767334,0.0,1.0
34.17314529418945,0.0,1.0
34.17531228065491,0.0,1.0
34.18568301200867,0.0,1.0
34.19353413581848,0.0,1.0
34.19631218910217,0.0,1.0
34.197598934173584,0.0,1.0
34.20498871803284,0.0,1.0
34.21171498298645,0.0,1.0
34.21913290023804,0.0,1.0
34.230530977249146,0.0,1.0
34.239311933517456,0.0,1.0
34.24071741104126,0.0,1.0
34.24156856536865,0.0,1.0
34.25597834587097,0.0,1.0
34.265531063079834,0.0,1.0
34.268717527389526,0.0,1.0
34.2753119468689,0.0,1.0
34.277191162109375,0.4,0.6
34.28432321548462,0.4,0.6
34.29214549064636,0.4,0.6
34.295531034469604,0.4,0.6
34.30865001678467,0.4,0.6
34.309311866760254,0.4,0.6
34.31171751022339,0.4,0.6
34.31773519515991,0.4,0.6
34.32853031158447,0.4,0.6
34.32904553413391,0.4,0.6
34.3373122215271,0.4,0.6
34.337932109832764,0.4,0.6
34.33871793746948,0.4,0.6
34.352866411209106,0.4,0.6
34.36453032493591,0.4,0.6
34.36630988121033,0.4,0.6
34.37218689918518,0.4,0.6
34.37471795082092,0.4,0.6
34.3848717212677,0.4,0.6
34.39853000640869,0.4,0.6
34.39976119995117,0.4,0.6
34.40335321426392,0.4,0.6
34.40830993652344,0.4,0.6
34.40871787071228,0.4,0.6
34.418100118637085,0.4,0.6
34.43452453613281,0.4,0.6
34.436307191848755,0.4,0.6
34.44040322303772,0.4,0.6
34.44371581077576,0.4,0.6
34.44506883621216,0.5,0.5
34.45101737976074,0.5,0.5
34.458646297454834,0.5,0.5
34.46530723571777,0.5,0.5
34.4695246219635,0.5,0.5
34.47097182273865,0.5,0.5
34.478715896606445,0.5,0.5
34.48066592216492,0.5,0.5
34.489898681640625,0.5,0.5
34.49518179893494,0.5,0.5
34.501524686813354,0.5,0.5
34.507307291030884,0.5,0.5
34.51336669921875,0.5,0.5
34.514715909957886,0.5,0.5
34.51919221878052,0.5,0.5
34.52495765686035,0.5,0.5
34.534523248672485,0.5,0.5
34.53530740737915,0.5,0.5
34.54254674911499,0.5,0.5
34.54871487617493,0.5,0.5
34.5565197467804,0.5,0.5
34.564523220062256,0.5,0.5
34.56775641441345,0.5,0.5
34.57130312919617,0.5,0.5
34.571714878082275,0.5,0.5
34.580037117004395,0.5,0.5
34.58845615386963,0.5,0.5
34.59852337837219,0.5,0.5
34.59971499443054,0.5,0.5
34.604254722595215,0.5,0.5
34.606303215026855,0.5,0.5
34.61732459068298,0.5,0.5
34.622231006622314,0.5,0.5
34.63530349731445,0.5,0.5
34.63552165031433,0.5,0.5
34.64276432991028,0.5,0.5
34.643272399902344,0.5,0.5
34.64370679855347,0.5,0.5
34.65731072425842,0.5,0.5
34.6655216217041,0.5,0.5
34.66930341720581,0.5,0.5
34.671595096588135,0.5,0.5
34.6781280040741,0.5,0.5
34.678706407547,0.5,0.5
34.68846845626831,0.5,0.5
34.693994998931885,0.5,0.5
34.69852161407471,0.5,0.5
34.70530319213867,0.5,0.5
34.707557916641235,0.5,0.5
34.70970702171326,0.5,0.5
34.72380828857422,0.5,0.5
34.7335205078125,0.5,0.5
34.73576045036316,0.5,0.5
34.74030351638794,0.5,0.5
34.74303960800171,0.5,0.5
34.74470567703247,0.5,0.5
34.75281119346619,0.5,0.5
34.76475691795349,0.4,0.6
34.76830101013184,0.4,0.6
34.76852059364319,0.4,0.6
34.77609133720398,0.4,0.6
34.78070569038391,0.4,0.6
34.78151082992554,0.4,0.6
34.79159593582153,0.4,0.6
34.79752039909363,0.4,0.6
34.80014610290527,0.4,0.6
34.80970573425293,0.4,0.6
34.8113009929657,0.4,0.6
34.81984901428223,0.4,0.6
34.82651662826538,0.4,0.6
34.83436369895935,0.4,0.6
34.839300870895386,0.4,0.6
34.84470319747925,0.4,0.6
34.8460214138031,0.4,0.6
34.8555166721344,0.4,0.6
34.863773345947266,0.4,0.6
34.868900299072266,0.4,0.6
34.873703479766846,0.4,0.6
34.87529897689819,0.4,0.6
34.88400435447693,0.4,0.6
34.89529895782471,0.4,0.6
34.89553380012512,0.4,0.6
34.89851641654968,0.4,0.6
34.90282082557678,0.4,0.6
34.90970325469971,0.4,0.6
34.91469430923462,0.4,0.6
34.92180848121643,0.4,0.6
34.926515340805054,0.4,0.6
34.93729901313782,0.4,0.6
34.94278526306152,0.4,0.6
34.943703174591064,0.4,0.6
34.9563775062561,0.5,0.5
34.963515520095825,0.5,0.5
34.96629786491394,0.5,0.5
34.96999764442444,0.5,0.5
34.97676658630371,0.5,0.5
34.98170304298401,0.5,0.5
34.993515729904175,0.5,0.5
34.998515367507935,0.5,0.5
34.99970316886902,0.5,0.5
35.00829792022705,0.5,0.5
35.01542830467224,0.5,0.5
35.03098130226135,0.5,0.5
35.03551125526428,0.5,0.5
35.03629779815674,0.5,0.5
35.04270315170288,0.5,0.5
35.0431125164032,0.5,0.5
35.05191421508789,0.5,0.5
35.06351137161255,0.5,0.5
35.06529521942139,0.5,0.5
35.06763935089111,0.5,0.5
35.07070302963257,0.5,0.5
35.08295488357544,0.5,0.5
35.08991551399231,0.5,0.5
35.0941321849823,0.5,0.5
35.09851121902466,0.5,0.5
35.10729551315308,0.5,0.5
35.11170315742493,0.5,0.5
35.11470079421997,0.5,0.5
35.128459215164185,0.5,0.5
35.13351082801819,0.5,0.5
35.13529562950134,0.5,0.5
35.137622356414795,0.5,0.5
35.149702310562134,0.5,0.5
35.15047788619995,0.5,0.5
35.16300439834595,0.5,0.5
35.16551089286804,0.5,0.5
35.17070245742798,0.5,0.5
35.17237734794617,0.5,0.5
35.17729449272156,0.5,0.5
35.18072247505188,0.5,0.5
35.19605588912964,0.5,0.5
35.20051074028015,0.5,0.5
35.20365762710571,0.5,0.5
35.206294536590576,0.5,0.5
35.21370244026184,0.5,0.5
35.21879506111145,0.5,0.5
35.22720646858215,0.5,0.5
35.22851252555847,0.5,0.5
35.234294414520264,0.5,0.5
35.23555660247803,0.5,0.5
35.24170279502869,0.5,0.5
35.24723815917969,0.5,0.5
35.2578821182251,0.5,0.5
35.26551270484924,0.5,0.5
35.27029371261597,0.5,0.5
35.270702838897705,0.5,0.5
35.276480197906494,0.5,0.5
35.27997016906738,0.5,0.5
35.28651261329651,0.5,0.5
35.297157287597656,0.5,0.5
35.29942560195923,0.5,0.5
35.30493116378784,0.5,0.5
35.30729389190674,0.5,0.5
35.31370282173157,0.5,0.5
35.317108154296875,0.5,0.5
35.32851052284241,0.5,0.5
35.33780860900879,0.5,0.5
35.34126925468445,0.5,0.5
35.341293811798096,0.5,0.5
35.3417022228241,0.5,0.5
35.35038089752197,0.5,0.5
35.36270499229431,0.5,0.5
35.36451053619385,0.5,0.5
35.369702100753784,0.5,0.5
35.375293493270874,0.5,0.5
35.37864375114441,0.5,0.5
35.38072443008423,0.5,0.5
35.391823053359985,0.5,0.5
35.39729380607605,0.5,0.5
35.399510622024536,0.5,0.5
35.411702156066895,0.5,0.5
35.41911029815674,0.5,0.5
35.42650818824768,0.5,0.5
35.43182015419006,0.5,0.5
35.44029355049133,0.5,0.5
35.4407012462616,0.5,0.5
35.44160008430481,0.5,0.5
35.45153546333313,0.5,0.5
35.457035541534424,0.5,0.5
35.46829319000244,0.5,0.5
35.46950817108154,0.5,0.5
35.47042512893677,0.5,0.5
35.475701332092285,0.5,0.5
35.48737716674805,0.5,0.5
35.49750828742981,0.5,0.5
35.50265645980835,0.5,0.5
35.511293172836304,0.5,0.5
35.511701345443726,0.5,0.5
35.5171103477478,0.5,0.5
35.526506423950195,0.5,0.5
35.52695727348328,0.5,0.5
35.53270101547241,0.5,0.5
35.54029178619385,0.5,0.5
35.54704213142395,0.5,0.5
35.549548864364624,0.5,0.5
35.55744242668152,0.5,0.5
35.56592154502869,0.5,0.5
35.568506479263306,0.5,0.5
35.57470107078552,0.5,0.5
35.57629179954529,0.5,0.5
35.578696489334106,0.5,0.5
35.588785886764526,0.5,0.5
35.597291707992554,0.5,0.5
35.59850645065308,0.5,0.5
35.599690437316895,0.5,0.5
35.61070108413696,0.5,0.5
35.62204027175903,0.5,0.5
35.62450456619263,0.5,0.5
35.64029359817505,0.5,0.5
35.64209485054016,0.5,0.5
35.6467010974884,0.5,0.5
35.65181565284729,0.5,0.5
35.66650462150574,0.5,0.5
35.67470097541809,0.5,0.5
35.67529320716858,0.5,0.5
35.676236152648926,0.5,0.5
35.694504737854004,0.5,0.5
35.69468927383423,0.5,0.5
35.70247840881348,0.5,0.5
35.71029353141785,0.5,0.5
35.71170115470886,0.5,0.5
35.721004009246826,0.5,0.5
35.72950100898743,0.5,0.5
35.73419761657715,0.5,0.5
35.739293813705444,0.5,0.5
35.743205547332764,0.5,0.5
35.7446973323822,0.5,0.5
35.752570390701294,0.5,0.5
35.76550102233887,0.5,0.5
35.77269721031189,0.5,0.5
35.774293422698975,0.5,0.5
35.77454400062561,0.5,0.5
35.7745840549469,0.5,0.5
35.7953884601593,0.5,0.5
35.79550075531006,0.5,0.5
35.79629349708557,0.5,0.5
35.80069732666016,0.5,0.5
35.805673599243164,0.5,0.5
35.818798542022705,0.5,0.5
35.82679724693298,0.5,0.5
35.83449721336365,0.5,0.5
35.83495330810547,0.5,0.5
35.83929109573364,0.5,0.5
35.84269189834595,0.5,0.5
35.84853839874268,0.5,0.5
35.85549759864807,0.5,0.5
35.85804462432861,0.5,0.5
35.868133306503296,0.5,0.5
35.870691776275635,0.5,0.5
35.87529110908508,0.5,0.5
35.8764533996582,0.5,0.5
35.892412185668945,0.5,0.5
35.89849781990051,0.5,0.5
35.89969182014465,0.5,0.5
35.90256094932556,0.5,0.5
35.908271074295044,0.5,0.5
35.90929126739502,0.5,0.5
35.92143440246582,0.5,0.5
35.92649459838867,0.5,0.5
35.93416380882263,0.4,0.6
35.93729019165039,0.4,0.6
35.941691398620605,0.4,0.6
35.94558668136597,0.4,0.6
35.95216631889343,0.4,0.6
35.96628999710083,0.4,0.6
35.9684944152832,0.4,0.6
35.97804832458496,0.4,0.6
35.97969126701355,0.4,0.6
35.98974370956421,0.4,0.6
35.99649453163147,0.4,0.6
35.99969124794006,0.4,0.6
36.00143790245056,0.4,0.6
36.00829029083252,0.4,0.6
36.01123332977295,0.4,0.6
36.02449560165405,0.4,0.6
36.03325986862183,0.4,0.6
36.03628873825073,0.4,0.6
36.03632020950317,0.4,0.6
36.04269027709961,0.4,0.6
36.04273509979248,0.4,0.6
36.0547399520874,0.4,0.6
36.063605070114136,0.4,0.6
36.06528854370117,0.4,0.6
36.0684962272644,0.4,0.6
36.06912875175476,0.4,0.6
36.07069039344788,0.4,0.6
36.0857720375061,0.4,0.6
36.09449601173401,0.4,0.6
36.10157132148743,0.4,0.6
36.1043963432312,0.4,0.6
36.10728859901428,0.4,0.6
36.11568999290466,0.4,0.6
36.11631441116333,0.4,0.6
36.124932289123535,0.4,0.6
36.1254940032959,0.4,0.6
36.13528871536255,0.4,0.6
36.135865211486816,0.4,0.6
36.14268970489502,0.4,0.6
36.15598368644714,0.4,0.6
36.161415100097656,0.4,0.6
36.16749382019043,0.4,0.6
36.171287059783936,0.4,0.6
36.17253494262695,0.4,0.6
36.17465686798096,0.0,1.0
36.181689739227295,0.0,1.0
36.18377828598023,0.0,1.0
36.1974937915802,0.0,1.0
36.206287145614624,0.0,1.0
36.20648646354675,0.0,1.0
36.20668959617615,0.0,1.0
36.216097593307495,0.0,1.0
36.226492404937744,0.0,1.0
36.23217868804932,0.0,1.0
36.23528718948364,0.0,1.0
36.24168801307678,0.0,1.0
36.24299097061157,0.0,1.0
36.25449228286743,0.0,1.0
36.25573039054871,0.0,1.0
36.26019454002381,0.0,1.0
36.26928520202637,0.0,1.0
36.2733108997345,0.0,1.0
36.28190588951111,0.0,1.0
36.28368806838989,0.0,1.0
36.29276180267334,0.0,1.0
36.29649233818054,0.0,1.0
36.30184054374695,0.0,1.0
36.30528521537781,0.0,1.0
36.31168794631958,0.0,1.0
36.314034938812256,0.0,1.0
36.32649111747742,0.0,1.0
36.340285301208496,0.0,1.0
36.340686082839966,0.0,1.0
36.34575819969177,0.0,1.0
36.35900831222534,0.0,1.0
36.36828279495239,0.0,1.0
36.36949110031128,0.0,1.0
36.37568593025208,0.0,1.0
36.37791132926941,0.0,1.0
36.38867616653442,0.0,1.0
36.39449119567871,0.0,1.0
36.40207099914551,0.0,1.0
36.411283016204834,0.0,1.0
36.41268587112427,0.0,1.0
36.41860866546631,0.0,1.0
36.42196822166443,0.0,1.0
36.42948794364929,0.0,1.0
36.43569469451904,0.0,1.0
36.43928241729736,0.0,1.0
36.44068884849548,0.0,1.0
36.45304441452026,0.0,1.0
36.4629065990448,0.0,1.0
36.46648812294006,0.0,1.0
36.47428250312805,0.0,1.0
36.47548842430115,0.0,1.0
36.477689027786255,0.0,1.0
36.48151326179504,0.0,1.0
36.48960041999817,0.0,1.0
36.4954879283905,0.0,1.0
36.50184988975525,0.0,1.0
36.50928258895874,0.0,1.0
36.51168870925903,0.0,1.0
36.51378035545349,0.0,1.0
36.51634335517883,0.0,1.0
36.52948546409607,0.0,1.0
36.53084421157837,0.0,1.0
36.53728246688843,0.0,1.0
36.540621519088745,0.0,1.0
36.54068970680237,0.0,1.0
36.55248188972473,0.0,1.0
36.55422067642212,0.0,1.0
36.56548547744751,0.0,1.0
36.566282987594604,0.0,1.0
36.58168959617615,0.0,1.0
36.58495259284973,0.0,1.0
36.59448552131653,0.0,1.0
36.59634208679199,0.0,1.0
36.607093334198,0.0,1.0
36.60828304290772,0.0,1.0
36.61068987846375,0.0,1.0
36.62010622024536,0.0,1.0
36.62948131561279,0.0,1.0
36.63607859611511,0.0,1.0
36.6362829208374,0.0,1.0
36.63968920707703,0.0,1.0
36.649561643600464,0.0,1.0
36.65599966049194,0.0,1.0
36.65848135948181,0.0,1.0
36.665283203125,0.0,1.0
36.668689250946045,0.0,1.0
36.670804262161255,0.0,1.0
36.6802031993866,0.0,1.0
36.69195485115051,0.0,1.0
36.69948124885559,0.0,1.0
36.7042760848999,0.0,1.0
36.70728325843811,0.0,1.0
36.7090117931366,0.0,1.0
36.71068930625916,0.0,1.0
36.72648048400879,0.0,1.0
36.73528337478638,0.0,1.0
36.742674589157104,0.0,1.0
36.74569082260132,0.0,1.0
36.7460880279541,0.0,1.0
36.75548052787781,0.0,1.0
36.76923108100891,0.0,1.0
36.77128028869629,0.0,1.0
36.77469086647034,0.0,1.0
36.78155708312988,0.0,1.0
36.79648041725159,0.0,1.0
36.79654359817505,0.0,1.0
36.80157279968262,0.0,1.0
36.8062801361084,0.0,1.0
36.81069087982178,0.0,1.0
36.81920862197876,0.0,1.0
36.8274827003479,0.0,1.0
36.83199667930603,0.0,1.0
36.834280014038086,0.0,1.0
36.83792209625244,0.0,1.0
36.84569215774536,0.0,1.0
36.85196781158447,0.0,1.0
36.85448241233826,0.0,1.0
36.86907649040222,0.0,1.0
36.86927914619446,0.0,1.0
36.87369203567505,0.0,1.0
36.88563895225525,0.0,1.0
36.895071029663086,0.0,1.0
36.90048241615296,0.0,1.0
36.9052791595459,0.0,1.0
36.90691661834717,0.0,1.0
36.91069221496582,0.0,1.0
36.91186141967773,0.0,1.0
36.927586793899536,0.0,1.0
36.93448066711426,0.0,1.0
36.93515467643738,0.0,1.0
36.94027924537659,0.0,1.0
36.944167137146,0.0,1.0
36.94469714164734,0.0,1.0
36.94778060913086,0.0,1.0
36.95548057556152,0.0,1.0
36.95675802230835,0.0,1.0
36.9668173789978,0.0,1.0
36.972697257995605,0.0,1.0
36.975276708602905,0.0,1.0
36.98550724983215,0.0,1.0
36.99425935745239,0.0,1.0
36.997480392456055,0.0,1.0
37.00140118598938,0.0,1.0
37.011276721954346,0.0,1.0
37.01469731330872,0.0,1.0
37.019742012023926,0.0,1.0
37.0264778137207,0.0,1.0
37.03229641914368,0.0,1.0
37.03927659988403,0.0,1.0
37.042696475982666,0.0,1.0
37.04468297958374,0.0,1.0
37.055410623550415,0.0,1.0
37.068979024887085,0.0,1.0
37.06947755813599,0.0,1.0
37.07069635391235,0.0,1.0
37.07427644729614,0.0,1.0
37.08018159866333,0.0,1.0
37.08944010734558,0.0,1.0
37.09527635574341,0.0,1.0
37.09647750854492,0.0,1.0
37.10425162315369,0.0,1.0
37.11269640922546,0.0,1.0
37.113245725631714,0.0,1.0
37.12476539611816,0.0,1.0
37.12647604942322,0.0,1.0
37.13458323478699,0.0,1.0
37.13728070259094,0.0,1.0
37.14070129394531,0.0,1.0
37.15259647369385,0.0,1.0
37.16147589683533,0.0,1.0
37.16157293319702,0.0,1.0
37.16628074645996,0.0,1.0
37.175701379776,0.0,1.0
37.17845106124878,0.0,1.0
37.19129371643066,0.0,1.0
37.1964762210846,0.0,1.0
37.19937610626221,0.0,1.0
37.20828080177307,0.0,1.0
37.21170139312744,0.0,1.0
37.216052532196045,0.0,1.0
37.22037887573242,0.0,1.0
37.22547459602356,0.0,1.0
37.232990741729736,0.0,1.0
37.23627948760986,0.0,1.0
37.24570107460022,0.0,1.0
37.24884748458862,0.0,1.0
37.26037168502808,0.0,1.0
37.26527953147888,0.0,1.0
37.265474796295166,0.0,1.0
37.26801347732544,0.0,1.0
37.27570104598999,0.0,1.0
37.27682852745056,0.0,1.0
37.28633213043213,0.0,1.0
37.29848766326904,0.0,1.0
37.300474405288696,0.0,1.0
37.301701068878174,0.0,1.0
37.30727934837341,0.0,1.0
37.312783002853394,0.0,1.0
37.31662821769714,0.0,1.0
37.32638311386109,0.0,1.0
37.32947182655335,0.0,1.0
37.33527851104736,0.0,1.0
37.33944201469421,0.0,1.0
37.34370136260986,0.0,1.0
37.35076189041138,0.0,1.0
37.3636794090271,0.0,1.0
37.36444306373596,0.0,1.0
37.371471881866455,0.0,1.0
37.377278327941895,0.0,1.0
37.37896490097046,0.0,1.0
37.380701303482056,0.0,1.0
37.38455319404602,0.0,1.0
37.39326572418213,0.0,1.0
37.39847159385681,0.0,1.0
37.40415501594544,0.0,1.0
37.40627861022949,0.0,1.0
37.40670132637024,0.0,1.0
37.41428208351135,0.0,1.0
37.426466941833496,0.0,1.0
37.42885446548462,0.0,1.0
37.43427515029907,0.0,1.0
37.44370460510254,0.0,1.0
37.44446086883545,0.0,1.0
37.44548559188843,0.0,1.0
37.45446705818176,0.0,1.0
37.45754194259644,0.0,1.0
37.46326947212219,0.0,1.0
37.46927499771118,0.0,1.0
37.470704317092896,0.0,1.0
37.47594332695007,0.0,1.0
37.481940269470215,0.0,1.0
37.49033761024475,0.0,1.0
37.49846696853638,0.0,1.0
37.500550508499146,0.0,1.0
37.50527501106262,0.0,1.0
37.51077580451965,0.0,1.0
37.512704610824585,0.0,1.0
37.524463176727295,0.0,1.0
37.5263946056366,0.0,1.0
37.53525853157044,0.0,1.0
37.54070496559143,0.0,1.0
37.547274112701416,0.0,1.0
37.55244493484497,0.0,1.0
37.56582260131836,0.0,1.0
37.566463232040405,0.0,1.0
37.56827402114868,0.0,1.0
37.57570481300354,0.0,1.0
37.57696008682251,0.0,1.0
37.58296322822571,0.0,1.0
37.58983373641968,0.0,1.0
37.59627413749695,0.0,1.0
37.596463203430176,0.0,1.0
37.605223178863525,0.0,1.0
37.61170482635498,0.0,1.0
37.61188578605652,0.0,1.0
37.61991786956787,0.0,1.0
37.62864446640015,0.0,1.0
37.62946629524231,0.0,1.0
37.63927412033081,0.0,1.0
37.64070081710816,0.0,1.0
37.64963412284851,0.0,1.0
37.6604905128479,0.0,1.0
37.668466329574585,0.0,1.0
37.67023468017578,0.0,1.0
37.67527222633362,0.0,1.0
37.6767008304596,0.0,1.0
37.681989908218384,0.0,1.0
37.69410014152527,0.0,1.0
37.69527220726013,0.0,1.0
37.69546627998352,0.0,1.0
37.704253911972046,0.0,1.0
37.71170091629028,0.0,1.0
37.715760707855225,0.0,1.0
37.72540760040283,0.0,1.0
37.72546434402466,0.0,1.0
37.73566675186157,0.0,1.0
37.73727059364319,0.0,1.0
37.740700483322144,0.0,1.0
37.76037335395813,0.0,1.0
37.76627039909363,0.0,1.0
37.76746439933777,0.0,1.0
37.76999402046204,0.0,1.0
37.77570056915283,0.0,1.0
37.77955222129822,0.0,1.0
37.79178810119629,0.0,1.0
37.79538321495056,0.0,1.0
37.79746460914612,0.0,1.0
37.80415964126587,0.0,1.0
37.80827045440674,0.0,1.0
37.81170058250427,0.0,1.0
37.81236529350281,0.0,1.0
37.8264627456665,0.0,1.0
37.82803416252136,0.0,1.0
37.83626866340637,0.0,1.0
37.839064598083496,0.0,1.0
37.84625315666199,0.0,1.0
37.84669804573059,0.0,1.0
37.85135293006897,0.0,1.0
37.860832929611206,0.0,1.0
37.86526870727539,0.0,1.0
37.869462728500366,0.0,1.0
37.871267557144165,0.0,1.0
37.873697996139526,0.0,1.0
37.88503408432007,0.0,1.0
37.89630889892578,0.0,1.0
37.8964626789093,0.0,1.0
37.90169811248779,0.0,1.0
37.90548014640808,0.0,1.0
37.90726900100708,0.0,1.0
37.916821002960205,0.0,1.0
37.925461292266846,0.0,1.0
37.92704629898071,0.0,1.0
37.93526601791382,0.0,1.0
37.93903565406799,0.0,1.0
37.94369769096375,0.0,1.0
37.9439218044281,0.0,1.0
37.949337005615234,0.0,1.0
37.96061563491821,0.0,1.0
37.96746134757996,0.0,1.0
37.97726607322693,0.0,1.0
37.97783589363098,0.0,1.0
37.98069763183594,0.0,1.0
37.98984932899475,0.0,1.0
37.99014091491699,0.0,1.0
37.99846148490906,0.0,1.0
37.9988648891449,0.0,1.0
38.00069761276245,0.0,1.0
38.00626611709595,0.0,1.0
38.01015114784241,0.0,1.0
38.02036452293396,0.0,1.0
38.02937340736389,0.0,1.0
38.0304605960846,0.0,1.0
38.035266160964966,0.0,1.0
38.04055881500244,0.0,1.0
38.044697284698486,0.0,1.0
38.05450940132141,0.0,1.0
38.06546068191528,0.0,1.0
38.072697162628174,0.0,1.0
38.07626748085022,0.0,1.0
38.091238260269165,0.0,1.0
38.09425520896912,0.0,1.0
38.10146069526672,0.0,1.0
38.10526728630066,0.0,1.0
38.106459617614746,0.0,1.0
38.1106972694397,0.0,1.0
38.12313508987427,0.0,1.0
38.12659239768982,0.0,1.0
38.1284568309784,0.0,1.0
38.1361358165741,0.0,1.0
38.14026498794556,0.0,1.0
38.14569640159607,0.0,1.0
38.14703917503357,0.0,1.0
38.15745687484741,0.0,1.0
38.160502910614014,0.0,1.0
38.16893029212952,0.0,1.0
38.175265073776245,0.0,1.0
38.18169641494751,0.0,1.0
38.18362164497376,0.0,1.0
38.1932897567749,0.0,1.0
38.19845700263977,0.0,1.0
38.20169639587402,0.0,1.0
38.20292639732361,0.0,1.0
38.211265087127686,0.0,1.0
38.21127486228943,0.0,1.0
38.219942569732666,0.0,1.0
38.22645401954651,0.0,1.0
38.233750343322754,0.0,1.0
38.23793911933899,0.0,1.0
38.24469685554504,0.0,1.0
38.24577617645264,0.0,1.0
38.24626040458679,0.0,1.0
38.25340127944946,0.0,1.0
38.255454301834106,0.0,1.0
38.266894817352295,0.0,1.0
38.27269697189331,0.0,1.0
38.27526044845581,0.0,1.0
38.28704285621643,0.0,1.0
38.29526042938232,0.0,1.0
38.29845428466797,0.0,1.0
38.30069708824158,0.0,1.0
38.32545232772827,0.0,1.0
38.33726048469544,0.0,1.0
38.342697620391846,0.0,1.0
38.36625862121582,0.0,1.0
38.36845231056213,0.0,1.0
38.371697664260864,0.0,1.0
38.37655138969421,0.0,1.0
38.389591217041016,0.0,1.0
38.3964524269104,0.0,1.0
38.40799021720886,0.0,1.0
38.40825843811035,0.0,1.0
38.41309475898743,0.0,1.0
38.413697719573975,0.0,1.0
38.42545366287232,0.0,1.0
38.43625807762146,0.0,1.0
38.441696882247925,0.0,1.0
38.44191884994507,0.0,1.0
38.44983959197998,0.0,1.0
38.45896530151367,0.0,1.0
38.46525812149048,0.0,1.0
38.46745371818543,0.0,1.0
38.471697092056274,0.0,1.0
38.48069715499878,0.0,1.0
38.483545780181885,0.0,1.0
38.49545359611511,0.0,1.0
38.495601654052734,0.0,1.0
38.50725817680359,0.0,1.0
38.51336050033569,0.0,1.0
38.513696908950806,0.0,1.0
38.52212619781494,0.0,1.0
38.524452209472656,0.0,1.0
38.535258293151855,0.0,1.0
38.53968954086304,0.0,1.0
38.54169750213623,0.0,1.0
38.54443335533142,0.0,1.0
38.55857801437378,0.0,1.0
38.56474041938782,0.0,1.0
38.56645226478577,0.0,1.0
38.57025504112244,0.0,1.0
38.57540774345398,0.0,1.0
38.580697536468506,0.0,1.0
38.5885660648346,0.0,1.0
38.59645199775696,0.0,1.0
38.60169720649719,0.0,1.0
38.60625505447388,0.0,1.0
38.61235475540161,0.0,1.0
38.61593580245972,0.0,1.0
38.6247456073761,0.0,1.0
38.635252475738525,0.0,1.0
38.63663578033447,0.0,1.0
38.63744640350342,0.0,1.0
38.64469766616821,0.0,1.0
38.64698839187622,0.0,1.0
38.65546298027039,0.0,1.0
38.665446519851685,0.0,1.0
38.675697803497314,0.0,1.0
38.67625260353088,0.0,1.0
38.68086862564087,0.0,1.0
38.6928346157074,0.0,1.0
38.70044660568237,0.0,1.0
38.70198893547058,0.0,1.0
38.70525240898132,0.0,1.0
38.71469759941101,0.0,1.0
38.7189085483551,0.0,1.0
38.72801399230957,0.0,1.0
38.72844409942627,0.0,1.0
38.7383177280426,0.0,1.0
38.74024963378906,0.0,1.0
38.75069761276245,0.0,1.0
38.75758504867554,0.0,1.0
38.76544404029846,0.0,1.0
38.76572918891907,0.0,1.0
38.771697759628296,0.0,1.0
38.77346086502075,0.0,1.0
38.77524971961975,0.0,1.0
38.77986288070679,0.0,1.0
38.79388427734375,0.0,1.0
38.79844403266907,0.0,1.0
38.80504727363586,0.0,1.0
38.806697607040405,0.0,1.0
38.81224966049194,0.0,1.0
38.81614851951599,0.0,1.0
38.82455492019653,0.0,1.0
38.82644248008728,0.0,1.0
38.83601975440979,0.0,1.0
38.83925008773804,0.0,1.0
38.84270191192627,0.0,1.0
38.8459894657135,0.0,1.0
38.85824418067932,0.0,1.0
38.867010831832886,0.0,1.0
38.86944246292114,0.0,1.0
38.87070178985596,0.0,1.0
38.87424993515015,0.0,1.0
38.88329243659973,0.0,1.0
38.89482164382935,0.0,1.0
38.89525008201599,0.0,1.0
38.89644241333008,0.0,1.0
38.904643535614014,0.0,1.0
38.90770173072815,0.0,1.0
38.9124436378479,0.0,1.0
38.92252016067505,0.0,1.0
38.92644000053406,0.0,1.0
38.93145513534546,0.0,1.0
38.93724989891052,0.0,1.0
38.94070267677307,0.0,1.0
38.94589066505432,0.0,1.0
38.948678731918335,0.0,1.0
38.95444011688232,0.0,1.0
38.96252965927124,0.0,1.0
38.96624684333801,0.0,1.0
38.97570252418518,0.0,1.0
38.98134422302246,0.0,1.0
38.99094891548157,0.0,1.0
38.99658226966858,0.0,1.0
38.99944019317627,0.0,1.0
39.00824689865112,0.0,1.0
39.01063561439514,0.0,1.0
39.010924100875854,0.0,1.0
39.01170253753662,0.0,1.0
39.02543759346008,0.0,1.0
39.02822232246399,0.0,1.0
39.03155970573425,0.0,1.0
39.03520107269287,0.0,1.0
39.03624439239502,0.0,1.0
39.0407018661499,0.0,1.0
39.05093312263489,0.0,1.0
39.06524443626404,0.0,1.0
39.06631135940552,0.0,1.0
39.06643748283386,0.0,1.0
39.07670187950134,0.0,1.0
39.07947778701782,0.0,1.0
39.08477187156677,0.0,1.0
39.09543752670288,0.0,1.0
39.09560799598694,0.0,1.0
39.10724401473999,0.0,1.0
39.1107017993927,0.0,1.0
39.11517000198364,0.0,1.0
39.12447571754456,0.0,1.0
39.12943243980408,0.0,1.0
39.135244607925415,0.0,1.0
39.13524627685547,0.0,1.0
39.14070105552673,0.0,1.0
39.15147662162781,0.0,1.0
39.15807390213013,0.0,1.0
39.164432525634766,0.0,1.0
39.17024254798889,0.0,1.0
39.17570114135742,0.0,1.0
39.17787909507752,0.0,1.0
39.178672075271606,0.0,1.0
39.19152855873108,0.0,1.0
39.19343256950378,0.0,1.0
39.20105004310608,0.0,1.0
39.20624256134033,0.0,1.0
39.20642781257629,0.0,1.0
39.212701082229614,0.0,1.0
39.22120428085327,0.0,1.0
39.22442841529846,0.0,1.0
39.23172068595886,0.0,1.0
39.23524045944214,0.0,1.0
39.24069905281067,0.0,1.0
39.24545073509216,0.0,1.0
39.25727844238281,0.0,1.0
39.26642870903015,0.0,1.0
39.274742603302,0.0,1.0
39.2762405872345,0.0,1.0
39.28369903564453,0.0,1.0
39.28387904167175,0.0,1.0
39.29483485221863,0.0,1.0
39.29642868041992,0.0,1.0
39.30524039268494,0.0,1.0
39.30989074707031,0.0,1.0
39.31169891357422,0.0,1.0
39.31603646278381,0.0,1.0
39.32442808151245,0.0,1.0
39.33190035820007,0.0,1.0
39.34023880958557,0.0,1.0
39.34070062637329,0.0,1.0
39.3446946144104,0.0,1.0
39.35296440124512,0.0,1.0
39.36118102073669,0.0,1.0
39.36442804336548,0.0,1.0
39.36823868751526,0.0,1.0
39.37449336051941,0.0,1.0
39.3757004737854,0.0,1.0
39.3827919960022,0.0,1.0
39.3934280872345,0.0,1.0
39.39635634422302,0.0,1.0
39.40540909767151,0.0,1.0
39.41223883628845,0.0,1.0
39.41270041465759,0.0,1.0
39.416197538375854,0.0,1.0
39.42757034301758,0.0,1.0
39.43562030792236,0.0,1.0
39.43642616271973,0.0,1.0
39.43923902511597,0.0,1.0
39.43969774246216,0.0,1.0
39.44403719902039,0.0,1.0
39.45281767845154,0.0,1.0
39.462488412857056,0.0,1.0
39.465426206588745,0.0,1.0
39.47423815727234,0.0,1.0
39.48169779777527,0.0,1.0
39.48432874679565,0.0,1.0
39.49523830413818,0.0,1.0
39.50042605400085,0.0,1.0
39.504122734069824,0.0,1.0
39.50969767570496,0.0,1.0
39.512667417526245,0.0,1.0
39.52842402458191,0.0,1.0
39.53025555610657,0.0,1.0
39.5372371673584,0.0,1.0
39.54150462150574,0.0,1.0
39.544697284698486,0.0,1.0
39.55190205574036,0.0,1.0
39.5564239025116,0.0,1.0
39.56169819831848,0.0,1.0
39.56623721122742,0.0,1.0
39.5781729221344,0.0,1.0
39.58169722557068,0.0,1.0
39.58494520187378,0.0,1.0
39.59842395782471,0.0,1.0
39.60020160675049,0.0,1.0
39.60169720649719,0.0,1.0
39.60823726654053,0.0,1.0
39.61136722564697,0.0,1.0
39.62890839576721,0.0,1.0
39.62942361831665,0.0,1.0
39.63056302070618,0.0,1.0
39.64241003990173,0.0,1.0
39.64469647407532,0.0,1.0
39.645232915878296,0.0,1.0
39.66542339324951,0.0,1.0
39.66623282432556,0.0,1.0
39.667558431625366,0.0,1.0
39.67169642448425,0.0,1.0
39.68050026893616,0.0,1.0
39.68379497528076,0.0,1.0
39.69432592391968,0.0,1.0
39.698659896850586,0.0,1.0
39.69942355155945,0.0,1.0
39.70069646835327,0.0,1.0
39.709232807159424,0.0,1.0
39.71159219741821,0.0,1.0
39.72264099121094,0.0,1.0
39.72742319107056,0.0,1.0
39.73723292350769,0.0,1.0
39.741698026657104,0.0,1.0
39.743597745895386,0.0,1.0
39.75797080993652,0.0,1.0
39.76622915267944,0.0,1.0
39.76769661903381,0.0,1.0
39.76969790458679,0.0,1.0
39.77042317390442,0.0,1.0
39.78612518310547,0.0,1.0
39.793389320373535,0.0,1.0
39.798423290252686,0.0,1.0
39.8064022064209,0.0,1.0
39.80822920799256,0.0,1.0
39.81169819831848,0.0,1.0
39.81948471069336,0.0,1.0
39.823691606521606,0.0,1.0
39.83542060852051,0.0,1.0
39.83969831466675,0.0,1.0
39.84073066711426,0.0,1.0
39.845227003097534,0.0,1.0
39.8545618057251,0.0,1.0
39.85642075538635,0.0,1.0
39.85701370239258,0.0,1.0
39.86722660064697,0.0,1.0
39.87405204772949,0.0,1.0
39.87469816207886,0.0,1.0
39.87695574760437,0.0,1.0
39.89154648780823,0.0,1.0
39.89522671699524,0.0,1.0
39.899420738220215,0.0,1.0
39.90281820297241,0.0,1.0
39.91005349159241,0.0,1.0
39.9106981754303,0.0,1.0
39.91824555397034,0.0,1.0
39.92905569076538,0.0,1.0
39.93341898918152,0.0,1.0
39.93722701072693,0.0,1.0
39.93930721282959,0.0,1.0
39.9446964263916,0.0,1.0
39.95082354545593,0.0,1.0
39.95496773719788,0.0,1.0
39.96207523345947,0.0,1.0
39.96441888809204,0.0,1.0
39.966225147247314,0.0,1.0
39.97469639778137,0.0,1.0
39.9770576953888,0.0,1.0
39.989311933517456,0.0,1.0
39.99857354164124,0.0,1.0
39.99941897392273,0.0,1.0
40.00069642066956,0.0,1.0
40.00266480445862,0.0,1.0
40.008225202560425,0.0,1.0
40.01176166534424,0.0,1.0
40.02160811424256,0.0,1.0
40.02841281890869,0.0,1.0
40.03444004058838,0.0,1.0
40.03622317314148,0.0,1.0
40.03937482833862,0.0,1.0
40.045294523239136,0.0,1.0
40.04969120025635,0.0,1.0
40.055413007736206,0.0,1.0
40.05598640441895,0.0,1.0
40.0652232170105,0.0,1.0
40.0660126209259,0.0,1.0
40.07069110870361,0.0,1.0
40.0708920955658,0.0,1.0
40.085609674453735,0.0,1.0
40.090076208114624,0.0,1.0
40.10001230239868,0.0,1.0
40.10041284561157,0.0,1.0
40.101691007614136,0.0,1.0
40.1055109500885,0.0,1.0
40.10722303390503,0.0,1.0
40.12088227272034,0.0,1.0
40.13476204872131,0.0,1.0
40.135223150253296,0.0,1.0
40.13541102409363,0.0,1.0
40.143691062927246,0.0,1.0
40.14465022087097,0.0,1.0
40.15395164489746,0.0,1.0
40.15641069412232,0.0,1.0
40.16900444030762,0.0,1.0
40.17413759231568,0.0,1.0
40.17568016052246,0.0,1.0
40.17722177505493,0.0,1.0
40.18229126930237,0.0,1.0
40.194806814193726,0.0,1.0
40.19941067695618,0.0,1.0
40.19954133033752,0.0,1.0
40.20622181892395,0.0,1.0
40.20968008041382,0.0,1.0
40.21362447738648,0.0,1.0
40.226407289505005,0.0,1.0
40.23422193527222,0.0,1.0
40.2378613948822,0.0,1.0
40.23968029022217,0.0,1.0
40.25076246261597,0.0,1.0
40.260515213012695,0.0,1.0
40.26840734481812,0.0,1.0
40.27440333366394,0.0,1.0
40.27468061447144,0.0,1.0
40.27622032165527,0.0,1.0
40.28036975860596,0.0,1.0
40.29346299171448,0.0,1.0
40.297407388687134,0.0,1.0
40.30522060394287,0.0,1.0
40.30762839317322,0.0,1.0
40.31168031692505,0.0,1.0
40.31795287132263,0.0,1.0
40.32655644416809,0.0,1.0
40.328404664993286,0.0,1.0
40.336658000946045,0.0,1.0
40.3402202129364,0.0,1.0
40.34467959403992,0.0,1.0
40.34884643554688,0.0,1.0
40.35660719871521,0.0,1.0
40.36440443992615,0.0,1.0
40.37521839141846,0.0,1.0
40.37967991828919,0.0,1.0
40.38101959228516,0.0,1.0
40.39027619361877,0.0,1.0
40.393404483795166,0.0,1.0
40.40067982673645,0.0,1.0
40.40093159675598,0.0,1.0
40.41095280647278,0.0,1.0
40.4112184047699,0.0,1.0
40.4209680557251,0.0,1.0
40.42840337753296,0.0,1.0
40.44268202781677,0.0,1.0
40.44366502761841,0.0,1.0
40.44621467590332,0.0,1.0
40.45301961898804,0.0,1.0
40.4574031829834,0.0,1.0
40.47068214416504,0.0,1.0
40.47521471977234,0.0,1.0
40.48737359046936,0.0,1.0
40.49499440193176,0.0,1.0
40.497403383255005,0.0,1.0
40.5090708732605,0.0,1.0
40.50921440124512,0.0,1.0
40.51468205451965,0.0,1.0
40.52640128135681,0.0,1.0
40.53394842147827,0.0,1.0
40.53721475601196,0.0,1.0
40.5426812171936,0.0,1.0
40.54782319068909,0.0,1.0
40.56304359436035,0.0,1.0
40.56440114974976,0.0,1.0
40.56621551513672,0.0,1.0
40.57168126106262,0.0,1.0
40.57424592971802,0.0,1.0
40.58699154853821,0.0,1.0
40.59940123558045,0.0,1.0
40.60368132591248,0.0,1.0
40.60821533203125,0.0,1.0
40.62055635452271,0.0,1.0
40.62708687782288,0.0,1.0
40.628398418426514,0.0,1.0
40.63621520996094,0.0,1.0
40.6415810585022,0.0,1.0
40.64468002319336,0.0,1.0
40.65019416809082,0.0,1.0
40.65856599807739,0.0,1.0
40.66442084312439,0.0,1.0
40.66521382331848,0.0,1.0
40.66739869117737,0.0,1.0
40.672680139541626,0.0,1.0
40.677470445632935,0.0,1.0
40.694398403167725,0.0,1.0
40.70068001747131,0.0,1.0
40.70215940475464,0.0,1.0
40.70721387863159,0.0,1.0
40.714961767196655,0.0,1.0
40.728917598724365,0.0,1.0
40.7303957939148,0.0,1.0
40.73521375656128,0.0,1.0
40.74267935752869,0.0,1.0
40.74576020240784,0.0,1.0
40.764984130859375,0.0,1.0
40.76539587974548,0.0,1.0
40.767738580703735,0.0,1.0
40.77721381187439,0.0,1.0
40.78067922592163,0.0,1.0
40.78621220588684,0.0,1.0
40.792243242263794,0.0,1.0
40.79904055595398,0.0,1.0
40.80039620399475,0.0,1.0
40.80067920684815,0.0,1.0
40.80621361732483,0.0,1.0
40.81272292137146,0.0,1.0
40.828224420547485,0.0,1.0
40.83521366119385,0.0,1.0
40.8360743522644,0.0,1.0
40.836390018463135,0.0,1.0
40.84248614311218,0.0,1.0
40.843679428100586,0.0,1.0
40.85728359222412,0.0,1.0
40.86438989639282,0.0,1.0
40.86460089683533,0.0,1.0
40.87067937850952,0.0,1.0
40.87621450424194,0.0,1.0
40.88476324081421,0.0,1.0
40.89820528030396,0.0,1.0
40.90038990974426,0.0,1.0
40.90521430969238,0.0,1.0
40.91267919540405,0.0,1.0
40.91487669944763,0.0,1.0
40.932121992111206,0.0,1.0
40.93438839912415,0.0,1.0
40.94021439552307,0.0,1.0
40.94067883491516,0.0,1.0
40.94564461708069,0.0,1.0
40.95592164993286,0.0,1.0
40.95633387565613,0.0,1.0
40.965389013290405,0.0,1.0
40.9682137966156,0.0,1.0
40.97567868232727,0.0,1.0
40.98110508918762,0.0,1.0
40.98838901519776,0.0,1.0
40.98969697952271,0.0,1.0
40.99621391296387,0.0,1.0
41.00283408164978,0.0,1.0
41.01067900657654,0.0,1.0
41.02235388755798,0.0,1.0
41.03181099891663,0.0,1.0
41.03638315200806,0.0,1.0
41.03921222686768,0.0,1.0
41.04567909240723,0.0,1.0
41.055260181427,0.0,1.0
41.065382957458496,0.0,1.0
41.06625175476074,0.0,1.0
41.073678970336914,0.0,1.0
41.074212074279785,0.0,1.0
41.0799024105072,0.0,1.0
41.09938311576843,0.0,1.0
41.1056113243103,0.0,1.0
41.10921216011048,0.0,1.0
41.110679149627686,0.0,1.0
41.11484050750733,0.0,1.0
41.12932991981506,0.0,1.0
41.1293830871582,0.0,1.0
41.13670992851257,0.0,1.0
41.14521217346192,0.0,1.0
41.14568138122559,0.0,1.0
41.147578954696655,0.0,1.0
41.15484571456909,0.0,1.0
41.16258692741394,0.0,1.0
41.16438293457031,0.0,1.0
41.16621208190918,0.0,1.0
41.18168139457703,0.0,1.0
41.189106941223145,0.0,1.0
41.19933319091797,0.0,1.0
41.20138311386109,0.0,1.0
41.20168137550354,0.0,1.0
41.20582914352417,0.0,1.0
41.20821213722229,0.0,1.0
41.2195041179657,0.0,1.0
41.22837972640991,0.0,1.0
41.23621201515198,0.0,1.0
41.24115872383118,0.0,1.0
41.241782426834106,0.0,1.0
41.244680404663086,0.0,1.0
41.25412726402283,0.0,1.0
41.25737977027893,0.0,1.0
41.26348805427551,0.0,1.0
41.26521062850952,0.0,1.0
41.27268052101135,0.0,1.0
41.27547454833984,0.0,1.0
41.28674006462097,0.0,1.0
41.29937982559204,0.0,1.0
41.30168056488037,0.0,1.0
41.302746534347534,0.0,1.0
41.30821061134338,0.0,1.0
41.32694721221924,0.0,1.0
41.32937860488892,0.0,1.0
41.333690881729126,0.0,1.0
41.33721041679382,0.0,1.0
41.3422212600708,0.0,1.0
41.34268021583557,0.0,1.0
41.351120471954346,0.0,1.0
41.36537861824036,0.0,1.0
41.36620903015137,0.0,1.0
41.36623883247376,0.0,1.0
41.37168025970459,0.0,1.0
41.37789559364319,0.0,1.0
41.38120222091675,0.0,1.0
41.38991594314575,0.0,1.0
41.40037846565247,0.0,1.0
41.40705418586731,0.0,1.0
41.40720891952515,0.0,1.0
41.40798735618591,0.0,1.0
41.4136803150177,0.0,1.0
41.42749214172363,0.0,1.0
41.42837381362915,0.0,1.0
41.43520903587341,0.0,1.0
41.44168019294739,0.0,1.0
41.448753118515015,0.0,1.0
41.45637392997742,0.0,1.0
41.458712339401245,0.0,1.0
41.46674466133118,0.0,1.0
41.47121000289917,0.0,1.0
41.47168016433716,0.0,1.0
41.473634004592896,0.0,1.0
41.4891037940979,0.0,1.0
41.49937391281128,0.0,1.0
41.50072884559631,0.0,1.0
41.50721001625061,0.0,1.0
41.51368021965027,0.0,1.0
41.514426946640015,0.0,1.0
41.52737212181091,0.0,1.0
41.52751231193543,0.0,1.0
41.53721022605896,0.0,1.0
41.5416784286499,0.0,1.0
41.54568290710449,0.0,1.0
41.5474898815155,0.0,1.0
41.5585196018219,0.0,1.0
41.56537199020386,0.0,1.0
41.56620621681213,0.0,1.0
41.57667851448059,0.0,1.0
41.58115339279175,0.0,1.0
41.58518409729004,0.0,1.0
41.58737206459045,0.0,1.0
41.5889265537262,0.0,1.0
41.60060167312622,0.0,1.0
41.60820627212525,0.0,1.0
41.61063981056213,0.0,1.0
41.61167860031128,0.0,1.0
41.62066602706909,0.0,1.0
41.63118195533752,0.0,1.0
41.63620448112488,0.0,1.0
41.63637518882752,0.0,1.0
41.64235639572144,0.0,1.0
41.64668273925781,0.0,1.0
41.65026021003723,0.0,1.0
41.65637516975403,0.0,1.0
41.66051530838013,0.0,1.0
41.6652045249939,0.0,1.0
41.67027401924133,0.0,1.0
41.6746826171875,0.0,1.0
41.67764449119568,0.0,1.0
41.683748960495,0.0,1.0
41.69109654426575,0.0,1.0
41.69937515258789,0.0,1.0
41.70442819595337,0.0,1.0
41.70720434188843,0.0,1.0
41.71168255805969,0.0,1.0
41.713496923446655,0.0,1.0
41.73102807998657,0.0,1.0
41.73437428474426,0.0,1.0
41.73520302772522,0.0,1.0
41.736207008361816,0.0,1.0
41.7446825504303,0.0,1.0
41.74906849861145,0.0,1.0
41.75517892837525,0.0,1.0
41.76348400115967,0.0,1.0
41.764374017715454,0.0,1.0
41.77224040031433,0.0,1.0
41.7756826877594,0.0,1.0
41.77720284461975,0.0,1.0
41.79737401008606,0.0,1.0
41.80620288848877,0.0,1.0
41.80922603607178,0.0,1.0
41.80968260765076,0.0,1.0
41.82637333869934,0.0,1.0
41.827468395233154,0.0,1.0
41.83520007133484,0.0,1.0
41.84668302536011,0.0,1.0
41.8691999912262,0.0,1.0
41.8693733215332,0.0,1.0
41.87268280982971,0.0,1.0
41.89637327194214,0.0,1.0
41.90520000457764,0.0,1.0
41.91468286514282,0.0,1.0
41.92396259307861,0.0,1.0
41.9263699054718,0.0,1.0
41.931904554367065,0.0,1.0
41.94019865989685,0.0,1.0
41.94368100166321,0.0,1.0
41.95644426345825,0.0,1.0
41.96837019920349,0.0,1.0
41.971599817276,0.0,1.0
41.97168111801148,0.0,1.0
41.97519850730896,0.0,1.0
41.9805862903595,0.0,1.0
41.98962807655335,0.0,1.0
41.99737000465393,0.0,1.0
41.99873161315918,0.0,1.0
42.00068116188049,0.0,1.0
42.0111985206604,0.0,1.0
42.015361070632935,0.0,1.0
42.02511811256409,0.0,1.0
42.025368213653564,0.0,1.0
42.03415632247925,0.0,1.0
42.03919696807861,0.0,1.0
42.042680501937866,0.0,1.0
42.04967451095581,0.0,1.0
42.06035780906677,0.0,1.0
42.061368227005005,0.0,1.0
42.06719708442688,0.0,1.0
42.07993626594544,0.0,1.0
42.08068060874939,0.0,1.0
42.08879613876343,0.0,1.0
42.09519696235657,0.0,1.0
42.09636831283569,0.0,1.0
42.1006805896759,0.0,1.0
42.10208988189697,0.0,1.0
42.11870050430298,0.0,1.0
42.12536430358887,0.0,1.0
42.13494181632996,0.0,1.0
42.13919639587402,0.0,1.0
42.14268040657044,0.0,1.0
42.15024614334106,0.0,1.0
42.15911650657654,0.0,1.0
42.166364431381226,0.0,1.0
42.16719675064087,0.0,1.0
42.17032432556152,0.0,1.0
42.17068028450012,0.0,1.0
42.18845009803772,0.0,1.0
42.19436430931091,0.0,1.0
42.19848394393921,0.0,1.0
42.19968032836914,0.0,1.0
42.20919680595398,0.0,1.0
42.21207904815674,0.0,1.0
42.22232604026794,0.0,1.0
42.23036289215088,0.0,1.0
42.231608152389526,0.0,1.0
42.23719239234924,0.0,1.0
42.24067854881287,0.0,1.0
42.24384546279907,0.0,1.0
42.25763320922852,0.0,1.0
42.26405286788941,0.0,1.0
42.26536273956299,0.0,1.0
42.26619243621826,0.0,1.0
42.266865491867065,0.0,1.0
42.2807502746582,0.0,1.0
42.28367853164673,0.0,1.0
42.28929901123047,0.0,1.0
42.29536271095276,0.0,1.0
42.29803967475891,0.0,1.0
42.30819249153137,0.0,1.0
42.308406591415405,0.0,1.0
42.310678482055664,0.0,1.0
42.32654690742493,0.0,1.0
42.33535933494568,0.0,1.0
42.33619260787964,0.0,1.0
42.34523916244507,0.0,1.0
42.34567761421204,0.0,1.0
42.35566520690918,0.0,1.0
42.361751079559326,0.0,1.0
42.36535930633545,0.0,1.0
42.37119174003601,0.0,1.0
42.375664710998535,0.0,1.0
42.38067746162415,0.0,1.0
42.38847517967224,0.0,1.0
42.39435935020447,0.0,1.0
42.40167760848999,0.0,1.0
42.401729345321655,0.0,1.0
42.4061918258667,0.0,1.0
42.42435932159424,0.0,1.0
42.42514133453369,0.0,1.0
42.43418717384338,0.0,1.0
42.443674087524414,0.0,1.0
42.443944215774536,0.0,1.0
42.4528591632843,0.0,1.0
42.462177753448486,0.0,1.0
42.46635913848877,0.0,1.0
42.47167420387268,0.0,1.0
42.476187229156494,0.0,1.0
42.486127614974976,0.0,1.0
42.49635934829712,0.0,1.0
42.50518727302551,0.0,1.0
42.50712895393372,0.0,1.0
42.51367402076721,0.0,1.0
42.51870560646057,0.0,1.0
42.52435779571533,0.0,1.0
42.52886295318604,0.0,1.0
42.53509521484375,0.0,1.0
42.5401873588562,0.0,1.0
42.54167318344116,0.0,1.0
42.54383802413941,0.0,1.0
42.55722403526306,0.0,1.0
42.56832790374756,0.0,1.0
42.568357706069946,0.0,1.0
42.57518815994263,0.0,1.0
42.57667326927185,0.0,1.0
42.583234548568726,0.0,1.0
42.59535765647888,0.0,1.0
42.597832679748535,0.0,1.0
42.60595154762268,0.0,1.0
42.60912322998047,0.0,1.0
42.61118793487549,0.0,1.0
42.61367321014404,0.0,1.0
42.624356508255005,0.0,1.0
42.63352799415589,0.0,1.0
42.63918805122376,0.0,1.0
42.6448061466217,0.0,1.0
42.64667272567749,0.0,1.0
42.65816020965576,0.0,1.0
42.66269445419312,0.0,1.0
42.666356325149536,0.0,1.0
42.67467260360718,0.0,1.0
42.67518591880798,0.0,1.0
42.67553329467773,0.0,1.0
42.68435430526733,0.0,1.0
42.692931175231934,0.0,1.0
42.69735646247864,0.0,1.0
42.70310354232788,0.0,1.0
42.70918607711792,0.0,1.0
42.71067261695862,0.0,1.0
42.71853542327881,0.0,1.0
42.72695851325989,0.0,1.0
42.73035430908203,0.0,1.0
42.73718595504761,0.0,1.0
42.73872041702271,0.0,1.0
42.74567222595215,0.0,1.0
42.74641680717468,0.0,1.0
42.75460171699524,0.0,1.0
42.76355576515198,0.0,1.0
42.76535439491272,0.0,1.0
42.7661828994751,0.0,1.0
42.77268123626709,0.0,1.0
42.78167200088501,0.0,1.0
42.78886580467224,0.0,1.0
42.79915142059326,0.0,1.0
42.80035448074341,0.0,1.0
42.80818295478821,0.0,1.0
42.81067180633545,0.0,1.0
42.81549072265625,0.0,1.0
42.82524394989014,0.0,1.0
42.82935333251953,0.0,1.0
42.83421039581299,0.0,1.0
42.83618092536926,0.0,1.0
42.846675395965576,0.0,1.0
42.84879517555237,0.0,1.0
42.860403060913086,0.0,1.0
42.86518096923828,0.0,1.0
42.86535334587097,0.0,1.0
42.87227821350098,0.0,1.0
42.87467551231384,0.0,1.0
42.87666320800781,0.0,1.0
42.88690972328186,0.0,1.0
42.89535331726074,0.0,1.0
42.897971391677856,0.0,1.0
42.90718102455139,0.0,1.0
42.91067552566528,0.0,1.0
42.91463232040405,0.0,1.0
42.92188787460327,0.0,1.0
42.93035101890564,0.0,1.0
42.93146300315857,0.0,1.0
42.93618083000183,0.0,1.0
42.94467759132385,0.0,1.0
42.94492173194885,0.0,1.0
42.9546902179718,0.0,1.0
42.95895314216614,0.0,1.0
42.96635103225708,0.0,1.0
42.96692681312561,0.0,1.0
42.97017884254456,0.0,1.0
42.97367763519287,0.0,1.0
42.98283839225769,0.0,1.0
42.99163007736206,0.0,1.0
42.9953510761261,0.0,1.0
43.00067782402039,0.0,1.0
43.00308561325073,0.0,1.0
43.00717902183533,0.0,1.0
43.01889228820801,0.0,1.0
43.023348808288574,0.0,1.0
43.03034281730652,0.0,1.0
43.035178899765015,0.0,1.0
43.03716039657593,0.0,1.0
43.04567670822144,0.0,1.0
43.04771780967712,0.0,1.0
43.05523061752319,0.0,1.0
43.065348863601685,0.0,1.0
43.0670976638794,0.0,1.0
43.07017159461975,0.0,1.0
43.07090759277344,0.0,1.0
43.07267642021179,0.0,1.0
43.08134293556213,0.0,1.0
43.08956599235535,0.0,1.0
43.09434866905213,0.0,1.0
43.10167670249939,0.0,1.0
43.104904890060425,0.0,1.0
43.1071720123291,0.0,1.0
43.11268639564514,0.0,1.0
43.12466239929199,0.0,1.0
43.12934422492981,0.0,1.0
43.13041400909424,0.0,1.0
43.14117193222046,0.0,1.0
43.14267683029175,0.0,1.0
43.14606976509094,0.0,1.0
43.16434359550476,0.0,1.0
43.16509652137756,0.0,1.0
43.16848802566528,0.0,1.0
43.17067670822144,0.0,1.0
43.176169872283936,0.0,1.0
43.18182587623596,0.0,1.0
43.193915128707886,0.0,1.0
43.1971697807312,0.0,1.0
43.2003436088562,0.0,1.0
43.201256275177,0.0,1.0
43.21016573905945,0.0,1.0
43.2136766910553,0.0,1.0
43.22692131996155,0.0,1.0
43.22834229469299,0.0,1.0
43.23916959762573,0.0,1.0
43.241678953170776,0.0,1.0
43.247153520584106,0.0,1.0
43.25396752357483,0.0,1.0
43.25634241104126,0.0,1.0
43.25695753097534,0.0,1.0
43.26758360862732,0.0,1.0
43.2706789970398,0.0,1.0
43.2761697769165,0.0,1.0
43.29130244255066,0.0,1.0
43.29716992378235,0.0,1.0
43.29787540435791,0.0,1.0
43.29934239387512,0.0,1.0
43.30560302734375,0.0,1.0
43.31167912483215,0.0,1.0
43.313913106918335,0.0,1.0
43.32733988761902,0.0,1.0
43.32812690734863,0.0,1.0
43.33477020263672,0.0,1.0
43.34016799926758,0.0,1.0
43.34268546104431,0.0,1.0
43.349616050720215,0.0,1.0
43.36513233184815,0.0,1.0
43.3683397769928,0.0,1.0
43.37138843536377,0.0,1.0
43.37568521499634,0.0,1.0
43.37616801261902,0.0,1.0
43.381595611572266,0.0,1.0
43.39633989334106,0.0,1.0
43.39716815948486,0.0,1.0
43.39723777770996,0.0,1.0
43.406771659851074,0.0,1.0
43.41168546676636,0.0,1.0
43.4263379573822,0.0,1.0
43.43287086486816,0.0,1.0
43.43371057510376,0.0,1.0
43.44016742706299,0.0,1.0
43.44068479537964,0.0,1.0
43.45001292228699,0.0,1.0
43.46242475509644,0.0,1.0
43.469337940216064,0.0,1.0
43.46942067146301,0.0,1.0
43.47616720199585,0.0,1.0
43.4766845703125,0.0,1.0
43.48505353927612,0.0,1.0
43.496337890625,0.0,1.0
43.49979567527771,0.0,1.0
43.51068472862244,0.0,1.0
43.51116728782654,0.0,1.0
43.51848793029785,0.0,1.0
43.525339126586914,0.0,1.0
43.529847860336304,0.0,1.0
43.54016733169556,0.0,1.0
43.54107999801636,0.0,1.0
43.54668641090393,0.0,1.0
43.54672455787659,0.0,1.0
43.55095720291138,0.0,1.0
43.56633901596069,0.0,1.0
43.56856107711792,0.0,1.0
43.569536209106445,0.0,1.0
43.5746865272522,0.0,1.0
43.57716536521912,0.0,1.0
43.582085371017456,0.0,1.0
43.59123325347901,0.0,1.0
43.59433913230896,0.0,1.0
43.603686571121216,0.0,1.0
43.60611605644226,0.0,1.0
43.60616517066956,0.0,1.0
43.6064658164978,0.0,1.0
43.61622595787048,0.0,1.0
43.626596450805664,0.0,1.0
43.629337787628174,0.0,1.0
43.635165214538574,0.0,1.0
43.63533139228821,0.0,1.0
43.64368462562561,0.0,1.0
43.64990258216858,0.0,1.0
43.659586668014526,0.0,1.0
43.666337728500366,0.0,1.0
43.67016553878784,0.0,1.0
43.6716845035553,0.0,1.0
43.67455244064331,0.0,1.0
43.6812584400177,0.0,1.0
43.69482707977295,0.0,1.0
43.695337772369385,0.0,1.0
43.707165479660034,0.0,1.0
43.71468448638916,0.0,1.0
43.71891498565674,0.0,1.0
43.7201042175293,0.0,1.0
43.7303364276886,0.0,1.0
43.74116539955139,0.0,1.0
43.74161410331726,0.0,1.0
43.74268341064453,0.0,1.0
43.75190401077271,0.0,1.0
43.76533651351929,0.0,1.0
43.76620244979858,0.0,1.0
43.769163370132446,0.0,1.0
43.77696228027344,0.0,1.0
43.780683517456055,0.0,1.0
43.783385038375854,0.0,1.0
43.7902672290802,0.0,1.0
43.79433655738831,0.0,1.0
43.80068349838257,0.0,1.0
43.80956768989563,0.0,1.0
43.81116342544556,0.0,1.0
43.821502923965454,0.0,1.0
43.82933163642883,0.0,1.0
43.83412456512451,0.0,1.0
43.84016132354736,0.0,1.0
43.843682527542114,0.0,1.0
43.85911297798157,0.0,1.0
43.86733150482178,0.0,1.0
43.86816120147705,0.0,1.0
43.8716824054718,0.0,1.0
43.8724684715271,0.0,1.0
43.8965482711792,0.0,1.0
43.90033149719238,0.0,1.0
43.900859355926514,0.0,1.0
43.90665531158447,0.0,1.0
43.91016149520874,0.0,1.0
43.915682554245,0.0,1.0
43.92010164260864,0.0,1.0
43.92294502258301,0.0,1.0
43.92833065986633,0.0,1.0
43.93246507644653,0.0,1.0
43.94016003608704,0.0,1.0
43.94268202781677,0.0,1.0
43.944518089294434,0.0,1.0
43.95633053779602,0.0,1.0
43.95663404464722,0.0,1.0
43.9647912979126,0.0,1.0
43.9681601524353,0.0,1.0
43.970242977142334,0.0,1.0
43.97168207168579,0.0,1.0
43.98164105415344,0.0,1.0
43.99395728111267,0.0,1.0
43.99616003036499,0.0,1.0
43.99933052062988,0.0,1.0
44.00083208084106,0.0,1.0
44.01015090942383,0.0,1.0
44.01268219947815,0.0,1.0
44.0224232673645,0.0,1.0
44.02662539482117,0.0,1.0
44.02732563018799,0.0,1.0
44.038158893585205,0.0,1.0
44.03896355628967,0.0,1.0
44.0406801700592,0.0,1.0
44.05063843727112,0.0,1.0
44.06077337265015,0.0,1.0
44.067158937454224,0.0,1.0
44.06906580924988,0.0,1.0
44.0693256855011,0.0,1.0
44.0776801109314,0.0,1.0
44.09038829803467,0.0,1.0
44.09572720527649,0.0,1.0
44.097325801849365,0.0,1.0
44.09898090362549,0.0,1.0
44.110158920288086,0.0,1.0
44.11062049865723,0.0,1.0
44.110680103302,0.0,1.0
44.12632393836975,0.0,1.0
44.126788854599,0.0,1.0
44.13566255569458,0.0,1.0
44.139158964157104,0.0,1.0
44.14520120620728,0.0,1.0
44.14567971229553,0.0,1.0
44.15572786331177,0.0,1.0
44.16132402420044,0.0,1.0
44.16716074943543,0.0,1.0
44.17581844329834,0.0,1.0
44.18167972564697,0.0,1.0
44.1864070892334,0.0,1.0
44.194448947906494,0.0,1.0
44.19616055488586,0.0,1.0
44.1973237991333,0.0,1.0
44.201679706573486,0.0,1.0
44.206987380981445,0.0,1.0
44.219244956970215,0.0,1.0
44.2197003364563,0.0,1.0
44.22532176971436,0.0,1.0
44.23058652877808,0.0,1.0
44.238160610198975,0.0,1.0
44.238525390625,0.0,1.0
44.24467897415161,0.0,1.0
44.246899366378784,0.0,1.0
44.25972580909729,0.0,1.0
44.2661566734314,0.0,1.0
44.26832175254822,0.0,1.0
44.270920276641846,0.0,1.0
44.27267909049988,0.0,1.0
44.28365993499756,0.0,1.0
44.289206981658936,0.0,1.0
44.29632186889648,0.0,1.0
44.299718618392944,0.0,1.0
44.3016791343689,0.0,1.0
44.30915641784668,0.0,1.0
44.31325101852417,0.0,1.0
44.32532000541687,0.0,1.0
44.32539296150208,0.0,1.0
44.33627891540527,0.4,0.6
44.33715462684631,0.4,0.6
44.34467935562134,0.4,0.6
44.34495496749878,0.3,0.7
44.35871171951294,0.3,0.7
44.365320444107056,0.3,0.7
44.36615443229675,0.3,0.7
44.37080764770508,0.3,0.7
44.37267923355103,0.3,0.7
44.38049554824829,0.3,0.7
44.40132021903992,0.3,0.7
44.40815448760986,0.3,0.7
44.41056275367737,0.3,0.7
44.41067934036255,0.3,0.7
44.42165780067444,0.3,0.7
44.428316831588745,0.3,0.7
44.43109226226807,0.3,0.7
44.43615460395813,0.3,0.7
44.44568061828613,0.3,0.7
44.46531701087952,0.3,0.7
44.4711503982544,0.3,0.7
44.47468042373657,0.3,0.7
44.49831700325012,0.3,0.7
44.50168061256409,0.3,0.7
44.50915050506592,0.3,0.7
44.526313066482544,0.3,0.7
44.53615045547485,0.3,0.7
44.53777289390564,0.3,0.7
44.543683767318726,0.3,0.7
44.547762393951416,0.3,0.7
44.55431318283081,0.3,0.7
44.56514692306519,0.3,0.7
44.5672550201416,0.3,0.7
44.57168364524841,0.3,0.7
44.5841748714447,0.3,0.7
44.59731316566467,0.3,0.7
44.60226321220398,0.3,0.7
44.6066837310791,0.3,0.7
44.60714673995972,0.3,0.7
44.61701369285584,0.3,0.7
44.626309633255005,0.3,0.7
44.62778115272522,0.3,0.7
44.63714551925659,0.3,0.7
44.6377968788147,0.3,0.7
44.64168524742127,0.3,0.7
44.645607471466064,0.3,0.7
44.65660810470581,0.3,0.7
44.667309522628784,0.3,0.7
44.6701455116272,0.3,0.7
44.67383408546448,0.3,0.7
44.676685094833374,0.3,0.7
44.68513607978821,0.3,0.7
44.69630980491638,0.3,0.7
44.696431159973145,0.3,0.7
44.70179629325867,0.3,0.7
44.70668530464173,0.3,0.7
44.70914554595947,0.3,0.7
44.71309161186218,0.3,0.7
44.71953868865967,0.3,0.7
44.72530722618103,0.3,0.7
44.73199439048767,0.3,0.7
44.73614549636841,0.3,0.7
44.74668502807617,0.3,0.7
44.74878454208374,0.3,0.7
44.759021520614624,0.3,0.7
44.766143798828125,0.3,0.7
44.76730728149414,0.3,0.7
44.77468490600586,0.3,0.7
44.77691102027893,0.3,0.7
44.77791213989258,0.3,0.7
44.78844380378723,0.3,0.7
44.79630732536316,0.3,0.7
44.80179762840271,0.3,0.7
44.80466938018799,0.3,0.7
44.807143688201904,0.3,0.7
44.81168484687805,0.3,0.7
44.82157349586487,0.3,0.7
44.82530212402344,0.3,0.7
44.83050489425659,0.3,0.7
44.83714365959168,0.3,0.7
44.84468603134155,0.3,0.7
44.84836912155152,0.3,0.7
44.85540533065796,0.3,0.7
44.8683021068573,0.3,0.7
44.87014269828797,0.3,0.7
44.87069392204285,0.3,0.7
44.87468600273132,0.3,0.7
44.882843017578125,0.3,0.7
44.89040732383728,0.3,0.7
44.89530205726624,0.3,0.7
44.90514302253723,0.3,0.7
44.90660834312439,0.3,0.7
44.91405200958252,0.3,0.7
44.91468620300293,0.3,0.7
44.93229961395264,0.3,0.7
44.93238282203674,0.3,0.7
44.94114279747009,0.3,0.7
44.94268560409546,0.3,0.7
44.94799900054932,0.3,0.7
44.95724272727966,0.3,0.7
44.96629977226257,0.3,0.7
44.96914052963257,0.3,0.7
44.96948456764221,0.3,0.7
44.98068571090698,0.3,0.7
44.98929977416992,0.3,0.7
45.00514054298401,0.3,0.7
45.0102756023407,0.3,0.7
45.01268577575684,0.3,0.7
45.02446460723877,0.4,0.6
45.03163814544678,0.4,0.6
45.0362982749939,0.4,0.6
45.03814053535461,0.4,0.6
45.04068565368652,0.4,0.6
45.045827865600586,0.4,0.6
45.0661358833313,0.4,0.6
45.06629800796509,0.4,0.6
45.06884551048279,0.4,0.6
45.081156730651855,0.4,0.6
45.08368754386902,0.4,0.6
45.091166973114014,0.4,0.6
45.094552993774414,0.4,0.6
45.095298290252686,0.4,0.6
45.10551762580872,0.4,0.6
45.10913586616516,0.4,0.6
45.110687494277954,0.4,0.6
45.11585021018982,0.4,0.6
45.12429714202881,0.4,0.6
45.12823176383972,0.4,0.6
45.13713312149048,0.4,0.6
45.14768600463867,0.4,0.6
45.1492714881897,0.4,0.6
45.15696382522583,0.4,0.6
45.16529703140259,0.4,0.6
45.17138075828552,0.4,0.6
45.17313289642334,0.4,0.6
45.18068599700928,0.4,0.6
45.18237209320069,0.4,0.6
45.19963622093201,0.4,0.6
45.20029711723328,0.4,0.6
45.20332741737366,0.6,0.4
45.20368599891663,0.6,0.4
45.206132888793945,0.6,0.4
45.22041296958923,0.6,0.4
45.22410249710083,0.7,0.3
45.2282931804657,0.7,0.3
45.22951793670654,0.7,0.3
45.24112820625305,0.7,0.3
45.24469041824341,0.7,0.3
45.24629235267639,0.7,0.3
45.25480008125305,0.7,0.3
45.26306867599487,0.7,0.3
45.26529312133789,0.7,0.3
45.26823401451111,0.7,0.3
45.26912760734558,0.7,0.3
45.27269053459168,0.7,0.3
45.27472615242005,0.7,0.3
45.29196572303772,0.7,0.3
45.298293113708496,0.7,0.3
45.30069041252136,0.7,0.3
45.3043258190155,0.7,0.3
45.30512762069702,0.7,0.3
45.32629179954529,0.7,0.3
45.32916021347046,0.7,0.3
45.34091806411743,0.7,0.3
45.3421266078949,0.7,0.3
45.34234976768494,0.7,0.3
45.34268951416016,0.7,0.3
45.35429191589356,0.7,0.3
45.35429883003235,0.7,0.3
45.36569929122925,0.7,0.3
45.370457887649536,0.7,0.3
45.371689558029175,0.7,0.3
45.376126527786255,0.7,0.3
45.37990736961365,0.7,0.3
45.39729189872742,0.7,0.3
45.40568947792053,0.7,0.3
45.406126499176025,0.7,0.3
45.41017651557922,0.7,0.3
45.424347162246704,0.7,0.3
45.42628812789917,0.7,0.3
45.43493461608887,0.7,0.3
45.4406886100769,0.7,0.3
45.44112658500672,0.7,0.3
45.450894355773926,0.7,0.3
45.46596193313599,0.7,0.3
45.46728801727295,0.7,0.3
45.47612500190735,0.7,0.3
45.476688623428345,0.7,0.3
45.4823055267334,0.7,0.3
45.4876070022583,0.7,0.3
45.49628806114197,0.7,0.3
45.50678610801697,0.7,0.3
45.509124994277954,0.7,0.3
45.51168847084045,0.7,0.3
45.5167281627655,0.7,0.3
45.52527379989624,0.7,0.3
45.5252857208252,0.7,0.3
45.53612518310547,0.7,0.3
45.54068994522095,0.7,0.3
45.5443434715271,0.7,0.3
45.550779819488525,0.7,0.3
45.56527376174927,0.7,0.3
45.56566381454468,0.7,0.3
45.56728577613831,0.7,0.3
45.57212162017822,0.7,0.3
45.57769012451172,0.7,0.3
45.58488631248474,0.7,0.3
45.59415912628174,0.7,0.3
45.59628582000733,0.7,0.3
45.60136222839356,0.7,0.3
45.60712170600891,0.7,0.3
45.61169004440308,0.7,0.3
45.6133394241333,0.7,0.3
45.62528085708618,0.7,0.3
45.62969303131104,0.7,0.3
45.63712167739868,0.7,0.3
45.63988471031189,0.7,0.3
45.64069056510925,0.7,0.3
45.654258489608765,0.7,0.3
45.65618801116944,0.7,0.3
45.66828083992005,0.7,0.3
45.66945147514343,0.7,0.3
45.67111873626709,0.7,0.3
45.68092083930969,0.7,0.3
45.68169045448303,0.7,0.3
45.69528079032898,0.7,0.3
45.6970112323761,0.7,0.3
45.70269060134888,0.7,0.3
45.7061185836792,0.7,0.3
45.7084743976593,0.7,0.3
45.7176353931427,0.7,0.3
45.72427916526794,0.8,0.2
45.73135232925415,0.8,0.2
45.74211859703064,0.8,0.2
45.74397039413452,0.8,0.2
45.74468970298767,0.8,0.2
45.75038933753967,0.8,0.2
45.76311230659485,0.8,0.2
45.76827907562256,0.8,0.2
45.77268981933594,0.8,0.2
45.77611780166626,0.8,0.2
45.78698492050171,0.8,0.2
45.79527902603149,0.8,0.2
45.79783773422241,0.8,0.2
45.80611753463745,0.8,0.2
45.810890436172485,0.8,0.2
45.81668972969055,0.8,0.2
45.8218469619751,0.8,0.2
45.82327580451965,0.8,0.2
45.83265280723572,0.8,0.2
45.84111762046814,0.8,0.2
45.84468960762024,0.8,0.2
45.84728240966797,0.8,0.2
45.8559365272522,0.8,0.2
45.86527585983277,0.8,0.2
45.86536908149719,0.8,0.2
45.87011361122131,0.8,0.2
45.874366998672485,0.8,0.2
45.88268971443176,0.8,0.2
45.88593888282776,0.8,0.2
45.89427590370178,0.8,0.2
45.89880132675171,0.8,0.2
45.90068960189819,0.8,0.2
45.90422892570496,0.8,0.2
45.90911388397217,0.8,0.2
45.912524461746216,0.8,0.2
45.929274559021,0.8,0.2
45.93032550811768,0.8,0.2
45.93536329269409,0.8,0.2
45.93611359596253,0.8,0.2
45.94268870353699,0.8,0.2
45.94588661193848,0.8,0.2
45.95352482795715,0.8,0.2
45.96341753005981,0.8,0.2
45.96427440643311,0.8,0.2
45.96610975265503,0.8,0.2
45.97068881988525,0.8,0.2
45.977627992630005,0.8,0.2
45.98125219345093,0.8,0.2
45.98457622528076,0.8,0.2
45.994274616241455,0.8,0.2
45.99485516548157,0.8,0.2
46.0027277469635,0.8,0.2
46.00810980796814,0.8,0.2
46.01268887519837,0.8,0.2
46.02163052558899,0.8,0.2
46.029271602630615,0.8,0.2
46.03710961341858,0.8,0.2
46.04079723358154,0.8,0.2
46.0426881313324,0.8,0.2
46.06046104431152,0.8,0.2
46.06510519981384,0.8,0.2
46.06620812416077,0.8,0.2
46.06627178192139,0.8,0.2
46.070688009262085,0.9,0.1
46.07331132888794,0.9,0.1
46.08873128890991,0.9,0.1
46.095271825790405,0.9,0.1
46.09628701210022,0.9,0.1
46.10710525512695,0.9,0.1
46.11168789863586,0.9,0.1
46.116661071777344,0.9,0.1
46.12427067756653,0.9,0.1
46.12618517875672,0.9,0.1
46.13591194152832,0.9,0.1
46.13610529899597,0.9,0.1
46.14069151878357,0.9,0.1
46.1482036113739,0.9,0.1
46.15427041053772,0.9,0.1
46.15704369544983,0.9,0.1
46.1647367477417,0.9,0.1
46.17069149017334,0.9,0.1
46.17110300064087,0.9,0.1
46.18756127357483,0.9,0.1
46.19627070426941,0.9,0.1
46.206289529800415,0.9,0.1
46.20710301399231,0.9,0.1
46.21109700202942,0.9,0.1
46.2116916179657,0.9,0.1
46.2262659072876,0.9,0.1
46.22910284996033,0.9,0.1
46.23169159889221,0.9,0.1
46.23499774932861,0.9,0.1
46.23869013786316,0.9,0.1
46.25012540817261,0.9,0.1
46.253265619277954,0.9,0.1
46.26961970329285,0.9,0.1
46.275691509246826,0.9,0.1
46.2770984172821,0.9,0.1
46.2802472114563,0.9,0.1
46.29013919830322,0.9,0.1
46.29526591300965,0.9,0.1
46.29809856414795,0.9,0.1
46.29871726036072,0.9,0.1
46.31069159507752,0.9,0.1
46.318767786026,0.9,0.1
46.323262214660645,0.9,0.1
46.33532667160034,0.9,0.1
46.34109854698181,0.9,0.1
46.345866203308105,0.9,0.1
46.34669041633606,0.9,0.1
46.35321378707886,0.9,0.1
46.36626195907593,0.9,0.1
46.3665132522583,0.9,0.1
46.36809730529785,0.9,0.1
46.37138175964356,0.9,0.1
46.37269067764282,0.9,0.1
46.38704109191895,1.0,0.0
46.3962619304657,1.0,0.0
46.39709734916687,1.0,0.0
46.39768695831299,1.0,0.0
46.41079521179199,1.0,0.0
46.41169047355652,1.0,0.0
46.42031979560852,1.0,0.0
46.428255796432495,1.0,0.0
46.43538451194763,1.0,0.0
46.43809747695923,1.0,0.0
46.44368886947632,1.0,0.0
46.464255809783936,1.0,0.0
46.466092109680176,1.0,0.0
46.46616840362549,1.0,0.0
46.471688747406006,1.0,0.0
46.47459220886231,1.0,0.0
46.48795771598816,1.0,0.0
46.49847507476807,1.0,0.0
46.499255895614624,1.0,0.0
46.500688791275024,1.0,0.0
46.50800967216492,1.0,0.0
46.50909209251404,1.0,0.0
46.51980471611023,1.0,0.0
46.53165125846863,1.0,0.0
46.533252477645874,1.0,0.0
46.53709101676941,1.0,0.0
46.5426881313324,1.0,0.0
46.54996919631958,1.0,0.0
46.55517220497131,1.0,0.0
46.55525255203247,1.0,0.0
46.56081485748291,1.0,0.0
46.568660736083984,1.0,0.0
46.57168793678284,1.0,0.0
46.57309079170227,1.0,0.0
46.57961058616638,1.0,0.0
46.59042167663574,1.0,0.0
46.59725260734558,1.0,0.0
46.600844621658325,1.0,0.0
46.60368800163269,1.0,0.0
46.60709071159363,1.0,0.0
46.61913657188416,1.0,0.0
46.62668752670288,1.0,0.0
46.637250661849976,1.0,0.0
46.63956594467163,1.0,0.0
46.642085313797,1.0,0.0
46.64468574523926,1.0,0.0
46.64736747741699,1.0,0.0
46.65579915046692,1.0,0.0
46.66026973724365,1.0,0.0
46.66425061225891,1.0,0.0
46.670085191726685,1.0,0.0
46.673216104507446,1.0,0.0
46.67568564414978,1.0,0.0
46.67796969413757,1.0,0.0
46.69083094596863,1.0,0.0
46.69325041770935,1.0,0.0
46.69955515861511,1.0,0.0
46.706085205078125,1.0,0.0
46.71068572998047,1.0,0.0
46.71617913246155,1.0,0.0
46.73523736000061,1.0,0.0
46.73813462257385,1.0,0.0
46.7410843372345,1.0,0.0
46.74668765068054,1.0,0.0
46.7480993270874,1.0,0.0
46.76009774208069,1.0,0.0
46.763484716415405,1.0,0.0
46.76523733139038,1.0,0.0
46.77354907989502,1.0,0.0
46.77568769454956,1.0,0.0
46.77608442306519,1.0,0.0
46.780399322509766,1.0,0.0
46.791855812072754,1.0,0.0
46.798237323760986,1.0,0.0
46.80508446693421,1.0,0.0
46.80878973007202,1.0,0.0
46.811687707901,1.0,0.0
46.819385290145874,1.0,0.0
46.8258957862854,1.0,0.0
46.83323359489441,1.0,0.0
46.83749055862427,1.0,0.0
46.83808445930481,1.0,0.0
46.83985614776611,1.0,0.0
46.85168790817261,1.0,0.0
46.860456466674805,1.0,0.0
46.86608004570007,1.0,0.0
46.86823391914368,1.0,0.0
46.8762001991272,1.0,0.0
46.880687952041626,1.0,0.0
46.88697576522827,1.0,0.0
46.89380717277527,1.0,0.0
46.89723372459412,1.0,0.0
46.908321380615234,1.0,0.0
46.909080028533936,1.0,0.0
46.91306042671204,1.0,0.0
46.91568803787232,1.0,0.0
46.919867753982544,1.0,0.0
46.924232006073,1.0,0.0
46.93113350868225,1.0,0.0
46.93707990646362,1.0,0.0
46.93927454948425,1.0,0.0
46.94468593597412,1.0,0.0
46.9550085067749,1.0,0.0
46.96451234817505,1.0,0.0
46.966076135635376,1.0,0.0
46.96723222732544,1.0,0.0
46.97617554664612,1.0,0.0
46.98168587684631,1.0,0.0
46.98874402046204,1.0,0.0
46.995232343673706,1.0,0.0
47.000338077545166,1.0,0.0
47.00068593025208,1.0,0.0
47.00795125961304,1.0,0.0
47.00907611846924,1.0,0.0
47.01672339439392,1.0,0.0
47.02264881134033,1.0,0.0
47.02422738075256,1.0,0.0
47.03548550605774,1.0,0.0
47.037075996398926,1.0,0.0
47.043683767318726,1.0,0.0
47.048386096954346,1.0,0.0
47.06268572807312,1.0,0.0
47.06707191467285,1.0,0.0
47.067227363586426,1.0,0.0
47.07168364524841,1.0,0.0
47.07497215270996,1.0,0.0
47.08656048774719,1.0,0.0
47.09422731399536,1.0,0.0
47.10688018798828,1.0,0.0
47.10746240615845,1.0,0.0
47.10907173156738,1.0,0.0
47.11368370056152,1.0,0.0
47.126895904541016,1.0,0.0
47.12922406196594,1.0,0.0
47.13199806213379,1.0,0.0
47.13707160949707,1.0,0.0
47.14168310165405,1.0,0.0
47.14675450325012,1.0,0.0
47.16522407531738,1.0,0.0
47.16606903076172,1.0,0.0
47.16938257217407,1.0,0.0
47.17641019821167,1.0,0.0
47.17668318748474,1.0,0.0
47.1942241191864,1.0,0.0
47.196106910705566,1.0,0.0
47.20880722999573,1.0,0.0
47.20906901359558,1.0,0.0
47.21268320083618,1.0,0.0
47.21785020828247,1.0,0.0
47.22821950912476,1.0,0.0
47.232683181762695,1.0,0.0
47.23706769943237,1.0,0.0
47.24031400680542,1.0,0.0
47.2453351020813,1.0,0.0
47.25598073005676,1.0,0.0
47.263691425323486,1.0,0.0
47.2642195224762,1.0,0.0
47.26606774330139,1.0,0.0
47.274683237075806,1.0,0.0
47.28108406066895,1.0,0.0
47.28569579124451,1.0,0.0
47.29831790924072,1.0,0.0
47.30021953582764,1.0,0.0
47.30906772613525,1.0,0.0
47.31058049201965,1.0,0.0
47.310683250427246,1.0,0.0
47.32171392440796,1.0,0.0
47.32616400718689,1.0,0.0
47.3342182636261,1.0,0.0
47.33606767654419,1.0,0.0
47.33854818344116,1.0,0.0
47.3456826210022,1.0,0.0
47.35185647010803,1.0,0.0
47.36421799659729,1.0,0.0
47.36599922180176,1.0,0.0
47.37106442451477,1.0,0.0
47.38084506988525,1.0,0.0
47.38168239593506,1.0,0.0
47.3843719959259,1.0,0.0
47.39403128623962,1.0,0.0
47.39921808242798,1.0,0.0
47.40168261528015,1.0,0.0
47.40606451034546,1.0,0.0
47.40953660011292,1.0,0.0
47.41251826286316,1.0,0.0
47.42813968658447,1.0,0.0
47.43521666526794,1.0,0.0
47.43637919425965,1.0,0.0
47.44106435775757,1.0,0.0
47.44336128234863,1.0,0.0
47.44368171691895,1.0,0.0
47.45801854133606,1.0,0.0
47.465216398239136,1.0,0.0
47.4655168056488,1.0,0.0
47.47168159484863,1.0,0.0
47.47706460952759,1.0,0.0
47.478034019470215,1.0,0.0
47.49025106430054,1.0,0.0
47.49706435203552,1.0,0.0
47.49821639060974,1.0,0.0
47.50166988372803,1.0,0.0
47.50668168067932,1.0,0.0
47.50980281829834,1.0,0.0
47.51243019104004,1.0,0.0
47.52621579170227,1.0,0.0
47.52798128128052,1.0,0.0
47.53871440887451,1.0,0.0
47.54106450080872,1.0,0.0
47.54168081283569,1.0,0.0
47.54999852180481,1.0,0.0
47.55835461616516,1.0,0.0
47.56866812705994,1.0,0.0
47.56921577453613,1.0,0.0
47.5757417678833,1.0,0.0
47.576064348220825,1.0,0.0
47.57668089866638,1.0,0.0
47.58892631530762,1.0,0.0
47.59621620178223,1.0,0.0
47.59640622138977,1.0,0.0
47.59706449508667,1.0,0.0
47.60199475288391,1.0,0.0
47.61168074607849,1.0,0.0
47.6119692325592,1.0,0.0
47.62177634239197,1.0,0.0
47.625213384628296,1.0,0.0
47.63268041610718,1.0,0.0
47.6357204914093,0.8,0.2
47.64006447792053,0.8,0.2
47.64569520950317,0.8,0.2
47.65521335601807,0.8,0.2
47.65726900100708,0.8,0.2
47.66627907752991,0.8,0.2
47.67566418647766,0.8,0.2
47.67568039894104,0.8,0.2
47.67605924606323,0.8,0.2
47.693920612335205,0.8,0.2
47.69821333885193,0.8,0.2
47.71005916595459,0.8,0.2
47.71136641502381,0.8,0.2
47.71168041229248,0.8,0.2
47.725210666656494,0.8,0.2
47.73435926437378,0.8,0.2
47.73805904388428,0.8,0.2
47.74068021774292,0.8,0.2
47.75171494483948,0.8,0.2
47.75421071052551,0.8,0.2
47.76445960998535,0.8,0.2
47.767059087753296,0.8,0.2
47.77068018913269,0.8,0.2
47.77957320213318,0.8,0.2
47.78248190879822,0.8,0.2
47.797210693359375,0.8,0.2
47.79727125167847,0.8,0.2
47.80905890464783,0.8,0.2
47.80959916114807,0.8,0.2
47.81068015098572,0.8,0.2
47.82586669921875,0.8,0.2
47.82620620727539,0.8,0.2
47.837059020996094,0.8,0.2
47.83821606636048,0.8,0.2
47.839680194854736,0.8,0.2
47.84421181678772,0.8,0.2
47.85488176345825,0.8,0.2
47.86705422401428,0.8,0.2
47.86720609664917,0.8,0.2
47.8695068359375,0.8,0.2
47.874680042266846,0.8,0.2
47.8790271282196,0.8,0.2
47.88386631011963,0.8,0.2
47.89470314979553,0.8,0.2
47.89620614051819,0.8,0.2
47.90463471412659,0.8,0.2
47.90905380249024,0.8,0.2
47.909680128097534,0.8,0.2
47.91935181617737,0.8,0.2
47.92420554161072,0.8,0.2
47.92741894721985,0.8,0.2
47.9362473487854,0.8,0.2
47.9370539188385,0.8,0.2
47.94199967384338,0.8,0.2
47.94767999649048,0.8,0.2
47.96620559692383,0.8,0.2
47.967708110809326,0.8,0.2
47.9720516204834,0.8,0.2
47.97533440589905,0.8,0.2
47.97968029975891,0.8,0.2
47.987327337265015,0.8,0.2
47.99620580673218,0.8,0.2
48.00068044662476,0.8,0.2
48.007051944732666,0.8,0.2
48.01197552680969,0.8,0.2
48.01212787628174,0.8,0.2
48.02729964256287,0.8,0.2
48.02820062637329,0.8,0.2
48.02905178070069,0.8,0.2
48.03439521789551,0.8,0.2
48.04267621040344,0.8,0.2
48.04645991325378,0.8,0.2
48.054516315460205,0.8,0.2
48.06420016288757,0.8,0.2
48.06609559059143,0.8,0.2
48.07004690170288,0.8,0.2
48.07067632675171,0.8,0.2
48.0882294178009,0.8,0.2
48.09804701805115,0.8,0.2
48.09920001029968,0.8,0.2
48.10397982597351,0.8,0.2
48.10455083847046,0.8,0.2
48.1076762676239,0.8,0.2
48.12314319610596,0.8,0.2
48.128180742263794,0.8,0.2
48.1331992149353,0.8,0.2
48.14067959785461,0.8,0.2
48.14104700088501,0.8,0.2
48.14199161529541,0.8,0.2
48.1463623046875,0.8,0.2
48.15519952774048,0.8,0.2
48.16395711898804,0.8,0.2
48.16804361343384,0.8,0.2
48.17463779449463,0.8,0.2
48.1812310218811,0.0,1.0
48.182679891586304,0.0,1.0
48.19619941711426,0.0,1.0
48.19629907608032,0.0,1.0
48.19636011123657,0.0,1.0
48.197043657302856,0.0,1.0
48.20827102661133,0.0,1.0
48.21167993545532,0.0,1.0
48.21756982803345,0.0,1.0
48.22819900512695,0.0,1.0
48.22914242744446,0.0,1.0
48.23804354667664,0.0,1.0
48.24068260192871,0.0,1.0
48.24453115463257,0.0,1.0
48.24724960327149,0.0,1.0
48.2641990184784,0.0,1.0
48.26604080200195,0.0,1.0
48.2712197303772,0.0,1.0
48.28234648704529,0.0,1.0
48.28268241882324,0.0,1.0
48.288453817367554,0.0,1.0
48.29419898986816,0.0,1.0
48.30023980140686,0.0,1.0
48.3090410232544,0.0,1.0
48.31168270111084,0.0,1.0
48.317142724990845,0.0,1.0
48.32819843292236,0.0,1.0
48.33603835105896,0.0,1.0
48.33845520019531,0.0,1.0
48.34865188598633,0.0,1.0
48.34868717193604,0.0,1.0
48.350921630859375,0.0,1.0
48.36043167114258,0.0,1.0
48.365198612213135,0.0,1.0
48.36762833595276,0.0,1.0
48.37103819847107,0.0,1.0
48.37568736076355,0.0,1.0
48.385571002960205,0.0,1.0
48.39075684547424,0.0,1.0
48.39819860458374,0.0,1.0
48.39995765686035,0.0,1.0
48.40603828430176,0.0,1.0
48.41168713569641,0.0,1.0
48.4155023097992,0.0,1.0
48.41985821723938,0.0,1.0
48.4261965751648,0.0,1.0
48.43018960952759,0.0,1.0
48.44103860855103,0.0,1.0
48.44468975067139,0.0,1.0
48.444841384887695,0.6,0.4
48.453503131866455,0.7,0.3
48.46806621551514,0.7,0.3
48.46919679641724,0.7,0.3
48.47603511810303,0.7,0.3
48.48068976402283,0.7,0.3
48.49040913581848,0.6,0.4
48.49719667434693,0.6,0.4
48.50217056274414,0.6,0.4
48.5106897354126,0.6,0.4
48.51103520393372,0.6,0.4
48.51397967338562,0.6,0.4
48.52006530761719,0.6,0.4
48.53419518470764,0.6,0.4
48.53969120979309,0.6,0.4
48.54022288322449,0.6,0.4
48.546032428741455,0.6,0.4
48.550471782684326,0.6,0.4
48.56419515609741,0.6,0.4
48.56703233718872,0.6,0.4
48.5692081451416,0.6,0.4
48.58069133758545,0.6,0.4
48.584155321121216,0.6,0.4
48.58860898017883,0.6,0.4
48.59891128540039,0.6,0.4
48.5991952419281,0.6,0.4
48.60169124603272,0.6,0.4
48.60778880119324,0.6,0.4
48.60903239250183,0.6,0.4
48.61885213851929,0.6,0.4
48.625181913375854,0.6,0.4
48.63519096374512,0.6,0.4
48.63702869415283,0.6,0.4
48.64163661003113,0.6,0.4
48.643691062927246,0.6,0.4
48.65519094467163,0.6,0.4
48.659820318222046,0.6,0.4
48.6720290184021,0.6,0.4
48.67287850379944,0.6,0.4
48.67369103431702,0.6,0.4
48.68004751205444,0.6,0.4
48.69919109344482,0.6,0.4
48.69920492172241,0.6,0.4
48.6996910572052,0.6,0.4
48.70529127120972,0.5,0.5
48.70702886581421,0.5,0.5
48.7154700756073,0.5,0.5
48.72619128227234,0.5,0.5
48.72946739196777,0.5,0.5
48.74169039726257,0.5,0.5
48.74202871322632,0.5,0.5
48.74413061141968,0.5,0.5
48.751543045043945,0.5,0.5
48.75519132614136,0.5,0.5
48.76655888557434,0.5,0.5
48.76969027519226,0.5,0.5
48.774208545684814,0.5,0.5
48.77702617645264,0.5,0.5
48.78629803657532,0.5,0.5
48.79323220252991,0.5,0.5
48.79619121551514,0.5,0.5
48.806026220321655,0.5,0.5
48.806602478027344,0.5,0.5
48.81169033050537,0.5,0.5
48.82189011573792,0.5,0.5
48.82419300079346,0.5,0.5
48.827716588974,0.5,0.5
48.83969449996948,0.5,0.5
48.84068965911865,0.5,0.5
48.8410210609436,0.5,0.5
48.853962659835815,0.5,0.5
48.86290121078491,0.5,0.5
48.86819314956665,0.5,0.5
48.87002110481262,0.5,0.5
48.87141966819763,0.4,0.6
48.88168954849243,0.4,0.6
48.882431745529175,0.4,0.6
48.88932800292969,0.4,0.6
48.8931930065155,0.4,0.6
48.89825391769409,0.4,0.6
48.90602111816406,0.4,0.6
48.9096896648407,0.4,0.6
48.90971970558167,0.4,0.6
48.91923069953919,0.4,0.6
48.92918968200684,0.4,0.6
48.93109846115112,0.4,0.6
48.94102120399475,0.4,0.6
48.9456832408905,0.4,0.6
48.94932532310486,0.4,0.6
48.95665884017944,0.4,0.6
48.962584495544434,0.4,0.6
48.96418976783752,0.4,0.6
48.96901941299439,0.4,0.6
48.97268319129944,0.4,0.6
48.983234882354736,0.4,0.6
48.99818968772888,0.4,0.6
49.00168323516846,0.4,0.6
49.00309634208679,0.4,0.6
49.00601935386658,0.4,0.6
49.011393785476685,0.4,0.6
49.0203754901886,0.4,0.6
49.029927015304565,0.4,0.6
49.03518986701965,0.4,0.6
49.04101920127869,0.4,0.6
49.04268479347229,0.4,0.6
49.04675364494324,0.4,0.6
49.05021381378174,0.4,0.6
49.06318974494934,0.4,0.6
49.0675220489502,0.4,0.6
49.07068467140198,0.4,0.6
49.07701635360718,0.4,0.6
49.0920774936676,0.4,0.6
49.0971896648407,0.4,0.6
49.10601615905762,0.4,0.6
49.10926866531372,0.4,0.6
49.11268472671509,0.4,0.6
49.12100648880005,0.4,0.6
49.12893486022949,0.4,0.6
49.13318848609924,0.4,0.6
49.14069151878357,0.4,0.6
49.141013622283936,0.4,0.6
49.144835233688354,0.4,0.6
49.16167187690735,0.5,0.5
49.1641902923584,0.5,0.5
49.16818857192993,0.5,0.5
49.17569160461426,0.5,0.5
49.176013708114624,0.5,0.5
49.183603048324585,0.5,0.5
49.1929566860199,0.5,0.5
49.19618844985962,0.5,0.5
49.19701361656189,0.5,0.5
49.20557355880737,0.5,0.5
49.2116916179657,0.5,0.5
49.219687700271606,0.5,0.5
49.23418521881104,0.5,0.5
49.23640441894531,0.5,0.5
49.24001359939575,0.5,0.5
49.24278712272644,0.5,0.5
49.24569058418274,0.5,0.5
49.24638295173645,0.5,0.5
49.26618528366089,0.5,0.5
49.26716041564941,0.5,0.5
49.2682683467865,0.5,0.5
49.27469062805176,0.5,0.5
49.27701020240784,0.5,0.5
49.293179750442505,0.5,0.5
49.294185161590576,0.5,0.5
49.30169057846069,0.5,0.5
49.30361270904541,0.5,0.5
49.31000995635986,0.5,0.5
49.32531595230103,0.5,0.5
49.32918572425842,0.5,0.5
49.33615779876709,0.5,0.5
49.33800959587097,0.5,0.5
49.343690395355225,0.5,0.5
49.34641408920288,0.5,0.5
49.35710620880127,0.5,0.5
49.36518573760986,0.5,0.5
49.36600661277771,0.5,0.5
49.37169027328491,0.5,0.5
49.372809648513794,0.5,0.5
49.38037014007568,0.5,0.5
49.38993954658508,0.5,0.5
49.39418578147888,0.5,0.5
49.40100359916687,0.5,0.5
49.4016900062561,0.5,0.5
49.40800619125366,0.5,0.5
49.41351199150085,0.5,0.5
49.41649222373962,0.5,0.5
49.43228483200073,0.5,0.5
49.43518257141113,0.5,0.5
49.43700122833252,0.5,0.5
49.44369101524353,0.5,0.5
49.45491027832031,0.5,0.5
49.45518255233765,0.5,0.5
49.47100114822388,0.5,0.5
49.47469091415405,0.5,0.5
49.48169779777527,0.5,0.5
49.49321937561035,0.5,0.5
49.49818253517151,0.5,0.5
49.50169086456299,0.5,0.5
49.5034282207489,0.5,0.5
49.506001234054565,0.5,0.5
49.52427315711975,0.4,0.6
49.52618312835693,0.4,0.6
49.53102993965149,0.4,0.6
49.54100108146668,0.4,0.6
49.54574537277222,0.4,0.6
49.550692081451416,0.4,0.6
49.55418300628662,0.4,0.6
49.5577666759491,0.5,0.5
49.56215858459473,0.5,0.5
49.5759973526001,0.5,0.5
49.57875204086304,0.5,0.5
49.57969212532044,0.5,0.5
49.58755683898926,0.5,0.5
49.59618306159973,0.5,0.5
49.59969210624695,0.5,0.5
49.60280895233154,0.5,0.5
49.60599732398987,0.5,0.5
49.60794615745544,0.5,0.5
49.61819195747376,0.5,0.5
49.62417817115784,0.5,0.5
49.62591719627381,0.5,0.5
49.63522720336914,0.5,0.5
49.64099454879761,0.5,0.5
49.64269471168518,0.5,0.5
49.64569973945618,0.5,0.5
49.662468910217285,0.5,0.5
49.66817831993103,0.5,0.5
49.66969466209412,0.5,0.5
49.66999459266663,0.5,0.5
49.68340229988098,0.5,0.5
49.6914005279541,0.5,0.5
49.69317817687988,0.5,0.5
49.69676041603088,0.5,0.5
49.69969439506531,0.5,0.5
49.70311260223389,0.5,0.5
49.70599460601807,0.5,0.5
49.71502494812012,0.5,0.5
49.72487163543701,0.5,0.5
49.72817707061768,0.5,0.5
49.73926329612732,0.5,0.5
49.740994453430176,0.5,0.5
49.741700410842896,0.5,0.5
49.75274205207825,0.5,0.5
49.76417708396912,0.5,0.5
49.76556015014648,0.5,0.5
49.768991470336914,0.5,0.5
49.771700620651245,0.5,0.5
49.77344846725464,0.5,0.5
49.78502535820007,0.5,0.5
49.7969913482666,0.5,0.5
49.79817700386048,0.5,0.5
49.79942059516907,0.5,0.5
49.81093335151672,0.5,0.5
49.81170034408569,0.5,0.5
49.824164390563965,0.5,0.5
49.8273913860321,0.5,0.5
49.83317565917969,0.5,0.5
49.83969879150391,0.5,0.5
49.839991331100464,0.5,0.5
49.84008169174194,0.5,0.5
49.84918093681336,0.5,0.5
49.86180472373962,0.5,0.5
49.867987632751465,0.5,0.5
49.86917567253113,0.5,0.5
49.87046933174133,0.5,0.5
49.8766987323761,0.5,0.5
49.88302230834961,0.5,0.5
49.88737630844116,0.5,0.5
49.89598751068115,0.5,0.5
49.8971757888794,0.5,0.5
49.89947080612183,0.5,0.5
49.9113883972168,0.5,0.5
49.91169881820679,0.5,0.5
49.919127464294434,0.5,0.5
49.92264175415039,0.5,0.5
49.93234920501709,0.5,0.5
49.93317461013794,0.5,0.5
49.93798780441284,0.5,0.5
49.93970203399658,0.5,0.5
49.94231081008911,0.5,0.5
49.95371222496033,0.5,0.5
49.96698498725891,0.5,0.5
49.96700406074524,0.5,0.5
49.96817469596863,0.5,0.5
49.97058415412903,0.5,0.5
49.98170208930969,0.5,0.5
49.98702001571655,0.5,0.5
49.9981746673584,0.5,0.5
49.99987435340881,0.5,0.5
50.00831961631775,0.5,0.5
50.00898504257202,0.5,0.5
50.00970220565796,0.5,0.5
50.01547193527222,0.5,0.5
50.02417302131653,0.5,0.5
50.030025005340576,0.5,0.5
50.033571004867554,0.5,0.5
50.03698348999024,0.5,0.5
50.04470014572144,0.5,0.5
50.048506021499634,0.5,0.5
50.05248427391052,0.5,0.5
50.05417323112488,0.5,0.5
50.064677000045776,0.5,0.5
50.07078409194946,0.5,0.5
50.0719838142395,0.5,0.5
50.079699993133545,0.5,0.5
50.08480262756348,0.5,0.5
50.09090662002564,0.5,0.5
50.09617304801941,0.5,0.5
50.10070013999939,0.5,0.5
50.10071420669556,0.5,0.5
50.10698342323303,0.5,0.5
50.11329746246338,0.5,0.5
50.12422561645508,0.5,0.5
50.12517189979553,0.5,0.5
50.14165639877319,0.5,0.5
50.14198040962219,0.5,0.5
50.14356660842896,0.5,0.5
50.14369988441467,0.5,0.5
50.15569067001343,0.5,0.5
50.16717195510864,0.5,0.5
50.16998100280762,0.5,0.5
50.17216920852661,0.5,0.5
50.17269968986511,0.5,0.5
50.1829833984375,0.5,0.5
50.19517159461975,0.5,0.5
50.19583654403687,0.5,0.5
50.20258331298828,0.5,0.5
50.20598101615906,0.5,0.5
50.2083055973053,0.5,0.5
50.21369981765747,0.5,0.5
50.22416806221008,0.5,0.5
50.22605347633362,0.5,0.5
50.23579573631287,0.5,0.5
50.24097919464111,0.5,0.5
50.24169921875,0.5,0.5
50.24822163581848,0.5,0.5
50.26271891593933,0.5,0.5
50.267168045043945,0.5,0.5
50.26840138435364,0.5,0.5
50.26997923851013,0.5,0.5
50.27769923210144,0.5,0.5
50.280436754226685,0.5,0.5
50.29416799545288,0.5,0.5
50.30543041229248,0.5,0.5
50.30897903442383,0.5,0.5
50.3091025352478,0.5,0.5
50.31169939041138,0.5,0.5
50.32114601135254,0.5,0.5
50.32416844367981,0.5,0.5
50.33323502540589,0.5,0.5
50.33597660064697,0.5,0.5
50.34004521369934,0.5,0.5
50.34069848060608,0.5,0.5
50.356433391571045,0.5,0.5
50.36600112915039,0.5,0.5
50.36616849899292,0.5,0.5
50.37197661399841,0.5,0.5
50.38169860839844,0.5,0.5
50.39475154876709,0.5,0.5
50.39516854286194,0.5,0.5
50.40533828735352,0.5,0.5
50.40697622299194,0.5,0.5
50.40953540802002,0.5,0.5
50.41069841384888,0.5,0.5
50.41814589500427,0.5,0.5
50.42716288566589,0.5,0.5
50.434561014175415,0.5,0.5
50.43697643280029,0.5,0.5
50.438772201538086,0.5,0.5
50.43969821929932,0.5,0.5
50.45129179954529,0.5,0.5
50.46816301345825,0.5,0.5
50.46997690200806,0.5,0.5
50.472482681274414,0.5,0.5
50.474698305130005,0.5,0.5
50.48782444000244,0.5,0.5
50.488948345184326,0.5,0.5
50.49516296386719,0.5,0.5
50.50187134742737,0.5,0.5
50.50358033180237,0.5,0.5
50.5059769153595,0.5,0.5
50.510698318481445,0.5,0.5
50.52076435089111,0.5,0.5
50.52316117286682,0.5,0.5
50.53766441345215,0.5,0.5
50.53969860076904,0.5,0.5
50.540977001190186,0.5,0.5
50.54299068450928,0.5,0.5
50.56335520744324,0.5,0.5
50.56516098976135,0.5,0.5
50.56802272796631,0.5,0.5
50.56897473335266,0.5,0.5
50.57469820976257,0.5,0.5
50.57974648475647,0.5,0.5
50.58995532989502,0.5,0.5
50.597161054611206,0.5,0.5
50.598811864852905,0.5,0.5
50.60597491264343,0.5,0.5
50.610698223114014,0.5,0.5
50.616809368133545,0.5,0.5
50.62915802001953,0.5,0.5
50.629401206970215,0.5,0.5
50.640695095062256,0.5,0.5
50.64097499847412,0.5,0.5
50.64118218421936,0.5,0.5
50.65341782569885,0.5,0.5
50.6601185798645,0.5,0.5
50.6641583442688,0.5,0.5
50.66996908187866,0.5,0.5
50.67096662521362,0.5,0.5
50.67954039573669,0.5,0.5
50.68169522285461,0.5,0.5
50.69015431404114,0.5,0.5
50.69415831565857,0.5,0.5
50.69429421424866,0.5,0.5
50.70435690879822,0.5,0.5
50.70896911621094,0.5,0.5
50.7115786075592,0.5,0.5
50.71169519424439,0.5,0.5
50.72320485115051,0.5,0.5
50.72915697097778,0.5,0.5
50.73496913909912,0.5,0.5
50.737255334854126,0.5,0.5
50.73969507217407,0.5,0.5
50.74990510940552,0.5,0.5
50.76203274726868,0.5,0.5
50.763967514038086,0.5,0.5
50.76515698432922,0.5,0.5
50.768988609313965,0.5,0.5
50.77569508552551,0.5,0.5
50.77968502044678,0.5,0.5
50.79046034812927,0.5,0.5
50.79415702819824,0.5,0.5
50.80076241493225,0.5,0.5
50.805967807769775,0.5,0.5
50.80969524383545,0.5,0.5
50.81033897399902,0.5,0.5
50.82548761367798,0.5,0.5
50.82915496826172,0.5,0.5
50.83515524864197,0.4,0.6
50.8369677066803,0.4,0.6
50.84368753433228,0.4,0.6
50.846694469451904,0.4,0.6
50.856608152389526,0.4,0.6
50.86496782302856,0.4,0.6
50.86515498161316,0.4,0.6
50.87269449234009,0.4,0.6
50.87426900863648,0.4,0.6
50.88633298873901,0.4,0.6
50.89315485954285,0.4,0.6
50.89338684082031,0.4,0.6
50.90169429779053,0.4,0.6
50.90586233139038,0.4,0.6
50.90896773338318,0.4,0.6
50.91888046264648,0.4,0.6
50.92498588562012,0.4,0.6
50.93037128448486,0.4,0.6
50.93496751785278,0.4,0.6
50.93515205383301,0.4,0.6
50.94351506233215,0.4,0.6
50.94369649887085,0.4,0.6
50.9602906703949,0.4,0.6
50.964152097702026,0.4,0.6
50.96496486663818,0.4,0.6
50.97266387939453,0.4,0.6
50.977136850357056,0.4,0.6
50.97969651222229,0.4,0.6
50.98713994026184,0.4,0.6
50.99915218353272,0.4,0.6
51.00069642066956,0.4,0.6
51.00170016288757,0.4,0.6
51.006964921951294,0.4,0.6
51.00899600982666,0.5,0.5
51.01632690429688,0.5,0.5
51.02427840232849,0.5,0.5
51.027151346206665,0.5,0.5
51.03696489334106,0.5,0.5
51.04269528388977,0.5,0.5
51.05853152275085,0.5,0.5
51.06024217605591,0.5,0.5
51.06415128707886,0.5,0.5
51.06596088409424,0.5,0.5
51.06652402877808,0.5,0.5
51.07182741165161,0.5,0.5
51.08069515228272,0.5,0.5
51.08431434631348,0.5,0.5
51.099151372909546,0.5,0.5
51.10105919837952,0.5,0.5
51.10369515419006,0.5,0.5
51.10795617103577,0.5,0.5
51.1089608669281,0.5,0.5
51.11566185951233,0.5,0.5
51.123178482055664,0.5,0.5
51.128148555755615,0.5,0.5
51.13300919532776,0.5,0.5
51.13696050643921,0.5,0.5
51.14369702339173,0.5,0.5
51.14654302597046,0.5,0.5
51.15867018699646,0.5,0.5
51.164148569107056,0.5,0.5
51.16596055030823,0.5,0.5
51.17190861701965,0.5,0.5
51.17569708824158,0.5,0.5
51.18108654022217,0.5,0.5
51.18782258033752,0.5,0.5
51.19572567939758,0.5,0.5
51.19696044921875,0.5,0.5
51.19814848899841,0.5,0.5
51.20401620864868,0.5,0.5
51.21069693565369,0.5,0.5
51.22636938095093,0.5,0.5
51.233144998550415,0.5,0.5
51.23801755905152,0.5,0.5
51.24433159828186,0.5,0.5
51.2446973323822,0.5,0.5
51.24495553970337,0.5,0.5
51.2513370513916,0.5,0.5
51.26284408569336,0.5,0.5
51.26495552062988,0.5,0.5
51.269145011901855,0.5,0.5
51.27608561515808,0.5,0.5
51.28069734573364,0.5,0.5
51.28319334983826,0.5,0.5
51.29411792755127,0.5,0.5
51.29614496231079,0.5,0.5
51.30069732666016,0.5,0.5
51.30895566940308,0.5,0.5
51.31067681312561,0.5,0.5
51.31915593147278,0.5,0.5
51.324140548706055,0.5,0.5
51.329171657562256,0.4,0.6
51.33253931999207,0.4,0.6
51.33595561981201,0.4,0.6
51.34055852890015,0.4,0.6
51.34369683265686,0.4,0.6
51.358983755111694,0.4,0.6
51.36495566368103,0.4,0.6
51.36814069747925,0.4,0.6
51.37115120887756,0.4,0.6
51.37369680404663,0.4,0.6
51.3781898021698,0.4,0.6
51.39164090156555,0.4,0.6
51.39714050292969,0.4,0.6
51.400513648986816,0.4,0.6
51.40669679641724,0.4,0.6
51.40695548057556,0.4,0.6
51.41111874580383,0.4,0.6
51.42414093017578,0.4,0.6
51.42532587051392,0.4,0.6
51.4368052482605,0.4,0.6
51.43695569038391,0.4,0.6
51.44369387626648,0.4,0.6
51.44574999809265,0.4,0.6
51.46514081954956,0.4,0.6
51.46567153930664,0.4,0.6
51.4659538269043,0.4,0.6
51.470693826675415,0.4,0.6
51.47736072540283,0.4,0.6
51.48579359054565,0.4,0.6
51.49314093589783,0.4,0.6
51.496559619903564,0.4,0.6
51.50469422340393,0.4,0.6
51.50731921195984,0.4,0.6
51.50895380973816,0.4,0.6
51.5185124874115,0.4,0.6
51.52665734291077,0.4,0.6
51.53613805770874,0.4,0.6
51.53695368766785,0.4,0.6
51.53796052932739,0.4,0.6
51.54069256782532,0.4,0.6
51.54900240898132,0.4,0.6
51.564821004867554,0.4,0.6
51.56513810157776,0.4,0.6
51.56595015525818,0.4,0.6
51.57569241523743,0.4,0.6
51.57685470581055,0.4,0.6
51.58221960067749,0.4,0.6
51.59513807296753,0.4,0.6
51.59695029258728,0.4,0.6
51.59758639335632,0.4,0.6
51.609400272369385,0.4,0.6
51.611692667007446,0.4,0.6
51.62043952941895,0.4,0.6
51.63013553619385,0.4,0.6
51.63169240951538,0.4,0.6
51.63169622421265,0.4,0.6
51.6422483921051,0.4,0.6
51.64494585990906,0.4,0.6
51.649293661117554,0.4,0.6
51.6588671207428,0.4,0.6
51.663400173187256,0.4,0.6
51.66594576835632,0.4,0.6
51.66613554954529,0.4,0.6
51.673691749572754,0.4,0.6
51.67668271064758,0.4,0.6
51.694135427474976,0.4,0.6
51.708945751190186,0.4,0.6
51.70917963981629,0.4,0.6
51.710691928863525,0.4,0.6
51.71819186210632,0.4,0.6
51.73013520240784,0.4,0.6
51.73694586753845,0.4,0.6
51.74569082260132,0.4,0.6
51.765135526657104,0.4,0.6
51.7659432888031,0.4,0.6
51.78269100189209,0.4,0.6
51.7941358089447,0.4,0.6
51.80894327163696,0.4,0.6
51.81269073486328,0.4,0.6
51.8236083984375,0.4,0.6
51.829132080078125,0.4,0.6
51.8316912651062,0.4,0.6
51.83694338798523,0.4,0.6
51.84231472015381,0.4,0.6
51.853697538375854,0.3,0.7
51.86493802070618,0.3,0.7
51.86713218688965,0.3,0.7
51.87369132041931,0.3,0.7
51.8745059967041,0.3,0.7
51.89226841926575,0.3,0.7
51.8970160484314,0.3,0.7
51.900132179260254,0.3,0.7
51.90693759918213,0.3,0.7
51.9079225063324,0.3,0.7
51.910691261291504,0.3,0.7
51.92043471336365,0.3,0.7
51.92813181877136,0.3,0.7
51.93120908737183,0.3,0.7
51.934935092926025,0.3,0.7
51.94469046592712,0.3,0.7
51.94526124000549,0.3,0.7
51.958712100982666,0.4,0.6
51.96257090568543,0.4,0.6
51.96513175964356,0.4,0.6
51.96993517875672,0.4,0.6
51.96997857093811,0.4,0.6
51.98269057273865,0.4,0.6
51.98356652259827,0.4,0.6
51.99622440338135,0.4,0.6
52.000131607055664,0.4,0.6
52.00069046020508,0.4,0.6
52.00593519210816,0.4,0.6
52.00653719902039,0.4,0.6
52.022868394851685,0.4,0.6
52.02813363075256,0.4,0.6
52.03863763809204,0.4,0.6
52.04093503952026,0.4,0.6
52.04269099235535,0.4,0.6
52.051594734191895,0.4,0.6
52.06022882461548,0.4,0.6
52.065133810043335,0.4,0.6
52.07069110870361,0.3,0.7
52.072301149368286,0.3,0.7
52.07593059539795,0.3,0.7
52.0794460773468,0.3,0.7
52.094520568847656,0.3,0.7
52.10013365745544,0.3,0.7
52.102378606796265,0.3,0.7
52.10493040084839,0.3,0.7
52.11369109153748,0.3,0.7
52.1143057346344,0.3,0.7
52.128132581710815,0.3,0.7
52.12893462181091,0.3,0.7
52.13500428199768,0.3,0.7
52.14093041419983,0.3,0.7
52.14169406890869,0.3,0.7
52.14376497268677,0.3,0.7
52.15145707130432,0.3,0.7
52.15793180465698,0.3,0.7
52.165132999420166,0.3,0.7
52.16845178604126,0.3,0.7
52.16969418525696,0.3,0.7
52.17492938041687,0.3,0.7
52.1782591342926,0.3,0.7
52.18813300132752,0.3,0.7
52.19969415664673,0.3,0.7
52.2013418674469,0.3,0.7
52.20492959022522,0.3,0.7
52.20713520050049,0.3,0.7
52.22913098335266,0.3,0.7
52.236406326293945,0.3,0.7
52.23892498016357,0.3,0.7
52.241694688797,0.3,0.7
52.2454400062561,0.3,0.7
52.25782871246338,0.3,0.7
52.26613092422485,0.3,0.7
52.26692485809326,0.3,0.7
52.26779389381409,0.3,0.7
52.27747750282288,0.0,1.0
52.27969455718994,0.0,1.0
52.29513096809387,0.0,1.0
52.297242164611816,0.0,1.0
52.29969501495361,0.0,1.0
52.30438828468323,0.0,1.0
52.30892491340637,0.0,1.0
52.31157207489014,0.0,1.0
52.32513022422791,0.0,1.0
52.33527684211731,0.0,1.0
52.34159207344055,0.0,1.0
52.34269499778748,0.0,1.0
52.34492206573486,0.0,1.0
52.35281991958618,0.0,1.0
52.36592221260071,0.0,1.0
52.366610527038574,0.0,1.0
52.36712980270386,0.0,1.0
52.370694398880005,0.0,1.0
52.3798291683197,0.0,1.0
52.3880786895752,0.0,1.0
52.3961296081543,0.0,1.0
52.399991273880005,0.0,1.0
52.40792202949524,0.0,1.0
52.41169500350952,0.0,1.0
52.41305112838745,0.0,1.0
52.42366814613342,0.0,1.0
52.42512822151184,0.0,1.0
52.43692207336426,0.0,1.0
52.43988609313965,0.0,1.0
52.440696001052856,0.0,1.0
52.446382999420166,0.0,1.0
52.44971323013306,0.0,1.0
52.46025490760803,0.0,1.0
52.46491694450378,0.0,1.0
52.4661283493042,0.0,1.0
52.470696210861206,0.0,1.0
52.48025703430176,0.0,1.0
52.48866367340088,0.0,1.0
52.49412822723389,0.0,1.0
52.50178551673889,0.0,1.0
52.506916999816895,0.0,1.0
52.50737881660461,0.0,1.0
52.511695861816406,0.0,1.0
52.53012704849243,0.0,1.0
52.53591704368591,0.0,1.0
52.54069662094116,0.0,1.0
52.54206418991089,0.0,1.0
52.54335594177246,0.0,1.0
52.55352187156677,0.0,1.0
52.56412410736084,0.0,1.0
52.56491565704346,0.0,1.0
52.56512713432312,0.0,1.0
52.57208228111267,0.0,1.0
52.57569646835327,0.0,1.0
52.59335374832153,0.0,1.0
52.59412693977356,0.0,1.0
52.60455298423767,0.0,1.0
52.60691571235657,0.0,1.0
52.61169648170471,0.0,1.0
52.6256468296051,0.0,1.0
52.62912368774414,0.0,1.0
52.63691568374634,0.0,1.0
52.63969802856445,0.0,1.0
52.64244079589844,0.0,1.0
52.65594291687012,0.0,1.0
52.664281606674194,0.0,1.0
52.667123794555664,0.0,1.0
52.670915603637695,0.0,1.0
52.672505378723145,0.0,1.0
52.67569804191589,0.0,1.0
52.693589210510254,0.0,1.0
52.69971132278442,0.0,1.0
52.70012378692627,0.0,1.0
52.70491576194763,0.0,1.0
52.70779967308045,0.2,0.8
52.70969820022583,0.2,0.8
52.71704721450806,0.1,0.9
52.728121280670166,0.1,0.9
52.7341411113739,0.1,0.9
52.73969912528992,0.1,0.9
52.74091577529907,0.1,0.9
52.74704337120056,0.1,0.9
52.75475788116455,0.1,0.9
52.76412105560303,0.1,0.9
52.76534128189087,0.1,0.9
52.76891255378723,0.1,0.9
52.774698972702026,0.1,0.9
52.7813196182251,0.1,0.9
52.78598642349243,0.1,0.9
52.79320311546326,0.1,0.9
52.80012106895447,0.1,0.9
52.80491256713867,0.1,0.9
52.81262874603272,0.1,0.9
52.81269907951355,0.1,0.9
52.827327251434326,0.1,0.9
52.82896327972412,0.3,0.7
52.83512353897095,0.3,0.7
52.838908195495605,0.3,0.7
52.83969759941101,0.3,0.7
52.84738254547119,0.3,0.7
52.85125660896301,0.3,0.7
52.856123208999634,0.3,0.7
52.8633725643158,0.3,0.7
52.87653565406799,0.3,0.7
52.8766975402832,0.3,0.7
52.87690830230713,0.3,0.7
52.88173961639404,0.3,0.7
52.89590835571289,0.3,0.7
52.90012335777283,0.3,0.7
52.91069746017456,0.3,0.7
52.91107487678528,0.3,0.7
52.9115641117096,0.3,0.7
52.92712211608887,0.3,0.7
52.93202209472656,0.3,0.7
52.93790721893311,0.3,0.7
52.939698457717896,0.3,0.7
52.9457426071167,0.3,0.7
52.95556139945984,0.3,0.7
52.956122159957886,0.3,0.7
52.964386224746704,0.3,0.7
52.96590709686279,0.3,0.7
52.97515439987183,0.3,0.7
52.980698585510254,0.3,0.7
52.987390756607056,0.3,0.7
52.996907234191895,0.3,0.7
52.99712228775024,0.3,0.7
53.000683069229126,0.3,0.7
53.008551597595215,0.3,0.7
53.00969839096069,0.3,0.7
53.01345252990723,0.3,0.7
53.02612090110779,0.3,0.7
53.03053879737854,0.3,0.7
53.03669548034668,0.3,0.7
53.03690266609192,0.3,0.7
53.04380965232849,0.3,0.7
53.04469656944275,0.3,0.7
53.05512094497681,0.3,0.7
53.06590270996094,0.3,0.7
53.07217001914978,0.3,0.7
53.07969641685486,0.3,0.7
53.08368492126465,0.3,0.7
53.094444036483765,0.2,0.8
53.10012102127075,0.2,0.8
53.10210514068604,0.2,0.8
53.1089026927948,0.2,0.8
53.10969662666321,0.2,0.8
53.11249852180481,0.2,0.8
53.12437129020691,0.2,0.8
53.12712168693543,0.2,0.8
53.13770031929016,0.2,0.8
53.14090251922608,0.2,0.8
53.144686222076416,0.2,0.8
53.146538496017456,0.3,0.7
53.16074085235596,0.3,0.7
53.16512179374695,0.3,0.7
53.173901081085205,0.3,0.7
53.17508220672608,0.3,0.7
53.176554441452026,0.3,0.7
53.18168616294861,0.3,0.7
53.19159579277039,0.3,0.7
53.19412159919739,0.3,0.7
53.19784569740296,0.4,0.6
53.20068621635437,0.4,0.6
53.20890116691589,0.4,0.6
53.222819805145264,0.4,0.6
53.22811937332153,0.4,0.6
53.23690104484558,0.4,0.6
53.24468517303467,0.4,0.6
53.245322465896606,0.4,0.6
53.25854182243347,0.4,0.6
53.2658965587616,0.4,0.6
53.26611948013306,0.4,0.6
53.267985105514526,0.4,0.6
53.2716851234436,0.4,0.6
53.282294034957886,0.4,0.6
53.29258680343628,0.4,0.6
53.29911947250366,0.4,0.6
53.30419039726257,0.4,0.6
53.30889654159546,0.4,0.6
53.30968523025513,0.4,0.6
53.32174849510193,0.4,0.6
53.32711815834045,0.4,0.6
53.33021593093872,0.4,0.6
53.34089517593384,0.4,0.6
53.34090304374695,0.4,0.6
53.34168577194214,0.4,0.6
53.3531551361084,0.4,0.6
53.35511803627014,0.4,0.6
53.3651077747345,0.4,0.6
53.37068581581116,0.4,0.6
53.37372827529907,0.4,0.6
53.3748950958252,0.4,0.6
53.39626479148865,0.5,0.5
53.398118019104,0.5,0.5
53.4016695022583,0.5,0.5
53.404895067214966,0.5,0.5
53.41368579864502,0.5,0.5
53.41429924964905,0.5,0.5
53.42200446128845,0.5,0.5
53.43399262428284,0.5,0.5
53.43411374092102,0.5,0.5
53.43989515304565,0.5,0.5
53.44381618499756,0.5,0.5
53.44468927383423,0.5,0.5
53.454113721847534,0.5,0.5
53.47168922424317,0.5,0.5
53.47288727760315,0.5,0.5
53.47689056396485,0.5,0.5
53.48063540458679,0.5,0.5
53.49324870109558,0.5,0.5
53.496113777160645,0.5,0.5
53.50331258773804,0.5,0.5
53.50589060783386,0.5,0.5
53.51068925857544,0.5,0.5
53.52511382102966,0.5,0.5
53.527188539505005,0.5,0.5
53.52728748321533,0.5,0.5
53.5348904132843,0.5,0.5
53.541324853897095,0.5,0.5
53.54468655586243,0.5,0.5
53.551971197128296,0.5,0.5
53.56488800048828,0.5,0.5
53.568113803863525,0.5,0.5
53.568828105926514,0.5,0.5
53.572686433792114,0.5,0.5
53.57775855064392,0.5,0.5
53.586750984191895,0.5,0.5
53.5990846157074,0.5,0.5
53.604113817214966,0.5,0.5
53.60688805580139,0.5,0.5
53.61368656158447,0.5,0.5
53.62017202377319,0.5,0.5
53.62411546707153,0.5,0.5
53.62776803970337,0.5,0.5
53.64168620109558,0.5,0.5
53.64249348640442,0.5,0.5
53.64488387107849,0.5,0.5
53.66194939613342,0.4,0.6
53.664883613586426,0.4,0.6
53.66511559486389,0.4,0.6
53.67721319198608,0.4,0.6
53.68068599700928,0.4,0.6
53.6901171207428,0.4,0.6
53.69311547279358,0.4,0.6
53.69893193244934,0.4,0.6
53.702686071395874,0.4,0.6
53.70665454864502,0.4,0.6
53.7088840007782,0.4,0.6
53.72811460494995,0.4,0.6
53.73139309883118,0.4,0.6
53.735496044158936,0.4,0.6
53.735883951187134,0.4,0.6
53.74360394477844,0.4,0.6
53.74368453025818,0.4,0.6
53.75627875328064,0.4,0.6
53.76411414146423,0.4,0.6
53.76488161087036,0.4,0.6
53.7681782245636,0.4,0.6
53.771684408187866,0.4,0.6
53.77314615249634,0.4,0.6
53.780572175979614,0.4,0.6
53.7883620262146,0.4,0.6
53.7968430519104,0.4,0.6
53.79811429977417,0.4,0.6
53.800684452056885,0.4,0.6
53.80688190460205,0.4,0.6
53.80804395675659,0.4,0.6
53.81262826919556,0.4,0.6
53.82356309890747,0.4,0.6
53.82611155509949,0.4,0.6
53.836113929748535,0.4,0.6
53.83688187599182,0.4,0.6
53.85067915916443,0.4,0.6
53.853864908218384,0.4,0.6
53.8541111946106,0.4,0.6
53.8624050617218,0.4,0.6
53.86587834358215,0.4,0.6
53.87403702735901,0.4,0.6
53.87967896461487,0.4,0.6
53.88012719154358,0.4,0.6
53.88773202896118,0.4,0.6
53.896111488342285,0.4,0.6
53.89818668365479,0.4,0.6
53.90807366371155,0.4,0.6
53.90987801551819,0.4,0.6
53.91467905044556,0.4,0.6
53.924110412597656,0.4,0.6
53.92610764503479,0.4,0.6
53.9368782043457,0.4,0.6
53.94267916679382,0.4,0.6
53.954203605651855,0.4,0.6
53.96208906173706,0.4,0.6
53.96587491035461,0.4,0.6
53.96611046791077,0.4,0.6
53.97067952156067,0.4,0.6
53.97582721710205,0.4,0.6
53.98825287818909,0.4,0.6
53.99411034584045,0.4,0.6
54.00227069854736,0.4,0.6
54.00887489318848,0.4,0.6
54.01167964935303,0.4,0.6
54.02133440971375,0.4,0.6
54.02274751663208,0.4,0.6
54.02910804748535,0.4,0.6
54.03300642967224,0.4,0.6
54.03687119483948,0.4,0.6
54.04067254066467,0.4,0.6
54.04474759101868,0.4,0.6
54.05216312408447,0.4,0.6
54.06510806083679,0.4,0.6
54.06587147712708,0.4,0.6
54.07058811187744,0.4,0.6
54.071672677993774,0.4,0.6
54.084787368774414,0.4,0.6
54.093955755233765,0.4,0.6
54.10010814666748,0.4,0.6
54.10887145996094,0.4,0.6
54.112672567367554,0.4,0.6
54.11475491523743,0.5,0.5
54.12248659133911,0.5,0.5
54.12710475921631,0.5,0.5
54.13686800003052,0.5,0.5
54.14030885696411,0.5,0.5
54.14067602157593,0.5,0.5
54.14297580718994,0.5,0.5
54.154898166656494,0.5,0.5
54.1641047000885,0.5,0.5
54.165868043899536,0.5,0.5
54.16825580596924,0.5,0.5
54.174673080444336,0.5,0.5
54.18367600440979,0.5,0.5
54.18952107429504,0.5,0.5
54.19686794281006,0.5,0.5
54.19910502433777,0.5,0.5
54.204675912857056,0.5,0.5
54.20699834823608,0.5,0.5
54.2180712223053,0.5,0.5
54.2209849357605,0.5,0.5
54.22704362869263,0.5,0.5
54.22809982299805,0.5,0.5
54.24067807197571,0.5,0.5
54.244863748550415,0.5,0.5
54.245771646499634,0.5,0.5
54.26246762275696,0.5,0.5
54.26486372947693,0.5,0.5
54.26709961891174,0.5,0.5
54.27203941345215,0.5,0.5
54.28267812728882,0.5,0.5
54.289705991745,0.5,0.5
54.29286742210388,0.5,0.5
54.29409980773926,0.5,0.5
54.30013942718506,0.5,0.5
54.30886363983154,0.5,0.5
54.310678005218506,0.5,0.5
54.3112096786499,0.5,0.5
54.32475471496582,0.5,0.5
54.32909679412842,0.5,0.5
54.33299994468689,0.5,0.5
54.33486366271973,0.5,0.5
54.34403848648071,0.5,0.5
54.34567260742188,0.5,0.5
54.35238313674927,0.5,0.5
54.35691666603088,0.5,0.5
54.364861726760864,0.5,0.5
54.36509680747986,0.5,0.5
54.36680006980896,0.5,0.5
54.379791021347046,0.5,0.5
54.380672454833984,0.5,0.5
54.38997220993042,0.5,0.5
54.39609694480896,0.5,0.5
54.40186500549317,0.5,0.5
54.4068615436554,0.5,0.5
54.409672498703,0.5,0.5
54.41978335380554,0.5,0.5
54.42798781394959,0.5,0.5
54.42809271812439,0.5,0.5
54.4348931312561,0.5,0.5
54.43686175346375,0.5,0.5
54.44036173820496,0.4,0.6
54.44467520713806,0.4,0.6
54.44532799720764,0.4,0.6
54.456809282302856,0.4,0.6
54.46409273147583,0.4,0.6
54.46485733985901,0.4,0.6
54.464959383010864,0.4,0.6
54.47611737251282,0.4,0.6
54.481675148010254,0.4,0.6
54.486591815948486,0.4,0.6
54.49416136741638,0.4,0.6
54.49809241294861,0.4,0.6
54.500675201416016,0.4,0.6
54.50885725021362,0.4,0.6
54.512200117111206,0.4,0.6
54.52138495445252,0.4,0.6
54.53221392631531,0.4,0.6
54.53509140014648,0.4,0.6
54.53585720062256,0.4,0.6
54.54618835449219,0.4,0.6
54.54967546463013,0.4,0.6
54.55941414833069,0.4,0.6
54.56409120559693,0.4,0.6
54.56485390663147,0.4,0.6
54.56614422798157,0.4,0.6
54.57067537307739,0.4,0.6
54.579426288604736,0.4,0.6
54.588730812072754,0.4,0.6
54.59696960449219,0.4,0.6
54.60009121894837,0.4,0.6
54.60067582130432,0.4,0.6
54.60501003265381,0.4,0.6
54.60685420036316,0.4,0.6
54.62902688980103,0.4,0.6
54.634089946746826,0.4,0.6
54.63685393333435,0.4,0.6
54.64278268814087,0.4,0.6
54.6476354598999,0.4,0.6
54.64967727661133,0.4,0.6
54.65638780593872,0.4,0.6
54.657089948654175,0.4,0.6
54.66411113739014,0.4,0.6
54.66585040092468,0.4,0.6
54.670677185058594,0.4,0.6
54.67368817329407,0.4,0.6
54.684229373931885,0.4,0.6
54.69390892982483,0.4,0.6
54.698089599609375,0.4,0.6
54.70160388946533,0.4,0.6
54.70885062217712,0.4,0.6
54.7126772403717,0.4,0.6
54.71367502212525,0.4,0.6
54.72047400474548,0.4,0.6
54.72608923912048,0.4,0.6
54.73480272293091,0.4,0.6
54.73685073852539,0.4,0.6
54.74067735671997,0.4,0.6
54.74739146232605,0.4,0.6
54.75308918952942,0.4,0.6
54.75503730773926,0.4,0.6
54.76584815979004,0.4,0.6
54.76722192764282,0.4,0.6
54.768699169158936,0.4,0.6
54.77768135070801,0.4,0.6
54.78476786613464,0.4,0.6
54.793423652648926,0.4,0.6
54.79608917236328,0.4,0.6
54.80809211730957,0.4,0.6
54.8088481426239,0.4,0.6
54.81068134307861,0.4,0.6
54.81284713745117,0.4,0.6
54.82508707046509,0.4,0.6
54.82518219947815,0.4,0.6
54.83684802055359,0.4,0.6
54.840426206588745,0.4,0.6
54.84568500518799,0.4,0.6
54.846296310424805,0.4,0.6
54.864843130111694,0.4,0.6
54.864946126937866,0.4,0.6
54.866087198257446,0.4,0.6
54.87553000450134,0.4,0.6
54.88168501853943,0.4,0.6
54.88958334922791,0.4,0.6
54.89308714866638,0.4,0.6
54.89792537689209,0.4,0.6
54.90168499946594,0.4,0.6
54.90540909767151,0.4,0.6
54.906843185424805,0.4,0.6
54.91523671150208,0.4,0.6
54.92908620834351,0.4,0.6
54.930694341659546,0.4,0.6
54.93484330177307,0.4,0.6
54.94368529319763,0.4,0.6
54.94433283805847,0.4,0.6
54.96308612823486,0.4,0.6
54.966453552246094,0.4,0.6
54.96984124183655,0.4,0.6
54.97003674507141,0.4,0.6
54.97168517112732,0.4,0.6
54.980677127838135,0.4,0.6
54.98966979980469,0.4,0.6
54.99474239349365,0.4,0.6
54.99808621406555,0.4,0.6
55.00168514251709,0.4,0.6
55.00584125518799,0.4,0.6
55.01054549217224,0.4,0.6
55.02247333526611,0.4,0.6
55.02708148956299,0.4,0.6
55.03276753425598,0.4,0.6
55.04045629501343,0.4,0.6
55.0408411026001,0.4,0.6
55.04268932342529,0.4,0.6
55.05080318450928,0.4,0.6
55.063072681427,0.4,0.6
55.0640811920166,0.4,0.6
55.07068920135498,0.4,0.6
55.075835943222046,0.4,0.6
55.080024003982544,0.4,0.6
55.09011101722717,0.4,0.6
55.10008120536804,0.4,0.6
55.10110926628113,0.4,0.6
55.10483622550965,0.4,0.6
55.107378005981445,0.4,0.6
55.11368918418884,0.4,0.6
55.12417697906494,0.4,0.6
55.1280791759491,0.4,0.6
55.1380627155304,0.4,0.6
55.1406888961792,0.4,0.6
55.140836000442505,0.4,0.6
55.14304041862488,0.4,0.6
55.163079261779785,0.4,0.6
55.16753840446472,0.4,0.6
55.16968870162964,0.4,0.6
55.17483329772949,0.4,0.6
55.17957925796509,0.4,0.6
55.19450807571411,0.4,0.6
55.19683313369751,0.4,0.6
55.198079109191895,0.4,0.6
55.20291709899902,0.4,0.6
55.210688829422,0.4,0.6
55.21178960800171,0.4,0.6
55.22400093078613,0.4,0.6
55.22707462310791,0.4,0.6
55.23883318901062,0.4,0.6
55.24649095535278,0.4,0.6
55.24669075012207,0.4,0.6
55.24702882766724,0.4,0.6
55.25632953643799,0.4,0.6
55.26683187484741,0.4,0.6
55.26907467842102,0.4,0.6
55.27290987968445,0.4,0.6
55.27369093894959,0.4,0.6
55.28729104995728,0.4,0.6
55.29607439041138,0.4,0.6
55.29891300201416,0.4,0.6
55.29905819892883,0.4,0.6
55.30883193016052,0.4,0.6
55.31169080734253,0.4,0.6
55.3183822631836,0.4,0.6
55.32407093048096,0.4,0.6
55.3282253742218,0.4,0.6
55.33683204650879,0.4,0.6
55.3436918258667,0.4,0.6
55.34563612937927,0.4,0.6
55.35456418991089,0.4,0.6
55.36582803726196,0.4,0.6
55.36607098579407,0.4,0.6
55.37569165229797,0.4,0.6
55.37762594223023,0.4,0.6
55.38852834701538,0.4,0.6
55.39707088470459,0.4,0.6
55.40082812309265,0.4,0.6
55.40275526046753,0.4,0.6
55.40969181060791,0.4,0.6
55.41507339477539,0.4,0.6
55.42282056808472,0.4,0.6
55.4240665435791,0.4,0.6
55.43582320213318,0.4,0.6
55.44669032096863,0.4,0.6
55.45814108848572,0.4,0.6
55.46606659889221,0.4,0.6
55.47082328796387,0.4,0.6
55.47469019889832,0.4,0.6
55.47696352005005,0.4,0.6
55.48558616638184,0.4,0.6
55.49506640434265,0.4,0.6
55.50173854827881,0.4,0.6
55.50582313537598,0.4,0.6
55.51169061660767,0.4,0.6
55.51571846008301,0.4,0.6
55.525065183639526,0.4,0.6
55.52806901931763,0.4,0.6
55.5309944152832,0.4,0.6
55.54182314872742,0.4,0.6
55.5436909198761,0.4,0.6
55.54941749572754,0.4,0.6
55.56506514549256,0.4,0.6
55.56768202781677,0.4,0.6
55.571690797805786,0.4,0.6
55.5758204460144,0.4,0.6
55.579631090164185,0.4,0.6
55.58481359481812,0.4,0.6
55.59406518936157,0.4,0.6
55.59682035446167,0.4,0.6
55.59950494766235,0.4,0.6
55.600690841674805,0.4,0.6
55.61847734451294,0.4,0.6
55.628061294555664,0.4,0.6
55.63661050796509,0.4,0.6
55.63882040977478,0.4,0.6
55.64369010925293,0.4,0.6
55.651814222335815,0.4,0.6
55.65663933753967,0.4,0.6
55.66606116294861,0.4,0.6
55.666815757751465,0.4,0.6
55.66783142089844,0.4,0.6
55.6761531829834,0.4,0.6
55.68069005012512,0.4,0.6
55.696351766586304,0.4,0.6
55.699061155319214,0.4,0.6
55.69969010353088,0.4,0.6
55.70177602767944,0.4,0.6
55.708815813064575,0.4,0.6
55.71429061889648,0.4,0.6
55.722904682159424,0.4,0.6
55.7270576953888,0.4,0.6
55.73681592941284,0.4,0.6
55.74269366264343,0.4,0.6
55.74489879608154,0.4,0.6
55.74503254890442,0.4,0.6
55.76163029670715,0.4,0.6
55.764057636260986,0.4,0.6
55.77069354057312,0.4,0.6
55.77135252952576,0.4,0.6
55.77281188964844,0.4,0.6
55.77659249305725,0.4,0.6
55.78837180137634,0.4,0.6
55.79905772209168,0.4,0.6
55.80603313446045,0.4,0.6
55.80681204795837,0.4,0.6
55.80769371986389,0.4,0.6
55.81802487373352,0.4,0.6
55.827054262161255,0.4,0.6
55.83200073242188,0.4,0.6
55.83505368232727,0.4,0.6
55.83681201934815,0.4,0.6
55.84069180488586,0.4,0.6
55.85605430603027,0.4,0.6
55.86996722221375,0.4,0.6
55.876691818237305,0.4,0.6
55.87681174278259,0.4,0.6
55.89107799530029,0.4,0.6
55.892356872558594,0.4,0.6
55.90005445480347,0.4,0.6
55.90581178665161,0.4,0.6
55.91169190406799,0.4,0.6
55.91256093978882,0.4,0.6
55.91910982131958,0.4,0.6
55.92705488204956,0.4,0.6
55.93481159210205,0.4,0.6
55.93969559669495,0.4,0.6
55.94254207611084,0.4,0.6
55.95605492591858,0.4,0.6
55.956586599349976,0.4,0.6
55.96481060981751,0.4,0.6
55.96735620498657,0.4,0.6
55.976338624954224,0.4,0.6
55.98069620132446,0.4,0.6
55.98185300827026,0.4,0.6
55.99500393867493,0.4,0.6
55.99805474281311,0.4,0.6
56.00169587135315,0.4,0.6
56.006810665130615,0.4,0.6
56.01778721809387,0.4,0.6
56.02722787857056,0.4,0.6
56.02804970741272,0.4,0.6
56.03681039810181,0.4,0.6
56.04172348976135,0.4,0.6
56.04369759559631,0.4,0.6
56.04878449440002,0.4,0.6
56.0540497303009,0.4,0.6
56.05455923080444,0.4,0.6
56.06240200996399,0.5,0.5
56.064804792404175,0.5,0.5
56.071697473526,0.5,0.5
56.07258749008179,0.5,0.5
56.08385348320007,0.5,0.5
56.09904980659485,0.5,0.5
56.10069751739502,0.5,0.5
56.10231161117554,0.5,0.5
56.10880470275879,0.5,0.5
56.1155903339386,0.5,0.5
56.12806534767151,0.5,0.5
56.13404870033264,0.5,0.5
56.13580250740051,0.5,0.5
56.14269781112671,0.5,0.5
56.146371603012085,0.5,0.5
56.161253213882446,0.5,0.5
56.16480255126953,0.5,0.5
56.16504859924317,0.5,0.5
56.17069721221924,0.5,0.5
56.17126989364624,0.5,0.5
56.18208599090576,0.5,0.5
56.19202494621277,0.5,0.5
56.19704866409302,0.5,0.5
56.20580244064331,0.5,0.5
56.20595407485962,0.5,0.5
56.21269750595093,0.5,0.5
56.215831995010376,0.5,0.5
56.22495412826538,0.5,0.5
56.22604751586914,0.5,0.5
56.23666191101074,0.5,0.5
56.23680257797241,0.5,0.5
56.24069714546204,0.5,0.5
56.25520920753479,0.5,0.5
56.25865316390991,0.5,0.5
56.269047498703,0.5,0.5
56.26979780197144,0.5,0.5
56.27688527107239,0.5,0.5
56.27769732475281,0.5,0.5
56.27979159355164,0.5,0.5
56.2908501625061,0.5,0.5
56.29704737663269,0.5,0.5
56.304797649383545,0.5,0.5
56.31069731712341,0.5,0.5
56.31997561454773,0.5,0.5
56.32189321517944,0.5,0.5
56.32504439353943,0.5,0.5
56.33344316482544,0.5,0.5
56.340797662734985,0.5,0.5
56.34569692611694,0.5,0.5
56.34873008728027,0.5,0.5
56.35651302337647,0.5,0.5
56.36604428291321,0.5,0.5
56.3687949180603,0.5,0.5
56.375033378601074,0.5,0.5
56.381696939468384,0.5,0.5
56.39193320274353,0.5,0.5
56.39404439926148,0.5,0.5
56.40045762062073,0.5,0.5
56.40479493141174,0.5,0.5
56.40969705581665,0.5,0.5
56.41292500495911,0.5,0.5
56.42485809326172,0.5,0.5
56.427677154541016,0.5,0.5
56.42904233932495,0.5,0.5
56.43840003013611,0.5,0.5
56.4387948513031,0.5,0.5
56.44570207595825,0.5,0.5
56.453436613082886,0.5,0.5
56.46604228019714,0.5,0.5
56.4685583114624,0.5,0.5
56.468791007995605,0.5,0.5
56.47270202636719,0.5,0.5
56.47514486312866,0.5,0.5
56.49219298362732,0.5,0.5
56.49504232406616,0.5,0.5
56.49579095840454,0.5,0.5
56.49581861495972,0.5,0.5
56.50940775871277,0.5,0.5
56.51070213317871,0.5,0.5
56.53004121780396,0.5,0.5
56.53878974914551,0.5,0.5
56.54031801223755,0.5,0.5
56.54270243644714,0.5,0.5
56.557764291763306,0.5,0.5
56.56504154205322,0.5,0.5
56.5667896270752,0.5,0.5
56.56876802444458,0.5,0.5
56.57070231437683,0.5,0.5
56.57872366905213,0.5,0.5
56.58860778808594,0.5,0.5
56.59504151344299,0.5,0.5
56.596789598464966,0.5,0.5
56.60036659240723,0.5,0.5
56.60570240020752,0.5,0.5
56.605934619903564,0.5,0.5
56.61963129043579,0.5,0.5
56.62625336647034,0.5,0.5
56.63503766059876,0.5,0.5
56.63678979873657,0.5,0.5
56.640015602111816,0.5,0.5
56.64070582389832,0.5,0.5
56.64383506774902,0.5,0.5
56.65430283546448,0.5,0.5
56.65503764152527,0.5,0.5
56.66888427734375,0.5,0.5
56.670706033706665,0.5,0.5
56.6717848777771,0.5,0.5
56.68180632591248,0.5,0.5
56.69423294067383,0.5,0.5
56.700037717819214,0.5,0.5
56.70571517944336,0.5,0.5
56.70878481864929,0.5,0.5
56.71170592308045,0.5,0.5
56.73047614097595,0.5,0.5
56.734033823013306,0.5,0.5
56.735783100128174,0.5,0.5
56.74570965766907,0.5,0.5
56.74698519706726,0.5,0.5
56.75048542022705,0.6,0.4
56.76495599746704,0.6,0.4
56.765034198760986,0.6,0.4
56.76524186134338,0.6,0.4
56.771783113479614,0.6,0.4
56.77570986747742,0.6,0.4
56.77808380126953,0.6,0.4
56.787914514541626,0.6,0.4
56.7919671535492,0.6,0.4
56.80003380775452,0.6,0.4
56.80091643333435,0.6,0.4
56.80578303337097,0.6,0.4
56.80732560157776,0.6,0.4
56.80970978736877,0.6,0.4
56.81718826293945,0.6,0.4
56.82655620574951,0.6,0.4
56.82903265953064,0.6,0.4
56.83247804641724,0.6,0.4
56.837783098220825,0.6,0.4
56.84202718734741,0.6,0.4
56.84671139717102,0.6,0.4
56.856980085372925,0.6,0.4
56.86503267288208,0.6,0.4
56.8697817325592,0.6,0.4
56.8727114200592,0.6,0.4
56.87610697746277,0.6,0.4
56.88504004478455,0.6,0.4
56.8959231376648,0.6,0.4
56.90003252029419,0.6,0.4
56.90478181838989,0.6,0.4
56.911826848983765,0.6,0.4
56.914711236953735,0.6,0.4
56.921018838882446,0.6,0.4
56.92803168296814,0.6,0.4
56.93183016777039,0.6,0.4
56.940781593322754,0.6,0.4
56.94312071800232,0.6,0.4
56.943711280822754,0.6,0.4
56.9555025100708,0.6,0.4
56.956031799316406,0.6,0.4
56.9589626789093,0.6,0.4
56.96720981597901,0.6,0.4
56.96877861022949,0.6,0.4
56.974711418151855,0.6,0.4
56.98164701461792,0.6,0.4
56.99245858192444,0.6,0.4
56.99803161621094,0.6,0.4
56.998619556427,0.6,0.4
57.00171136856079,0.6,0.4
57.00477862358093,0.6,0.4
57.00798749923706,0.6,0.4
57.01616334915161,0.6,0.4
57.02602934837341,0.6,0.4
57.02962255477905,0.6,0.4
57.03877854347229,0.6,0.4
57.04328274726868,0.6,0.4
57.04371380805969,0.6,0.4
57.04377627372742,0.6,0.4
57.06228828430176,0.6,0.4
57.06777453422546,0.6,0.4
57.06902933120728,0.6,0.4
57.07171392440796,0.6,0.4
57.07442307472229,0.6,0.4
57.08272409439087,0.6,0.4
57.08687734603882,0.6,0.4
57.09577441215515,0.6,0.4
57.09592175483704,0.6,0.4
57.09602928161621,0.6,0.4
57.10117840766907,0.6,0.4
57.10271382331848,0.6,0.4
57.11942434310913,0.6,0.4
57.124030113220215,0.6,0.4
57.125983238220215,0.6,0.4
57.135884046554565,0.6,0.4
57.137773275375366,0.6,0.4
57.146714210510254,0.6,0.4
57.15072441101074,0.6,0.4
57.15647840499878,0.6,0.4
57.165030002594,0.6,0.4
57.16577339172363,0.6,0.4
57.17350673675537,0.6,0.4
57.17570447921753,0.6,0.4
57.18797421455383,0.6,0.4
57.19503021240234,0.6,0.4
57.208773374557495,0.6,0.4
57.21070432662964,0.6,0.4
57.21245431900024,0.6,0.4
57.228827238082886,0.6,0.4
57.23002767562866,0.6,0.4
57.23677325248718,0.6,0.4
57.23807048797608,0.6,0.4
57.24670433998108,0.6,0.4
57.24852228164673,0.0,1.0
57.26477670669556,0.0,1.0
57.2660276889801,0.0,1.0
57.26691246032715,0.0,1.0
57.27724075317383,0.0,1.0
57.28270435333252,0.0,1.0
57.28510761260986,0.0,1.0
57.29259538650513,0.0,1.0
57.29602766036987,0.0,1.0
57.30747032165527,0.0,1.0
57.30877661705017,0.0,1.0
57.31070446968079,0.0,1.0
57.31548690795898,0.0,1.0
57.32502770423889,0.0,1.0
57.32866334915161,0.0,1.0
57.335773944854736,0.0,1.0
57.336580991745,0.0,1.0
57.34470272064209,0.0,1.0
57.348944425582886,0.0,1.0
57.35979390144348,0.0,1.0
57.364773750305176,0.0,1.0
57.367027759552,0.0,1.0
57.37270259857178,0.0,1.0
57.37301373481751,0.0,1.0
57.39142680168152,0.0,1.0
57.39602780342102,0.0,1.0
57.39915657043457,0.0,1.0
57.40070271492005,0.0,1.0
57.405773878097534,0.0,1.0
57.40791249275208,0.0,1.0
57.41631102561951,0.0,1.0
57.42602443695069,0.0,1.0
57.427897930145264,0.0,1.0
57.44077372550965,0.0,1.0
57.44270205497742,0.0,1.0
57.448946714401245,0.0,1.0
57.45067095756531,0.0,1.0
57.46267461776733,0.0,1.0
57.468024492263794,0.0,1.0
57.46976947784424,0.0,1.0
57.47014808654785,0.0,1.0
57.48070216178894,0.0,1.0
57.49502444267273,0.0,1.0
57.49776291847229,0.0,1.0
57.504706144332886,0.0,1.0
57.50576949119568,0.0,1.0
57.50670218467712,0.0,1.0
57.51754355430603,0.0,1.0
57.53002119064331,0.0,1.0
57.53077149391174,0.0,1.0
57.54076981544495,0.0,1.0
57.54370212554932,0.0,1.0
57.55862617492676,0.0,1.0
57.56602120399475,0.0,1.0
57.56641101837158,0.0,1.0
57.56876921653748,0.0,1.0
57.57071113586426,0.0,1.0
57.57889485359192,0.0,1.0
57.58606767654419,0.0,1.0
57.59502124786377,0.0,1.0
57.5967698097229,0.0,1.0
57.60030508041382,0.0,1.0
57.61171102523804,0.0,1.0
57.61263966560364,0.0,1.0
57.62802004814148,0.0,1.0
57.63659071922302,0.0,1.0
57.63876938819885,0.0,1.0
57.64070773124695,0.0,1.0
57.64668011665344,0.0,1.0
57.65175938606262,0.0,1.0
57.66502022743225,0.0,1.0
57.66621160507202,0.0,1.0
57.66776657104492,0.0,1.0
57.67354846000672,0.0,1.0
57.67770767211914,0.0,1.0
57.684794664382935,0.0,1.0
57.70002007484436,0.0,1.0
57.70691108703613,0.0,1.0
57.70721960067749,0.0,1.0
57.70876669883728,0.0,1.0
57.709168434143066,0.0,1.0
57.7117075920105,0.0,1.0
57.72801852226257,0.0,1.0
57.730000495910645,0.0,1.0
57.73676538467407,0.0,1.0
57.74071002006531,0.0,1.0
57.74651551246643,0.0,1.0
57.75961112976074,0.0,1.0
57.765018463134766,0.0,1.0
57.76576519012451,0.0,1.0
57.76819348335266,0.0,1.0
57.77271008491516,0.0,1.0
57.78442883491516,0.0,1.0
57.79749989509583,0.0,1.0
57.800018548965454,0.0,1.0
57.8077654838562,0.0,1.0
57.80990123748779,0.0,1.0
57.81178951263428,0.0,1.0
57.81271004676819,0.0,1.0
57.82581114768982,0.0,1.0
57.82901644706726,0.0,1.0
57.83676528930664,0.0,1.0
57.84070897102356,0.0,1.0
57.842941761016846,0.0,1.0
57.85863280296326,0.0,1.0
57.86300468444824,0.0,1.0
57.86401653289795,0.0,1.0
57.86970901489258,0.0,1.0
57.87076020240784,0.0,1.0
57.87247395515442,0.0,1.0
57.877110958099365,0.0,1.0
57.88124561309815,0.0,1.0
57.89593362808228,0.0,1.0
57.89917850494385,0.0,1.0
57.90101647377014,0.0,1.0
57.905760288238525,0.0,1.0
57.90782880783081,0.0,1.0
57.91170907020569,0.0,1.0
57.922966957092285,0.0,1.0
57.93001461029053,0.0,1.0
57.93683362007141,0.0,1.0
57.9407057762146,0.0,1.0
57.941760301589966,0.0,1.0
57.95236921310425,0.0,1.0
57.96167325973511,0.0,1.0
57.964014530181885,0.0,1.0
57.969268560409546,0.0,1.0
57.97070574760437,0.0,1.0
57.97575926780701,0.0,1.0
57.97929072380066,0.0,1.0
57.98982453346253,0.0,1.0
57.994014501571655,0.0,1.0
58.004759311676025,0.0,1.0
58.00613880157471,0.0,1.0
58.01370573043823,0.0,1.0
58.01428294181824,0.0,1.0
58.03401207923889,0.0,1.0
58.036598205566406,0.0,1.0
58.03875923156738,0.0,1.0
58.04070782661438,0.0,1.0
58.04368591308594,0.0,1.0
58.04834055900574,0.0,1.0
58.054012060165405,0.0,1.0
58.06456518173218,0.0,1.0
58.0677535533905,0.0,1.0
58.06970763206482,0.0,1.0
58.0771005153656,0.0,1.0
58.09479260444641,0.0,1.0
58.09672498703003,0.0,1.0
58.09901213645935,0.0,1.0
58.1079490184784,0.0,1.0
58.10875368118286,0.0,1.0
58.11070775985718,0.0,1.0
58.12355279922485,0.0,1.0
58.125009298324585,0.0,1.0
58.136751890182495,0.0,1.0
58.13915061950684,0.0,1.0
58.14270639419556,0.0,1.0
58.1540093421936,0.0,1.0
58.15415239334106,0.0,1.0
58.16405439376831,0.0,1.0
58.16475176811218,0.0,1.0
58.17470669746399,0.0,1.0
58.17490243911743,0.0,1.0
58.18475103378296,0.0,1.0
58.19500923156738,0.0,1.0
58.19842171669006,0.0,1.0
58.202706813812256,0.0,1.0
58.20675182342529,0.0,1.0
58.21993970870972,0.0,1.0
58.22247242927551,0.0,1.0
58.22900533676148,0.0,1.0
58.23457860946655,0.0,1.0
58.23675179481506,0.0,1.0
58.24304747581482,0.0,1.0
58.246711015701294,0.0,1.0
58.25347590446472,0.0,1.0
58.26400542259216,0.0,1.0
58.26416516304016,0.0,1.0
58.2697491645813,0.0,1.0
58.274555921554565,0.0,1.0
58.27571082115173,0.0,1.0
58.28425621986389,0.0,1.0
58.29194760322571,0.0,1.0
58.300005197525024,0.0,1.0
58.30311322212219,0.0,1.0
58.30574917793274,0.0,1.0
58.31171083450317,0.0,1.0
58.31852626800537,0.0,1.0
58.32392907142639,0.0,1.0
58.3280041217804,0.0,1.0
58.33457732200623,0.0,1.0
58.33474922180176,0.0,1.0
58.34670972824097,0.0,1.0
58.34995579719544,0.0,1.0
58.353156328201294,0.0,1.0
58.36400413513184,0.0,1.0
58.36474633216858,0.0,1.0
58.36555862426758,0.0,1.0
58.374709606170654,0.0,1.0
58.38108777999878,0.0,1.0
58.39800405502319,0.0,1.0
58.40674662590027,0.0,1.0
58.40762209892273,0.0,1.0
58.41170978546143,0.0,1.0
58.41940402984619,0.0,1.0
58.42600321769714,0.0,1.0
58.43674635887146,0.0,1.0
58.43979501724243,0.0,1.0
58.44471001625061,0.0,1.0
58.4459068775177,0.0,1.0
58.464741230010986,0.0,1.0
58.46800303459168,0.0,1.0
58.47443199157715,0.0,1.0
58.47571039199829,0.0,1.0
58.48657560348511,0.0,1.0
58.49124789237976,0.0,1.0
58.49600315093994,0.0,1.0
58.49958324432373,0.0,1.0
58.50271034240723,0.0,1.0
58.50874137878418,0.0,1.0
58.52148509025574,0.0,1.0
58.524999380111694,0.0,1.0
58.53017807006836,0.0,1.0
58.53574132919312,0.0,1.0
58.54142475128174,0.0,1.0
58.54370927810669,0.0,1.0
58.54977560043335,0.0,1.0
58.55808734893799,0.0,1.0
58.56473779678345,0.0,1.0
58.56699919700623,0.0,1.0
58.56997966766357,0.0,1.0
58.57170915603638,0.0,1.0
58.584935665130615,0.0,1.0
58.58916211128235,0.0,1.0
58.59799933433533,0.0,1.0
58.60068821907044,0.0,1.0
58.60673761367798,0.0,1.0
58.61095571517944,0.0,1.0
58.61170935630798,0.0,1.0
58.619868516922,0.0,1.0
58.62599754333496,0.0,1.0
58.630839109420776,0.0,1.0
58.635737657547,0.0,1.0
58.640875816345215,0.0,1.0
58.64671230316162,0.0,1.0
58.65228033065796,0.0,1.0
58.6625247001648,0.0,1.0
58.66899752616882,0.0,1.0
58.6697359085083,0.0,1.0
58.67571234703064,0.0,1.0
58.6765456199646,0.0,1.0
58.69550013542175,0.0,1.0
58.69999742507935,0.0,1.0
58.7019670009613,0.0,1.0
58.70473599433899,0.0,1.0
58.71171259880066,0.0,1.0
58.71499538421631,0.0,1.0
58.72699737548828,0.0,1.0
58.73376822471619,0.0,1.0
58.73775100708008,0.0,1.0
58.74173593521118,0.0,1.0
58.74771881103516,0.0,1.0
58.74904179573059,0.0,1.0
58.75599718093872,0.0,1.0
58.768736600875854,0.0,1.0
58.76905703544617,0.0,1.0
58.77471899986267,0.0,1.0
58.77799320220947,0.0,1.0
58.78593492507935,0.0,1.0
58.79799723625183,0.0,1.0
58.804736614227295,0.0,1.0
58.80481314659119,0.0,1.0
58.80553960800171,0.0,1.0
58.81171870231629,0.0,1.0
58.82420563697815,0.0,1.0
58.82599496841431,0.0,1.0
58.83179903030396,0.0,1.0
58.83973670005798,0.0,1.0
58.8447208404541,0.0,1.0
58.854995012283325,0.0,1.0
58.86126732826233,0.0,1.0
58.86873316764832,0.0,1.0
58.87272071838379,0.0,1.0
58.87679171562195,0.0,1.0
58.88746070861816,0.0,1.0
58.89410948753357,0.0,1.0
58.89899492263794,0.0,1.0
58.90272068977356,0.0,1.0
58.90573310852051,0.0,1.0
58.91858458518982,0.0,1.0
58.92531633377075,0.0,1.0
58.92599153518677,0.0,1.0
58.93238091468811,0.0,1.0
58.934733152389526,0.0,1.0
58.94100284576416,0.0,1.0
58.94472002983093,0.0,1.0
58.951934814453125,0.0,1.0
58.954991817474365,0.0,1.0
58.96473240852356,0.0,1.0
58.96690201759338,0.0,1.0
58.98072004318237,0.0,1.0
58.98872518539429,0.0,1.0
58.99405002593994,0.0,1.0
58.99799180030823,0.0,1.0
59.00072002410889,0.0,1.0
59.00097250938416,0.0,1.0
59.00573229789734,0.0,1.0
59.01188802719116,0.0,1.0
59.02048778533936,0.0,1.0
59.03385066986084,0.0,1.0
59.03498840332031,0.0,1.0
59.040732622146606,0.0,1.0
59.04371976852417,0.0,1.0
59.04534649848938,0.0,1.0
59.04834961891174,0.0,1.0
59.05924868583679,0.0,1.0
59.06898856163025,0.0,1.0
59.0713677406311,0.0,1.0
59.07171964645386,0.0,1.0
59.07572746276856,0.0,1.0
59.08857440948486,0.0,1.0
59.09865999221802,0.0,1.0
59.09998846054077,0.0,1.0
59.10071969032288,0.0,1.0
59.10287165641785,0.0,1.0
59.11072754859924,0.0,1.0
59.13200259208679,0.0,1.0
59.13298511505127,0.0,1.0
59.142722606658936,0.0,1.0
59.14377975463867,0.0,1.0
59.14572548866272,0.0,1.0
59.15768003463745,0.0,1.0
59.16298532485962,0.0,1.0
59.16494607925415,0.0,1.0
59.16672539710999,0.0,1.0
59.17208433151245,0.0,1.0
59.17272233963013,0.0,1.0
59.19655132293701,0.0,1.0
59.19672536849976,0.0,1.0
59.19798517227173,0.0,1.0
59.19972229003906,0.0,1.0
59.207335233688354,0.0,1.0
59.22917151451111,0.0,1.0
59.23298192024231,0.0,1.0
59.23672580718994,0.0,1.0
59.24157166481018,0.0,1.0
59.2417221069336,0.0,1.0
59.2534236907959,0.0,1.0
59.254981994628906,0.0,1.0
59.26472115516663,0.0,1.0
59.26788401603699,0.0,1.0
59.27072215080261,0.0,1.0
59.27282381057739,0.0,1.0
59.28458285331726,0.0,1.0
59.29369139671326,0.0,1.0
59.295981884002686,0.0,1.0
59.30532431602478,0.0,1.0
59.30572199821472,0.0,1.0
59.30872106552124,0.0,1.0
59.319284200668335,0.0,1.0
59.32497930526733,0.0,1.0
59.32524561882019,0.0,1.0
59.335721015930176,0.0,1.0
59.34072208404541,0.0,1.0
59.34163737297058,0.0,1.0
59.36091899871826,0.0,1.0
59.36471915245056,0.0,1.0
59.36775040626526,0.0,1.0
59.3679792881012,0.0,1.0
59.373899936676025,0.0,1.0
59.3757221698761,0.0,1.0
59.39464092254639,0.0,1.0
59.39497923851013,0.0,1.0
59.40671896934509,0.0,1.0
59.40986013412476,0.0,1.0
59.41072201728821,0.0,1.0
59.42175841331482,0.0,1.0
59.42397737503052,0.0,1.0
59.42911338806152,0.0,1.0
59.43671894073486,0.0,1.0
59.43787097930908,0.0,1.0
59.44572138786316,0.0,1.0
59.45275831222534,0.0,1.0
59.45729780197144,0.0,1.0
59.4649772644043,0.0,1.0
59.46571755409241,0.0,1.0
59.46648120880127,0.0,1.0
59.47279644012451,0.0,1.0
59.47372126579285,0.0,1.0
59.47990846633911,0.0,1.0
59.49380445480347,0.0,1.0
59.499977350234985,0.0,1.0
59.50722098350525,0.0,1.0
59.50871753692627,0.0,1.0
59.51072120666504,0.0,1.0
59.51332354545593,0.0,1.0
59.51914834976196,0.0,1.0
59.5271360874176,0.0,1.0
59.52897644042969,0.0,1.0
59.53671741485596,0.0,1.0
59.53932809829712,0.0,1.0
59.54472255706787,0.0,1.0
59.55539274215698,0.0,1.0
59.55792212486267,0.0,1.0
59.563976526260376,0.0,1.0
59.56571435928345,0.0,1.0
59.5660388469696,0.0,1.0
59.574543476104736,0.0,1.0
59.57472252845764,0.0,1.0
59.58452916145325,0.0,1.0
59.59397649765015,0.0,1.0
59.595930099487305,0.0,1.0
59.59671449661255,0.0,1.0
59.60333847999573,0.0,1.0
59.61184239387512,0.0,1.0
59.61372256278992,0.0,1.0
59.61931562423706,0.0,1.0
59.62899565696716,0.0,1.0
59.633973360061646,0.0,1.0
59.636714458465576,0.0,1.0
59.64172267913818,0.0,1.0
59.651729345321655,0.0,1.0
59.65397334098816,0.0,1.0
59.66014361381531,0.0,1.0
59.66470980644226,0.0,1.0
59.67074871063232,0.0,1.0
59.67972254753113,0.0,1.0
59.689738273620605,0.0,1.0
59.69797348976135,0.0,1.0
59.70055150985718,0.0,1.0
59.70272254943848,0.0,1.0
59.708709478378296,0.0,1.0
59.721232414245605,0.0,1.0
59.72497129440308,0.0,1.0
59.725830078125,0.0,1.0
59.73128747940064,0.0,1.0
59.73570966720581,0.0,1.0
59.74372339248657,0.0,1.0
59.74519968032837,0.0,1.0
59.76597142219544,0.0,1.0
59.77151107788086,0.0,1.0
59.77170658111572,0.0,1.0
59.77172327041626,0.0,1.0
59.78051400184631,0.0,1.0
59.788679122924805,0.0,1.0
59.79497146606445,0.0,1.0
59.79801917076111,0.0,1.0
59.80072331428528,0.0,1.0
59.80670642852783,0.0,1.0
59.8088002204895,0.0,1.0
59.82834792137146,0.0,1.0
59.82896852493286,0.0,1.0
59.8367063999176,0.0,1.0
59.83913564682007,0.0,1.0
59.843727350234985,0.0,1.0
59.84843826293945,0.0,1.0
59.852251052856445,0.0,1.0
59.86396861076355,0.0,1.0
59.8648738861084,0.0,1.0
59.86970329284668,0.0,1.0
59.87172746658325,0.0,1.0
59.87645506858826,0.0,1.0
59.88682222366333,0.0,1.0
59.89857721328735,0.0,1.0
59.89996862411499,0.0,1.0
59.90570306777954,0.0,1.0
59.90631604194641,0.0,1.0
59.914727210998535,0.0,1.0
59.92016696929932,0.0,1.0
59.92796587944031,0.0,1.0
59.931615352630615,0.0,1.0
59.94170308113098,0.0,1.0
59.94372820854187,0.0,1.0
59.944297075271606,0.0,1.0
59.95069360733032,0.0,1.0
59.96396565437317,0.0,1.0
59.97172808647156,0.0,1.0
59.973243951797485,0.0,1.0
59.97570252418518,0.0,1.0
59.98620843887329,0.0,1.0
59.99349808692932,0.0,1.0
59.996702432632446,0.0,1.0
59.99696588516235,0.0,1.0
60.000728130340576,0.0,1.0
60.010825395584106,0.0,1.0
60.01937103271485,0.0,1.0
60.025964975357056,0.0,1.0
60.02620792388916,0.0,1.0
60.03816962242127,0.0,1.0
60.03870248794556,0.0,1.0
60.04854965209961,0.0,1.0
60.05172872543335,0.0,1.0
60.06130337715149,0.0,1.0
60.06770181655884,0.0,1.0
60.067965030670166,0.0,1.0
60.07172870635986,0.0,1.0
60.07498073577881,0.0,1.0
60.07993841171265,0.0,1.0
60.095701932907104,0.0,1.0
60.09596490859985,0.0,1.0
60.097939014434814,0.0,1.0
60.10072875022888,0.0,1.0
60.10475182533264,0.0,1.0
60.11402440071106,0.0,1.0
60.12796401977539,0.0,1.0
60.13191294670105,0.0,1.0
60.13556218147278,0.0,1.0
60.1377022266388,0.0,1.0
60.14173173904419,0.0,1.0
60.14867067337036,0.0,1.0
60.15890860557556,0.0,1.0
60.16669964790344,0.0,1.0
60.16896414756775,0.0,1.0
60.17173171043396,0.0,1.0
60.173973083496094,0.0,1.0
60.18870496749878,0.0,1.0
60.19669961929321,0.0,1.0
60.196964263916016,0.0,1.0
60.20206618309021,0.0,1.0
60.20270085334778,0.0,1.0
60.21273159980774,0.0,1.0
60.21326899528504,0.0,1.0
60.224963426589966,0.0,1.0
60.23091769218445,0.0,1.0
60.23669481277466,0.0,1.0
60.240731716156006,0.0,1.0
60.24105191230774,0.0,1.0
60.249813079833984,0.0,1.0
60.26137328147888,0.0,1.0
60.2656946182251,0.0,1.0
60.26796340942383,0.0,1.0
60.27181053161621,0.0,1.0
60.276731729507446,0.0,1.0
60.28719139099121,0.0,1.0
60.2979633808136,0.0,1.0
60.29841041564941,0.0,1.0
60.30869483947754,0.0,1.0
60.31073188781738,0.0,1.0
60.311362743377686,0.0,1.0
60.32291603088379,0.0,1.0
60.32396221160889,0.0,1.0
60.3334231376648,0.0,1.0
60.33569240570069,0.0,1.0
60.3456072807312,0.0,1.0
60.34773254394531,0.0,1.0
60.35338926315308,0.0,1.0
60.35396194458008,0.0,1.0
60.36020970344544,0.0,1.0
60.37169241905213,0.0,1.0
60.37473249435425,0.0,1.0
60.38259792327881,0.0,1.0
60.39596199989319,0.0,1.0
60.39941120147705,0.0,1.0
60.40569233894348,0.0,1.0
60.40973258018494,0.0,1.0
60.412189245224,0.0,1.0
60.4245228767395,0.0,1.0
60.42496657371521,0.0,1.0
60.43354249000549,0.0,1.0
60.44068765640259,0.0,1.0
60.444732666015625,0.0,1.0
60.447547912597656,0.0,1.0
60.45496654510498,0.0,1.0
60.4624125957489,0.0,1.0
60.46968746185303,0.0,1.0
60.479731798172,0.0,1.0
60.49662494659424,0.0,1.0
60.49796652793884,0.0,1.0
60.50073146820069,0.0,1.0
60.50568747520447,0.0,1.0
60.50724959373474,0.0,1.0
60.5217809677124,0.0,1.0
60.524235010147095,0.0,1.0
60.52596354484558,0.0,1.0
60.54046034812927,0.0,1.0
60.540687799453735,0.0,1.0
60.542731285095215,0.0,1.0
60.55465722084045,0.0,1.0
60.55496335029602,0.0,1.0
60.56868553161621,0.0,1.0
60.572731256484985,0.0,1.0
60.5820369720459,0.0,1.0
60.58540177345276,0.0,1.0
60.5966854095459,0.0,1.0
60.59796380996704,0.0,1.0
60.59886026382446,0.0,1.0
60.59973120689392,0.0,1.0
60.6075291633606,0.0,1.0
60.63001847267151,0.0,1.0
60.63396120071411,0.0,1.0
60.63868546485901,0.0,1.0
60.6437304019928,0.0,1.0
60.64526963233948,0.0,1.0
60.6539614200592,0.0,1.0
60.65428328514099,0.0,1.0
60.66371822357178,0.0,1.0
60.6676812171936,0.0,1.0
60.67173051834106,0.0,1.0
60.67176032066345,0.0,1.0
60.67913222312927,0.0,1.0
60.69237041473389,0.0,1.0
60.6999614238739,0.0,1.0
60.70173048973084,0.0,1.0
60.70311212539673,0.0,1.0
60.70868110656738,0.0,1.0
60.710951805114746,0.0,1.0
60.72596192359924,0.0,1.0
60.72773361206055,0.0,1.0
60.73248672485352,0.0,1.0
60.73668122291565,0.0,1.0
60.74173092842102,0.0,1.0
60.74947261810303,0.0,1.0
60.75222086906433,0.0,1.0
60.75396203994751,0.0,1.0
60.76216125488281,0.0,1.0
60.77167963981629,0.0,1.0
60.77273106575012,0.0,1.0
60.77306127548218,0.0,1.0
60.79038500785828,0.0,1.0
60.79596161842346,0.0,1.0
60.79970073699951,0.0,1.0
60.80073094367981,0.0,1.0
60.80667972564697,0.0,1.0
60.818660736083984,0.0,1.0
60.82496094703674,0.0,1.0
60.82686161994934,0.0,1.0
60.83629322052002,0.0,1.0
60.83667969703674,0.0,1.0
60.84173107147217,0.0,1.0
60.86307549476624,0.0,1.0
60.86565613746643,0.0,1.0
60.86696100234985,0.0,1.0
60.8696768283844,0.0,1.0
60.87173104286194,0.0,1.0
60.87653875350952,0.0,1.0
60.8897979259491,0.0,1.0
60.89596080780029,0.0,1.0
60.89713430404663,0.0,1.0
60.90574479103088,0.0,1.0
60.91167688369751,0.0,1.0
60.91273093223572,0.0,1.0
60.91598415374756,0.0,1.0
60.928466796875,0.0,1.0
60.92995762825012,0.0,1.0
60.93442249298096,0.0,1.0
60.939677000045776,0.0,1.0
60.94173002243042,0.0,1.0
60.94359493255615,0.0,1.0
60.96495747566223,0.0,1.0
60.96782302856445,0.0,1.0
60.97550559043884,0.0,1.0
60.97567391395569,0.0,1.0
60.97673010826111,0.0,1.0
60.98833441734314,0.0,1.0
60.99667406082153,0.0,1.0
60.9999577999115,0.0,1.0
61.00163340568543,0.0,1.0
61.01272988319397,0.0,1.0
61.01554441452026,0.0,1.0
61.02244639396668,0.0,1.0
61.02795648574829,0.0,1.0
61.031986951828,0.0,1.0
61.0396740436554,0.0,1.0
61.040406227111816,0.0,1.0
61.04072976112366,0.0,1.0
61.05299210548401,0.0,1.0
61.06352496147156,0.0,1.0
61.06495666503906,0.0,1.0
61.06766986846924,0.0,1.0
61.07124471664429,0.0,1.0
61.07746601104736,0.0,1.0
61.0787296295166,0.0,1.0
61.08595657348633,0.0,1.0
61.09035778045654,0.0,1.0
61.09567022323608,0.0,1.0
61.10374450683594,0.0,1.0
61.10572981834412,0.0,1.0
61.11569905281067,0.0,1.0
61.126997232437134,0.0,1.0
61.12895512580872,0.0,1.0
61.13501000404358,0.0,1.0
61.13766980171204,0.0,1.0
61.14172911643982,0.0,1.0
61.14985370635986,0.0,1.0
61.16071653366089,0.0,1.0
61.16495513916016,0.0,1.0
61.16566729545593,0.0,1.0
61.17025589942932,0.0,1.0
61.17572927474976,0.0,1.0
61.17964100837708,0.0,1.0
61.19495511054993,0.0,1.0
61.196667194366455,0.0,1.0
61.20096492767334,0.0,1.0
61.20466947555542,0.0,1.0
61.2117292881012,0.0,1.0
61.22422504425049,0.0,1.0
61.22995162010193,0.0,1.0
61.23246431350708,0.0,1.0
61.236663818359375,0.0,1.0
61.24073028564453,0.0,1.0
61.24222135543823,0.0,1.0
61.26105189323425,0.0,1.0
61.2656638622284,0.0,1.0
61.26595187187195,0.0,1.0
61.268922567367554,0.0,1.0
61.27073001861572,0.0,1.0
61.27492833137512,0.0,1.0
61.28424668312073,0.0,1.0
61.29438805580139,0.0,1.0
61.29595160484314,0.0,1.0
61.29852914810181,0.0,1.0
61.30573034286499,0.0,1.0
61.30866360664368,0.0,1.0
61.3157365322113,0.0,1.0
61.32295155525208,0.0,1.0
61.32587647438049,0.0,1.0
61.34066367149353,0.0,1.0
61.341729164123535,0.0,1.0
61.35046648979187,0.0,1.0
61.364951372146606,0.0,1.0
61.36539268493652,0.0,1.0
61.36712551116944,0.0,1.0
61.37466096878052,0.0,1.0
61.37572932243347,0.0,1.0
61.37820792198181,0.0,1.0
61.3879508972168,0.0,1.0
61.39495134353638,0.0,1.0
61.398638010025024,0.0,1.0
61.40358519554138,0.0,1.0
61.40466094017029,0.0,1.0
61.412729263305664,0.0,1.0
61.42440700531006,0.0,1.0
61.42994809150696,0.0,1.0
61.43846845626831,0.0,1.0
61.43966102600098,0.0,1.0
61.44072937965393,0.0,1.0
61.45793628692627,0.0,1.0
61.46394801139832,0.0,1.0
61.46688795089722,0.0,1.0
61.47072982788086,0.0,1.0
61.47565579414368,0.0,1.0
61.48122453689575,0.0,1.0
61.48594808578491,0.0,1.0
61.494240045547485,0.0,1.0
61.50565576553345,0.0,1.0
61.50572919845581,0.0,1.0
61.50727939605713,0.0,1.0
61.51003885269165,0.0,1.0
61.5256781578064,0.0,1.0
61.52794575691223,0.0,1.0
61.5328094959259,0.0,1.0
61.53465580940247,0.0,1.0
61.540727615356445,0.0,1.0
61.5500955581665,0.0,1.0
61.558868408203125,0.0,1.0
61.56394577026367,0.0,1.0
61.564653158187866,0.0,1.0
61.57247591018677,0.0,1.0
61.57986092567444,0.0,1.0
61.58272767066956,0.0,1.0
61.59544348716736,0.0,1.0
61.59694576263428,0.0,1.0
61.60665321350098,0.0,1.0
61.60865616798401,0.0,1.0
61.61072778701782,0.0,1.0
61.61758494377136,0.0,1.0
61.62995648384094,0.0,1.0
61.63665318489075,0.0,1.0
61.63687801361084,0.0,1.0
61.63694047927856,0.0,1.0
61.64641547203064,0.0,1.0
61.64672803878784,0.0,1.0
61.65763807296753,0.0,1.0
61.6639404296875,0.0,1.0
61.66530895233154,0.0,1.0
61.66965079307556,0.0,1.0
61.67472791671753,0.0,1.0
61.68026399612427,0.0,1.0
61.68833327293396,0.0,1.0
61.69973111152649,0.0,1.0
61.69994044303894,0.0,1.0
61.703208446502686,0.0,1.0
61.705650806427,0.0,1.0
61.71172761917114,0.0,1.0
61.71474003791809,0.0,1.0
61.72793889045715,0.0,1.0
61.73771929740906,0.0,1.0
61.74064803123474,0.0,1.0
61.74472618103027,0.0,1.0
61.75493884086609,0.0,1.0
61.77272605895996,0.0,1.0
61.77564811706543,0.0,1.0
61.796648025512695,0.0,1.0
61.7969388961792,0.0,1.0
61.80072617530823,0.0,1.0
61.81766724586487,0.0,1.0
61.82493853569031,0.0,1.0
61.832173347473145,0.0,1.0
61.83864641189575,0.0,1.0
61.84093117713928,0.0,1.0
61.84372329711914,0.0,1.0
61.85293841362,0.0,1.0
61.85758304595947,0.0,1.0
61.86764645576477,0.0,1.0
61.87872433662415,0.0,1.0
61.87972331047058,0.0,1.0
61.88552260398865,0.0,1.0
61.89582014083862,0.0,1.0
61.89693856239319,0.0,1.0
61.90072321891785,0.0,1.0
61.90864634513855,0.0,1.0
61.91082572937012,0.0,1.0
61.91665363311768,0.0,1.0
61.92493844032288,0.0,1.0
61.92875337600708,0.0,1.0
61.936646461486816,0.0,1.0
61.94069719314575,0.0,1.0
61.94372320175171,0.0,1.0
61.96193861961365,0.0,1.0
61.96451497077942,0.0,1.0
61.97164607048035,0.0,1.0
61.97428822517395,0.0,1.0
61.98172330856323,0.0,1.0
61.98845434188843,0.0,1.0
61.995938301086426,0.0,1.0
61.99972319602966,0.0,1.0
62.00035309791565,0.0,1.0
62.00664615631104,0.0,1.0
62.01151251792908,0.0,1.0
62.02593541145325,0.0,1.0
62.02749252319336,0.0,1.0
62.03564620018005,0.0,1.0
62.040425062179565,0.0,1.0
62.04171919822693,0.0,1.0
62.06061244010925,0.0,1.0
62.06693530082703,0.0,1.0
62.069642066955566,0.0,1.0
62.069719552993774,0.0,1.0
62.07743167877197,0.0,1.0
62.08535170555115,0.0,1.0
62.095935344696045,0.0,1.0
62.09621167182922,0.0,1.0
62.09764194488525,0.0,1.0
62.10471940040589,0.0,1.0
62.11020708084106,0.0,1.0
62.12493371963501,0.0,1.0
62.127188205718994,0.0,1.0
62.14064192771912,0.0,1.0
62.14071941375733,0.0,1.0
62.1481773853302,0.0,1.0
62.15529918670654,0.0,1.0
62.16693377494812,0.0,1.0
62.1756386756897,0.0,1.0
62.17584228515625,0.0,1.0
62.17726302146912,0.0,1.0
62.18171954154968,0.0,1.0
62.19088697433472,0.0,1.0
62.19593381881714,0.0,1.0
62.19763875007629,0.0,1.0
62.21063160896301,0.0,1.0
62.21071982383728,0.0,1.0
62.22267603874207,0.0,1.0
62.22493052482605,0.0,1.0
62.23171854019165,0.0,1.0
62.23458456993103,0.0,1.0
62.23920154571533,0.0,1.0
62.239638566970825,0.0,1.0
62.25401020050049,0.0,1.0
62.26497101783752,0.0,1.0
62.26793050765991,0.0,1.0
62.2732150554657,0.0,1.0
62.27371859550476,0.0,1.0
62.27563667297363,0.0,1.0
62.287394285202026,0.0,1.0
62.29493045806885,0.0,1.0
62.29563641548157,0.0,1.0
62.30171847343445,0.0,1.0
62.30564260482788,0.0,1.0
62.31774306297302,0.0,1.0
62.33192753791809,0.0,1.0
62.33440351486206,0.0,1.0
62.33763670921326,0.0,1.0
62.3437180519104,0.0,1.0
62.3496732711792,0.0,1.0
62.353694677352905,0.0,1.0
62.36563539505005,0.0,1.0
62.36592769622803,0.0,1.0
62.37033033370972,0.0,1.0
62.37271761894226,0.0,1.0
62.375192403793335,0.0,1.0
62.386536598205566,0.0,1.0
62.40063524246216,0.0,1.0
62.40063714981079,0.0,1.0
62.40092754364014,0.0,1.0
62.406718015670776,0.0,1.0
62.41391801834106,0.0,1.0
62.42892670631409,0.0,1.0
62.43321466445923,0.0,1.0
62.43663120269776,0.0,1.0
62.44171738624573,0.0,1.0
62.44449329376221,0.0,1.0
62.45424151420593,0.0,1.0
62.46492671966553,0.0,1.0
62.46563148498535,0.0,1.0
62.46942901611328,0.0,1.0
62.47777342796326,0.0,1.0
62.47871780395508,0.0,1.0
62.496309995651245,0.0,1.0
62.49992656707764,0.0,1.0
62.5073447227478,0.0,1.0
62.508631467819214,0.0,1.0
62.512717485427856,0.0,1.0
62.51512145996094,0.0,1.0
62.52608752250672,0.0,1.0
62.52792453765869,0.0,1.0
62.53562927246094,0.0,1.0
62.53897142410278,0.0,1.0
62.541720151901245,0.0,1.0
62.56284976005554,0.0,1.0
62.56492447853088,0.0,1.0
62.57162928581238,0.0,1.0
62.57472062110901,0.0,1.0
62.58223366737366,0.0,1.0
62.59495186805725,0.0,1.0
62.59892439842224,0.0,1.0
62.605629205703735,0.0,1.0
62.606121301651,0.0,1.0
62.61172032356262,0.0,1.0
62.61523246765137,0.0,1.0
62.624823331832886,0.0,1.0
62.62792372703552,0.0,1.0
62.63415193557739,0.0,1.0
62.64062833786011,0.0,1.0
62.64072799682617,0.0,1.0
62.64443373680115,0.0,1.0
62.66043472290039,0.0,1.0
62.6689236164093,0.0,1.0
62.669628620147705,0.0,1.0
62.67072820663452,0.0,1.0
62.68027853965759,0.0,1.0
62.68714046478272,0.0,1.0
62.69692373275757,0.0,1.0
62.69762849807739,0.0,1.0
62.69794416427612,0.0,1.0
62.70572829246521,0.0,1.0
62.70942687988281,0.0,1.0
62.724920988082886,0.0,1.0
62.72648882865906,0.0,1.0
62.737181663513184,0.0,1.0
62.74162578582764,0.0,1.0
62.74272632598877,0.0,1.0
62.75292086601257,0.0,1.0
62.75964140892029,0.0,1.0
62.76762580871582,0.0,1.0
62.76835989952088,0.0,1.0
62.775726318359375,0.0,1.0
62.77589559555054,0.0,1.0
62.78488516807556,0.0,1.0
62.795921087265015,0.0,1.0
62.79662561416626,0.0,1.0
62.79853200912476,0.0,1.0
62.80834221839905,0.0,1.0
62.81272649765015,0.0,1.0
62.822885036468506,0.0,1.0
62.82391810417175,0.0,1.0
62.832026958465576,0.0,1.0
62.83962559700012,0.0,1.0
62.84072589874268,0.0,1.0
62.84204697608948,0.0,1.0
62.85780334472656,0.0,1.0
62.85794520378113,0.0,1.0
62.866918087005615,0.0,1.0
62.867215156555176,0.0,1.0
62.8717257976532,0.0,1.0
62.87562131881714,0.0,1.0
62.88459300994873,0.0,1.0
62.88597559928894,0.0,1.0
62.8929181098938,0.0,1.0
62.89562129974365,0.0,1.0
62.89629244804382,0.0,1.0
62.90878701210022,0.0,1.0
62.91372561454773,0.0,1.0
62.92991614341736,0.0,1.0
62.93067455291748,0.0,1.0
62.93761920928955,0.0,1.0
62.94272804260254,0.0,1.0
62.94769287109375,0.0,1.0
62.956951379776,0.0,1.0
62.96291613578797,0.0,1.0
62.965619802474976,0.0,1.0
62.96582365036011,0.0,1.0
62.97672820091248,0.0,1.0
62.98320770263672,0.0,1.0
62.99388670921326,0.0,1.0
62.99791622161865,0.0,1.0
63.000619411468506,0.0,1.0
63.00378131866455,0.0,1.0
63.01272821426392,0.0,1.0
63.01940655708313,0.0,1.0
63.03229999542236,0.0,1.0
63.03391242027283,0.0,1.0
63.036619424819946,0.0,1.0
63.04072451591492,0.0,1.0
63.0453372001648,0.0,1.0
63.05391240119934,0.0,1.0
63.06489419937134,0.0,1.0
63.06561470031738,0.0,1.0
63.07672452926636,0.0,1.0
63.08098888397217,0.0,1.0
63.09591245651245,0.0,1.0
63.09824848175049,0.0,1.0
63.10495352745056,0.0,1.0
63.108614683151245,0.0,1.0
63.11072468757629,0.0,1.0
63.11865258216858,0.0,1.0
63.12390971183777,0.0,1.0
63.1356143951416,0.0,1.0
63.13643288612366,0.0,1.0
63.136883020401,0.0,1.0
63.14698457717896,0.0,1.0
63.14772891998291,0.0,1.0
63.1571102142334,0.0,1.0
63.16590976715088,0.0,1.0
63.16707634925842,0.0,1.0
63.1726131439209,0.0,1.0
63.174728870391846,0.0,1.0
63.175029039382935,0.0,1.0
63.18275475502014,0.0,1.0
63.1969096660614,0.0,1.0
63.20346903800965,0.0,1.0
63.206613063812256,0.0,1.0
63.210728883743286,0.0,1.0
63.21416115760803,0.0,1.0
63.226155281066895,0.0,1.0
63.22890448570252,0.0,1.0
63.23660922050476,0.0,1.0
63.23843502998352,0.0,1.0
63.244728565216064,0.0,1.0
63.25743269920349,0.0,1.0
63.2639045715332,0.0,1.0
63.264092445373535,0.0,1.0
63.269609212875366,0.0,1.0
63.27272844314575,0.0,1.0
63.27713060379028,0.0,1.0
63.28233337402344,0.0,1.0
63.292513608932495,0.0,1.0
63.29990458488464,0.0,1.0
63.30040740966797,0.0,1.0
63.30272841453552,0.0,1.0
63.305609464645386,0.0,1.0
63.31647324562073,0.0,1.0
63.32790231704712,0.0,1.0
63.329265117645264,0.0,1.0
63.3336136341095,0.0,1.0
63.34160709381104,0.0,1.0
63.34372806549072,0.0,1.0
63.35108804702759,0.0,1.0
63.35590219497681,0.0,1.0
63.363518476486206,0.0,1.0
63.36860728263855,0.0,1.0
63.37745666503906,0.0,1.0
63.38072800636292,0.0,1.0
63.39291429519653,0.0,1.0
63.396902322769165,0.0,1.0
63.39760708808899,0.0,1.0
63.40072822570801,0.0,1.0
63.40199279785156,0.0,1.0
63.40824294090271,0.0,1.0
63.42490100860596,0.0,1.0
63.4290726184845,0.0,1.0
63.4396071434021,0.0,1.0
63.44004154205322,0.0,1.0
63.44372582435608,0.0,1.0
63.44994735717773,0.0,1.0
63.46467113494873,0.0,1.0
63.46760296821594,0.0,1.0
63.46890091896057,0.0,1.0
63.471725940704346,0.0,1.0
63.47580695152283,0.0,1.0
63.48088765144348,0.0,1.0
63.49498391151428,0.0,1.0
63.495901107788086,0.0,1.0
63.50960302352905,0.0,1.0
63.51227259635925,0.0,1.0
63.512725591659546,0.0,1.0
63.51989221572876,0.0,1.0
63.52489829063416,0.0,1.0
63.53760313987732,0.0,1.0
63.540725231170654,0.0,1.0
63.542165994644165,0.0,1.0
63.550485372543335,0.0,1.0
63.565898180007935,0.0,1.0
63.56659960746765,0.0,1.0
63.5697512626648,0.0,1.0
63.57572507858277,0.0,1.0
63.580249071121216,0.0,1.0
63.59167146682739,0.0,1.0
63.59489822387695,0.0,1.0
63.596599817276,0.0,1.0
63.59832239151001,0.0,1.0
63.61272501945496,0.0,1.0
63.61391353607178,0.0,1.0
63.62389826774597,0.0,1.0
63.62705421447754,0.0,1.0
63.63659954071045,0.0,1.0
63.637534618377686,0.0,1.0
63.64572334289551,0.0,1.0
63.64893460273743,0.0,1.0
63.66489815711975,0.0,1.0
63.66525053977966,0.0,1.0
63.66559600830078,0.0,1.0
63.6737232208252,0.0,1.0
63.67585802078247,0.0,1.0
63.69389820098877,0.0,1.0
63.69531154632568,0.0,1.0
63.70172333717346,0.0,1.0
63.70628833770752,0.0,1.0
63.70859599113464,0.0,1.0
63.72031354904175,0.0,1.0
63.72484683990479,0.0,1.0
63.72889494895935,0.0,1.0
63.73298096656799,0.0,1.0
63.73559355735779,0.0,1.0
63.74372315406799,0.0,1.0
63.74892687797546,0.0,1.0
63.75912141799927,0.0,1.0
63.766894817352295,0.0,1.0
63.769697189331055,0.0,1.0
63.77159380912781,0.0,1.0
63.780723094940186,0.0,1.0
63.78589487075806,0.0,1.0
63.78974962234497,0.0,1.0
63.79046082496643,0.0,1.0
63.80119562149048,0.0,1.0
63.80659365653992,0.0,1.0
63.80772304534912,0.0,1.0
63.809244871139526,0.0,1.0
63.815890073776245,0.0,1.0
63.82532334327698,0.0,1.0
63.82789206504822,0.0,1.0
63.83323693275452,0.0,1.0
63.83659362792969,0.0,1.0
63.84172320365906,0.0,1.0
63.84276866912842,0.0,1.0
63.8516960144043,0.0,1.0
63.86389207839966,0.0,1.0
63.86414432525635,0.0,1.0
63.86958980560303,0.0,1.0
63.87290859222412,0.0,1.0
63.87772297859192,0.0,1.0
63.87934422492981,0.0,1.0
63.89528608322144,0.0,1.0
63.89889216423035,0.0,1.0
63.904456615448,0.0,1.0
63.90558981895447,0.0,1.0
63.911723136901855,0.0,1.0
63.91639804840088,0.0,1.0
63.931987285614014,0.0,1.0
63.934887647628784,0.0,1.0
63.9368314743042,0.0,1.0
63.94158959388733,0.0,1.0
63.94172501564026,0.0,1.0
63.94386911392212,0.0,1.0
63.95688009262085,0.0,1.0
63.96007227897644,0.0,1.0
63.9638876914978,0.0,1.0
63.968589305877686,0.0,1.0
63.96907377243042,0.0,1.0
63.97472524642944,0.0,1.0
63.9794807434082,0.0,1.0
63.985026597976685,0.0,1.0
63.997589349746704,0.0,1.0
63.99888777732849,0.0,1.0
63.999635219573975,0.0,1.0
64.00272512435913,0.0,1.0
64.00790619850159,0.0,1.0
64.02752709388733,0.0,1.0
64.03488302230835,0.0,1.0
64.03722620010376,0.0,1.0
64.03958916664124,0.0,1.0
64.04127717018127,0.0,1.0
64.04572701454163,0.0,1.0
64.05120301246643,0.0,1.0
64.05906939506531,0.0,1.0
64.06388282775879,0.0,1.0
64.06796646118164,0.0,1.0
64.07272696495056,0.0,1.0
64.07558512687683,0.0,1.0
64.07807660102844,0.0,1.0
64.08603119850159,0.0,1.0
64.09558510780334,0.0,1.0
64.09791207313538,0.0,1.0
64.09988284111023,0.0,1.0
64.10172700881958,0.0,1.0
64.10982966423035,0.0,1.0
64.121013879776,0.0,1.0
64.12805604934692,0.0,1.0
64.1338837146759,0.0,1.0
64.13758516311646,0.0,1.0
64.13815808296204,0.0,1.0
64.14672708511353,0.0,1.0
64.1513466835022,0.0,1.0
64.15588355064392,0.0,1.0
64.16501760482788,0.0,1.0
64.16658139228821,0.0,1.0
64.17472720146179,0.0,1.0
64.18497967720032,0.0,1.0
64.19558119773865,0.0,1.0
64.19788360595703,0.0,1.0
64.2035584449768,0.0,1.0
64.21272706985474,0.0,1.0
64.21316599845886,0.0,1.0
64.22536826133728,0.0,1.0
64.22588181495667,0.0,1.0
64.22930526733398,0.0,1.0
64.23657751083374,0.0,1.0
64.24072742462158,0.0,1.0
64.2444658279419,0.0,1.0
64.25240087509155,0.0,1.0
64.2548816204071,0.0,1.0
64.26657748222351,0.0,1.0
64.2717273235321,0.0,1.0
64.27464723587036,0.0,1.0
64.27875232696533,0.0,1.0
64.28808379173279,0.0,1.0
64.29612445831299,0.0,1.0
64.29788160324097,0.0,1.0
64.30857753753662,0.0,1.0
64.30938673019409,0.0,1.0
64.31372737884521,0.0,1.0
64.32240962982178,0.0,1.0
64.32488012313843,0.0,1.0
64.3298020362854,0.0,1.0
64.33657741546631,0.0,1.0
64.34046840667725,0.0,1.0
64.34272575378418,0.0,1.0
64.3485119342804,0.0,1.0
64.3541100025177,0.0,1.0
64.3548800945282,0.0,1.0
64.36256456375122,0.0,1.0
64.371577501297,0.0,1.0
64.37172555923462,0.0,1.0
64.37667846679688,0.0,1.0
64.38740992546082,0.0,1.0
64.39788007736206,0.0,1.0
64.40657782554626,0.0,1.0
64.40772581100464,0.0,1.0
64.41116881370544,0.0,1.0
64.41293382644653,0.0,1.0
64.43086409568787,0.0,1.0
64.43387770652771,0.0,1.0
64.43657755851746,0.0,1.0
64.44272518157959,0.0,1.0
64.44681525230408,0.0,1.0
64.45233607292175,0.0,1.0
64.45387768745422,0.0,1.0
64.4602153301239,0.0,1.0
64.46842241287231,0.0,1.0
64.46957302093506,0.0,1.0
64.47072505950928,0.0,1.0
64.4791944026947,0.0,1.0
64.49061512947083,0.0,1.0
64.49587774276733,0.0,1.0
64.5055730342865,0.0,1.0
64.50906682014465,0.0,1.0
64.51172518730164,0.0,1.0
64.51639652252197,0.0,1.0
64.52271914482117,0.0,1.0
64.52487683296204,0.0,1.0
64.53330993652344,0.0,1.0
64.54072403907776,0.0,1.0
64.54157161712646,0.0,1.0
64.5426824092865,0.0,1.0
64.55169248580933,0.0,1.0
64.56687688827515,0.0,1.0
64.56731081008911,0.0,1.0
64.56857180595398,0.0,1.0
64.56880903244019,0.0,1.0
64.57572412490845,0.0,1.0
64.58473873138428,0.0,1.0
64.59487700462341,0.0,1.0
64.59521055221558,0.0,1.0
64.59757161140442,0.0,1.0
64.60021233558655,0.0,1.0
64.60616827011108,0.0,1.0
64.61072421073914,0.0,1.0
64.62267899513245,0.0,1.0
64.62387180328369,0.0,1.0
64.62550902366638,0.0,1.0
64.63659119606018,0.0,1.0
64.63957190513611,0.0,1.0
64.64304256439209,0.0,1.0
64.64772248268127,0.0,1.0
64.66329002380371,0.0,1.0
64.66756749153137,0.0,1.0
64.6678717136383,0.0,1.0
64.67331647872925,0.0,1.0
64.67472267150879,0.0,1.0
64.6794102191925,0.0,1.0
64.68832874298096,0.0,1.0
64.69487190246582,0.0,1.0
64.69556760787964,0.0,1.0
64.71172261238098,0.0,1.0
64.71206641197205,0.0,1.0
64.72386980056763,0.0,1.0
64.72800254821777,0.0,1.0
64.73756742477417,0.0,1.0
64.73976969718933,0.0,1.0
64.74472498893738,0.0,1.0
64.75955581665039,0.0,1.0
64.76586961746216,0.0,1.0
64.7665650844574,0.0,1.0
64.7714331150055,0.0,1.0
64.77272486686707,0.0,1.0
64.7807445526123,0.0,1.0
64.7951385974884,0.0,1.0
64.79556512832642,0.0,1.0
64.79586982727051,0.0,1.0
64.79822182655334,0.0,1.0
64.80272483825684,0.0,1.0
64.8101658821106,0.0,1.0
64.81794500350952,0.0,1.0
64.82386779785156,0.0,1.0
64.83656215667725,0.0,1.0
64.84170031547546,0.0,1.0
64.84372520446777,0.0,1.0
64.85243511199951,0.0,1.0
64.86398100852966,0.0,1.0
64.86556220054626,0.0,1.0
64.86586737632751,0.0,1.0
64.87172532081604,0.0,1.0
64.88165068626404,0.0,1.0
64.89160060882568,0.0,1.0
64.89388966560364,0.0,1.0
64.89486742019653,0.0,1.0
64.90072536468506,0.0,1.0
64.9057228565216,0.0,1.0
64.90856218338013,0.0,1.0
64.91740608215332,0.0,1.0
64.92886662483215,0.0,1.0
64.93556022644043,0.0,1.0
64.93993401527405,0.0,1.0
64.94272541999817,0.0,1.0
64.95277738571167,0.0,1.0
64.95569324493408,0.0,1.0
64.96386671066284,0.0,1.0
64.97172546386719,0.0,1.0
64.9725604057312,0.0,1.0
64.97459149360657,0.0,1.0
64.98646640777588,0.0,1.0
64.99986672401428,0.0,1.0
65.00012516975403,0.0,1.0
65.00656032562256,0.0,1.0
65.01272535324097,0.0,1.0
65.01881694793701,0.0,1.0
65.02786040306091,0.0,1.0
65.02855014801025,0.0,1.0
65.03655910491943,0.0,1.0
65.0380711555481,0.0,1.0
65.04072260856628,0.0,1.0
65.05203413963318,0.0,1.0
65.05686044692993,0.0,1.0
65.05995440483093,0.0,1.0
65.06955909729004,0.0,1.0
65.07224297523499,0.0,1.0
65.08372259140015,0.0,1.0
65.09049129486084,0.0,1.0
65.09886050224304,0.0,1.0
65.099853515625,0.0,1.0
65.10555911064148,0.0,1.0
65.11072254180908,0.0,1.0
65.1137707233429,0.0,1.0
65.12885928153992,0.0,1.0
65.13038301467896,0.0,1.0
65.13710474967957,0.0,1.0
65.14072227478027,0.0,1.0
65.14155602455139,0.0,1.0
65.14814019203186,0.0,1.0
65.15521216392517,0.0,1.0
65.16272234916687,0.0,1.0
65.16485929489136,0.0,1.0
65.1685562133789,0.0,1.0
65.17388963699341,0.0,1.0
65.18172240257263,0.0,1.0
65.18199729919434,0.0,1.0
65.19485926628113,0.0,1.0
65.19755601882935,0.0,1.0
65.20572233200073,0.0,1.0
65.20581531524658,0.0,1.0
65.20996379852295,0.0,1.0
65.22452926635742,0.0,1.0
65.2288568019867,0.0,1.0
65.23955488204956,0.0,1.0
65.24072241783142,0.0,1.0
65.242027759552,0.0,1.0
65.2531144618988,0.0,1.0
65.26685667037964,0.0,1.0
65.26755499839783,0.0,1.0
65.26755928993225,0.0,1.0
65.27746486663818,0.0,1.0
65.2777259349823,0.0,1.0
65.28151321411133,0.0,1.0
65.29555487632751,0.0,1.0
65.29747247695923,0.0,1.0
65.29985666275024,0.0,1.0
65.31172561645508,0.0,1.0
65.3117470741272,0.0,1.0
65.31728434562683,0.0,1.0
65.32785296440125,0.0,1.0
65.33453297615051,0.0,1.0
65.33755421638489,0.0,1.0
65.34072589874268,0.0,1.0
65.35143256187439,0.0,1.0
65.35585284233093,0.0,1.0
65.35598039627075,0.0,1.0
65.36564803123474,0.0,1.0
65.3665542602539,0.0,1.0
65.38058257102966,0.0,1.0
65.38172578811646,0.0,1.0
65.3862624168396,0.0,1.0
65.3965539932251,0.0,1.0
65.3988528251648,0.0,1.0
65.40044593811035,0.0,1.0
65.40769791603088,0.0,1.0
65.41272592544556,0.0,1.0
65.4186532497406,0.0,1.0
65.43484902381897,0.0,1.0
65.43508172035217,0.0,1.0
65.43655347824097,0.0,1.0
65.44128656387329,0.0,1.0
65.44673085212708,0.0,1.0
65.45369482040405,0.0,1.0
65.45484900474548,0.0,1.0
65.46421980857849,0.0,1.0
65.46555352210999,0.0,1.0
65.47307562828064,0.0,1.0
65.47473073005676,0.0,1.0
65.48882269859314,0.0,1.0
65.4966311454773,0.0,1.0
65.49884867668152,0.0,1.0
65.50389218330383,0.0,1.0
65.50855350494385,0.0,1.0
65.5107307434082,0.0,1.0
65.51508355140686,0.0,1.0
65.52571368217468,0.0,1.0
65.53384304046631,0.0,1.0
65.5355532169342,0.0,1.0
65.53962755203247,0.0,1.0
65.54573130607605,0.0,1.0
65.54735255241394,0.0,1.0
65.55484318733215,0.0,1.0
65.55587673187256,0.0,1.0
65.57155060768127,0.0,1.0
65.57473134994507,0.0,1.0
65.577552318573,0.0,1.0
65.59684324264526,0.0,1.0
65.59802675247192,0.0,1.0
65.5984718799591,0.0,1.0
65.601731300354,0.0,1.0
65.60655045509338,0.0,1.0
65.60699725151062,0.0,1.0
65.61893701553345,0.0,1.0
65.62484216690063,0.0,1.0
65.63325619697571,0.0,1.0
65.63456392288208,0.0,1.0
65.63655042648315,0.0,1.0
65.6448302268982,0.0,1.0
65.64573097229004,0.0,1.0
65.6526472568512,0.0,1.0
65.66645431518555,0.0,1.0
65.6678421497345,0.0,1.0
65.66954588890076,0.0,1.0
65.6737310886383,0.0,1.0
65.67428421974182,0.0,1.0
65.68393659591675,0.0,1.0
65.69666409492493,0.0,1.0
65.69684219360352,0.0,1.0
65.701730966568,0.0,1.0
65.7055459022522,0.0,1.0
65.7065315246582,0.0,1.0
65.72383952140808,0.0,1.0
65.72754621505737,0.0,1.0
65.72870302200317,0.0,1.0
65.7363178730011,0.0,1.0
65.7437310218811,0.0,1.0
65.7619116306305,0.0,1.0
65.76583981513977,0.0,1.0
65.76854538917542,0.0,1.0
65.77173113822937,0.0,1.0
65.77382779121399,0.0,1.0
65.79275107383728,0.0,1.0
65.79283952713013,0.0,1.0
65.79740834236145,0.0,1.0
65.80454540252686,0.0,1.0
65.80957460403442,0.0,1.0
65.8137309551239,0.0,1.0
65.8148787021637,0.0,1.0
65.81832671165466,0.0,1.0
65.83583950996399,0.0,1.0
65.83636951446533,0.0,1.0
65.83954548835754,0.0,1.0
65.84206867218018,0.0,1.0
65.84273147583008,0.0,1.0
65.85339593887329,0.0,1.0
65.86583948135376,0.0,1.0
65.87073159217834,0.0,1.0
65.87376618385315,0.0,1.0
65.87554097175598,0.0,1.0
65.89783954620361,0.0,1.0
65.8979172706604,0.0,1.0
65.90401458740234,0.0,1.0
65.90554094314575,0.0,1.0
65.91173148155212,0.0,1.0
65.91603779792786,0.0,1.0
65.92399191856384,0.0,1.0
65.92583703994751,0.0,1.0
65.93453860282898,0.0,1.0
65.9371325969696,0.0,1.0
65.94273161888123,0.0,1.0
65.94867062568665,0.0,1.0
65.9538369178772,0.0,1.0
65.95390963554382,0.0,1.0
65.96453857421875,0.0,1.0
65.97548770904541,0.0,1.0
65.97572493553162,0.0,1.0
65.98171472549438,0.0,1.0
65.99683690071106,0.0,1.0
65.99934768676758,0.0,1.0
66.00653839111328,0.0,1.0
66.01272487640381,0.0,1.0
66.01335549354553,0.0,1.0
66.02550935745239,0.0,1.0
66.02583312988281,0.0,1.0
66.03445529937744,0.0,1.0
66.03653860092163,0.0,1.0
66.04072499275208,0.0,1.0
66.0438380241394,0.0,1.0
66.05580472946167,0.0,1.0
66.0655345916748,0.0,1.0
66.06683325767517,0.0,1.0
66.07416725158691,0.0,1.0
66.07572484016418,0.0,1.0
66.08169960975647,0.0,1.0
66.0913314819336,0.0,1.0
66.0938332080841,0.0,1.0
66.09453439712524,0.0,1.0
66.10456681251526,0.0,1.0
66.11072492599487,0.0,1.0
66.11705088615417,0.0,1.0
66.12540411949158,0.0,1.0
66.12983393669128,0.0,1.0
66.13471794128418,0.0,1.0
66.13953280448914,0.0,1.0
66.14547395706177,0.0,1.0
66.14772629737854,0.0,1.0
66.15440702438354,0.0,1.0
66.16383361816406,0.0,1.0
66.16414666175842,0.0,1.0
66.17453241348267,0.0,1.0
66.17632937431335,0.0,1.0
66.18272662162781,0.0,1.0
66.18461060523987,0.0,1.0
66.19083213806152,0.0,1.0
66.19653272628784,0.0,1.0
66.19983386993408,0.0,1.0
66.2063250541687,0.0,1.0
66.2107264995575,0.0,1.0
66.22238731384277,0.0,1.0
66.22782897949219,0.0,1.0
66.23460102081299,0.0,1.0
66.23753261566162,0.0,1.0
66.24472713470459,0.0,1.0
66.24734306335449,0.0,1.0
66.24895286560059,0.0,1.0
66.25973510742188,0.0,1.0
66.2675290107727,0.0,1.0
66.2678291797638,0.0,1.0
66.27218008041382,0.0,1.0
66.27631902694702,0.0,1.0
66.28272724151611,0.0,1.0
66.28310942649841,0.0,1.0
66.28582906723022,0.0,1.0
66.29552912712097,0.0,1.0
66.29712700843811,0.0,1.0
66.30941820144653,0.0,1.0
66.30972719192505,0.0,1.0
66.31983470916748,0.0,1.0
66.32882881164551,0.0,1.0
66.33190989494324,0.0,1.0
66.33752703666687,0.0,1.0
66.34472560882568,0.0,1.0
66.3486099243164,0.0,1.0
66.35805177688599,0.0,1.0
66.3638288974762,0.0,1.0
66.36552715301514,0.0,1.0
66.37059020996094,0.0,1.0
66.38072562217712,0.0,1.0
66.38165807723999,0.0,1.0
66.3976218700409,0.0,1.0
66.39782881736755,0.0,1.0
66.40072560310364,0.0,1.0
66.40342116355896,0.0,1.0
66.40752696990967,0.0,1.0
66.4090142250061,0.0,1.0
66.42682981491089,0.0,1.0
66.43193030357361,0.0,1.0
66.43652582168579,0.0,1.0
66.43995189666748,0.0,1.0
66.44372272491455,0.0,1.0
66.45382952690125,0.0,1.0
66.4572389125824,0.0,1.0
66.47152519226074,0.0,1.0
66.47202491760254,0.0,1.0
66.47972273826599,0.0,1.0
66.491135597229,0.0,1.0
66.49682950973511,0.0,1.0
66.50072288513184,0.0,1.0
66.50852560997009,0.0,1.0
66.50853896141052,0.0,1.0
66.51046252250671,0.0,1.0
66.52073049545288,0.0,1.0
66.52882862091064,0.0,1.0
66.53054189682007,0.0,1.0
66.53552293777466,0.0,1.0
66.542724609375,0.0,1.0
66.54728960990906,0.0,1.0
66.55484199523926,0.0,1.0
66.55682849884033,0.0,1.0
66.56177568435669,0.0,1.0
66.56952285766602,0.0,1.0
66.56961250305176,0.0,1.0
66.57172441482544,0.0,1.0
66.58958768844604,0.0,1.0
66.59752297401428,0.0,1.0
66.59972429275513,0.0,1.0
66.5998284816742,0.0,1.0
66.60255312919617,0.0,1.0
66.60722255706787,0.0,1.0
66.6233856678009,0.0,1.0
66.62682604789734,0.0,1.0
66.63063502311707,0.0,1.0
66.63952302932739,0.0,1.0
66.64472222328186,0.0,1.0
66.64833068847656,0.0,1.0
66.65482592582703,0.0,1.0
66.66507530212402,0.0,1.0
66.66752099990845,0.0,1.0
66.67272210121155,0.0,1.0
66.67994499206543,0.0,1.0
66.6840980052948,0.0,1.0
66.68979096412659,0.0,1.0
66.69552040100098,0.0,1.0
66.69782590866089,0.0,1.0
66.6979079246521,0.0,1.0
66.70942807197571,0.0,1.0
66.71072220802307,0.0,1.0
66.72482371330261,0.0,1.0
66.72542881965637,0.0,1.0
66.73751854896545,0.0,1.0
66.73775291442871,0.0,1.0
66.74382281303406,0.0,1.0
66.74571871757507,0.0,1.0
66.75705671310425,0.0,1.0
66.76551866531372,0.0,1.0
66.76682376861572,0.0,1.0
66.77591705322266,0.0,1.0
66.78171873092651,0.0,1.0
66.79482364654541,0.0,1.0
66.7957992553711,0.0,1.0
66.80171871185303,0.0,1.0
66.80751872062683,0.0,1.0
66.80883240699768,0.0,1.0
66.81326103210449,0.0,1.0
66.82416892051697,0.0,1.0
66.82981967926025,0.0,1.0
66.83036160469055,0.0,1.0
66.83651471138,0.0,1.0
66.84472012519836,0.0,1.0
66.84526538848877,0.0,1.0
66.85607671737671,0.0,1.0
66.86681962013245,0.0,1.0
66.86913752555847,0.0,1.0
66.8715147972107,0.0,1.0
66.8717200756073,0.0,1.0
66.89158320426941,0.0,1.0
66.89981961250305,0.0,1.0
66.90116119384766,0.0,1.0
66.90851473808289,0.0,1.0
66.91071581840515,0.0,1.0
66.91372013092041,0.0,1.0
66.91644763946533,0.0,1.0
66.92781853675842,0.0,1.0
66.93551230430603,0.0,1.0
66.94171833992004,0.0,1.0
66.94228768348694,0.0,1.0
66.95182180404663,0.0,1.0
66.95581841468811,0.0,1.0
66.9630994796753,0.0,1.0
66.9655122756958,0.0,1.0
66.97171831130981,0.0,1.0
66.97225284576416,0.0,1.0
66.97978901863098,0.0,1.0
66.99221849441528,0.0,1.0
66.99781847000122,0.0,1.0
67.00200414657593,0.0,1.0
67.00651216506958,0.0,1.0
67.01239681243896,0.0,1.0
67.01371812820435,0.0,1.0
67.01917600631714,0.0,1.0
67.03114008903503,0.0,1.0
67.0338146686554,0.0,1.0
67.0355122089386,0.0,1.0
67.04172110557556,0.0,1.0
67.04444646835327,0.0,1.0
67.05381441116333,0.0,1.0
67.05955529212952,0.0,1.0
67.06810641288757,0.0,1.0
67.07051181793213,0.0,1.0
67.07780575752258,0.0,1.0
67.07872104644775,0.0,1.0
67.08239316940308,0.0,1.0
67.09572529792786,0.0,1.0
67.09681439399719,0.0,1.0
67.10572099685669,0.0,1.0
67.10851168632507,0.0,1.0
67.10854434967041,0.0,1.0
67.12381148338318,0.0,1.0
67.12716770172119,0.0,1.0
67.12837886810303,0.0,1.0
67.13551163673401,0.0,1.0
67.13711309432983,0.0,1.0
67.1427206993103,0.0,1.0
67.1452534198761,0.0,1.0
67.15562748908997,0.0,1.0
67.16581130027771,0.0,1.0
67.16670680046082,0.0,1.0
67.17151260375977,0.0,1.0
67.17572069168091,0.0,1.0
67.17859411239624,0.0,1.0
67.1880133152008,0.0,1.0
67.19681119918823,0.0,1.0
67.20602321624756,0.0,1.0
67.20651268959045,0.0,1.0
67.20975995063782,0.0,1.0
67.21172070503235,0.0,1.0
67.22649812698364,0.0,1.0
67.22880601882935,0.0,1.0
67.23651266098022,0.0,1.0
67.2466151714325,0.0,1.0
67.24672174453735,0.0,1.0
67.24835062026978,0.0,1.0
67.26145219802856,0.0,1.0
67.26380610466003,0.0,1.0
67.26950860023499,0.0,1.0
67.27260947227478,0.0,1.0
67.27572178840637,0.0,1.0
67.28789567947388,0.0,1.0
67.2930076122284,0.0,1.0
67.30080604553223,0.0,1.0
67.30177760124207,0.0,1.0
67.30550861358643,0.0,1.0
67.31172180175781,0.0,1.0
67.3130259513855,0.0,1.0
67.32780408859253,0.0,1.0
67.34050869941711,0.0,1.0
67.34554171562195,0.0,1.0
67.34572434425354,0.0,1.0
67.35495042800903,0.0,1.0
67.35680389404297,0.0,1.0
67.3685073852539,0.0,1.0
67.37493443489075,0.0,1.0
67.37572431564331,0.0,1.0
67.37777209281921,0.0,1.0
67.3895435333252,0.0,1.0
67.3965072631836,0.0,1.0
67.39880394935608,0.0,1.0
67.40036511421204,0.0,1.0
67.40272426605225,0.0,1.0
67.41195273399353,0.0,1.0
67.42680168151855,0.0,1.0
67.43457102775574,0.0,1.0
67.4385073184967,0.0,1.0
67.44378447532654,0.0,1.0
67.44572520256042,0.0,1.0
67.45589709281921,0.0,1.0
67.46595859527588,0.0,1.0
67.468505859375,0.0,1.0
67.46980166435242,0.0,1.0
67.47372531890869,0.0,1.0
67.4795937538147,0.0,1.0
67.48422122001648,0.0,1.0
67.49550580978394,0.0,1.0
67.49680161476135,0.0,1.0
67.50379800796509,0.0,1.0
67.50462675094604,0.0,1.0
67.51172542572021,0.0,1.0
67.5166609287262,0.0,1.0
67.52579927444458,0.0,1.0
67.5305700302124,0.0,1.0
67.53851199150085,0.0,1.0
67.54372668266296,0.0,1.0
67.54550433158875,0.0,1.0
67.55007600784302,0.0,1.0
67.55379939079285,0.0,1.0
67.55927062034607,0.0,1.0
67.57172656059265,0.0,1.0
67.57366871833801,0.0,1.0
67.57450461387634,0.0,1.0
67.58530473709106,0.0,1.0
67.59412622451782,0.0,1.0
67.59679937362671,0.0,1.0
67.59872579574585,0.0,1.0
67.60072660446167,0.0,1.0
67.60450434684753,0.0,1.0
67.60488271713257,0.0,1.0
67.62579774856567,0.0,1.0
67.62694239616394,0.0,1.0
67.63810300827026,0.0,1.0
67.63950419425964,0.0,1.0
67.64272689819336,0.0,1.0
67.64951539039612,0.0,1.0
67.65091061592102,0.0,1.0
67.6605544090271,0.0,1.0
67.66579794883728,0.0,1.0
67.6710638999939,0.0,1.0
67.6755018234253,0.0,1.0
67.68072700500488,0.0,1.0
67.6891222000122,0.0,1.0
67.69379782676697,0.0,1.0
67.6948812007904,0.0,1.0
67.70550179481506,0.0,1.0
67.71258401870728,0.0,1.0
67.71272683143616,0.0,1.0
67.72747445106506,0.0,1.0
67.72979831695557,0.0,1.0
67.73368716239929,0.0,1.0
67.7345016002655,0.0,1.0
67.74272632598877,0.0,1.0
67.74786067008972,0.0,1.0
67.76376533508301,0.0,1.0
67.76379799842834,0.0,1.0
67.76450085639954,0.0,1.0
67.76469802856445,0.0,1.0
67.76972651481628,0.0,1.0
67.77662706375122,0.0,1.0
67.78927040100098,0.0,1.0
67.79749941825867,0.0,1.0
67.79979801177979,0.0,1.0
67.80650091171265,0.0,1.0
67.81118297576904,0.0,1.0
67.81172633171082,0.0,1.0
67.82049751281738,0.0,1.0
67.8337938785553,0.0,1.0
67.83550095558167,0.0,1.0
67.84021162986755,0.0,1.0
67.84072828292847,0.0,1.0
67.84881138801575,0.0,1.0
67.86449766159058,0.0,1.0
67.86762118339539,0.0,1.0
67.86779403686523,0.0,1.0
67.87672829627991,0.0,1.0
67.88521265983582,0.0,1.0
67.88579392433167,0.0,1.0
67.89451217651367,0.0,1.0
67.90849781036377,0.0,1.0
67.91072821617126,0.0,1.0
67.91378879547119,0.0,1.0
67.9173219203949,0.0,1.0
67.92879152297974,0.0,1.0
67.93549752235413,0.0,1.0
67.94072842597961,0.0,1.0
67.96379137039185,0.0,1.0
67.96449422836304,0.0,1.0
67.9757285118103,0.0,1.0
67.99779152870178,0.0,1.0
68.00649404525757,0.0,1.0
68.01172852516174,0.0,1.0
68.02778697013855,0.0,1.0
68.03649115562439,0.0,1.0
68.04172873497009,0.0,1.0
68.06384348869324,0.0,1.0
68.06549119949341,0.0,1.0
68.06878709793091,0.0,1.0
68.07072901725769,0.0,1.0
68.0800473690033,0.0,1.0
68.09558868408203,0.0,1.0
68.09578704833984,0.0,1.0
68.10562801361084,0.0,1.0
68.10849118232727,0.0,1.0
68.11172866821289,0.0,1.0
68.12478470802307,0.0,1.0
68.13218760490417,0.0,1.0
68.14073348045349,0.0,1.0
68.14149022102356,0.0,1.0
68.14321827888489,0.0,1.0
68.1449658870697,0.0,1.0
68.15978479385376,0.0,1.0
68.1635320186615,0.0,1.0
68.16973352432251,0.0,1.0
68.17449021339417,0.0,1.0
68.18029451370239,0.0,1.0
68.19231128692627,0.0,1.0
68.19378471374512,0.0,1.0
68.2003722190857,0.0,1.0
68.20548987388611,0.0,1.0
68.20992660522461,0.0,1.0
68.21273350715637,0.0,1.0
68.22028851509094,0.0,1.0
68.22878217697144,0.0,1.0
68.23304724693298,0.0,1.0
68.23948884010315,0.0,1.0
68.23973393440247,0.0,1.0
68.24142980575562,0.0,1.0
68.25089502334595,0.0,1.0
68.26378226280212,0.0,1.0
68.27463555335999,0.0,1.0
68.27548885345459,0.0,1.0
68.27773380279541,0.0,1.0
68.2947154045105,0.0,1.0
68.30078220367432,0.0,1.0
68.30272102355957,0.0,1.0
68.30548882484436,0.0,1.0
68.31173372268677,0.0,1.0
68.3277804851532,0.0,1.0
68.33109307289124,0.0,1.0
68.33388948440552,0.0,1.0
68.33448886871338,0.0,1.0
68.34073567390442,0.0,1.0
68.34197402000427,0.0,1.0
68.35507822036743,0.0,1.0
68.35578060150146,0.0,1.0
68.36448526382446,0.0,1.0
68.36778450012207,0.0,1.0
68.37573552131653,0.0,1.0
68.3871705532074,0.0,1.0
68.39273929595947,0.0,1.0
68.39878034591675,0.0,1.0
68.40648531913757,0.0,1.0
68.41073560714722,0.0,1.0
68.41176295280457,0.0,1.0
68.42477750778198,0.0,1.0
68.42549562454224,0.0,1.0
68.43273782730103,0.0,1.0
68.43648171424866,0.0,1.0
68.44705057144165,0.0,1.0
68.46038818359375,0.0,1.0
68.4627776145935,0.0,1.0
68.46995615959167,0.0,1.0
68.47048163414001,0.0,1.0
68.47473764419556,0.0,1.0
68.48094201087952,0.0,1.0
68.48504829406738,0.0,1.0
68.49547481536865,0.0,1.0
68.49577760696411,0.0,1.0
68.50343942642212,0.0,1.0
68.5054817199707,0.0,1.0
68.51173782348633,0.0,1.0
68.52036619186401,0.0,1.0
68.52619528770447,0.0,1.0
68.53077483177185,0.0,1.0
68.53448176383972,0.0,1.0
68.53792667388916,0.0,1.0
68.5467381477356,0.0,1.0
68.54850220680237,0.0,1.0
68.5561728477478,0.0,1.0
68.55990052223206,0.0,1.0
68.56448125839233,0.0,1.0
68.56577467918396,0.0,1.0
68.57400417327881,0.0,1.0
68.57473826408386,0.0,1.0
68.58206725120544,0.0,1.0
68.58781099319458,0.0,1.0
68.59477472305298,0.0,1.0
68.60043740272522,0.0,1.0
68.60648131370544,0.0,1.0
68.6107382774353,0.0,1.0
68.61191272735596,0.0,1.0
68.62580132484436,0.0,1.0
68.63577127456665,0.0,1.0
68.63648128509521,0.0,1.0
68.64054346084595,0.0,1.0
68.64135813713074,0.0,1.0
68.64673328399658,0.0,1.0
68.65099906921387,0.0,1.0
68.66477131843567,0.0,1.0
68.66547656059265,0.0,1.0
68.66831851005554,0.0,1.0
68.67252969741821,0.0,1.0
68.67473340034485,0.0,1.0
68.68802404403687,0.0,1.0
68.69447660446167,0.0,1.0
68.69977116584778,0.0,1.0
68.7037787437439,0.0,1.0
68.71073341369629,0.0,1.0
68.71229219436646,0.0,1.0
68.72776889801025,0.0,1.0
68.72828555107117,0.0,1.0
68.73273086547852,0.0,1.0
68.73647665977478,0.0,1.0
68.74373459815979,0.0,1.0
68.74765300750732,0.0,1.0
68.7576539516449,0.0,1.0
68.76043581962585,0.0,1.0
68.7637689113617,0.0,1.0
68.7675576210022,0.0,1.0
68.77147603034973,0.0,1.0
68.77173471450806,0.0,1.0
68.77969002723694,0.0,1.0
68.7947633266449,0.0,1.0
68.79776883125305,0.0,1.0
68.8007345199585,0.0,1.0
68.80554032325745,0.0,1.0
68.80647611618042,0.0,1.0
68.82502794265747,0.0,1.0
68.825767993927,0.0,1.0
68.8328914642334,0.0,1.0
68.83647513389587,0.0,1.0
68.83826994895935,0.0,1.0
68.84274435043335,0.0,1.0
68.85000681877136,0.0,1.0
68.86076807975769,0.0,1.0
68.867258310318,0.0,1.0
68.86947512626648,0.0,1.0
68.87174439430237,0.0,1.0
68.88022041320801,0.0,1.0
68.89020252227783,0.0,1.0
68.89447951316833,0.0,1.0
68.89576816558838,0.0,1.0
68.90174460411072,0.0,1.0
68.90647506713867,0.0,1.0
68.90686655044556,0.0,1.0
68.91506576538086,0.0,1.0
68.92576456069946,0.0,1.0
68.93447518348694,0.0,1.0
68.94346928596497,0.0,1.0
68.94374656677246,0.0,1.0
68.94565629959106,0.0,1.0
68.96419095993042,0.0,1.0
68.96800470352173,0.0,1.0
68.96876454353333,0.0,1.0
68.96947288513184,0.0,1.0
68.97174668312073,0.0,1.0
68.97258162498474,0.0,1.0
68.98520517349243,0.0,1.0
68.99576449394226,0.0,1.0
69.00441241264343,0.0,1.0
69.00547289848328,0.0,1.0
69.01474666595459,0.0,1.0
69.01591801643372,0.0,1.0
69.02476119995117,0.0,1.0
69.03646945953369,0.0,1.0
69.0399444103241,0.0,1.0
69.04374861717224,0.0,1.0
69.04903388023376,0.0,1.0
69.05476140975952,0.0,1.0
69.06048011779785,0.0,1.0
69.0656852722168,0.0,1.0
69.06946921348572,0.0,1.0
69.08074831962585,0.0,1.0
69.08690524101257,0.0,1.0
69.09692621231079,0.0,1.0
69.09776139259338,0.0,1.0
69.0997486114502,0.0,1.0
69.10446953773499,0.0,1.0
69.10669302940369,0.0,1.0
69.11717462539673,0.0,1.0
69.12667322158813,0.0,1.0
69.13275861740112,0.0,1.0
69.13394117355347,0.0,1.0
69.1388304233551,0.0,1.0
69.14046859741211,0.0,1.0
69.14275050163269,0.0,1.0
69.15375900268555,0.0,1.0
69.15536069869995,0.0,1.0
69.16689586639404,0.0,1.0
69.1674690246582,0.0,1.0
69.16975045204163,0.0,1.0
69.17824721336365,0.0,1.0
69.19138193130493,0.0,1.0
69.19646859169006,0.0,1.0
69.19675874710083,0.0,1.0
69.20135235786438,0.0,1.0
69.20475053787231,0.0,1.0
69.21378874778748,0.0,1.0
69.22575688362122,0.0,1.0
69.22988820075989,0.0,1.0
69.23688292503357,0.0,1.0
69.2384672164917,0.0,1.0
69.24075174331665,0.0,1.0
69.2454285621643,0.0,1.0
69.25275683403015,0.0,1.0
69.25602769851685,0.0,1.0
69.26846742630005,0.0,1.0
69.27075171470642,0.0,1.0
69.27294254302979,0.0,1.0
69.27914929389954,0.0,1.0
69.28591799736023,0.0,1.0
69.29387974739075,0.0,1.0
69.2977569103241,0.0,1.0
69.30761575698853,0.0,1.0
69.30846738815308,0.0,1.0
69.31052088737488,0.0,1.0
69.31075167655945,0.0,1.0
69.31723284721375,0.0,1.0
69.32575416564941,0.0,1.0
69.33646512031555,0.0,1.0
69.3395299911499,0.0,1.0
69.34075379371643,0.0,1.0
69.3482940196991,0.0,1.0
69.3537540435791,0.0,1.0
69.35712003707886,0.0,1.0
69.36960005760193,0.0,1.0
69.37146520614624,0.0,1.0
69.37575387954712,0.0,1.0
69.38519620895386,0.0,1.0
69.39575409889221,0.0,1.0
69.39765977859497,0.0,1.0
69.40458655357361,0.0,1.0
69.40646505355835,0.0,1.0
69.41175389289856,0.0,1.0
69.42302560806274,0.0,1.0
69.42475128173828,0.0,1.0
69.42686486244202,0.0,1.0
69.43646359443665,0.0,1.0
69.44075441360474,0.0,1.0
69.44404315948486,0.0,1.0
69.44472312927246,0.0,1.0
69.4583580493927,0.0,1.0
69.46751403808594,0.0,1.0
69.46775126457214,0.0,1.0
69.47046375274658,0.0,1.0
69.47075462341309,0.0,1.0
69.47990560531616,0.0,1.0
69.48438620567322,0.0,1.0
69.49475121498108,0.0,1.0
69.49746370315552,0.0,1.0
69.49975061416626,0.0,1.0
69.50194239616394,0.0,1.0
69.51175427436829,0.0,1.0
69.52064514160156,0.0,1.0
69.5297474861145,0.0,1.0
69.5329794883728,0.0,1.0
69.54046392440796,0.0,1.0
69.54075741767883,0.0,1.0
69.54096627235413,0.0,1.0
69.55026340484619,0.0,1.0
69.56474733352661,0.0,1.0
69.56675267219543,0.0,1.0
69.56746125221252,0.0,1.0
69.57575750350952,0.0,1.0
69.58459520339966,0.0,1.0
69.58614826202393,0.0,1.0
69.59641599655151,0.0,1.0
69.5974612236023,0.0,1.0
69.5997474193573,0.0,1.0
69.61175727844238,0.0,1.0
69.61210298538208,0.0,1.0
69.61691904067993,0.0,1.0
69.62774586677551,0.0,1.0
69.63039660453796,0.0,1.0
69.6394579410553,0.0,1.0
69.63998055458069,0.0,1.0
69.6447594165802,0.0,1.0
69.64998602867126,0.0,1.0
69.65574622154236,0.0,1.0
69.66197204589844,0.0,1.0
69.67275953292847,0.0,1.0
69.67545795440674,0.0,1.0
69.67627787590027,0.0,1.0
69.69545793533325,0.0,1.0
69.69646072387695,0.0,1.0
69.69770550727844,0.0,1.0
69.69774580001831,0.0,1.0
69.70376110076904,0.0,1.0
69.71075940132141,0.0,1.0
69.72232246398926,0.0,1.0
69.72574400901794,0.0,1.0
69.7286593914032,0.0,1.0
69.73745799064636,0.0,1.0
69.7383177280426,0.0,1.0
69.74576020240784,0.0,1.0
69.74894547462463,0.0,1.0
69.76174426078796,0.0,1.0
69.76645612716675,0.0,1.0
69.77754616737366,0.0,1.0
69.7787733078003,0.0,1.0
69.78176021575928,0.0,1.0
69.78623700141907,0.0,1.0
69.7957444190979,0.0,1.0
69.79645609855652,0.0,1.0
69.8107602596283,0.0,1.0
69.812415599823,0.0,1.0
69.82431888580322,0.0,1.0
69.8247423171997,0.0,1.0
69.83230662345886,0.0,1.0
69.8364520072937,0.0,1.0
69.84077048301697,0.0,1.0
69.84576296806335,0.0,1.0
69.8536365032196,0.0,1.0
69.86545205116272,0.0,1.0
69.86574220657349,0.0,1.0
69.86742615699768,0.0,1.0
69.87376308441162,0.0,1.0
69.8767340183258,0.0,1.0
69.87674641609192,0.0,1.0
69.88674235343933,0.0,1.0
69.89991235733032,0.0,1.0
69.90845203399658,0.0,1.0
69.90976309776306,0.0,1.0
69.91274952888489,0.0,1.0
69.92240500450134,0.0,1.0
69.92810893058777,0.0,1.0
69.92974042892456,0.0,1.0
69.9354522228241,0.0,1.0
69.937429189682,0.0,1.0
69.94476652145386,0.0,1.0
69.94557642936707,0.0,1.0
69.96474051475525,0.0,1.0
69.96958422660828,0.0,1.0
69.97145175933838,0.0,1.0
69.97476649284363,0.0,1.0
69.98611402511597,0.0,1.0
69.99320459365845,0.0,1.0
69.99474048614502,0.0,1.0
70.00112462043762,0.0,1.0
70.00176668167114,0.0,1.0
70.00645160675049,0.0,1.0
70.00764179229736,0.0,1.0
70.01892900466919,0.0,1.0
70.02773714065552,0.0,1.0
70.03621029853821,0.0,1.0
70.03645181655884,0.0,1.0
70.04376912117004,0.0,1.0
70.04507374763489,0.0,1.0
70.06273579597473,0.0,1.0
70.0667371749878,0.0,1.0
70.07044768333435,0.0,1.0
70.07176923751831,0.0,1.0
70.07842993736267,0.0,1.0
70.09273719787598,0.0,1.0
70.09536790847778,0.0,1.0
70.10524654388428,0.0,1.0
70.10544776916504,0.0,1.0
70.11476922035217,0.0,1.0
70.11490964889526,0.0,1.0
70.12373399734497,0.0,1.0
70.1310875415802,0.0,1.0
70.13444781303406,0.0,1.0
70.14277148246765,0.0,1.0
70.14933657646179,0.0,1.0
70.1524670124054,0.0,1.0
70.16211938858032,0.0,1.0
70.1644492149353,0.0,1.0
70.16573429107666,0.0,1.0
70.17177152633667,0.0,1.0
70.18887734413147,0.0,1.0
70.19473433494568,0.0,1.0
70.19526410102844,0.0,1.0
70.20090651512146,0.0,1.0
70.20644927024841,0.0,1.0
70.2117714881897,0.0,1.0
70.21386218070984,0.0,1.0
70.22373104095459,0.0,1.0
70.23201727867126,0.0,1.0
70.23544573783875,0.0,1.0
70.24277639389038,0.0,1.0
70.24414539337158,0.0,1.0
70.25648713111877,0.0,1.0
70.26384210586548,0.0,1.0
70.26544570922852,0.0,1.0
70.2677309513092,0.0,1.0
70.26977634429932,0.0,1.0
70.27549123764038,0.0,1.0
70.27659058570862,0.0,1.0
70.28809809684753,0.0,1.0
70.29342794418335,0.0,1.0
70.29473114013672,0.0,1.0
70.30355048179626,0.0,1.0
70.30844569206238,0.0,1.0
70.31177639961243,0.0,1.0
70.31818056106567,0.0,1.0
70.32373142242432,0.0,1.0
70.32583904266357,0.0,1.0
70.34044575691223,0.0,1.0
70.34177660942078,0.0,1.0
70.35019087791443,0.0,1.0
70.36573147773743,0.0,1.0
70.37077641487122,0.0,1.0
70.37444233894348,0.0,1.0
70.39644241333008,0.0,1.0
70.39673161506653,0.0,1.0
70.411776304245,0.0,1.0
70.42372870445251,0.0,1.0
70.43844199180603,0.0,1.0
70.439777135849,0.0,1.0
70.4657289981842,0.0,1.0
70.46743822097778,0.0,1.0
70.47577714920044,0.0,1.0
70.49472880363464,0.0,1.0
70.5094382762909,0.0,1.0
70.51077699661255,0.0,1.0
70.52372860908508,0.0,1.0
70.54043817520142,0.0,1.0
70.54477858543396,0.0,1.0
70.5657286643982,0.0,1.0
70.56643629074097,0.0,1.0
70.5737783908844,0.0,1.0
70.59472870826721,0.0,1.0
70.59643626213074,0.0,1.0
70.60377860069275,0.0,1.0
70.62372589111328,0.0,1.0
70.63643622398376,0.0,1.0
70.64377856254578,0.0,1.0
70.6654360294342,0.0,1.0
70.66972589492798,0.0,1.0
70.66982054710388,0.0,1.0
70.67177867889404,0.0,1.0
70.6780526638031,0.0,1.0
70.69244241714478,0.0,1.0
70.69572591781616,0.0,1.0
70.70077872276306,0.0,1.0
70.70843601226807,0.0,1.0
70.72572374343872,0.0,1.0
70.73543381690979,0.0,1.0
70.74378061294556,0.0,1.0
70.75372385978699,0.0,1.0
70.77143359184265,0.0,1.0
70.779780626297,0.0,1.0
70.7957239151001,0.0,1.0
70.80643391609192,0.0,1.0
70.8147804737091,0.0,1.0
70.82472109794617,0.0,1.0
70.83643388748169,0.0,1.0
70.84377932548523,0.0,1.0
70.86672115325928,0.0,1.0
70.86943030357361,0.0,1.0
70.87077951431274,0.0,1.0
70.87472152709961,0.0,1.0
70.89472103118896,0.0,1.0
70.89977931976318,0.0,1.0
70.90543031692505,0.0,1.0
70.90770721435547,0.0,1.0
70.91769194602966,0.0,1.0
70.92371821403503,0.0,1.0
70.9414279460907,0.0,1.0
70.94278240203857,0.0,1.0
70.96571826934814,0.0,1.0
70.96842789649963,0.0,1.0
70.98078274726868,0.0,1.0
70.9964280128479,0.0,1.0
70.99978280067444,0.0,1.0
71.00271821022034,0.0,1.0
71.01199412345886,0.0,1.0
71.0237169265747,0.0,1.0
71.04042601585388,0.0,1.0
71.04378938674927,0.0,1.0
71.06571698188782,0.0,1.0
71.0707893371582,0.0,1.0
71.07542586326599,0.0,1.0
71.0937168598175,0.0,1.0
71.10078930854797,0.0,1.0
71.10942602157593,0.0,1.0
71.12371516227722,0.0,1.0
71.13742589950562,0.0,1.0
71.14279246330261,0.0,1.0
71.164715051651,0.0,1.0
71.16742658615112,0.0,1.0
71.17079257965088,0.0,1.0
71.18719601631165,0.0,1.0
71.19542670249939,0.0,1.0
71.19971513748169,0.0,1.0
71.20127701759338,0.0,1.0
71.21279239654541,0.0,1.0
71.22771382331848,0.0,1.0
71.22917795181274,0.0,1.0
71.23642659187317,0.0,1.0
71.24079322814941,0.0,1.0
71.24972724914551,0.0,1.0
71.2507996559143,0.0,1.0
71.2611927986145,0.0,1.0
71.26371359825134,0.0,1.0
71.26542377471924,0.0,1.0
71.2777931690216,0.0,1.0
71.28806948661804,0.0,1.0
71.29117035865784,0.0,1.0
71.29371380805969,0.0,1.0
71.30475974082947,0.0,1.0
71.30942392349243,0.0,1.0
71.31179332733154,0.0,1.0
71.32113695144653,0.0,1.0
71.32871270179749,0.0,1.0
71.33317041397095,0.5,0.5
71.33542394638062,0.5,0.5
71.34079575538635,0.5,0.5
71.34208536148071,0.5,0.5
71.35580372810364,0.5,0.5
71.36471247673035,0.5,0.5
71.36580395698547,0.5,0.5
71.3714234828949,0.5,0.5
71.37479567527771,0.5,0.5
71.37567186355591,0.5,0.5
71.39131188392639,0.5,0.5
71.3947126865387,0.5,0.5
71.40145874023438,0.5,0.5
71.406423330307,0.5,0.5
71.41079568862915,0.5,0.5
71.41788816452026,0.5,0.5
71.42371034622192,0.5,0.5
71.43151211738586,0.5,0.5
71.43542337417603,0.5,0.5
71.43824529647827,0.5,0.5
71.44580101966858,0.5,0.5
71.45167279243469,0.5,0.5
71.4537103176117,0.5,0.5
71.46720695495605,0.5,0.5
71.46942377090454,0.5,0.5
71.47480082511902,0.5,0.5
71.4775390625,0.5,0.5
71.49238729476929,0.5,0.5
71.49771022796631,0.5,0.5
71.50499033927917,0.5,0.5
71.50542378425598,0.5,0.5
71.51080083847046,0.5,0.5
71.51100707054138,0.4,0.6
71.52104806900024,0.4,0.6
71.52570819854736,0.4,0.6
71.53590440750122,0.4,0.6
71.54142165184021,0.4,0.6
71.5448055267334,0.4,0.6
71.5510241985321,0.4,0.6
71.5547080039978,0.4,0.6
71.56020069122314,0.4,0.6
71.56842160224915,0.4,0.6
71.56986427307129,0.4,0.6
71.57480549812317,0.4,0.6
71.57781386375427,0.4,0.6
71.5976505279541,0.4,0.6
71.59770822525024,0.4,0.6
71.60080552101135,0.4,0.6
71.60442161560059,0.4,0.6
71.60442209243774,0.4,0.6
71.61574935913086,0.4,0.6
71.62897086143494,0.4,0.6
71.63370418548584,0.4,0.6
71.6394214630127,0.4,0.6
71.64280700683594,0.4,0.6
71.6526837348938,0.4,0.6
71.65675401687622,0.4,0.6
71.6677041053772,0.4,0.6
71.66841959953308,0.4,0.6
71.67180705070496,0.4,0.6
71.67892456054688,0.4,0.6
71.68095231056213,0.4,0.6
71.69444799423218,0.4,0.6
71.69570422172546,0.4,0.6
71.69980716705322,0.4,0.6
71.70116949081421,0.5,0.5
71.70441961288452,0.5,0.5
71.714670419693,0.5,0.5
71.72311902046204,0.5,0.5
71.72470307350159,0.5,0.5
71.73494291305542,0.5,0.5
71.7414174079895,0.5,0.5
71.74280977249146,0.5,0.5
71.7447338104248,0.5,0.5
71.7531225681305,0.5,0.5
71.7537031173706,0.5,0.5
71.762864112854,0.5,0.5
71.77080988883972,0.5,0.5
71.77541780471802,0.5,0.5
71.77902293205261,0.5,0.5
71.79570317268372,0.5,0.5
71.79595971107483,0.5,0.5
71.79741740226746,0.5,0.5
71.80680990219116,0.5,0.5
71.81245994567871,0.5,0.5
71.82369923591614,0.5,0.5
71.8309679031372,0.5,0.5
71.83715748786926,0.5,0.5
71.83841753005981,0.5,0.5
71.84081053733826,0.5,0.5
71.85872220993042,0.5,0.5
71.8646993637085,0.5,0.5
71.86671924591064,0.5,0.5
71.86741852760315,0.5,0.5
71.86981058120728,0.5,0.5
71.87721657752991,0.3,0.7
71.89010620117188,0.3,0.7
71.89269924163818,0.3,0.7
71.89541840553284,0.3,0.7
71.9118103981018,0.4,0.6
71.91657400131226,0.4,0.6
71.93093538284302,0.4,0.6
71.93181347846985,0.4,0.6
71.9323902130127,0.4,0.6
71.93569493293762,0.4,0.6
71.94041681289673,0.4,0.6
71.94638395309448,0.2,0.8
71.95504260063171,0.2,0.8
71.96369481086731,0.2,0.8
71.96388554573059,0.2,0.8
71.97441673278809,0.2,0.8
71.97555375099182,0.2,0.8
71.97581338882446,0.2,0.8
71.98638653755188,0.2,0.8
71.99369502067566,0.2,0.8
71.9964656829834,0.2,0.8
72.00441670417786,0.2,0.8
72.00788831710815,0.2,0.8
72.0098135471344,0.2,0.8
72.01739501953125,0.2,0.8
72.02869319915771,0.2,0.8
72.03018832206726,0.2,0.8
72.03941321372986,0.2,0.8
72.0404462814331,0.2,0.8
72.04481291770935,0.2,0.8
72.05089020729065,0.2,0.8
72.06432127952576,0.2,0.8
72.06469321250916,0.2,0.8
72.06710481643677,0.2,0.8
72.0754132270813,0.2,0.8
72.07981300354004,0.2,0.8
72.08133625984192,0.2,0.8
72.08614039421082,0.2,0.8
72.09269309043884,0.2,0.8
72.0985472202301,0.2,0.8
72.1008129119873,0.2,0.8
72.10541319847107,0.2,0.8
72.10854840278625,0.2,0.8
72.12869215011597,0.2,0.8
72.13063955307007,0.2,0.8
72.14041304588318,0.2,0.8
72.14179921150208,0.2,0.8
72.14381432533264,0.2,0.8
72.15924048423767,0.2,0.8
72.16369199752808,0.2,0.8
72.16840982437134,0.2,0.8
72.17197680473328,0.2,0.8
72.17719459533691,0.2,0.8
72.17981433868408,0.2,0.8
72.19369220733643,0.2,0.8
72.19614481925964,0.2,0.8
72.1998143196106,0.2,0.8
72.2044095993042,0.2,0.8
72.20785641670227,0.2,0.8
72.22121119499207,0.2,0.8
72.22868990898132,0.2,0.8
72.23461246490479,0.2,0.8
72.23940801620483,0.2,0.8
72.2428150177002,0.2,0.8
72.24398875236511,0.2,0.8
72.25194716453552,0.2,0.8
72.2664704322815,0.2,0.8
72.26668977737427,0.2,0.8
72.26740789413452,0.2,0.8
72.27081489562988,0.2,0.8
72.27803325653076,0.2,0.8
72.28468990325928,0.2,0.8
72.29540801048279,0.2,0.8
72.30288100242615,0.2,0.8
72.30481505393982,0.2,0.8
72.3102777004242,0.2,0.8
72.31412267684937,0.2,0.8
72.31689453125,0.2,0.8
72.32668733596802,0.2,0.8
72.33491373062134,0.2,0.8
72.3374080657959,0.2,0.8
72.34081673622131,0.2,0.8
72.35079169273376,0.2,0.8
72.3546872138977,0.2,0.8
72.36540603637695,0.2,0.8
72.37481689453125,0.2,0.8
72.37689232826233,0.2,0.8
72.39640593528748,0.2,0.8
72.39668726921082,0.2,0.8
72.39821147918701,0.2,0.8
72.39873361587524,0.2,0.8
72.40917181968689,0.2,0.8
72.41181683540344,0.2,0.8
72.42542767524719,0.2,0.8
72.42568349838257,0.2,0.8
72.43281936645508,0.2,0.8
72.43740320205688,0.2,0.8
72.44266486167908,0.8,0.2
72.44481635093689,0.8,0.2
72.45159792900085,0.8,0.2
72.46440315246582,0.8,0.2
72.4676833152771,0.8,0.2
72.47015428543091,0.8,0.2
72.472815990448,0.8,0.2
72.48210120201111,0.8,0.2
72.49357461929321,0.8,0.2
72.49968338012695,0.8,0.2
72.50081634521484,0.8,0.2
72.50762009620667,0.8,0.2
72.50840306282043,0.8,0.2
72.52022862434387,0.8,0.2
72.52682399749756,1.0,0.0
72.53368067741394,1.0,0.0
72.53540325164795,1.0,0.0
72.53642320632935,1.0,0.0
72.54282021522522,1.0,0.0
72.55929446220398,1.0,0.0
72.55961775779724,1.0,0.0
72.56368041038513,1.0,0.0
72.56440043449402,1.0,0.0
72.564692735672,1.0,0.0
72.570871591568,1.0,0.0
72.57784938812256,1.0,0.0
72.58082008361816,1.0,0.0
72.58711409568787,1.0,0.0
72.59368062019348,1.0,0.0
72.5995786190033,1.0,0.0
72.60082006454468,1.0,0.0
72.60640001296997,1.0,0.0
72.6126356124878,1.0,0.0
72.62052917480469,1.0,0.0
72.62539315223694,1.0,0.0
72.63012146949768,1.0,0.0
72.63540029525757,1.0,0.0
72.6366822719574,1.0,0.0
72.64275884628296,1.0,0.0
72.64482283592224,1.0,0.0
72.65551018714905,1.0,0.0
72.65918302536011,1.0,0.0
72.66468262672424,1.0,0.0
72.66939640045166,1.0,0.0
72.67282295227051,1.0,0.0
72.67366552352905,1.0,0.0
72.67948150634766,1.0,0.0
72.69151210784912,1.0,0.0
72.69368243217468,1.0,0.0
72.70204639434814,1.0,0.0
72.7053964138031,1.0,0.0
72.71082282066345,1.0,0.0
72.71217250823975,1.0,0.0
72.72367978096008,1.0,0.0
72.72568321228027,1.0,0.0
72.73282480239868,1.0,0.0
72.7343966960907,1.0,0.0
72.7344138622284,1.0,0.0
72.74562430381775,1.0,0.0
72.75549221038818,1.0,0.0
72.76467990875244,1.0,0.0
72.76939702033997,1.0,0.0
72.77248096466064,1.0,0.0
72.77759861946106,1.0,0.0
72.78082466125488,1.0,0.0
72.78615999221802,1.0,0.0
72.79367971420288,1.0,0.0
72.80182480812073,1.0,0.0
72.80439686775208,1.0,0.0
72.80777883529663,1.0,0.0
72.81778502464294,1.0,0.0
72.82356333732605,1.0,0.0
72.82867741584778,1.0,0.0
72.83939671516418,1.0,0.0
72.84482526779175,1.0,0.0
72.84588360786438,1.0,0.0
72.85881066322327,1.0,0.0
72.86367750167847,1.0,0.0
72.86739230155945,1.0,0.0
72.86996102333069,1.0,0.0
72.87282514572144,1.0,0.0
72.88590884208679,1.0,0.0
72.89296102523804,1.0,0.0
72.89367747306824,1.0,0.0
72.89539241790771,1.0,0.0
72.90726161003113,1.0,0.0
72.91082525253296,1.0,0.0
72.92286109924316,1.0,0.0
72.92867493629456,1.0,0.0
72.93394041061401,1.0,0.0
72.94039249420166,1.0,0.0
72.94298315048218,1.0,0.0
72.94582724571228,1.0,0.0
72.95903754234314,1.0,0.0
72.96353125572205,1.0,0.0
72.96567487716675,1.0,0.0
72.96639013290405,1.0,0.0
72.9748272895813,1.0,0.0
72.97537803649902,1.0,0.0
72.98059320449829,1.0,0.0
72.99467492103577,1.0,0.0
72.99916434288025,1.0,0.0
73.004390001297,1.0,0.0
73.01082730293274,1.0,0.0
73.02367234230042,1.0,0.0
73.0309112071991,1.0,0.0
73.03939008712769,1.0,0.0
73.03968453407288,1.0,0.0
73.0458312034607,1.0,0.0
73.04821348190308,1.0,0.0
73.06567239761353,1.0,0.0
73.0657856464386,1.0,0.0
73.06838607788086,1.0,0.0
73.07483148574829,1.0,0.0
73.07543611526489,1.0,0.0
73.08981490135193,1.0,0.0
73.09367251396179,1.0,0.0
73.0958526134491,1.0,0.0
73.11038589477539,1.0,0.0
73.11121082305908,1.0,0.0
73.11183142662048,1.0,0.0
73.11732149124146,1.0,0.0
73.12967014312744,1.0,0.0
73.13941526412964,1.0,0.0
73.14038610458374,1.0,0.0
73.14083194732666,1.0,0.0
73.14333724975586,1.0,0.0
73.15198731422424,1.0,0.0
73.16312885284424,1.0,0.0
73.16466999053955,1.0,0.0
73.17083191871643,1.0,0.0
73.17312574386597,1.0,0.0
73.1743848323822,1.0,0.0
73.18271541595459,1.0,0.0
73.19367003440857,1.0,0.0
73.19656252861023,1.0,0.0
73.20538473129272,1.0,0.0
73.20583176612854,1.0,0.0
73.20617151260376,1.0,0.0
73.21302127838135,1.0,0.0
73.22480130195618,1.0,0.0
73.2356653213501,1.0,0.0
73.2393844127655,1.0,0.0
73.24283242225647,1.0,0.0
73.249258518219,1.0,0.0
73.25749039649963,1.0,0.0
73.26366519927979,1.0,0.0
73.26511335372925,1.0,0.0
73.26837682723999,1.0,0.0
73.27083230018616,1.0,0.0
73.29637670516968,1.0,0.0
73.29825282096863,1.0,0.0
73.29866528511047,1.0,0.0
73.30123114585876,0.6,0.4
73.31101298332214,0.6,0.4
73.31183242797852,0.6,0.4
73.31757760047913,0.6,0.4
73.32867932319641,0.6,0.4
73.33366298675537,0.6,0.4
73.33937668800354,0.6,0.4
73.33983421325684,0.6,0.4
73.34793090820312,0.6,0.4
73.35143661499023,0.6,0.4
73.35606122016907,0.6,0.4
73.36366295814514,0.6,0.4
73.3663740158081,0.6,0.4
73.37583422660828,0.6,0.4
73.37922239303589,0.6,0.4
73.38199639320374,0.6,0.4
73.39637422561646,0.6,0.4
73.39675855636597,0.6,0.4
73.39982032775879,0.6,0.4
73.40066289901733,0.6,0.4
73.4109480381012,0.6,0.4
73.41183400154114,0.6,0.4
73.42177128791809,0.6,0.4
73.4276602268219,0.6,0.4
73.43395400047302,0.6,0.4
73.43637418746948,0.6,0.4
73.44483399391174,0.6,0.4
73.44705939292908,0.6,0.4
73.46366000175476,0.6,0.4
73.46489715576172,0.6,0.4
73.4653708934784,0.6,0.4
73.47483420372009,0.6,0.4
73.48474764823914,0.6,0.4
73.49652075767517,0.8,0.2
73.49866008758545,0.9,0.1
73.50283408164978,0.9,0.1
73.50456619262695,1.0,0.0
73.50837087631226,1.0,0.0
73.516357421875,1.0,0.0
73.51902270317078,1.0,0.0
73.52765846252441,1.0,0.0
73.53196406364441,1.0,0.0
73.53537082672119,1.0,0.0
73.54383826255798,1.0,0.0
73.55003952980042,1.0,0.0
73.55550241470337,1.0,0.0
73.56365847587585,1.0,0.0
73.57136964797974,1.0,0.0
73.57315611839294,1.0,0.0
73.58083820343018,1.0,0.0
73.58847069740295,1.0,0.0
73.5996584892273,1.0,0.0
73.59983801841736,1.0,0.0
73.60343980789185,1.0,0.0
73.60536980628967,1.0,0.0
73.6136531829834,1.0,0.0
73.61948084831238,1.0,0.0
73.62765693664551,1.0,0.0
73.63109683990479,1.0,0.0
73.64036965370178,1.0,0.0
73.64283752441406,1.0,0.0
73.64936447143555,1.0,0.0
73.65876388549805,1.0,0.0
73.66465711593628,1.0,0.0
73.66836643218994,1.0,0.0
73.67083740234375,1.0,0.0
73.67340564727783,1.0,0.0
73.68478655815125,1.0,0.0
73.6896333694458,1.0,0.0
73.69636654853821,1.0,0.0
73.69765710830688,1.0,0.0
73.70483779907227,1.0,0.0
73.71578788757324,1.0,0.0
73.72565484046936,1.0,0.0
73.7398419380188,1.0,0.0
73.74136662483215,1.0,0.0
73.76636672019958,1.0,0.0
73.76965475082397,1.0,0.0
73.77484178543091,1.0,0.0
73.79565501213074,1.0,0.0
73.79636669158936,1.0,0.0
73.79656720161438,1.0,0.0
73.80692291259766,1.0,0.0
73.81184220314026,1.0,0.0
73.81262540817261,1.0,0.0
73.8229124546051,1.0,0.0
73.82565331459045,1.0,0.0
73.83736681938171,1.0,0.0
73.83837056159973,1.0,0.0
73.84484219551086,1.0,0.0
73.85365319252014,1.0,0.0
73.85660934448242,1.0,0.0
73.86436462402344,1.0,0.0
73.8684458732605,1.0,0.0
73.87284207344055,1.0,0.0
73.88405132293701,1.0,0.0
73.88983869552612,1.0,0.0
73.89565324783325,1.0,0.0
73.90084218978882,1.0,0.0
73.90836453437805,1.0,0.0
73.91422724723816,0.7,0.3
73.91506814956665,0.7,0.3
73.92073249816895,0.7,0.3
73.92465114593506,0.7,0.3
73.93436455726624,0.7,0.3
73.93469572067261,0.8,0.2
73.93570852279663,0.8,0.2
73.94284439086914,0.8,0.2
73.96000504493713,0.8,0.2
73.96665120124817,0.8,0.2
73.96780586242676,0.8,0.2
73.96936106681824,0.8,0.2
73.9774899482727,0.8,0.2
73.98084449768066,0.8,0.2
73.9869487285614,0.8,0.2
73.99465107917786,0.8,0.2
73.99866580963135,0.8,0.2
74.00436115264893,0.8,0.2
74.00684452056885,0.8,0.2
74.01283740997314,0.8,0.2
74.02364706993103,0.8,0.2
74.03409314155579,0.8,0.2
74.03936123847961,0.8,0.2
74.04084420204163,0.8,0.2
74.04197359085083,0.8,0.2
74.04760789871216,0.8,0.2
74.05917978286743,0.8,0.2
74.06699895858765,0.8,0.2
74.06764698028564,0.8,0.2
74.07535791397095,0.8,0.2
74.07784414291382,0.8,0.2
74.07875895500183,0.8,0.2
74.09464716911316,0.8,0.2
74.09473180770874,0.8,0.2
74.10828971862793,0.8,0.2
74.10935759544373,0.8,0.2
74.11184406280518,0.8,0.2
74.12214422225952,0.8,0.2
74.12364554405212,0.8,0.2
74.13072991371155,0.8,0.2
74.14084506034851,0.8,0.2
74.14435577392578,0.8,0.2
74.15288162231445,0.6,0.4
74.15920615196228,0.6,0.4
74.16535568237305,0.6,0.4
74.16664552688599,0.6,0.4
74.17077589035034,0.6,0.4
74.17949604988098,0.6,0.4
74.18184494972229,0.6,0.4
74.19664549827576,0.6,0.4
74.20035576820374,0.6,0.4
74.2018449306488,0.6,0.4
74.20849537849426,0.6,0.4
74.2246413230896,0.6,0.4
74.22553873062134,0.6,0.4
74.23406314849854,0.6,0.4
74.23635578155518,0.6,0.4
74.23943829536438,0.6,0.4
74.2448468208313,0.6,0.4
74.25038719177246,0.6,0.4
74.25280547142029,0.6,0.4
74.26612734794617,0.6,0.4
74.2686414718628,0.6,0.4
74.27035188674927,0.6,0.4
74.27184700965881,0.6,0.4
74.27794313430786,0.5,0.5
74.29564142227173,0.5,0.5
74.29662609100342,0.5,0.5
74.30356168746948,0.5,0.5
74.30535221099854,0.5,0.5
74.31084680557251,0.5,0.5
74.31694602966309,0.5,0.5
74.32563900947571,0.5,0.5
74.3325526714325,0.5,0.5
74.33435201644897,0.5,0.5
74.34584760665894,0.5,0.5
74.34708738327026,0.5,0.5
74.35118532180786,0.5,0.5
74.35628652572632,0.5,0.5
74.36754131317139,0.5,0.5
74.36763906478882,0.5,0.5
74.36935210227966,0.5,0.5
74.37664723396301,0.5,0.5
74.3828477859497,0.5,0.5
74.38789963722229,0.5,0.5
74.39419388771057,0.5,0.5
74.39663910865784,0.5,0.5
74.40435218811035,0.5,0.5
74.40697240829468,0.5,0.5
74.4108476638794,0.5,0.5
74.41975331306458,0.5,0.5
74.42363691329956,0.5,0.5
74.4239559173584,0.5,0.5
74.43934941291809,0.5,0.5
74.44216632843018,0.5,0.5
74.4456205368042,0.5,0.5
74.44584918022156,0.5,0.5
74.45562481880188,0.5,0.5
74.46834921836853,0.5,0.5
74.46863675117493,0.5,0.5
74.47009301185608,0.5,0.5
74.47484922409058,0.5,0.5
74.48788595199585,0.5,0.5
74.49563670158386,0.5,0.5
74.49615716934204,0.5,0.5
74.49734950065613,0.5,0.5
74.5019211769104,0.5,0.5
74.51084923744202,0.5,0.5
74.51227760314941,0.5,0.5
74.52563428878784,0.5,0.5
74.53441429138184,0.5,0.5
74.53934931755066,0.5,0.5
74.54685091972351,0.5,0.5
74.56168246269226,0.5,0.5
74.5663480758667,0.5,0.5
74.5686342716217,0.5,0.5
74.57454919815063,0.5,0.5
74.5748507976532,0.5,0.5
74.58905553817749,0.5,0.5
74.59634804725647,0.5,0.5
74.59763431549072,0.5,0.5
74.60472440719604,0.5,0.5
74.61085081100464,0.5,0.5
74.61783194541931,0.5,0.5
74.62463045120239,0.5,0.5
74.6319990158081,0.5,0.5
74.6363480091095,0.5,0.5
74.63933849334717,0.5,0.5
74.64485168457031,0.5,0.5
74.6453001499176,0.5,0.5
74.6599771976471,0.5,0.5
74.66534519195557,0.5,0.5
74.6666305065155,0.5,0.5
74.67285180091858,0.5,0.5
74.6867139339447,0.5,0.5
74.69463062286377,0.5,0.5
74.69658470153809,0.5,0.5
74.70085167884827,0.5,0.5
74.70834517478943,0.5,0.5
74.71120810508728,0.5,0.5
74.71737456321716,0.5,0.5
74.72362852096558,0.5,0.5
74.7266104221344,0.5,0.5
74.7363452911377,0.5,0.5
74.74385333061218,0.5,0.5
74.7460253238678,0.5,0.5
74.7642912864685,0.5,0.5
74.7653431892395,0.5,0.5
74.76662850379944,0.5,0.5
74.77463245391846,0.5,0.5
74.77650570869446,0.5,0.5
74.78085327148438,0.5,0.5
74.7946286201477,0.5,0.5
74.79534316062927,0.5,0.5
74.80285334587097,0.5,0.5
74.8037588596344,0.5,0.5
74.81362199783325,0.5,0.5
74.8271050453186,0.6,0.4
74.82863163948059,0.6,0.4
74.83634328842163,0.6,0.4
74.8393394947052,0.6,0.4
74.84388041496277,0.5,0.5
74.84485936164856,0.5,0.5
74.85794711112976,0.5,0.5
74.86086201667786,0.5,0.5
74.86363172531128,0.5,0.5
74.86434006690979,0.5,0.5
74.87585926055908,0.5,0.5
74.88313102722168,0.6,0.4
74.89863181114197,0.6,0.4
74.90834021568298,0.6,0.4
74.91085934638977,0.6,0.4
74.9276294708252,0.6,0.4
74.93534016609192,0.6,0.4
74.94685959815979,0.6,0.4
74.96462941169739,0.6,0.4
74.97133612632751,0.6,0.4
74.97252821922302,0.6,0.4
74.98185920715332,0.6,0.4
74.9827492237091,0.6,0.4
74.99662947654724,0.6,0.4
75.0043032169342,0.6,0.4
75.00533604621887,0.6,0.4
75.01185941696167,0.6,0.4
75.0202145576477,0.6,0.4
75.02150058746338,0.6,0.4
75.02462601661682,0.6,0.4
75.02733612060547,0.6,0.4
75.03268790245056,0.6,0.4
75.04480814933777,0.6,0.4
75.04485893249512,0.6,0.4
75.05262660980225,0.6,0.4
75.05700635910034,0.6,0.4
75.07533240318298,0.6,0.4
75.07649111747742,0.6,0.4
75.08285903930664,0.6,0.4
75.0848741531372,0.6,0.4
75.09562635421753,0.6,0.4
75.09733271598816,0.6,0.4
75.09977650642395,0.6,0.4
75.11085891723633,0.6,0.4
75.11244773864746,0.6,0.4
75.11992239952087,0.6,0.4
75.12462520599365,0.6,0.4
75.13526582717896,0.6,0.4
75.14033269882202,0.6,0.4
75.14479780197144,0.6,0.4
75.14786124229431,0.6,0.4
75.15843510627747,0.6,0.4
75.16462564468384,0.6,0.4
75.16633200645447,0.6,0.4
75.17163109779358,0.6,0.4
75.18086123466492,0.6,0.4
75.19262552261353,0.6,0.4
75.19313454627991,0.6,0.4
75.19633221626282,0.6,0.4
75.20386123657227,0.6,0.4
75.20633602142334,0.6,0.4
75.21976399421692,0.6,0.4
75.22862505912781,0.6,0.4
75.23137879371643,0.6,0.4
75.23633217811584,0.6,0.4
75.2408401966095,0.6,0.4
75.24486994743347,0.6,0.4
75.25291061401367,0.6,0.4
75.26292300224304,0.6,0.4
75.2636251449585,0.6,0.4
75.2653295993805,0.6,0.4
75.27287006378174,0.6,0.4
75.28530693054199,0.6,0.4
75.28787660598755,0.6,0.4
75.29362511634827,0.6,0.4
75.30187010765076,0.6,0.4
75.30832982063293,0.6,0.4
75.30981302261353,0.5,0.5
75.32020235061646,0.5,0.5
75.32562375068665,0.5,0.5
75.32662057876587,0.5,0.5
75.33532786369324,0.5,0.5
75.34387302398682,0.5,0.5
75.34854412078857,0.5,0.5
75.35362386703491,0.5,0.5
75.35976362228394,0.5,0.5
75.37132787704468,0.5,0.5
75.37882018089294,0.5,0.5
75.38063097000122,0.5,0.5
75.38087272644043,0.5,0.5
75.38914942741394,0.5,0.5
75.3966236114502,0.5,0.5
75.39922142028809,0.5,0.5
75.39987301826477,0.5,0.5
75.40632820129395,0.5,0.5
75.41130518913269,0.5,0.5
75.42489814758301,0.5,0.5
75.42562127113342,0.5,0.5
75.4353277683258,0.5,0.5
75.4438726902008,0.5,0.5
75.44492053985596,0.5,0.5
75.45193696022034,0.5,0.5
75.46055388450623,0.5,0.5
75.46562123298645,0.5,0.5
75.46932601928711,0.5,0.5
75.47087240219116,0.5,0.5
75.47237920761108,0.5,0.5
75.48069882392883,0.5,0.5
75.49043941497803,0.6,0.4
75.49362111091614,0.6,0.4
75.49993848800659,0.6,0.4
75.5004014968872,0.6,0.4
75.50087261199951,0.6,0.4
75.50532627105713,0.6,0.4
75.51854538917542,0.6,0.4
75.52961897850037,0.6,0.4
75.54132461547852,0.6,0.4
75.54286789894104,0.6,0.4
75.54592061042786,0.6,0.4
75.55660247802734,0.6,0.4
75.56361889839172,0.6,0.4
75.57186794281006,0.6,0.4
75.57229661941528,0.6,0.4
75.57532453536987,0.6,0.4
75.5771176815033,0.6,0.4
75.59632444381714,0.6,0.4
75.59961891174316,0.6,0.4
75.60086822509766,0.6,0.4
75.6067910194397,0.6,0.4
75.61991000175476,0.6,0.4
75.627432346344,0.6,0.4
75.63461470603943,0.6,0.4
75.63487768173218,0.6,0.4
75.63932466506958,0.6,0.4
75.63943934440613,0.6,0.4
75.64486980438232,0.6,0.4
75.64722275733948,0.6,0.4
75.66395807266235,0.6,0.4
75.6673231124878,0.6,0.4
75.66761469841003,0.6,0.4
75.66924214363098,0.6,0.4
75.67286968231201,0.6,0.4
75.68863439559937,0.6,0.4
75.69261479377747,0.6,0.4
75.69532299041748,0.6,0.4
75.70040893554688,0.6,0.4
75.71047902107239,0.6,0.4
75.71086978912354,0.6,0.4
75.72335147857666,0.6,0.4
75.73461413383484,0.6,0.4
75.7366418838501,0.6,0.4
75.73732209205627,0.7,0.3
75.74346494674683,0.7,0.3
75.74587154388428,0.7,0.3
75.75258135795593,0.7,0.3
75.75775575637817,0.7,0.3
75.76361393928528,0.7,0.3
75.76632189750671,0.7,0.3
75.76682686805725,0.7,0.3
75.78087162971497,0.7,0.3
75.78888821601868,0.7,0.3
75.79322504997253,0.7,0.3
75.79632210731506,0.7,0.3
75.79761409759521,0.7,0.3
75.80187153816223,0.7,0.3
75.80340576171875,0.7,0.3
75.81906270980835,0.7,0.3
75.83319020271301,0.7,0.3
75.83460879325867,0.7,0.3
75.83632016181946,0.7,0.3
75.84487175941467,0.7,0.3
75.84894633293152,0.7,0.3
75.86029386520386,0.7,0.3
75.86532020568848,0.7,0.3
75.86824440956116,0.7,0.3
75.8686089515686,0.7,0.3
75.87187170982361,0.7,0.3
75.88473129272461,0.7,0.3
75.89660882949829,0.7,0.3
75.89918732643127,0.7,0.3
75.90187191963196,0.7,0.3
75.90726780891418,0.7,0.3
75.90832018852234,0.7,0.3
75.92041373252869,0.7,0.3
75.92460751533508,0.7,0.3
75.92949199676514,0.7,0.3
75.93532013893127,0.7,0.3
75.94287323951721,0.7,0.3
75.95313906669617,0.7,0.3
75.96384620666504,0.7,0.3
75.96531701087952,0.7,0.3
75.96760773658752,0.7,0.3
75.97186994552612,0.7,0.3
75.97187328338623,0.7,0.3
75.98607921600342,0.7,0.3
75.99039006233215,0.7,0.3
75.99660754203796,0.7,0.3
75.9973452091217,0.7,0.3
76.0063169002533,0.7,0.3
76.01307916641235,0.7,0.3
76.01387333869934,0.7,0.3
76.01930713653564,0.7,0.3
76.02360439300537,0.7,0.3
76.0293185710907,0.8,0.2
76.03631687164307,0.8,0.2
76.0417218208313,0.8,0.2
76.04187488555908,0.8,0.2
76.05892848968506,0.8,0.2
76.06660461425781,0.8,0.2
76.06841135025024,0.8,0.2
76.06931400299072,0.8,0.2
76.07488632202148,0.8,0.2
76.07887482643127,0.8,0.2
76.08056211471558,0.8,0.2
76.09312033653259,0.8,0.2
76.0946044921875,0.8,0.2
76.102854013443,0.8,0.2
76.10531401634216,0.8,0.2
76.10587501525879,0.8,0.2
76.1150004863739,0.8,0.2
76.12860321998596,0.8,0.2
76.12939095497131,0.8,0.2
76.13431406021118,0.8,0.2
76.14187550544739,0.8,0.2
76.14431715011597,0.8,0.2
76.14762949943542,0.8,0.2
76.15816235542297,0.8,0.2
76.16531205177307,0.8,0.2
76.16560363769531,0.8,0.2
76.16892290115356,0.8,0.2
76.17587542533875,0.8,0.2
76.18021821975708,0.8,0.2
76.18459844589233,0.8,0.2
76.19155240058899,0.8,0.2
76.19560360908508,0.8,0.2
76.20327043533325,0.8,0.2
76.20731210708618,0.9,0.1
76.21287536621094,0.9,0.1
76.22367572784424,0.9,0.1
76.22460222244263,0.9,0.1
76.2330710887909,0.9,0.1
76.23631191253662,0.9,0.1
76.2408766746521,0.9,0.1
76.24433708190918,0.9,0.1
76.25062489509583,0.9,0.1
76.25360226631165,0.9,0.1
76.26430821418762,0.9,0.1
76.27187657356262,0.9,0.1
76.27528119087219,0.9,0.1
76.28540563583374,0.9,0.1
76.29460215568542,0.9,0.1
76.29718470573425,0.9,0.1
76.30352711677551,0.9,0.1
76.30830812454224,0.9,0.1
76.3098816871643,0.9,0.1
76.31387639045715,0.9,0.1
76.31487274169922,0.9,0.1
76.32359981536865,0.9,0.1
76.32630801200867,0.9,0.1
76.33430814743042,0.9,0.1
76.33544516563416,0.9,0.1
76.34288120269775,0.9,0.1
76.34629559516907,1.0,0.0
76.3601565361023,1.0,0.0
76.36759972572327,1.0,0.0
76.36930561065674,1.0,0.0
76.3728814125061,1.0,0.0
76.37335228919983,1.0,0.0
76.3854169845581,1.0,0.0
76.39359974861145,1.0,0.0
76.39465069770813,1.0,0.0
76.40188121795654,1.0,0.0
76.40530586242676,1.0,0.0
76.40855503082275,1.0,0.0
76.41709899902344,1.0,0.0
76.42359733581543,1.0,0.0
76.42730593681335,1.0,0.0
76.4292004108429,1.0,0.0
76.44548201560974,1.0,0.0
76.44788408279419,1.0,0.0
76.45925450325012,1.0,0.0
76.46559739112854,1.0,0.0
76.4683027267456,1.0,0.0
76.47388410568237,1.0,0.0
76.47580170631409,1.0,0.0
76.48762726783752,1.0,0.0
76.49559736251831,1.0,0.0
76.49711990356445,1.0,0.0
76.50630283355713,1.0,0.0
76.51088404655457,1.0,0.0
76.52359318733215,1.0,0.0
76.52712655067444,1.0,0.0
76.53530287742615,1.0,0.0
76.53681302070618,1.0,0.0
76.54540848731995,1.0,0.0
76.54688334465027,1.0,0.0
76.5595932006836,1.0,0.0
76.56451439857483,1.0,0.0
76.56530165672302,1.0,0.0
76.57352113723755,1.0,0.0
76.57588338851929,1.0,0.0
76.58846139907837,1.0,0.0
76.59359335899353,1.0,0.0
76.60049867630005,1.0,0.0
76.60288333892822,1.0,0.0
76.60630178451538,1.0,0.0
76.61724972724915,1.0,0.0
76.62359070777893,1.0,0.0
76.62569403648376,1.0,0.0
76.63014364242554,1.0,0.0
76.63630175590515,1.0,0.0
76.6432363986969,1.0,0.0
76.64388489723206,1.0,0.0
76.65276861190796,1.0,0.0
76.65292239189148,1.0,0.0
76.66459083557129,1.0,0.0
76.66929841041565,1.0,0.0
76.67188501358032,1.0,0.0
76.6735200881958,1.0,0.0
76.68192553520203,1.0,0.0
76.69592475891113,1.0,0.0
76.6995906829834,1.0,0.0
76.70529866218567,1.0,0.0
76.70595717430115,1.0,0.0
76.70688486099243,1.0,0.0
76.7218132019043,1.0,0.0
76.72612118721008,1.0,0.0
76.72758841514587,1.0,0.0
76.73485493659973,1.0,0.0
76.74129867553711,1.0,0.0
76.74288868904114,1.0,0.0
76.7514476776123,1.0,0.0
76.75558853149414,1.0,0.0
76.76422667503357,1.0,0.0
76.76829671859741,1.0,0.0
76.7708888053894,1.0,0.0
76.77372121810913,1.0,0.0
76.7786512374878,1.0,0.0
76.78923535346985,1.0,0.0
76.79958844184875,1.0,0.0
76.80188870429993,1.0,0.0
76.80429673194885,1.0,0.0
76.80452299118042,1.0,0.0
76.81460165977478,1.0,0.0
76.82407402992249,1.0,0.0
76.8285858631134,1.0,0.0
76.83929657936096,1.0,0.0
76.8438949584961,1.0,0.0
76.84966826438904,1.0,0.0
76.86358594894409,1.0,0.0
76.86522269248962,1.0,0.0
76.8730742931366,1.0,0.0
76.87629270553589,1.0,0.0
76.87730765342712,1.0,0.0
76.88189482688904,1.0,0.0
76.88733386993408,1.0,0.0
76.89629292488098,1.0,0.0
76.8985857963562,1.0,0.0
76.8992075920105,1.0,0.0
76.90689492225647,1.0,0.0
76.91709613800049,1.0,0.0
76.92658495903015,1.0,0.0
76.92784380912781,1.0,0.0
76.9402928352356,1.0,0.0
76.94389486312866,1.0,0.0
76.94913148880005,1.0,0.0
76.95482921600342,1.0,0.0
76.95558500289917,1.0,0.0
76.96142721176147,1.0,0.0
76.97189497947693,1.0,0.0
76.97429060935974,1.0,0.0
76.9815764427185,1.0,0.0
76.99098563194275,1.0,0.0
76.99629044532776,1.0,0.0
76.99858474731445,1.0,0.0
76.99904942512512,1.0,0.0
77.00089502334595,1.0,0.0
77.01371669769287,1.0,0.0
77.02658247947693,1.0,0.0
77.02683115005493,1.0,0.0
77.02745079994202,1.0,0.0
77.03658175468445,1.0,0.0
77.03728938102722,1.0,0.0
77.04289650917053,1.0,0.0
77.04863858222961,1.0,0.0
77.05441451072693,1.0,0.0
77.05558252334595,1.0,0.0
77.06415700912476,1.0,0.0
77.06528949737549,1.0,0.0
77.07109427452087,1.0,0.0
77.0728964805603,1.0,0.0
77.08063507080078,1.0,0.0
77.0942895412445,1.0,0.0
77.09528827667236,1.0,0.0
77.09858250617981,1.0,0.0
77.10689640045166,1.0,0.0
77.11053967475891,1.0,0.0
77.12100648880005,1.0,0.0
77.12658047676086,1.0,0.0
77.12875247001648,1.0,0.0
77.13628959655762,1.0,0.0
77.142897605896,1.0,0.0
77.14501667022705,1.0,0.0
77.1576840877533,1.0,0.0
77.16189074516296,1.0,0.0
77.16358041763306,1.0,0.0
77.16428875923157,1.0,0.0
77.1718978881836,1.0,0.0
77.18898916244507,1.0,0.0
77.1995804309845,1.0,0.0
77.20089793205261,1.0,0.0
77.2026298046112,1.0,0.0
77.20628881454468,1.0,0.0
77.21713280677795,1.0,0.0
77.22901606559753,1.0,0.0
77.23457622528076,1.0,0.0
77.23628759384155,1.0,0.0
77.23677206039429,1.0,0.0
77.2439022064209,1.0,0.0
77.2493212223053,1.0,0.0
77.25230765342712,1.0,0.0
77.26928782463074,1.0,0.0
77.26957607269287,1.0,0.0
77.27202105522156,1.0,0.0
77.27390217781067,1.0,0.0
77.28244519233704,1.0,0.0
77.29333782196045,1.0,0.0
77.2965760231018,1.0,0.0
77.2974739074707,1.0,0.0
77.30428767204285,1.0,0.0
77.30590200424194,1.0,0.0
77.31467080116272,1.0,0.0
77.32557129859924,1.0,0.0
77.33063626289368,1.0,0.0
77.33446741104126,1.0,0.0
77.34028768539429,1.0,0.0
77.34290409088135,1.0,0.0
77.34851121902466,1.0,0.0
77.35819840431213,1.0,0.0
77.36757135391235,1.0,0.0
77.3701560497284,1.0,0.0
77.37190413475037,1.0,0.0
77.37428593635559,1.0,0.0
77.37657380104065,1.0,0.0
77.39557123184204,0.9,0.1
77.40428590774536,0.9,0.1
77.40690422058105,0.9,0.1
77.42345976829529,1.0,0.0
77.42456769943237,1.0,0.0
77.42603540420532,1.0,0.0
77.43136501312256,1.0,0.0
77.43928599357605,1.0,0.0
77.44290590286255,1.0,0.0
77.44737553596497,1.0,0.0
77.45828485488892,1.0,0.0
77.46656775474548,1.0,0.0
77.47136521339417,1.0,0.0
77.47190594673157,1.0,0.0
77.47528290748596,1.0,0.0
77.4816665649414,1.0,0.0
77.49459505081177,1.0,0.0
77.4955677986145,1.0,0.0
77.49628281593323,1.0,0.0
77.49868702888489,1.0,0.0
77.50690579414368,1.0,0.0
77.51086139678955,1.0,0.0
77.52038621902466,1.0,0.0
77.5295660495758,1.0,0.0
77.53254699707031,1.0,0.0
77.53519654273987,1.0,0.0
77.54028272628784,1.0,0.0
77.5419089794159,1.0,0.0
77.55101871490479,1.0,0.0
77.55819034576416,0.6,0.4
77.56340646743774,0.6,0.4
77.56556606292725,0.6,0.4
77.56628131866455,0.6,0.4
77.57890892028809,0.6,0.4
77.57926750183105,0.6,0.4
77.58300828933716,0.6,0.4
77.59377527236938,0.6,0.4
77.59456610679626,0.6,0.4
77.59628129005432,0.6,0.4
77.60590887069702,0.6,0.4
77.61207056045532,0.6,0.4
77.62956380844116,0.6,0.4
77.63209819793701,0.6,0.4
77.6339123249054,0.6,0.4
77.63805627822876,0.6,0.4
77.64415001869202,0.6,0.4
77.64427900314331,0.6,0.4
77.6549003124237,0.6,0.4
77.66427874565125,0.6,0.4
77.6655638217926,0.6,0.4
77.66588926315308,0.6,0.4
77.67402720451355,0.6,0.4
77.67591261863708,0.6,0.4
77.69456386566162,0.6,0.4
77.70277619361877,0.5,0.5
77.70727872848511,0.5,0.5
77.70957493782043,0.5,0.5
77.71191215515137,0.5,0.5
77.72546768188477,0.5,0.5
77.72956132888794,0.5,0.5
77.73123097419739,0.5,0.5
77.73427867889404,0.5,0.5
77.74286270141602,0.5,0.5
77.74541473388672,0.5,0.5
77.74691414833069,0.5,0.5
77.75540375709534,0.5,0.5
77.75856137275696,0.5,0.5
77.76527714729309,0.5,0.5
77.76876759529114,0.5,0.5
77.77591395378113,0.5,0.5
77.78032732009888,0.6,0.4
77.7945613861084,0.6,0.4
77.79648351669312,0.6,0.4
77.80159187316895,0.6,0.4
77.8072772026062,0.6,0.4
77.81091403961182,0.6,0.4
77.81962013244629,0.6,0.4
77.82855772972107,0.6,0.4
77.83097505569458,0.6,0.4
77.83627462387085,0.6,0.4
77.84282445907593,0.6,0.4
77.8459153175354,0.6,0.4
77.86158323287964,0.6,0.4
77.86282014846802,0.6,0.4
77.86555767059326,0.6,0.4
77.87027430534363,0.6,0.4
77.87591528892517,0.6,0.4
77.87749886512756,0.6,0.4
77.88439083099365,0.6,0.4
77.88555765151978,0.6,0.4
77.89980626106262,0.6,0.4
77.9029152393341,0.6,0.4
77.90527439117432,0.6,0.4
77.90961408615112,0.6,0.4
77.92147159576416,0.6,0.4
77.9275553226471,0.6,0.4
77.93989062309265,0.6,0.4
77.94127440452576,0.6,0.4
77.94391775131226,0.6,0.4
77.94996190071106,0.6,0.4
77.96209239959717,0.6,0.4
77.96455550193787,0.6,0.4
77.96827244758606,0.6,0.4
77.97037363052368,0.6,0.4
77.9729175567627,0.6,0.4
77.98323702812195,0.6,0.4
77.99955534934998,0.6,0.4
77.99991774559021,0.6,0.4
78.00427222251892,0.6,0.4
78.00619626045227,0.6,0.4
78.02138328552246,0.5,0.5
78.02755188941956,0.5,0.5
78.03336668014526,0.5,0.5
78.03927230834961,0.5,0.5
78.03958702087402,0.5,0.5
78.04291892051697,0.5,0.5
78.05226302146912,0.5,0.5
78.063551902771,0.5,0.5
78.07087659835815,0.5,0.5
78.07191896438599,0.5,0.5
78.07527089118958,0.5,0.5
78.09504389762878,0.5,0.5
78.09527087211609,0.5,0.5
78.0985517501831,0.5,0.5
78.09957981109619,0.5,0.5
78.10491895675659,0.5,0.5
78.12987041473389,0.5,0.5
78.13454675674438,0.5,0.5
78.13533091545105,0.5,0.5
78.13991832733154,0.5,0.5
78.14026761054993,0.5,0.5
78.15132260322571,0.5,0.5
78.1635468006134,0.5,0.5
78.16626763343811,0.5,0.5
78.16749119758606,0.5,0.5
78.17691850662231,0.5,0.5
78.18411040306091,0.5,0.5
78.18555164337158,0.5,0.5
78.19354701042175,0.5,0.5
78.19626760482788,0.5,0.5
78.21091842651367,0.5,0.5
78.21200203895569,0.5,0.5
78.22313928604126,0.4,0.6
78.22854518890381,0.4,0.6
78.23607802391052,0.4,0.6
78.23626780509949,0.4,0.6
78.24492001533508,0.4,0.6
78.25471210479736,0.4,0.6
78.26454520225525,0.4,0.6
78.2652645111084,0.4,0.6
78.2658326625824,0.4,0.6
78.27292013168335,0.4,0.6
78.2777771949768,0.4,0.6
78.28228211402893,0.4,0.6
78.29583239555359,0.4,0.6
78.2985451221466,0.4,0.6
78.30092000961304,0.4,0.6
78.30826449394226,0.4,0.6
78.31878352165222,0.4,0.6
78.32140350341797,0.4,0.6
78.32665538787842,0.5,0.5
78.32854199409485,0.5,0.5
78.3352644443512,0.5,0.5
78.34292221069336,0.5,0.5
78.35654211044312,0.5,0.5
78.35783100128174,0.5,0.5
78.3630723953247,0.5,0.5
78.3642635345459,0.5,0.5
78.37449336051941,0.5,0.5
78.38092231750488,0.5,0.5
78.38366723060608,0.5,0.5
78.39189577102661,0.5,0.5
78.39454221725464,0.5,0.5
78.3996844291687,0.5,0.5
78.40192222595215,0.5,0.5
78.40626382827759,0.5,0.5
78.40990209579468,0.5,0.5
78.41774940490723,0.5,0.5
78.42315697669983,0.5,0.5
78.42954134941101,0.5,0.5
78.43526363372803,0.5,0.5
78.44320702552795,0.5,0.5
78.44392466545105,0.5,0.5
78.45476841926575,0.5,0.5
78.46554136276245,0.5,0.5
78.46651577949524,0.5,0.5
78.46925973892212,0.5,0.5
78.47192454338074,0.5,0.5
78.47836399078369,0.5,0.5
78.48925471305847,0.5,0.5
78.49255800247192,0.5,0.5
78.49454140663147,0.5,0.5
78.50525975227356,0.5,0.5
78.50873923301697,0.5,0.5
78.50892448425293,0.5,0.5
78.52446007728577,0.5,0.5
78.52953386306763,0.5,0.5
78.541259765625,0.5,0.5
78.54292559623718,0.5,0.5
78.54511046409607,0.5,0.5
78.55132007598877,0.5,0.5
78.56553387641907,0.5,0.5
78.5682578086853,0.5,0.5
78.56989312171936,0.5,0.5
78.57292580604553,0.5,0.5
78.58103466033936,0.5,0.5
78.58634114265442,0.5,0.5
78.59353399276733,0.5,0.5
78.59707641601562,0.5,0.5
78.59725761413574,0.5,0.5
78.60113501548767,0.5,0.5
78.6094765663147,0.5,0.5
78.61392593383789,0.5,0.5
78.62199020385742,0.5,0.5
78.62726402282715,0.5,0.5
78.62853240966797,0.5,0.5
78.63658046722412,0.5,0.5
78.6382577419281,0.5,0.5
78.64292788505554,0.5,0.5
78.6474335193634,0.5,0.5
78.66529846191406,0.5,0.5
78.66553235054016,0.5,0.5
78.67092800140381,0.5,0.5
78.67383766174316,0.5,0.5
78.6752552986145,0.5,0.5
78.68030834197998,0.5,0.5
78.68553233146667,0.5,0.5
78.69128203392029,0.5,0.5
78.70073056221008,0.5,0.5
78.70925521850586,0.5,0.5
78.71292781829834,0.5,0.5
78.71320629119873,0.5,0.5
78.72319006919861,0.5,0.5
78.734530210495,0.5,0.5
78.73542904853821,0.5,0.5
78.74025511741638,0.5,0.5
78.74192547798157,0.5,0.5
78.74839234352112,0.5,0.5
78.75553035736084,0.5,0.5
78.76717805862427,0.5,0.5
78.77092552185059,0.5,0.5
78.77425193786621,0.5,0.5
78.77956771850586,0.5,0.5
78.78707003593445,0.5,0.5
78.79516124725342,0.5,0.5
78.79625177383423,0.5,0.5
78.7985303401947,0.5,0.5
78.80510950088501,0.5,0.5
78.81292581558228,0.5,0.5
78.81968712806702,0.5,0.5
78.82652592658997,0.5,0.5
78.83505415916443,0.5,0.5
78.83825159072876,0.5,0.5
78.84092712402344,0.5,0.5
78.84783506393433,0.5,0.5
78.85652589797974,0.5,0.5
78.86114120483398,0.5,0.5
78.86824917793274,0.5,0.5
78.86950039863586,0.5,0.5
78.87892723083496,0.5,0.5
78.87980246543884,0.5,0.5
78.88951015472412,0.4,0.6
78.8975260257721,0.4,0.6
78.89792680740356,0.4,0.6
78.90438175201416,0.4,0.6
78.90824937820435,0.4,0.6
78.91092705726624,0.4,0.6
78.92652201652527,0.4,0.6
78.92706775665283,0.4,0.6
78.93292832374573,0.4,0.6
78.93624925613403,0.4,0.6
78.94468402862549,0.4,0.6
78.95452213287354,0.4,0.6
78.95605039596558,0.4,0.6
78.96524930000305,0.4,0.6
78.96841239929199,0.4,0.6
78.97492861747742,0.4,0.6
78.98031163215637,0.4,0.6
78.98629021644592,0.4,0.6
78.99852204322815,0.4,0.6
79.0029284954071,0.4,0.6
79.00624918937683,0.4,0.6
79.00645160675049,0.4,0.6
79.01604175567627,0.4,0.6
79.02351641654968,0.4,0.6
79.0265200138092,0.4,0.6
79.03525567054749,0.5,0.5
79.03624939918518,0.5,0.5
79.04692912101746,0.5,0.5
79.05416941642761,0.5,0.5
79.0555202960968,0.5,0.5
79.0590672492981,0.5,0.5
79.06786298751831,0.5,0.5
79.06924533843994,0.5,0.5
79.07192921638489,0.5,0.5
79.07830381393433,0.5,0.5
79.09591245651245,0.5,0.5
79.09752035140991,0.5,0.5
79.0978832244873,0.5,0.5
79.09992909431458,0.5,0.5
79.10424542427063,0.5,0.5
79.1244957447052,0.4,0.6
79.12551856040955,0.4,0.6
79.14024519920349,0.4,0.6
79.14293193817139,0.4,0.6
79.14721274375916,0.4,0.6
79.15451860427856,0.4,0.6
79.16267395019531,0.4,0.6
79.17093205451965,0.4,0.6
79.17173194885254,0.4,0.6
79.17424249649048,0.4,0.6
79.17905640602112,0.4,0.6
79.1934666633606,0.4,0.6
79.1962423324585,0.4,0.6
79.19651865959167,0.4,0.6
79.20720338821411,0.4,0.6
79.21193194389343,0.4,0.6
79.21989941596985,0.4,0.6
79.22522902488708,0.4,0.6
79.22551774978638,0.4,0.6
79.23724246025085,0.4,0.6
79.23820066452026,0.4,0.6
79.24093675613403,0.4,0.6
79.25192856788635,0.4,0.6
79.2545177936554,0.4,0.6
79.26324820518494,0.4,0.6
79.26523900032043,0.4,0.6
79.269296169281,0.4,0.6
79.27593684196472,0.4,0.6
79.28444981575012,0.4,0.6
79.29851770401001,0.4,0.6
79.30418705940247,0.4,0.6
79.30823874473572,0.4,0.6
79.30837321281433,0.4,0.6
79.31193685531616,0.4,0.6
79.31675004959106,0.4,0.6
79.32451605796814,0.4,0.6
79.32989072799683,0.4,0.6
79.33230662345886,0.4,0.6
79.33523869514465,0.4,0.6
79.3417022228241,0.4,0.6
79.34494090080261,0.4,0.6
79.34982872009277,0.4,0.6
79.36014604568481,0.4,0.6
79.36151599884033,0.4,0.6
79.36916041374207,0.5,0.5
79.37123775482178,0.5,0.5
79.37594103813171,0.5,0.5
79.38490891456604,0.5,0.5
79.38924241065979,0.5,0.5
79.39551591873169,0.5,0.5
79.40523767471313,0.5,0.5
79.40670561790466,0.5,0.5
79.41494083404541,0.5,0.5
79.4191780090332,0.5,0.5
79.42651414871216,0.5,0.5
79.43044376373291,0.5,0.5
79.44123768806458,0.5,0.5
79.44394159317017,0.5,0.5
79.44558310508728,0.5,0.5
79.45456981658936,0.5,0.5
79.46651411056519,0.5,0.5
79.46802020072937,0.5,0.5
79.47523331642151,0.5,0.5
79.47648763656616,0.5,0.5
79.48094177246094,0.5,0.5
79.48745608329773,0.5,0.5
79.49641346931458,0.5,0.5
79.4972333908081,0.5,0.5
79.49851417541504,0.5,0.5
79.50694179534912,0.5,0.5
79.50860810279846,0.5,0.5
79.52060461044312,0.5,0.5
79.52651190757751,0.5,0.5
79.53211641311646,0.5,0.5
79.54023337364197,0.5,0.5
79.54094171524048,0.5,0.5
79.5545117855072,0.5,0.5
79.5586006641388,0.6,0.4
79.56623029708862,0.6,0.4
79.56827306747437,0.6,0.4
79.57094168663025,0.6,0.4
79.57343244552612,0.6,0.4
79.58496904373169,0.6,0.4
79.59523034095764,0.6,0.4
79.59551191329956,0.6,0.4
79.59802317619324,0.6,0.4
79.60794162750244,0.6,0.4
79.6093122959137,0.6,0.4
79.61501336097717,0.6,0.4
79.62714719772339,0.6,0.4
79.62750697135925,0.6,0.4
79.63150215148926,0.6,0.4
79.63622999191284,0.6,0.4
79.64194226264954,0.6,0.4
79.65062379837036,0.6,0.4
79.66422986984253,0.6,0.4
79.66660666465759,0.6,0.4
79.66850709915161,0.6,0.4
79.67194199562073,0.6,0.4
79.68964719772339,0.6,0.4
79.69550704956055,0.6,0.4
79.69750690460205,0.6,0.4
79.70822978019714,0.6,0.4
79.70846366882324,0.6,0.4
79.71194219589233,0.6,0.4
79.7201600074768,0.6,0.4
79.72410821914673,0.6,0.4
79.7245044708252,0.6,0.4
79.73422980308533,0.6,0.4
79.73794960975647,0.6,0.4
79.74094581604004,0.6,0.4
79.74380445480347,0.6,0.4
79.75813317298889,0.6,0.4
79.76523017883301,0.6,0.4
79.7665045261383,0.6,0.4
79.76864290237427,0.6,0.4
79.7749457359314,0.6,0.4
79.77742338180542,0.6,0.4
79.78866529464722,0.6,0.4
79.79342794418335,0.6,0.4
79.79550457000732,0.6,0.4
79.80722999572754,0.6,0.4
79.80779933929443,0.6,0.4
79.81194591522217,0.6,0.4
79.81793022155762,0.6,0.4
79.82950258255005,0.6,0.4
79.8308777809143,0.6,0.4
79.83623003959656,0.6,0.4
79.84594750404358,0.6,0.4
79.84679794311523,0.6,0.4
79.85133337974548,0.6,0.4
79.86450266838074,0.6,0.4
79.864581823349,0.3,0.7
79.87022614479065,0.3,0.7
79.87394762039185,0.3,0.7
79.87885022163391,0.4,0.6
79.89059376716614,0.4,0.6
79.89915013313293,0.4,0.6
79.89950275421143,0.4,0.6
79.90194749832153,0.4,0.6
79.90522599220276,0.4,0.6
79.9084210395813,0.4,0.6
79.9145941734314,0.4,0.6
79.9275906085968,0.4,0.6
79.93422627449036,0.4,0.6
79.9345006942749,0.4,0.6
79.93832802772522,0.4,0.6
79.94494986534119,0.4,0.6
79.94598960876465,0.4,0.6
79.95550060272217,0.4,0.6
79.95786261558533,0.4,0.6
79.96522617340088,0.4,0.6
79.96817111968994,0.4,0.6
79.97650051116943,0.4,0.6
79.98194980621338,0.4,0.6
79.98968243598938,0.4,0.6
79.9975004196167,0.4,0.6
79.99870610237122,0.4,0.6
80.00094985961914,0.4,0.6
80.00722599029541,0.4,0.6
80.01378917694092,0.4,0.6
80.01634097099304,0.4,0.6
80.02549982070923,0.4,0.6
80.02653241157532,0.4,0.6
80.03622627258301,0.4,0.6
80.0415244102478,0.5,0.5
80.04295182228088,0.5,0.5
80.04817175865173,0.5,0.5
80.05210971832275,0.5,0.5
80.05649900436401,0.5,0.5
80.06049966812134,0.5,0.5
80.07022213935852,0.5,0.5
80.07195162773132,0.5,0.5
80.08160352706909,0.5,0.5
80.09549951553345,0.5,0.5
80.09604001045227,0.5,0.5
80.10095167160034,0.5,0.5
80.10139060020447,0.5,0.5
80.10622215270996,0.5,0.5
80.10760450363159,0.5,0.5
80.11792325973511,0.5,0.5
80.1286940574646,0.5,0.5
80.1304988861084,0.5,0.5
80.13422060012817,0.5,0.5
80.14195561408997,0.5,0.5
80.14731907844543,0.5,0.5
80.15849900245667,0.5,0.5
80.16170501708984,0.5,0.5
80.16922044754028,0.5,0.5
80.169837474823,0.5,0.5
80.17395567893982,0.5,0.5
80.18703627586365,0.5,0.5
80.1944990158081,0.5,0.5
80.19636821746826,0.5,0.5
80.20095586776733,0.5,0.5
80.20522046089172,0.5,0.5
80.20762300491333,0.6,0.4
80.21972560882568,0.6,0.4
80.22177505493164,0.6,0.4
80.22849655151367,0.6,0.4
80.22969269752502,0.6,0.4
80.24022030830383,0.6,0.4
80.24495720863342,0.6,0.4
80.25749659538269,0.6,0.4
80.26273393630981,0.6,0.4
80.26304793357849,0.6,0.4
80.26676988601685,0.6,0.4
80.26821494102478,0.6,0.4
80.27295732498169,0.6,0.4
80.28040337562561,0.6,0.4
80.2870717048645,0.6,0.4
80.29849648475647,0.6,0.4
80.30097246170044,0.6,0.4
80.30521488189697,0.6,0.4
80.31095719337463,0.6,0.4
80.33286261558533,0.6,0.4
80.33421492576599,0.6,0.4
80.33449387550354,0.6,0.4
80.34230995178223,0.6,0.4
80.3459587097168,0.6,0.4
80.35377430915833,0.6,0.4
80.35449361801147,0.6,0.4
80.36217761039734,0.5,0.5
80.36921286582947,0.6,0.4
80.37495851516724,0.6,0.4
80.37640500068665,0.6,0.4
80.38523626327515,0.6,0.4
80.39527702331543,0.6,0.4
80.3979845046997,0.6,0.4
80.39849400520325,0.6,0.4
80.40521287918091,0.6,0.4
80.40991449356079,0.6,0.4
80.41195869445801,0.6,0.4
80.42339587211609,0.6,0.4
80.42649221420288,0.6,0.4
80.4332525730133,0.6,0.4
80.43921303749084,0.6,0.4
80.4409646987915,0.6,0.4
80.45549201965332,0.6,0.4
80.46721029281616,0.6,0.4
80.4677357673645,0.6,0.4
80.47066354751587,0.6,0.4
80.47096467018127,0.6,0.4
80.48497486114502,0.6,0.4
80.49749159812927,0.6,0.4
80.5017638206482,0.6,0.4
80.50596475601196,0.6,0.4
80.50921034812927,0.6,0.4
80.51654887199402,0.6,0.4
80.52548861503601,0.6,0.4
80.53067803382874,0.6,0.4
80.53720760345459,0.6,0.4
80.54196572303772,0.6,0.4
80.54468107223511,0.6,0.4
80.55348801612854,0.6,0.4
80.55444741249084,0.6,0.4
80.5623345375061,0.6,0.4
80.56520748138428,0.6,0.4
80.57596588134766,0.6,0.4
80.58318305015564,0.8,0.2
80.5918242931366,0.8,0.2
80.5921413898468,0.8,0.2
80.59548830986023,0.8,0.2
80.60120749473572,0.8,0.2
80.6083505153656,0.8,0.2
80.61196565628052,0.8,0.2
80.6186535358429,0.8,0.2
80.62448763847351,0.8,0.2
80.63620781898499,0.8,0.2
80.64012575149536,0.8,0.2
80.64575052261353,0.8,0.2
80.64696621894836,0.8,0.2
80.65361642837524,0.5,0.5
80.6606011390686,0.5,0.5
80.66748762130737,0.5,0.5
80.67021107673645,0.5,0.5
80.67496633529663,0.5,0.5
80.6754503250122,0.5,0.5
80.68935656547546,0.5,0.5
80.69648766517639,0.5,0.5
80.69679546356201,0.5,0.5
80.70296621322632,0.5,0.5
80.70521116256714,0.5,0.5
80.71320819854736,0.5,0.5
80.7215485572815,0.5,0.5
80.72348523139954,0.5,0.5
80.73389601707458,0.5,0.5
80.74120831489563,0.5,0.5
80.7439866065979,0.6,0.4
80.74596810340881,0.6,0.4
80.75239300727844,0.6,0.4
80.76430773735046,0.6,0.4
80.76548528671265,0.6,0.4
80.7727861404419,0.6,0.4
80.77520799636841,0.6,0.4
80.77596807479858,0.6,0.4
80.78509521484375,0.6,0.4
80.79448533058167,0.6,0.4
80.79720830917358,0.6,0.4
80.79872822761536,0.6,0.4
80.80196809768677,0.6,0.4
80.82448315620422,0.6,0.4
80.82753205299377,0.6,0.4
80.83325290679932,0.7,0.3
80.83920860290527,0.7,0.3
80.84396815299988,0.7,0.3
80.84789633750916,0.7,0.3
80.86290788650513,0.7,0.3
80.86548328399658,0.7,0.3
80.86742281913757,0.7,0.3
80.87291932106018,0.7,0.3
80.87296795845032,0.7,0.3
80.8762047290802,0.7,0.3
80.89348316192627,0.7,0.3
80.89520502090454,0.7,0.3
80.90129399299622,0.7,0.3
80.91231393814087,0.7,0.3
80.91496801376343,0.7,0.3
80.92220640182495,0.8,0.2
80.92683029174805,0.8,0.2
80.92948079109192,0.8,0.2
80.93666052818298,0.8,0.2
80.93920469284058,0.8,0.2
80.9429726600647,0.8,0.2
80.95873379707336,0.8,0.2
80.96448087692261,0.8,0.2
80.96620297431946,0.8,0.2
80.96755695343018,0.8,0.2
80.97297239303589,0.8,0.2
80.98191380500793,0.8,0.2
80.98936939239502,0.8,0.2
80.99448084831238,0.8,0.2
80.99520301818848,0.8,0.2
80.99948382377625,0.8,0.2
81.0129725933075,0.8,0.2
81.02050709724426,0.8,0.2
81.02082800865173,0.8,0.2
81.03390550613403,0.8,0.2
81.0344786643982,0.8,0.2
81.03620290756226,0.8,0.2
81.04797315597534,0.8,0.2
81.04809856414795,0.8,0.2
81.05690002441406,0.8,0.2
81.06347870826721,0.8,0.2
81.06519818305969,0.8,0.2
81.0696861743927,0.8,0.2
81.07597327232361,0.8,0.2
81.08261919021606,0.8,0.2
81.09637451171875,0.9,0.1
81.09747862815857,0.9,0.1
81.10452842712402,0.9,0.1
81.10797309875488,0.9,0.1
81.10819816589355,0.9,0.1
81.11780047416687,0.9,0.1
81.12155604362488,0.9,0.1
81.12870121002197,1.0,0.0
81.1344747543335,1.0,0.0
81.13519525527954,1.0,0.0
81.13769245147705,1.0,0.0
81.14197373390198,1.0,0.0
81.14639043807983,1.0,0.0
81.15347480773926,1.0,0.0
81.15793180465698,1.0,0.0
81.16445517539978,1.0,0.0
81.17119526863098,1.0,0.0
81.17197370529175,1.0,0.0
81.18314456939697,1.0,0.0
81.1984748840332,1.0,0.0
81.20123100280762,1.0,0.0
81.20519518852234,1.0,0.0
81.21297359466553,1.0,0.0
81.21384239196777,1.0,0.0
81.22547245025635,1.0,0.0
81.22572088241577,1.0,0.0
81.23210620880127,1.0,0.0
81.24019527435303,1.0,0.0
81.24197578430176,1.0,0.0
81.2462306022644,1.0,0.0
81.25266671180725,1.0,0.0
81.26094675064087,1.0,0.0
81.26347255706787,1.0,0.0
81.26437759399414,1.0,0.0
81.27519154548645,1.0,0.0
81.27697587013245,1.0,0.0
81.27941918373108,1.0,0.0
81.29619121551514,1.0,0.0
81.29747247695923,1.0,0.0
81.30422639846802,1.0,0.0
81.30431962013245,1.0,0.0
81.31197571754456,1.0,0.0
81.32277178764343,1.0,0.0
81.32399702072144,1.0,0.0
81.33346819877625,1.0,0.0
81.34019136428833,1.0,0.0
81.34116101264954,1.0,0.0
81.34797620773315,1.0,0.0
81.35182189941406,1.0,0.0
81.3632345199585,1.0,0.0
81.3661892414093,1.0,0.0
81.36846780776978,1.0,0.0
81.37597632408142,1.0,0.0
81.37742161750793,1.0,0.0
81.39518904685974,1.0,0.0
81.39646792411804,1.0,0.0
81.40296626091003,1.0,0.0
81.41197633743286,1.0,0.0
81.41306161880493,1.0,0.0
81.42446708679199,1.0,0.0
81.43190121650696,1.0,0.0
81.4319748878479,1.0,0.0
81.4361891746521,1.0,0.0
81.44540643692017,1.0,0.0
81.4562315940857,1.0,0.0
81.4684669971466,1.0,0.0
81.47118592262268,1.0,0.0
81.47697496414185,1.0,0.0
81.47803044319153,1.0,0.0
81.48315644264221,1.0,0.0
81.49589610099792,1.0,0.0
81.49746704101562,1.0,0.0
81.49990034103394,1.0,0.0
81.50818586349487,1.0,0.0
81.51197504997253,1.0,0.0
81.52050614356995,1.0,0.0
81.52546668052673,1.0,0.0
81.53100371360779,1.0,0.0
81.53794527053833,1.0,0.0
81.54097628593445,1.0,0.0
81.5411856174469,1.0,0.0
81.54688549041748,1.0,0.0
81.55446648597717,1.0,0.0
81.56123161315918,1.0,0.0
81.56918549537659,1.0,0.0
81.56972980499268,1.0,0.0
81.57597661018372,1.0,0.0
81.57959723472595,1.0,0.0
81.59746646881104,1.0,0.0
81.5977692604065,1.0,0.0
81.60518550872803,1.0,0.0
81.61035799980164,1.0,0.0
81.61297631263733,1.0,0.0
81.62207841873169,1.0,0.0
81.62546420097351,1.0,0.0
81.62818551063538,1.0,0.0
81.63115787506104,1.0,0.0
81.63297700881958,1.0,0.0
81.65446400642395,1.0,0.0
81.65511512756348,1.0,0.0
81.65663075447083,1.0,0.0
81.66636753082275,1.0,0.0
81.67017388343811,1.0,0.0
81.67518615722656,1.0,0.0
81.67797684669495,1.0,0.0
81.6821141242981,1.0,0.0
81.68862628936768,1.0,0.0
81.69618606567383,1.0,0.0
81.69746422767639,1.0,0.0
81.71197700500488,1.0,0.0
81.71323466300964,1.0,0.0
81.71610760688782,1.0,0.0
81.72546219825745,1.0,0.0
81.72814202308655,1.0,0.0
81.73398017883301,1.0,0.0
81.74018621444702,1.0,0.0
81.74254369735718,1.0,0.0
81.75701689720154,1.0,0.0
81.76346206665039,1.0,0.0
81.76718640327454,1.0,0.0
81.77406454086304,1.0,0.0
81.78298020362854,1.0,0.0
81.79718661308289,1.0,0.0
81.79775071144104,1.0,0.0
81.7984619140625,1.0,0.0
81.81198000907898,1.0,0.0
81.81792330741882,1.0,0.0
81.8248929977417,1.0,0.0
81.83445835113525,1.0,0.0
81.83718657493591,1.0,0.0
81.83862781524658,1.0,0.0
81.84098291397095,1.0,0.0
81.8461127281189,1.0,0.0
81.85112953186035,1.0,0.0
81.86215901374817,1.0,0.0
81.86345839500427,1.0,0.0
81.86718559265137,1.0,0.0
81.87098288536072,1.0,0.0
81.87799572944641,1.0,0.0
81.89618587493896,1.0,0.0
81.89707136154175,1.0,0.0
81.89839029312134,1.0,0.0
81.89945840835571,1.0,0.0
81.91298294067383,1.0,0.0
81.92745661735535,1.0,0.0
81.92812776565552,1.0,0.0
81.92942595481873,1.0,0.0
81.93918561935425,1.0,0.0
81.94198513031006,1.0,0.0
81.94956517219543,1.0,0.0
81.96056294441223,1.0,0.0
81.96345639228821,1.0,0.0
81.96693062782288,1.0,0.0
81.97098517417908,1.0,0.0
81.97418475151062,1.0,0.0
81.97923135757446,1.0,0.0
81.9916980266571,1.0,0.0
81.99618482589722,1.0,0.0
81.99745631217957,1.0,0.0
82.0008590221405,1.0,0.0
82.00766563415527,1.0,0.0
82.01398515701294,1.0,0.0
82.01921391487122,1.0,0.0
82.0254533290863,1.0,0.0
82.03106021881104,1.0,0.0
82.037184715271,1.0,0.0
82.0392472743988,1.0,0.0
82.0419852733612,1.0,0.0
82.05224609375,1.0,0.0
82.05989027023315,1.0,0.0
82.06618165969849,1.0,0.0
82.06845331192017,1.0,0.0
82.07098531723022,1.0,0.0
82.07488536834717,1.0,0.0
82.08722496032715,1.0,0.0
82.0954532623291,1.0,0.0
82.10630011558533,1.0,0.0
82.1081817150116,1.0,0.0
82.111985206604,1.0,0.0
82.11786413192749,1.0,0.0
82.12445163726807,1.0,0.0
82.13618159294128,1.0,0.0
82.1397590637207,1.0,0.0
82.13998770713806,1.0,0.0
82.15190768241882,1.0,0.0
82.16403841972351,1.0,0.0
82.16745162010193,1.0,0.0
82.17118072509766,1.0,0.0
82.1759877204895,1.0,0.0
82.17737364768982,1.0,0.0
82.19070363044739,1.0,0.0
82.1954517364502,1.0,0.0
82.20618057250977,1.0,0.0
82.20763683319092,1.0,0.0
82.20807147026062,1.0,0.0
82.21198773384094,1.0,0.0
82.22164011001587,1.0,0.0
82.22344875335693,1.0,0.0
82.23356866836548,1.0,0.0
82.2361810207367,1.0,0.0
82.24098992347717,1.0,0.0
82.2437756061554,1.0,0.0
82.26234292984009,1.0,0.0
82.26544857025146,1.0,0.0
82.27022910118103,1.0,0.0
82.27098989486694,1.0,0.0
82.27345633506775,1.0,0.0
82.27617931365967,1.0,0.0
82.28337502479553,1.0,0.0
82.29244875907898,1.0,0.0
82.29542565345764,1.0,0.0
82.30343699455261,1.0,0.0
82.30517935752869,1.0,0.0
82.31198978424072,1.0,0.0
82.31462621688843,1.0,0.0
82.32263684272766,1.0,0.0
82.3284478187561,1.0,0.0
82.33566379547119,1.0,0.0
82.3401792049408,1.0,0.0
82.34099054336548,1.0,0.0
82.34219908714294,1.0,0.0
82.36344790458679,1.0,0.0
82.36367559432983,1.0,0.0
82.36578512191772,1.0,0.0
82.36817741394043,1.0,0.0
82.37599039077759,1.0,0.0
82.37951040267944,1.0,0.0
82.38863205909729,1.0,0.0
82.39344787597656,1.0,0.0
82.39717721939087,1.0,0.0
82.41199040412903,1.0,0.0
82.41459035873413,1.0,0.0
82.41588735580444,1.0,0.0
82.42184138298035,1.0,0.0
82.43444561958313,1.0,0.0
82.43764019012451,1.0,0.0
82.43817734718323,1.0,0.0
82.44482755661011,1.0,0.0
82.44699192047119,1.0,0.0
82.45344591140747,1.0,0.0
82.46552324295044,1.0,0.0
82.4671745300293,1.0,0.0
82.47499179840088,1.0,0.0
82.47749519348145,1.0,0.0
82.49054527282715,1.0,0.0
82.49436831474304,1.0,0.0
82.49617457389832,1.0,0.0
82.49844574928284,1.0,0.0
82.50387907028198,1.0,0.0
82.51199221611023,1.0,0.0
82.51285982131958,1.0,0.0
82.51922535896301,1.0,0.0
82.52444434165955,1.0,0.0
82.53546190261841,1.0,0.0
82.54017448425293,1.0,0.0
82.54205536842346,1.0,0.0
82.54699444770813,1.0,0.0
82.54770112037659,1.0,0.0
82.559903383255,1.0,0.0
82.56544399261475,1.0,0.0
82.56617307662964,1.0,0.0
82.57346725463867,1.0,0.0
82.57599449157715,1.0,0.0
82.58112406730652,1.0,0.0
82.59187602996826,1.0,0.0
82.59344434738159,1.0,0.0
82.59517312049866,1.0,0.0
82.60299444198608,1.0,0.0
82.60414052009583,1.0,0.0
82.61472606658936,1.0,0.0
82.62676787376404,1.0,0.0
82.62944030761719,1.0,0.0
82.63319849967957,1.0,0.0
82.63717293739319,1.0,0.0
82.64499473571777,1.0,0.0
82.64731693267822,1.0,0.0
82.6577935218811,1.0,0.0
82.66344022750854,1.0,0.0
82.66617178916931,1.0,0.0
82.6718955039978,1.0,0.0
82.67299461364746,1.0,0.0
82.68215608596802,1.0,0.0
82.69557785987854,1.0,0.0
82.6994400024414,1.0,0.0
82.7019944190979,1.0,0.0
82.70817160606384,1.0,0.0
82.70846176147461,1.0,0.0
82.71991348266602,1.0,0.0
82.72743821144104,1.0,0.0
82.72852349281311,1.0,0.0
82.73617172241211,1.0,0.0
82.74399518966675,1.0,0.0
82.74640321731567,1.0,0.0
82.7494797706604,1.0,0.0
82.76343822479248,1.0,0.0
82.77116966247559,1.0,0.0
82.77185487747192,1.0,0.0
82.77299523353577,1.0,0.0
82.77734899520874,1.0,0.0
82.78650307655334,1.0,0.0
82.79406213760376,1.0,0.0
82.79843807220459,1.0,0.0
82.80237245559692,1.0,0.0
82.80699515342712,1.0,0.0
82.80716967582703,1.0,0.0
82.83029842376709,1.0,0.0
82.8344337940216,1.0,0.0
82.8351697921753,1.0,0.0
82.84018754959106,1.0,0.0
82.84399700164795,1.0,0.0
82.86443376541138,1.0,0.0
82.87020325660706,1.0,0.0
82.8709967136383,1.0,0.0
82.87717342376709,1.0,0.0
82.8858551979065,1.0,0.0
82.8934338092804,1.0,0.0
82.90099668502808,1.0,0.0
82.90254163742065,1.0,0.0
82.90517354011536,1.0,0.0
82.90770411491394,1.0,0.0
82.92201018333435,1.0,0.0
82.92843580245972,1.0,0.0
82.9339530467987,1.0,0.0
82.94017243385315,1.0,0.0
82.94299793243408,1.0,0.0
82.94331455230713,1.0,0.0
82.95326900482178,1.0,0.0
82.96337842941284,1.0,0.0
82.96443581581116,1.0,0.0
82.96817255020142,1.0,0.0
82.97199821472168,1.0,0.0
82.97846245765686,1.0,0.0
82.99343585968018,1.0,0.0
82.99717259407043,1.0,0.0
83.00258469581604,1.0,0.0
83.0074520111084,1.0,0.0
83.01299810409546,1.0,0.0
83.01564717292786,1.0,0.0
83.02559494972229,1.0,0.0
83.02843427658081,1.0,0.0
83.03163576126099,1.0,0.0
83.03817248344421,1.0,0.0
83.0409996509552,1.0,0.0
83.0416374206543,1.0,0.0
83.05291652679443,1.0,0.0
83.06343460083008,1.0,0.0
83.06649351119995,1.0,0.0
83.06716918945312,1.0,0.0
83.07799959182739,1.0,0.0
83.07851099967957,1.0,0.0
83.09616923332214,1.0,0.0
83.09781885147095,1.0,0.0
83.09843420982361,1.0,0.0
83.10763192176819,1.0,0.0
83.11199951171875,1.0,0.0
83.12045001983643,1.0,0.0
83.12643218040466,1.0,0.0
83.12705659866333,1.0,0.0
83.1396369934082,1.0,0.0
83.14016842842102,1.0,0.0
83.14100098609924,1.0,0.0
83.15443229675293,1.0,0.0
83.15899848937988,1.0,0.0
83.16716861724854,1.0,0.0
83.16865062713623,1.0,0.0
83.1820011138916,1.0,0.0
83.18439102172852,1.0,0.0
83.19616842269897,1.0,0.0
83.19643235206604,1.0,0.0
83.19716668128967,1.0,0.0
83.20983600616455,1.0,0.0
83.21100115776062,1.0,0.0
83.22779822349548,1.0,0.0
83.23200297355652,1.0,0.0
83.23442959785461,1.0,0.0
83.23531651496887,1.0,0.0
83.23716831207275,1.0,0.0
83.24440360069275,1.0,0.0
83.24745726585388,1.0,0.0
83.25242972373962,1.0,0.0
83.25359916687012,1.0,0.0
83.26396346092224,1.0,0.0
83.26516604423523,1.0,0.0
83.27400279045105,1.0,0.0
83.27559113502502,1.0,0.0
83.28340220451355,1.0,0.0
83.28900170326233,1.0,0.0
83.29542970657349,1.0,0.0
83.29656672477722,1.0,0.0
83.30816602706909,1.0,0.0
83.31100296974182,1.0,0.0
83.31180453300476,1.0,0.0
83.32242822647095,1.0,0.0
83.32757043838501,1.0,0.0
83.33220720291138,1.0,0.0
83.3351662158966,1.0,0.0
83.34600114822388,1.0,0.0
83.34639763832092,1.0,0.0
83.36020708084106,1.0,0.0
83.36252546310425,1.0,0.0
83.36442828178406,1.0,0.0
83.37116360664368,1.0,0.0
83.37132382392883,1.0,0.0
83.37600111961365,1.0,0.0
83.38696074485779,1.0,0.0
83.39542818069458,1.0,0.0
83.3970456123352,1.0,0.0
83.40453720092773,1.0,0.0
83.40516352653503,1.0,0.0
83.41200113296509,1.0,0.0
83.4156277179718,1.0,0.0
83.42342495918274,1.0,0.0
83.43300294876099,1.0,0.0
83.43304896354675,1.0,0.0
83.43612861633301,1.0,0.0
83.44016361236572,1.0,0.0
83.45234704017639,1.0,0.0
83.46097469329834,1.0,0.0
83.4664249420166,1.0,0.0
83.46816039085388,1.0,0.0
83.47202014923096,1.0,0.0
83.4750030040741,1.0,0.0
83.48915004730225,1.0,0.0
83.49387979507446,1.0,0.0
83.49442481994629,1.0,0.0
83.49616050720215,1.0,0.0
83.50300288200378,1.0,0.0
83.51002955436707,1.0,0.0
83.5207998752594,1.0,0.0
83.52342367172241,1.0,0.0
83.52999687194824,1.0,0.0
83.53400444984436,1.0,0.0
83.54016041755676,1.0,0.0
83.54781341552734,1.0,0.0
83.55834007263184,1.0,0.0
83.56542348861694,1.0,0.0
83.56715989112854,1.0,0.0
83.57600450515747,1.0,0.0
83.58607125282288,1.0,0.0
83.59132599830627,1.0,0.0
83.5951600074768,1.0,0.0
83.59542346000671,1.0,0.0
83.6082193851471,1.0,0.0
83.61200451850891,1.0,0.0
83.62341952323914,1.0,0.0
83.62754416465759,1.0,0.0
83.63716006278992,1.0,0.0
83.63777709007263,1.0,0.0
83.64101266860962,1.0,0.0
83.65657353401184,1.0,0.0
83.66716122627258,1.0,0.0
83.66741919517517,1.0,0.0
83.66997289657593,1.0,0.0
83.67101240158081,1.0,0.0
83.68241667747498,1.0,0.0
83.69157433509827,1.0,0.0
83.69441938400269,1.0,0.0
83.7077705860138,1.0,0.0
83.70816111564636,1.0,0.0
83.71201252937317,1.0,0.0
83.72638154029846,1.0,0.0
83.73554968833923,1.0,0.0
83.73616027832031,1.0,0.0
83.73641800880432,1.0,0.0
83.74001693725586,1.0,0.0
83.75089049339294,1.0,0.0
83.75757718086243,1.0,0.0
83.76405906677246,1.0,0.0
83.76441788673401,1.0,0.0
83.76516032218933,1.0,0.0
83.7760169506073,1.0,0.0
83.77626729011536,1.0,0.0
83.79435181617737,1.0,0.0
83.79941821098328,1.0,0.0
83.80016016960144,1.0,0.0
83.80781149864197,1.0,0.0
83.81201696395874,1.0,0.0
83.81385803222656,1.0,0.0
83.82051205635071,1.0,0.0
83.82741618156433,1.0,0.0
83.83141732215881,1.0,0.0
83.83616018295288,1.0,0.0
83.83820748329163,1.0,0.0
83.8410177230835,1.0,0.0
83.85001873970032,1.0,0.0
83.86087346076965,1.0,0.0
83.86941599845886,1.0,0.0
83.8701581954956,1.0,0.0
83.87601780891418,1.0,0.0
83.88035011291504,1.0,0.0
83.88054752349854,1.0,0.0
83.89692616462708,1.0,0.0
83.89741611480713,1.0,0.0
83.90515804290771,1.0,0.0
83.90725755691528,1.0,0.0
83.91201782226562,1.0,0.0
83.91520261764526,1.0,0.0
83.92430210113525,1.0,0.0
83.93269610404968,1.0,0.0
83.9334146976471,1.0,0.0
83.94115805625916,1.0,0.0
83.94144487380981,1.0,0.0
83.9460186958313,1.0,0.0
83.95341467857361,1.0,0.0
83.95970058441162,1.0,0.0
83.96815752983093,1.0,0.0
83.96888494491577,1.0,0.0
83.97601866722107,1.0,0.0
83.98028421401978,1.0,0.0
83.98206686973572,1.0,0.0
83.99541449546814,1.0,0.0
83.9961576461792,1.0,0.0
83.99631309509277,1.0,0.0
84.00301885604858,1.0,0.0
84.00823020935059,1.0,0.0
84.0234124660492,1.0,0.0
84.02491617202759,1.0,0.0
84.03218054771423,1.0,0.0
84.03815388679504,1.0,0.0
84.03815770149231,1.0,0.0
84.04502034187317,1.0,0.0
84.05832529067993,1.0,0.0
84.05892181396484,1.0,0.0
84.0654125213623,1.0,0.0
84.06715559959412,1.0,0.0
84.07302021980286,1.0,0.0
84.07536792755127,1.0,0.0
84.0789086818695,1.0,0.0
84.09341239929199,1.0,0.0
84.09474444389343,1.0,0.0
84.10019850730896,1.0,0.0
84.10302019119263,1.0,0.0
84.1081554889679,1.0,0.0
84.1208508014679,1.0,0.0
84.12350916862488,1.0,0.0
84.1294105052948,1.0,0.0
84.13469195365906,1.0,0.0
84.13615560531616,1.0,0.0
84.14401841163635,1.0,0.0
84.14420199394226,1.0,0.0
84.15754866600037,1.0,0.0
84.16441059112549,1.0,0.0
84.17083811759949,1.0,0.0
84.17115306854248,1.0,0.0
84.17301845550537,1.0,0.0
84.17707180976868,1.0,0.0
84.18560719490051,1.0,0.0
84.1994104385376,1.0,0.0
84.1997082233429,1.0,0.0
84.20615315437317,1.0,0.0
84.21601843833923,1.0,0.0
84.21655440330505,1.0,0.0
84.22747325897217,1.0,0.0
84.23440599441528,1.0,0.0
84.23615312576294,1.0,0.0
84.24253487586975,1.0,0.0
84.24401950836182,1.0,0.0
84.24600791931152,1.0,0.0
84.25383734703064,1.0,0.0
84.26198387145996,1.0,0.0
84.2634060382843,1.0,0.0
84.26915240287781,1.0,0.0
84.27374029159546,1.0,0.0
84.28201961517334,1.0,0.0
84.28307461738586,1.0,0.0
84.2957079410553,1.0,0.0
84.29715251922607,1.0,0.0
84.29840612411499,1.0,0.0
84.30201959609985,1.0,0.0
84.31143569946289,1.0,0.0
84.31936407089233,1.0,0.0
84.32740378379822,1.0,0.0
84.33020639419556,1.0,0.0
84.33933782577515,1.0,0.0
84.34015250205994,1.0,0.0
84.34402060508728,1.0,0.0
84.34592413902283,1.0,0.0
84.36108136177063,1.0,0.0
84.36340379714966,1.0,0.0
84.36715149879456,1.0,0.0
84.3706111907959,1.0,0.0
84.37202000617981,1.0,0.0
84.38207674026489,1.0,0.0
84.3907516002655,1.0,0.0
84.39515161514282,1.0,0.0
84.39702486991882,1.0,0.0
84.3974039554596,1.0,0.0
84.39918661117554,1.0,0.0
84.40902018547058,1.0,0.0
84.42540001869202,1.0,0.0
84.42554450035095,1.0,0.0
84.43715119361877,1.0,0.0
84.4388484954834,1.0,0.0
84.44302368164062,1.0,0.0
84.44820308685303,1.0,0.0
84.45241069793701,1.0,0.0
84.45536279678345,1.0,0.0
84.46515417098999,1.0,0.0
84.46740007400513,1.0,0.0
84.4730236530304,1.0,0.0
84.47729802131653,1.0,0.0
84.48826122283936,1.0,0.0
84.49539995193481,1.0,0.0
84.50430369377136,1.0,0.0
84.506023645401,1.0,0.0
84.50815415382385,1.0,0.0
84.51429295539856,1.0,0.0
84.52440071105957,1.0,0.0
84.5289089679718,1.0,0.0
84.53515148162842,1.0,0.0
84.5410258769989,1.0,0.0
84.54649806022644,1.0,0.0
84.55394148826599,1.0,0.0
84.55540084838867,1.0,0.0
84.5633385181427,1.0,0.0
84.57062578201294,1.0,0.0
84.57115149497986,1.0,0.0
84.57602620124817,1.0,0.0
84.59442901611328,1.0,0.0
84.5974006652832,1.0,0.0
84.59889698028564,1.0,0.0
84.60515141487122,1.0,0.0
84.61302590370178,1.0,0.0
84.61402130126953,1.0,0.0
84.62395644187927,1.0,0.0
84.62715148925781,1.0,0.0
84.6307430267334,1.0,0.0
84.63302612304688,1.0,0.0
84.63339924812317,1.0,0.0
84.64381003379822,1.0,0.0
84.65390467643738,1.0,0.0
84.65439915657043,1.0,0.0
84.66815161705017,1.0,0.0
84.66934514045715,1.0,0.0
84.67802619934082,1.0,0.0
84.68222832679749,1.0,0.0
84.68815159797668,1.0,0.0
84.6973991394043,1.0,0.0
84.69796538352966,1.0,0.0
84.70783972740173,1.0,0.0
84.71015119552612,1.0,0.0
84.71202611923218,1.0,0.0
84.7198133468628,1.0,0.0
84.72439742088318,1.0,0.0
84.7340292930603,1.0,0.0
84.74015140533447,1.0,0.0
84.74509882926941,1.0,0.0
84.75239753723145,1.0,0.0
84.75385808944702,1.0,0.0
84.76612329483032,1.0,0.0
84.76715040206909,1.0,0.0
84.76991415023804,1.0,0.0
84.77602934837341,1.0,0.0
84.78466749191284,1.0,0.0
84.79539752006531,1.0,0.0
84.79615068435669,1.0,0.0
84.80230832099915,1.0,0.0
84.81202936172485,1.0,0.0
84.82539486885071,1.0,0.0
84.82682776451111,1.0,0.0
84.83303141593933,1.0,0.0
84.83715081214905,1.0,0.0
84.83910751342773,1.0,0.0
84.84552907943726,1.0,0.0
84.85339498519897,1.0,0.0
84.86009573936462,1.0,0.0
84.86714911460876,1.0,0.0
84.87503123283386,1.0,0.0
84.87720108032227,1.0,0.0
84.89366960525513,1.0,0.0
84.8953948020935,1.0,0.0
84.9011492729187,1.0,0.0
84.90671229362488,1.0,0.0
84.91203141212463,1.0,0.0
84.9233980178833,1.0,0.0
84.92439293861389,1.0,0.0
84.93614912033081,1.0,0.0
84.93837261199951,1.0,0.0
84.9470329284668,1.0,0.0
84.96354627609253,1.0,0.0
84.96514821052551,1.0,0.0
84.96639275550842,1.0,0.0
84.9678418636322,1.0,0.0
84.97503280639648,1.0,0.0
84.98640513420105,1.0,0.0
84.99017071723938,1.0,0.0
84.99439287185669,1.0,0.0
85.00114822387695,1.0,0.0
85.00303292274475,1.0,0.0
85.0122857093811,1.0,0.0
85.02287721633911,1.0,0.0
85.02438950538635,1.0,0.0
85.03514790534973,1.0,0.0
85.03961443901062,1.0,0.0
85.04390525817871,1.0,0.0
85.04503560066223,1.0,0.0
85.05335640907288,1.0,0.0
85.06507444381714,1.0,0.0
85.06738948822021,1.0,0.0
85.07014536857605,1.0,0.0
85.07303595542908,1.0,0.0
85.0770788192749,1.0,0.0
85.09538960456848,1.0,0.0
85.09893274307251,1.0,0.0
85.1020359992981,1.0,0.0
85.10514521598816,1.0,0.0
85.11607789993286,1.0,0.0
85.12438607215881,1.0,0.0
85.126145362854,1.0,0.0
85.13450646400452,1.0,0.0
85.14303612709045,1.0,0.0
85.14508771896362,1.0,0.0
85.14842319488525,1.0,0.0
85.1512622833252,1.0,0.0
85.16589760780334,1.0,0.0
85.16738629341125,1.0,0.0
85.16814279556274,1.0,0.0
85.17103600502014,1.0,0.0
85.19186162948608,1.0,0.0
85.19356775283813,1.0,0.0
85.1963860988617,1.0,0.0
85.19714283943176,1.0,0.0
85.20755577087402,1.0,0.0
85.21303606033325,1.0,0.0
85.22419095039368,1.0,0.0
85.22438549995422,1.0,0.0
85.22684860229492,1.0,0.0
85.23814272880554,1.0,0.0
85.24013924598694,1.0,0.0
85.24103856086731,1.0,0.0
85.241952419281,1.0,0.0
85.26713991165161,1.0,0.0
85.26738548278809,1.0,0.0
85.2675428390503,1.0,0.0
85.27603840827942,1.0,0.0
85.29409551620483,1.0,0.0
85.29438519477844,1.0,0.0
85.30114006996155,1.0,0.0
85.30283761024475,1.0,0.0
85.31203842163086,1.0,0.0
85.31922268867493,1.0,0.0
85.32338380813599,1.0,0.0
85.32562470436096,1.0,0.0
85.33582806587219,1.0,0.0
85.33613991737366,1.0,0.0
85.34703874588013,1.0,0.0
85.35241484642029,1.0,0.0
85.35346412658691,1.0,0.0
85.36438369750977,1.0,0.0
85.37082195281982,1.0,0.0
85.37114000320435,1.0,0.0
85.37603902816772,1.0,0.0
85.38001251220703,1.0,0.0
85.38132071495056,1.0,0.0
85.39338374137878,1.0,0.0
85.40303874015808,1.0,0.0
85.40614008903503,1.0,0.0
85.40858960151672,1.0,0.0
85.41746068000793,1.0,0.0
85.42738914489746,1.0,0.0
85.42838191986084,1.0,0.0
85.43170952796936,1.0,0.0
85.4361400604248,1.0,0.0
85.44261455535889,1.0,0.0
85.44504022598267,1.0,0.0
85.45408701896667,1.0,0.0
85.46438193321228,1.0,0.0
85.46913862228394,1.0,0.0
85.47304010391235,1.0,0.0
85.47504305839539,1.0,0.0
85.48218417167664,1.0,0.0
85.48832154273987,1.0,0.0
85.49338173866272,1.0,0.0
85.49882650375366,1.0,0.0
85.50803995132446,1.0,0.0
85.51113867759705,1.0,0.0
85.51189112663269,1.0,0.0
85.52737975120544,1.0,0.0
85.53524255752563,1.0,0.0
85.53691101074219,1.0,0.0
85.54013872146606,1.0,0.0
85.54303932189941,1.0,0.0
85.54784607887268,1.0,0.0
85.55742454528809,1.0,0.0
85.56337976455688,1.0,0.0
85.56713724136353,1.0,0.0
85.5693769454956,1.0,0.0
85.57803916931152,1.0,0.0
85.57950162887573,1.0,0.0
85.58039927482605,1.0,0.0
85.59513711929321,1.0,0.0
85.59623885154724,1.0,0.0
85.598379611969,1.0,0.0
85.6080391407013,1.0,0.0
85.60941982269287,1.0,0.0
85.6240828037262,1.0,0.0
85.62837648391724,1.0,0.0
85.6340389251709,1.0,0.0
85.63688969612122,1.0,0.0
85.63713717460632,1.0,0.0
85.63731789588928,1.0,0.0
85.64635872840881,1.0,0.0
85.65737652778625,1.0,0.0
85.6617820262909,1.0,0.0
85.66513442993164,1.0,0.0
85.67603898048401,1.0,0.0
85.68158054351807,1.0,0.0
85.69124960899353,1.0,0.0
85.69837641716003,1.0,0.0
85.6985285282135,1.0,0.0
85.70647096633911,1.0,0.0
85.7081344127655,1.0,0.0
85.71203899383545,1.0,0.0
85.71442246437073,1.0,0.0
85.7250235080719,1.0,0.0
85.72537517547607,1.0,0.0
85.73203921318054,1.0,0.0
85.73513460159302,1.0,0.0
85.73730540275574,1.0,0.0
85.74672079086304,1.0,0.0
85.751291513443,1.0,0.0
85.75437521934509,1.0,0.0
85.76412272453308,1.0,0.0
85.77113366127014,1.0,0.0
85.77608394622803,1.0,0.0
85.77703928947449,1.0,0.0
85.78075242042542,1.0,0.0
85.78882455825806,1.0,0.0
85.79537510871887,1.0,0.0
85.80513381958008,1.0,0.0
85.8055489063263,1.0,0.0
85.8120391368866,1.0,0.0
85.81399321556091,1.0,0.0
85.82637190818787,1.0,0.0
85.83085417747498,1.0,0.0
85.84013366699219,1.0,0.0
85.84081363677979,1.0,0.0
85.84691762924194,1.0,0.0
85.84804201126099,1.0,0.0
85.85293173789978,1.0,0.0
85.86737179756165,1.0,0.0
85.86813116073608,1.0,0.0
85.87330174446106,1.0,0.0
85.87604212760925,1.0,0.0
85.88763427734375,1.0,0.0
85.88899779319763,1.0,0.0
85.89437174797058,1.0,0.0
85.89568591117859,1.0,0.0
85.89613127708435,1.0,0.0
85.90720582008362,1.0,0.0
85.9120421409607,1.0,0.0
85.93037104606628,1.0,0.0
85.93204379081726,1.0,0.0
85.93378233909607,1.0,0.0
85.94013118743896,1.0,0.0
85.94262886047363,1.0,0.0
85.95678925514221,1.0,0.0
85.96537113189697,1.0,0.0
85.96612977981567,1.0,0.0
85.9728467464447,1.0,0.0
85.97404360771179,1.0,0.0
85.98146724700928,1.0,0.0
85.99612975120544,1.0,0.0
85.9963710308075,1.0,0.0
86.00085115432739,1.0,0.0
86.00304388999939,1.0,0.0
86.01617312431335,1.0,0.0
86.0227837562561,1.0,0.0
86.0283670425415,1.0,0.0
86.0311872959137,1.0,0.0
86.03612971305847,1.0,0.0
86.04169702529907,1.0,0.0
86.04604458808899,1.0,0.0
86.05855369567871,1.0,0.0
86.06413102149963,1.0,0.0
86.06436705589294,1.0,0.0
86.07722020149231,1.0,0.0
86.08204460144043,1.0,0.0
86.08756160736084,1.0,0.0
86.09384751319885,1.0,0.0
86.0983669757843,1.0,0.0
86.10204458236694,1.0,0.0
86.10401964187622,1.0,0.0
86.10813093185425,1.0,0.0
86.11410355567932,1.0,0.0
86.12425303459167,1.0,0.0
86.12736701965332,1.0,0.0
86.13412976264954,1.0,0.0
86.13739776611328,1.0,0.0
86.14504671096802,1.0,0.0
86.14520621299744,1.0,0.0
86.15536642074585,1.0,0.0
86.155930519104,1.0,0.0
86.16493654251099,1.0,0.0
86.17012977600098,1.0,0.0
86.1730465888977,1.0,0.0
86.17484736442566,1.0,0.0
86.18512010574341,1.0,0.0
86.19736671447754,1.0,0.0
86.20192289352417,1.0,0.0
86.20204639434814,1.0,0.0
86.20412969589233,1.0,0.0
86.21649479866028,1.0,0.0
86.22536540031433,1.0,0.0
86.23167848587036,1.0,0.0
86.23912978172302,1.0,0.0
86.24386858940125,1.0,0.0
86.24404764175415,1.0,0.0
86.25238180160522,1.0,0.0
86.25436520576477,1.0,0.0
86.26492047309875,1.0,0.0
86.27404761314392,1.0,0.0
86.27512764930725,1.0,0.0
86.2770504951477,1.0,0.0
86.28961992263794,1.0,0.0
86.29512763023376,1.0,0.0
86.29636549949646,1.0,0.0
86.30204772949219,1.0,0.0
86.30214500427246,1.0,0.0
86.31574559211731,1.0,0.0
86.32436394691467,1.0,0.0
86.327223777771,1.0,0.0
86.33586049079895,1.0,0.0
86.33712768554688,1.0,0.0
86.34604907035828,1.0,0.0
86.35345768928528,1.0,0.0
86.35936403274536,1.0,0.0
86.36512517929077,1.0,0.0
86.36713314056396,1.0,0.0
86.37404894828796,1.0,0.0
86.37935733795166,1.0,0.0
86.38632249832153,1.0,0.0
86.39536380767822,1.0,0.0
86.4011960029602,1.0,0.0
86.40536165237427,1.0,0.0
86.40712523460388,1.0,0.0
86.41104888916016,1.0,0.0
86.41712522506714,1.0,0.0
86.4233627319336,1.0,0.0
86.42593765258789,1.0,0.0
86.43512511253357,1.0,0.0
86.43728947639465,1.0,0.0
86.44443440437317,1.0,0.0
86.44504904747009,1.0,0.0
86.45714688301086,1.0,0.0
86.46636271476746,1.0,0.0
86.47012901306152,1.0,0.0
86.47504830360413,1.0,0.0
86.47792601585388,1.0,0.0
86.48930096626282,1.0,0.0
86.49197292327881,1.0,0.0
86.49336266517639,1.0,0.0
86.50204801559448,1.0,0.0
86.5044457912445,1.0,0.0
86.50512862205505,1.0,0.0
86.51411175727844,1.0,0.0
86.52612900733948,1.0,0.0
86.52717232704163,1.0,0.0
86.52936100959778,1.0,0.0
86.53725934028625,1.0,0.0
86.54505228996277,1.0,0.0
86.54707908630371,1.0,0.0
86.56436109542847,1.0,0.0
86.56487560272217,1.0,0.0
86.56812739372253,1.0,0.0
86.57505226135254,1.0,0.0
86.57836484909058,1.0,0.0
86.58762788772583,1.0,0.0
86.59536099433899,1.0,0.0
86.59712719917297,1.0,0.0
86.60205221176147,1.0,0.0
86.60365700721741,1.0,0.0
86.60606360435486,1.0,0.0
86.61459374427795,1.0,0.0
86.63153195381165,1.0,0.0
86.63535666465759,1.0,0.0
86.63912749290466,1.0,0.0
86.64305281639099,1.0,0.0
86.65469121932983,1.0,0.0
86.66413354873657,1.0,0.0
86.66435670852661,1.0,0.0
86.67612409591675,1.0,0.0
86.68005275726318,1.0,0.0
86.68100452423096,1.0,0.0
86.68826055526733,1.0,0.0
86.69335675239563,1.0,0.0
86.69512414932251,1.0,0.0
86.69963216781616,1.0,0.0
86.71305274963379,1.0,0.0
86.71711921691895,1.0,0.0
86.7197117805481,1.0,0.0
86.728355884552,1.0,0.0
86.73336911201477,1.0,0.0
86.73712301254272,1.0,0.0
86.73777723312378,1.0,0.0
86.74672627449036,1.0,0.0
86.74805450439453,1.0,0.0
86.75816440582275,1.0,0.0
86.76435589790344,1.0,0.0
86.76512289047241,1.0,0.0
86.76743483543396,1.0,0.0
86.7760546207428,1.0,0.0
86.7762770652771,1.0,0.0
86.78727269172668,1.0,0.0
86.79404735565186,1.0,0.0
86.79935622215271,1.0,0.0
86.80405449867249,1.0,0.0
86.80712294578552,1.0,0.0
86.81692695617676,1.0,0.0
86.82785844802856,1.0,0.0
86.83512282371521,1.0,0.0
86.83523440361023,1.0,0.0
86.8353521823883,1.0,0.0
86.84705829620361,1.0,0.0
86.85350298881531,1.0,0.0
86.86251401901245,1.0,0.0
86.863352060318,1.0,0.0
86.87111926078796,1.0,0.0
86.87154269218445,1.0,0.0
86.87605810165405,1.0,0.0
86.88313627243042,1.0,0.0
86.89326095581055,1.0,0.0
86.90035200119019,1.0,0.0
86.90205812454224,1.0,0.0
86.90511918067932,1.0,0.0
86.9084050655365,1.0,0.0
86.92261147499084,1.0,0.0
86.92735052108765,1.0,0.0
86.94011926651001,1.0,0.0
86.9424831867218,1.0,0.0
86.9480631351471,1.0,0.0
86.96187615394592,1.0,0.0
86.96435070037842,1.0,0.0
86.96605205535889,1.0,0.0
86.96811699867249,1.0,0.0
86.97248315811157,1.0,0.0
86.97406315803528,1.0,0.0
86.98018074035645,1.0,0.0
86.99163675308228,1.0,0.0
86.99735069274902,1.0,0.0
87.00411701202393,1.0,0.0
87.00700259208679,1.0,0.0
87.01106309890747,1.0,0.0
87.01915621757507,1.0,0.0
87.02834987640381,1.0,0.0
87.0307195186615,1.0,0.0
87.03911685943604,1.0,0.0
87.03939151763916,1.0,0.0
87.04506206512451,1.0,0.0
87.05305600166321,1.0,0.0
87.06426334381104,1.0,0.0
87.06434988975525,1.0,0.0
87.0730619430542,1.0,0.0
87.07611918449402,1.0,0.0
87.08327460289001,1.0,0.0
87.09140491485596,1.0,0.0
87.09434986114502,1.0,0.0
87.10093212127686,1.0,0.0
87.1019856929779,1.0,0.0
87.1020622253418,1.0,0.0
87.10911917686462,1.0,0.0
87.12596035003662,1.0,0.0
87.12934875488281,1.0,0.0
87.13469099998474,1.0,0.0
87.14011931419373,1.0,0.0
87.14136719703674,1.0,0.0
87.14406275749207,1.0,0.0
87.15034079551697,1.0,0.0
87.16521167755127,1.0,0.0
87.16611695289612,1.0,0.0
87.166348695755,1.0,0.0
87.17206287384033,1.0,0.0
87.17358946800232,1.0,0.0
87.1881148815155,1.0,0.0
87.19534873962402,1.0,0.0
87.19611692428589,1.0,0.0
87.20090055465698,1.0,0.0
87.20506286621094,1.0,0.0
87.21858787536621,1.0,0.0
87.22434854507446,1.0,0.0
87.2305269241333,1.0,0.0
87.23206734657288,1.0,0.0
87.23611688613892,1.0,0.0
87.24831175804138,1.0,0.0
87.24906921386719,1.0,0.0
87.25934839248657,1.0,0.0
87.2711136341095,1.0,0.0
87.27406740188599,1.0,0.0
87.28402280807495,1.0,0.0
87.28899216651917,1.0,0.0
87.29534840583801,1.0,0.0
87.30306720733643,1.0,0.0
87.30367755889893,1.0,0.0
87.30811381340027,1.0,0.0
87.3213005065918,1.0,0.0
87.32434701919556,1.0,0.0
87.32502460479736,1.0,0.0
87.3380765914917,1.0,0.0
87.34111094474792,1.0,0.0
87.34506821632385,1.0,0.0
87.34798216819763,1.0,0.0
87.36634707450867,1.0,0.0
87.36911106109619,1.0,0.0
87.38206791877747,1.0,0.0
87.3844153881073,1.0,0.0
87.39534711837769,1.0,0.0
87.39711093902588,1.0,0.0
87.39802742004395,1.0,0.0
87.4010682106018,1.0,0.0
87.4054799079895,1.0,0.0
87.42434525489807,1.0,0.0
87.43911099433899,1.0,0.0
87.44017457962036,1.0,0.0
87.44272685050964,1.0,0.0
87.44406986236572,1.0,0.0
87.45848083496094,1.0,0.0
87.46734523773193,1.0,0.0
87.47150588035583,1.0,0.0
87.47207021713257,1.0,0.0
87.47610855102539,1.0,0.0
87.4771740436554,1.0,0.0
87.49434518814087,1.0,0.0
87.49699759483337,1.0,0.0
87.49834108352661,1.0,0.0
87.509108543396,1.0,0.0
87.5140700340271,1.0,0.0
87.5174617767334,1.0,0.0
87.52865600585938,1.0,0.0
87.52934312820435,1.0,0.0
87.53710722923279,1.0,0.0
87.54207134246826,1.0,0.0
87.55111241340637,1.0,0.0
87.56112313270569,1.0,0.0
87.56434321403503,1.0,0.0
87.56510710716248,1.0,0.0
87.57079148292542,1.0,0.0
87.5710711479187,1.0,0.0
87.57481288909912,1.0,0.0
87.58933329582214,1.0,0.0
87.59934329986572,1.0,0.0
87.60110712051392,1.0,0.0
87.60969400405884,1.0,0.0
87.61307120323181,1.0,0.0
87.61626482009888,1.0,0.0
87.62711977958679,1.0,0.0
87.6273422241211,1.0,0.0
87.6309130191803,1.0,0.0
87.6361072063446,1.0,0.0
87.6410722732544,1.0,0.0
87.6466817855835,1.0,0.0
87.6504921913147,1.0,0.0
87.66334199905396,1.0,0.0
87.66760492324829,1.0,0.0
87.67010593414307,1.0,0.0
87.67602968215942,1.0,0.0
87.67807221412659,1.0,0.0
87.68868708610535,1.0,0.0
87.6933422088623,1.0,0.0
87.69634413719177,1.0,0.0
87.70398926734924,1.0,0.0
87.70510601997375,1.0,0.0
87.7120726108551,1.0,0.0
87.71312952041626,1.0,0.0
87.72693514823914,1.0,0.0
87.72834181785583,1.0,0.0
87.73247981071472,1.0,0.0
87.74107360839844,1.0,0.0
87.7411060333252,1.0,0.0
87.74163818359375,1.0,0.0
87.76510334014893,1.0,0.0
87.7653419971466,1.0,0.0
87.76919841766357,1.0,0.0
87.7750735282898,1.0,0.0
87.7764835357666,1.0,0.0
87.78844881057739,1.0,0.0
87.7933418750763,1.0,0.0
87.79531407356262,1.0,0.0
87.80010342597961,1.0,0.0
87.80307364463806,1.0,0.0
87.81788682937622,1.0,0.0
87.8273401260376,1.0,0.0
87.82984709739685,1.0,0.0
87.83510327339172,1.0,0.0
87.8428282737732,1.0,0.0
87.84607458114624,1.0,0.0
87.8511471748352,1.0,0.0
87.86533999443054,1.0,0.0
87.8660180568695,1.0,0.0
87.8701024055481,1.0,0.0
87.87407445907593,1.0,0.0
87.8784818649292,1.0,0.0
87.89369821548462,1.0,0.0
87.89834022521973,1.0,0.0
87.9030601978302,1.0,0.0
87.90307450294495,1.0,0.0
87.90610241889954,1.0,0.0
87.92584371566772,1.0,0.0
87.9263379573822,1.0,0.0
87.93820905685425,1.0,0.0
87.94110226631165,1.0,0.0
87.94607734680176,1.0,0.0
87.9561550617218,1.0,0.0
87.96333813667297,1.0,0.0
87.96418929100037,1.0,0.0
87.96910047531128,1.0,0.0
87.97575974464417,1.0,0.0
87.98307728767395,1.0,0.0
87.9848084449768,1.0,0.0
87.99315738677979,1.0,0.0
87.99833822250366,1.0,0.0
88.00207734107971,1.0,0.0
88.00410056114197,1.0,0.0
88.01156973838806,1.0,0.0
88.01725840568542,1.0,0.0
88.02286982536316,1.0,0.0
88.02899861335754,1.0,0.0
88.03433632850647,1.0,0.0
88.03910040855408,1.0,0.0
88.03968572616577,1.0,0.0
88.0460798740387,1.0,0.0
88.05533599853516,1.0,0.0
88.05822896957397,1.0,0.0
88.06709814071655,1.0,0.0
88.06713056564331,1.0,0.0
88.07621502876282,1.0,0.0
88.07933712005615,1.0,0.0
88.08308005332947,1.0,0.0
88.09509801864624,1.0,0.0
88.0983362197876,1.0,0.0
88.10408020019531,1.0,0.0
88.10553169250488,1.0,0.0
88.12421226501465,1.0,0.0
88.12533450126648,1.0,0.0
88.13709831237793,1.0,0.0
88.14062595367432,1.0,0.0
88.15208029747009,1.0,0.0
88.1538553237915,1.0,0.0
88.1543345451355,1.0,0.0
88.16509699821472,1.0,0.0
88.16634774208069,1.0,0.0
88.17508029937744,1.0,0.0
88.18389821052551,1.0,0.0
88.19533443450928,1.0,0.0
88.19959020614624,1.0,0.0
88.2020800113678,1.0,0.0
88.20527696609497,1.0,0.0
88.20709681510925,1.0,0.0
88.21120762825012,1.0,0.0
88.23033094406128,1.0,0.0
88.23246097564697,1.0,0.0
88.23486161231995,1.0,0.0
88.23509669303894,1.0,0.0
88.24337005615234,1.0,0.0
88.24408173561096,1.0,0.0
88.25234746932983,1.0,0.0
88.25979399681091,0.9,0.1
88.26533079147339,0.9,0.1
88.2682363986969,0.9,0.1
88.2700936794281,0.9,0.1
88.27308177947998,0.9,0.1
88.28174901008606,0.9,0.1
88.28633093833923,0.9,0.1
88.29638504981995,0.9,0.1
88.30308175086975,0.9,0.1
88.30509352684021,0.9,0.1
88.3147623538971,0.9,0.1
88.32832884788513,0.9,0.1
88.3349392414093,0.9,0.1
88.34009408950806,0.9,0.1
88.34308171272278,0.9,0.1
88.35358786582947,0.8,0.2
88.3563289642334,0.8,0.2
88.36685061454773,0.8,0.2
88.36809420585632,0.8,0.2
88.3720850944519,0.8,0.2
88.3741717338562,0.8,0.2
88.38302612304688,0.8,0.2
88.39709401130676,0.8,0.2
88.39823603630066,0.8,0.2
88.39832901954651,0.8,0.2
88.40929961204529,0.8,0.2
88.41308498382568,0.8,0.2
88.42318749427795,0.8,0.2
88.42732739448547,0.8,0.2
88.43533039093018,0.8,0.2
88.43809413909912,0.8,0.2
88.44308567047119,0.8,0.2
88.44493365287781,0.8,0.2
88.4529321193695,0.8,0.2
88.45432734489441,0.8,0.2
88.46709108352661,0.8,0.2
88.46888494491577,0.8,0.2
88.47708559036255,0.8,0.2
88.48072004318237,0.8,0.2
88.49776363372803,0.8,0.2
88.49932742118835,0.8,0.2
88.5070858001709,0.8,0.2
88.50767660140991,0.8,0.2
88.50809097290039,0.8,0.2
88.51983213424683,0.8,0.2
88.52632570266724,0.8,0.2
88.52854800224304,0.8,0.2
88.53609108924866,0.8,0.2
88.53686928749084,0.8,0.2
88.54208970069885,0.8,0.2
88.54966402053833,0.8,0.2
88.55532574653625,0.8,0.2
88.56874179840088,0.8,0.2
88.57109022140503,0.8,0.2
88.57208967208862,0.8,0.2
88.57833886146545,0.8,0.2
88.59426379203796,0.8,0.2
88.59732580184937,0.8,0.2
88.60609006881714,0.8,0.2
88.6067464351654,0.9,0.1
88.61208963394165,0.9,0.1
88.61615061759949,0.9,0.1
88.625324010849,0.9,0.1
88.62842631340027,0.9,0.1
88.63309097290039,0.9,0.1
88.63609004020691,0.9,0.1
88.64558005332947,0.9,0.1
88.65589165687561,0.9,0.1
88.66548609733582,0.9,0.1
88.66732406616211,0.9,0.1
88.66908812522888,0.9,0.1
88.6754822731018,0.9,0.1
88.677090883255,0.9,0.1
88.6865406036377,0.9,0.1
88.69163131713867,0.9,0.1
88.69708800315857,0.9,0.1
88.69732403755188,0.9,0.1
88.70006656646729,0.9,0.1
88.70309090614319,0.9,0.1
88.71059918403625,0.9,0.1
88.72145247459412,0.9,0.1
88.72557067871094,0.9,0.1
88.73032212257385,0.9,0.1
88.73747992515564,0.9,0.1
88.74108672142029,0.9,0.1
88.74509453773499,0.9,0.1
88.74663949012756,0.9,0.1
88.75819206237793,0.9,0.1
88.75832200050354,0.9,0.1
88.76708674430847,0.9,0.1
88.77106833457947,0.9,0.1
88.78209447860718,0.9,0.1
88.78853487968445,0.9,0.1
88.78995108604431,0.8,0.2
88.79432201385498,0.8,0.2
88.79508662223816,0.8,0.2
88.80464148521423,0.8,0.2
88.80809450149536,0.8,0.2
88.81803131103516,0.8,0.2
88.82831931114197,0.8,0.2
88.83083701133728,0.8,0.2
88.83708667755127,0.8,0.2
88.83999133110046,0.8,0.2
88.84409308433533,0.8,0.2
88.85530924797058,0.8,0.2
88.85731935501099,0.8,0.2
88.86173152923584,0.8,0.2
88.86508393287659,0.8,0.2
88.87209296226501,0.8,0.2
88.87762928009033,0.7,0.3
88.89089560508728,0.7,0.3
88.8993194103241,0.7,0.3
88.90209293365479,0.7,0.3
88.90808391571045,0.7,0.3
88.91028022766113,0.7,0.3
88.91704511642456,0.7,0.3
88.92871427536011,0.7,0.3
88.9333176612854,0.7,0.3
88.93502593040466,0.7,0.3
88.93508386611938,0.7,0.3
88.94409489631653,0.7,0.3
88.95125842094421,0.7,0.3
88.96312832832336,0.7,0.3
88.96331763267517,0.7,0.3
88.9669737815857,0.7,0.3
88.97108268737793,0.7,0.3
88.98030304908752,0.7,0.3
88.98209500312805,0.7,0.3
88.99381589889526,0.7,0.3
88.99831748008728,0.7,0.3
89.00508260726929,0.7,0.3
89.00809502601624,0.7,0.3
89.0092830657959,0.7,0.3
89.01922106742859,0.7,0.3
89.02385520935059,0.7,0.3
89.03331470489502,0.7,0.3
89.0380551815033,0.7,0.3
89.04008269309998,0.7,0.3
89.04292726516724,0.7,0.3
89.04309606552124,0.7,0.3
89.05217552185059,0.7,0.3
89.05431485176086,0.7,0.3
89.05616188049316,0.7,0.3
89.06808066368103,0.7,0.3
89.07459354400635,0.7,0.3
89.07809615135193,0.7,0.3
89.09429121017456,0.7,0.3
89.09708070755005,0.7,0.3
89.09831500053406,0.7,0.3
89.10101461410522,0.7,0.3
89.10609602928162,0.7,0.3
89.11302995681763,0.7,0.3
89.13331174850464,0.7,0.3
89.1371660232544,0.7,0.3
89.14008069038391,0.7,0.3
89.14209747314453,0.7,0.3
89.14349675178528,0.7,0.3
89.15477657318115,0.7,0.3
89.16032648086548,0.7,0.3
89.16331171989441,0.7,0.3
89.1660795211792,0.7,0.3
89.17709732055664,0.7,0.3
89.17855405807495,0.7,0.3
89.19607949256897,0.7,0.3
89.19731163978577,0.7,0.3
89.20296573638916,0.7,0.3
89.20506548881531,0.7,0.3
89.21309733390808,0.7,0.3
89.22091913223267,0.7,0.3
89.23145890235901,0.7,0.3
89.23331093788147,0.7,0.3
89.23607587814331,0.7,0.3
89.24309992790222,0.7,0.3
89.26831102371216,0.7,0.3
89.2694571018219,0.7,0.3
89.27107620239258,0.7,0.3
89.27210021018982,0.7,0.3
89.28725790977478,0.7,0.3
89.29528617858887,0.7,0.3
89.29631090164185,0.7,0.3
89.30709981918335,0.7,0.3
89.30807590484619,0.7,0.3
89.30940055847168,0.7,0.3
89.31872487068176,0.7,0.3
89.32430934906006,0.7,0.3
89.32707595825195,0.7,0.3
89.33688020706177,0.7,0.3
89.34310173988342,0.7,0.3
89.35430932044983,0.7,0.3
89.35913872718811,0.7,0.3
89.36867427825928,0.7,0.3
89.36907577514648,0.7,0.3
89.37210178375244,0.7,0.3
89.38301467895508,0.7,0.3
89.39188361167908,0.7,0.3
89.39530920982361,0.7,0.3
89.39707565307617,0.7,0.3
89.40060091018677,0.7,0.3
89.40974855422974,0.7,0.3
89.41410160064697,0.7,0.3
89.42530727386475,0.7,0.3
89.42797088623047,0.7,0.3
89.42915868759155,0.7,0.3
89.43907570838928,0.7,0.3
89.44210290908813,0.7,0.3
89.4430480003357,0.7,0.3
89.45330739021301,0.7,0.3
89.4546308517456,0.7,0.3
89.46055555343628,0.7,0.3
89.46707391738892,0.7,0.3
89.46798181533813,0.7,0.3
89.47353601455688,0.7,0.3
89.4791030883789,0.7,0.3
89.49507403373718,0.7,0.3
89.49812364578247,0.7,0.3
89.49830722808838,0.7,0.3
89.51103019714355,0.7,0.3
89.51210308074951,0.7,0.3
89.51554441452026,0.7,0.3
89.52172780036926,0.7,0.3
89.52430582046509,0.7,0.3
89.53625535964966,0.6,0.4
89.53707242012024,0.6,0.4
89.54710292816162,0.6,0.4
89.54858899116516,0.6,0.4
89.55330562591553,0.6,0.4
89.56090188026428,0.6,0.4
89.56507229804993,0.6,0.4
89.57289600372314,0.6,0.4
89.57610297203064,0.6,0.4
89.5869824886322,0.6,0.4
89.5943055152893,0.6,0.4
89.5967264175415,0.6,0.4
89.60707235336304,0.6,0.4
89.60762214660645,0.6,0.4
89.61210298538208,0.6,0.4
89.61914014816284,0.6,0.4
89.62830448150635,0.6,0.4
89.63393926620483,0.6,0.4
89.63607239723206,0.6,0.4
89.64084458351135,0.6,0.4
89.64710712432861,0.6,0.4
89.6504156589508,0.6,0.4
89.65494227409363,0.6,0.4
89.66330456733704,0.6,0.4
89.66445231437683,0.6,0.4
89.67006921768188,0.6,0.4
89.67327380180359,0.6,0.4
89.6751070022583,0.6,0.4
89.68210172653198,0.6,0.4
89.69367909431458,0.6,0.4
89.69774150848389,0.6,0.4
89.69930458068848,0.6,0.4
89.70243430137634,0.6,0.4
89.70310711860657,0.6,0.4
89.70506930351257,0.6,0.4
89.71902132034302,0.6,0.4
89.72606921195984,0.6,0.4
89.72730302810669,0.6,0.4
89.73071002960205,0.6,0.4
89.7414653301239,0.6,0.4
89.74604964256287,0.6,0.4
89.74610733985901,0.6,0.4
89.76218891143799,0.6,0.4
89.76330280303955,0.6,0.4
89.76806807518005,0.6,0.4
89.76930022239685,0.6,0.4
89.77610731124878,0.6,0.4
89.77921295166016,0.6,0.4
89.79606795310974,0.6,0.4
89.79630279541016,0.6,0.4
89.80210733413696,0.6,0.4
89.80324792861938,0.6,0.4
89.8098406791687,0.6,0.4
89.8201265335083,0.6,0.4
89.824298620224,0.6,0.4
89.83497262001038,0.6,0.4
89.83806800842285,0.6,0.4
89.84410738945007,0.6,0.4
89.84534525871277,0.6,0.4
89.85229849815369,0.6,0.4
89.85874915122986,0.6,0.4
89.86639881134033,0.6,0.4
89.86706733703613,0.6,0.4
89.87210726737976,0.6,0.4
89.8742151260376,0.6,0.4
89.89061999320984,0.6,0.4
89.89529848098755,0.6,0.4
89.90106725692749,0.6,0.4
89.90107488632202,0.6,0.4
89.91210722923279,0.6,0.4
89.91389226913452,0.6,0.4
89.92329621315002,0.6,0.4
89.9275233745575,0.6,0.4
89.93606615066528,0.6,0.4
89.94156646728516,0.6,0.4
89.94710993766785,0.6,0.4
89.9514148235321,0.6,0.4
89.96529603004456,0.6,0.4
89.96565675735474,0.6,0.4
89.97106599807739,0.6,0.4
89.97510981559753,0.6,0.4
89.98266506195068,0.6,0.4
89.99229621887207,0.6,0.4
90.00018429756165,0.6,0.4
90.00029182434082,0.6,0.4
90.0031099319458,0.6,0.4
90.00606632232666,0.6,0.4
90.0103166103363,0.6,0.4
90.02729511260986,0.6,0.4
90.03281760215759,0.6,0.4
90.03506660461426,0.6,0.4
90.03896164894104,0.6,0.4
90.04268860816956,0.6,0.4
90.04511094093323,0.6,0.4
90.05381488800049,0.6,0.4
90.05529499053955,0.6,0.4
90.06209778785706,0.6,0.4
90.06906342506409,0.6,0.4
90.07311081886292,0.6,0.4
90.08344411849976,0.6,0.4
90.08602595329285,0.6,0.4
90.09706354141235,0.6,0.4
90.09729504585266,0.6,0.4
90.10037112236024,0.6,0.4
90.1081109046936,0.6,0.4
90.11152482032776,0.6,0.4
90.11524844169617,0.6,0.4
90.12629508972168,0.6,0.4
90.13002300262453,0.7,0.3
90.13824701309204,0.7,0.3
90.14006161689758,0.7,0.3
90.14311528205872,0.7,0.3
90.14342212677002,0.7,0.3
90.15429496765135,0.7,0.3
90.15443706512453,0.7,0.3
90.1670618057251,0.7,0.3
90.17211532592772,0.7,0.3
90.17316269874571,0.7,0.3
90.17623114585876,0.7,0.3
90.18318200111388,0.6,0.4
90.19317317008972,0.6,0.4
90.19606161117554,0.6,0.4
90.19729495048524,0.6,0.4
90.20969295501708,0.6,0.4
90.21311521530151,0.6,0.4
90.22329354286194,0.6,0.4
90.22456741333008,0.6,0.4
90.23456931114195,0.6,0.4
90.23706221580504,0.6,0.4
90.24211645126344,0.6,0.4
90.24570155143738,0.6,0.4
90.2540681362152,0.6,0.4
90.26129341125488,0.6,0.4
90.26506161689758,0.6,0.4
90.26688194274902,0.6,0.4
90.27670860290527,0.6,0.4
90.27711653709412,0.6,0.4
90.28862166404724,0.6,0.4
90.29429340362547,0.6,0.4
90.29572606086732,0.6,0.4
90.30729246139526,0.6,0.4
90.30806159973145,0.6,0.4
90.3121166229248,0.6,0.4
90.32929182052612,0.6,0.4
90.32975506782532,0.6,0.4
90.33506035804749,0.6,0.4
90.34249091148376,0.6,0.4
90.3491187095642,0.6,0.4
90.35224294662476,0.6,0.4
90.36429166793825,0.6,0.4
90.36465120315552,0.6,0.4
90.3710606098175,0.6,0.4
90.37611865997314,0.6,0.4
90.38522696495056,0.6,0.4
90.39329171180724,0.6,0.4
90.39721131324768,0.6,0.4
90.40506029129028,0.6,0.4
90.41211867332458,0.6,0.4
90.4177725315094,0.6,0.4
90.42629146575928,0.6,0.4
90.43065762519836,0.6,0.4
90.43767666816711,0.6,0.4
90.44006061553956,0.6,0.4
90.44611716270448,0.6,0.4
90.4504508972168,0.6,0.4
90.46429181098938,0.6,0.4
90.4680688381195,0.6,0.4
90.47605729103088,0.6,0.4
90.477117061615,0.6,0.4
90.4831371307373,0.6,0.4
90.49188232421876,0.6,0.4
90.49329137802124,0.6,0.4
90.4960572719574,0.6,0.4
90.50333333015442,0.6,0.4
90.5107057094574,0.6,0.4
90.51211714744568,0.6,0.4
90.51895546913148,0.6,0.4
90.5270609855652,0.6,0.4
90.52829027175903,0.6,0.4
90.540057182312,0.6,0.4
90.54211854934692,0.6,0.4
90.54282546043396,0.6,0.4
90.55047059059144,0.6,0.4
90.56429028511047,0.6,0.4
90.56605792045592,0.6,0.4
90.56789207458496,0.6,0.4
90.57711839675903,0.6,0.4
90.5773742198944,0.6,0.4
90.5893487930298,0.6,0.4
90.59505772590636,0.6,0.4
90.59929013252258,0.6,0.4
90.59978365898132,0.6,0.4
90.61269116401672,0.6,0.4
90.61311841011047,0.6,0.4
90.6263301372528,0.6,0.4
90.63428592681883,0.6,0.4
90.63605761528017,0.6,0.4
90.6367495059967,0.6,0.4
90.64311981201172,0.6,0.4
90.6603410243988,0.6,0.4
90.66328573226927,0.6,0.4
90.67049407958984,0.6,0.4
90.6710557937622,0.6,0.4
90.67211961746216,0.6,0.4
90.68244576454164,0.7,0.3
90.69525599479675,0.7,0.3
90.70028591156006,0.7,0.3
90.70188808441162,0.7,0.3
90.70311999320984,0.7,0.3
90.7080557346344,0.7,0.3
90.71328926086426,0.7,0.3
90.7245864868164,0.7,0.3
90.72705578804016,0.7,0.3
90.73428559303284,0.7,0.3
90.74311685562134,0.7,0.3
90.74921107292175,0.7,0.3
90.7588574886322,0.7,0.3
90.7642858028412,0.7,0.3
90.76905393600464,0.7,0.3
90.76947069168092,0.7,0.3
90.77111673355104,0.7,0.3
90.78536200523376,0.7,0.3
90.79306721687315,0.7,0.3
90.7970540523529,0.7,0.3
90.7972857952118,0.7,0.3
90.79994511604308,0.7,0.3
90.81012272834778,0.7,0.3
90.81411671638487,0.7,0.3
90.82245326042175,0.7,0.3
90.82728481292725,0.7,0.3
90.84005403518675,0.7,0.3
90.84110832214355,0.7,0.3
90.84111762046814,0.7,0.3
90.8506338596344,0.7,0.3
90.85865044593812,0.7,0.3
90.86328482627869,0.7,0.3
90.86454391479492,0.7,0.3
90.86705088615416,0.7,0.3
90.87111759185792,0.7,0.3
90.8759903907776,0.7,0.3
90.89328479766846,0.7,0.3
90.89705085754396,0.7,0.3
90.89835572242735,0.7,0.3
90.90322017669678,0.7,0.3
90.91291999816896,0.7,0.3
90.9131178855896,0.7,0.3
90.92828321456908,0.7,0.3
90.9298632144928,0.7,0.3
90.93439054489136,0.7,0.3
90.93905091285706,0.7,0.3
90.94212222099304,0.7,0.3
90.9554088115692,0.7,0.3
90.96528363227844,0.7,0.3
90.96704912185668,0.7,0.3
90.97129607200624,0.7,0.3
90.97712230682372,0.7,0.3
90.98310232162476,0.7,0.3
90.99331521987916,0.7,0.3
90.9942831993103,0.7,0.3
90.99604916572572,0.7,0.3
91.00512218475342,0.7,0.3
91.00662922859192,0.6,0.4
91.01802492141724,0.6,0.4
91.0261971950531,0.6,0.4
91.0292820930481,0.6,0.4
91.03221940994264,0.6,0.4
91.033123254776,0.6,0.4
91.03704905509947,0.6,0.4
91.04463386535645,0.6,0.4
91.05248403549194,0.6,0.4
91.06289219856262,0.6,0.4
91.0642819404602,0.6,0.4
91.06704473495483,0.6,0.4
91.0718982219696,0.6,0.4
91.07512331008913,0.6,0.4
91.07768654823305,0.6,0.4
91.08650088310242,0.6,0.4
91.0932822227478,0.6,0.4
91.09674382209778,0.6,0.4
91.10609221458436,0.6,0.4
91.1100447177887,0.6,0.4
91.11112332344057,0.6,0.4
91.11491847038268,0.6,0.4
91.12615656852722,0.6,0.4
91.1272804737091,0.6,0.4
91.1390450000763,0.6,0.4
91.13949227333067,0.6,0.4
91.1445620059967,0.5,0.5
91.1451268196106,0.5,0.5
91.15216279029846,0.5,0.5
91.15886306762695,0.5,0.5
91.16328048706056,0.5,0.5
91.16704273223876,0.5,0.5
91.17312669754028,0.5,0.5
91.18419981002808,0.5,0.5
91.19604301452635,0.5,0.5
91.19649600982666,0.5,0.5
91.19828057289124,0.5,0.5
91.20634770393372,0.5,0.5
91.20812702178956,0.5,0.5
91.22074699401855,0.5,0.5
91.2283992767334,0.5,0.5
91.23125791549684,0.5,0.5
91.23327946662904,0.5,0.5
91.23804259300232,0.5,0.5
91.24212789535522,0.5,0.5
91.2431252002716,0.5,0.5
91.25224137306212,0.5,0.5
91.26155972480774,0.5,0.5
91.26327919960022,0.5,0.5
91.26704120635986,0.5,0.5
91.2710075378418,0.5,0.5
91.2721254825592,0.5,0.5
91.27430391311646,0.5,0.5
91.2863702774048,0.5,0.5
91.2925615310669,0.5,0.5
91.29504132270812,0.5,0.5
91.29727935791016,0.5,0.5
91.3161256313324,0.5,0.5
91.3202464580536,0.5,0.5
91.32627654075624,0.5,0.5
91.3311378955841,0.6,0.4
91.33604121208192,0.6,0.4
91.34312582015993,0.6,0.4
91.34600377082825,0.6,0.4
91.3614330291748,0.6,0.4
91.36504006385805,0.6,0.4
91.36727666854858,0.6,0.4
91.37212586402892,0.6,0.4
91.37312126159668,0.6,0.4
91.38907289505003,0.6,0.4
91.39527654647829,0.6,0.4
91.39917516708374,0.6,0.4
91.40704011917114,0.6,0.4
91.41312575340272,0.6,0.4
91.42427635192873,0.6,0.4
91.42885661125185,0.6,0.4
91.43332719802856,0.6,0.4
91.43604016304016,0.6,0.4
91.4412078857422,0.6,0.4
91.4441258907318,0.6,0.4
91.45232152938844,0.6,0.4
91.46727633476256,0.6,0.4
91.47003722190856,0.6,0.4
91.47095131874084,0.6,0.4
91.47712540626526,0.6,0.4
91.48807072639464,0.6,0.4
91.49527645111084,0.6,0.4
91.49622321128844,0.6,0.4
91.505544424057,0.6,0.4
91.5071256160736,0.6,0.4
91.50803732872008,0.6,0.4
91.5175564289093,0.6,0.4
91.52427434921265,0.6,0.4
91.52451491355896,0.6,0.4
91.53403735160828,0.6,0.4
91.54212522506714,0.6,0.4
91.54739809036256,0.6,0.4
91.55127382278442,0.6,0.4
91.55327439308168,0.6,0.4
91.56392669677734,0.6,0.4
91.56903529167175,0.6,0.4
91.56988549232484,0.6,0.4
91.57212519645692,0.6,0.4
91.5776948928833,0.6,0.4
91.58792161941528,0.5,0.5
91.5952742099762,0.5,0.5
91.60345220565796,0.5,0.5
91.6050353050232,0.5,0.5
91.60612535476685,0.5,0.5
91.61430835723876,0.5,0.5
91.62378787994383,0.5,0.5
91.62527298927309,0.5,0.5
91.63329577445984,0.5,0.5
91.64003539085388,0.5,0.5
91.64212989807127,0.5,0.5
91.64983129501344,0.5,0.5
91.6531491279602,0.5,0.5
91.65327310562134,0.5,0.5
91.66803240776062,0.5,0.5
91.671471118927,0.5,0.5
91.67713022232056,0.5,0.5
91.68067574501038,0.5,0.5
91.68954801559448,0.5,0.5
91.6962730884552,0.5,0.5
91.70512986183168,0.5,0.5
91.7073690891266,0.5,0.5
91.71003246307372,0.5,0.5
91.72252821922302,0.5,0.5
91.72327303886414,0.5,0.5
91.73006534576416,0.5,0.5
91.738032579422,0.5,0.5
91.74113011360168,0.5,0.5
91.74122524261476,0.5,0.5
91.75177788734436,0.5,0.5
91.7532730102539,0.5,0.5
91.75978779792786,0.5,0.5
91.76602959632874,0.5,0.5
91.769389629364,0.5,0.5
91.7749342918396,0.6,0.4
91.77613019943236,0.6,0.4
91.78537726402284,0.6,0.4
91.79527306556702,0.6,0.4
91.801029920578,0.6,0.4
91.805335521698,0.6,0.4
91.80615735054016,0.5,0.5
91.8121302127838,0.5,0.5
91.82155776023863,0.5,0.5
91.8242712020874,0.5,0.5
91.82483458518982,0.5,0.5
91.83213019371031,0.5,0.5
91.83558440208436,0.5,0.5
91.8370316028595,0.5,0.5
91.8452775478363,0.5,0.5
91.85222220420836,0.5,0.5
91.86237859725952,0.5,0.5
91.86627149581908,0.5,0.5
91.87203192710876,0.5,0.5
91.87613010406494,0.5,0.5
91.877418756485,0.5,0.5
91.887948513031,0.6,0.4
91.89327120780943,0.6,0.4
91.89659214019775,0.6,0.4
91.90716218948364,0.6,0.4
91.9080319404602,0.6,0.4
91.91113018989564,0.6,0.4
91.91728234291077,0.5,0.5
91.92731070518494,0.5,0.5
91.92827153205872,0.5,0.5
91.9357578754425,0.5,0.5
91.936030626297,0.5,0.5
91.94613337516785,0.5,0.5
91.94920420646667,0.5,0.5
91.96427154541016,0.5,0.5
91.97103071212769,0.5,0.5
91.97281551361084,0.5,0.5
91.98213338851927,0.5,0.5
91.9869327545166,0.5,0.5
91.99231910705566,0.5,0.5
91.99327182769775,0.5,0.5
92.00557470321657,0.5,0.5
92.0060305595398,0.5,0.5
92.01113319396973,0.5,0.5
92.02106046676636,0.6,0.4
92.02646040916444,0.6,0.4
92.03214120864868,0.6,0.4
92.03426861763,0.6,0.4
92.0350306034088,0.6,0.4
92.0472767353058,0.6,0.4
92.05875015258788,0.6,0.4
92.06326866149902,0.6,0.4
92.07002902030943,0.6,0.4
92.07407760620116,0.6,0.4
92.0811414718628,0.6,0.4
92.08615779876708,0.6,0.4
92.09037613868712,0.6,0.4
92.09826874732973,0.6,0.4
92.09907793998718,0.6,0.4
92.10214138031006,0.6,0.4
92.1040289402008,0.6,0.4
92.1090006828308,0.6,0.4
92.11669588088988,0.6,0.4
92.12992262840272,0.6,0.4
92.13326954841614,0.6,0.4
92.13868021965028,0.6,0.4
92.141028881073,0.6,0.4
92.14514136314392,0.6,0.4
92.148371219635,0.6,0.4
92.15604376792908,0.6,0.4
92.16226935386658,0.6,0.4
92.16702890396118,0.6,0.4
92.17300653457642,0.6,0.4
92.18214130401611,0.6,0.4
92.18327498435974,0.6,0.4
92.18852519989014,0.6,0.4
92.19502902030943,0.6,0.4
92.19726920127869,0.6,0.4
92.1980972290039,0.6,0.4
92.20114135742188,0.6,0.4
92.22237181663512,0.6,0.4
92.225266456604,0.6,0.4
92.23702883720398,0.6,0.4
92.23987030982973,0.6,0.4
92.24314260482788,0.6,0.4
92.24675822257996,0.5,0.5
92.25275039672852,0.5,0.5
92.26502656936646,0.5,0.5
92.26726627349854,0.5,0.5
92.27214241027832,0.5,0.5
92.27508211135864,0.5,0.5
92.28449177742004,0.5,0.5
92.29378581047058,0.5,0.5
92.29526662826538,0.5,0.5
92.30553126335144,0.5,0.5
92.30802655220032,0.5,0.5
92.312246799469,0.5,0.5
92.31414246559144,0.5,0.5
92.3242645263672,0.5,0.5
92.33291578292848,0.5,0.5
92.33502650260924,0.5,0.5
92.33858370780943,0.5,0.5
92.34314727783205,0.5,0.5
92.3493766784668,0.5,0.5
92.35729122161864,0.5,0.5
92.3662645816803,0.5,0.5
92.36739325523376,0.5,0.5
92.37102460861206,0.5,0.5
92.37214732170104,0.5,0.5
92.38413000106812,0.5,0.5
92.3950982093811,0.5,0.5
92.39526462554932,0.5,0.5
92.40488600730896,0.5,0.5
92.40502452850342,0.5,0.5
92.41414737701416,0.5,0.5
92.41521763801576,0.4,0.6
92.42326331138612,0.4,0.6
92.433096408844,0.4,0.6
92.4400246143341,0.4,0.6
92.44214820861816,0.4,0.6
92.4464190006256,0.4,0.6
92.4577453136444,0.4,0.6
92.46526336669922,0.4,0.6
92.4759829044342,0.4,0.6
92.47602200508118,0.4,0.6
92.48014807701112,0.4,0.6
92.49196410179138,0.4,0.6
92.49426341056824,0.4,0.6
92.49602222442628,0.4,0.6
92.49798440933228,0.4,0.6
92.50578212738036,0.4,0.6
92.51214814186096,0.4,0.6
92.52912497520448,0.4,0.6
92.52926182746889,0.4,0.6
92.5386974811554,0.3,0.7
92.53902101516724,0.3,0.7
92.54394793510436,0.4,0.6
92.54715132713318,0.4,0.6
92.56232738494872,0.4,0.6
92.56426167488098,0.4,0.6
92.56702041625977,0.4,0.6
92.57040572166444,0.4,0.6
92.5761513710022,0.4,0.6
92.57865643501282,0.4,0.6
92.59426188468932,0.4,0.6
92.59602069854736,0.4,0.6
92.59807801246644,0.4,0.6
92.59877562522888,0.4,0.6
92.6089689731598,0.3,0.7
92.6111512184143,0.3,0.7
92.62306380271912,0.3,0.7
92.6232612133026,0.3,0.7
92.63702058792114,0.3,0.7
92.64636325836182,0.3,0.7
92.64715242385864,0.3,0.7
92.66526126861572,0.3,0.7
92.67101788520812,0.3,0.7
92.67193388938904,0.3,0.7
92.67515230178832,0.3,0.7
92.68116855621338,0.3,0.7
92.6932611465454,0.3,0.7
92.69942903518675,0.3,0.7
92.70701789855956,0.3,0.7
92.71115231513976,0.3,0.7
92.71645522117616,0.3,0.7
92.7262761592865,0.3,0.7
92.7282600402832,0.3,0.7
92.7385926246643,0.4,0.6
92.74101662635805,0.4,0.6
92.74268460273744,0.4,0.6
92.74515080451964,0.4,0.6
92.75277781486513,0.4,0.6
92.76426005363464,0.4,0.6
92.76764702796936,0.4,0.6
92.76901650428772,0.4,0.6
92.77415084838869,0.4,0.6
92.77763247489928,0.4,0.6
92.78513717651369,0.4,0.6
92.7916820049286,0.4,0.6
92.7942600250244,0.4,0.6
92.797016620636,0.4,0.6
92.80315089225768,0.4,0.6
92.80635714530943,0.4,0.6
92.81772017478944,0.4,0.6
92.82652187347412,0.4,0.6
92.83425688743591,0.4,0.6
92.8390166759491,0.4,0.6
92.84415411949158,0.4,0.6
92.84568309783936,0.4,0.6
92.85790491104126,0.4,0.6
92.86325693130492,0.4,0.6
92.86801552772522,0.4,0.6
92.8731541633606,0.4,0.6
92.87326240539552,0.4,0.6
92.88226199150084,0.5,0.5
92.89701581001282,0.5,0.5
92.89825701713562,0.5,0.5
92.9021542072296,0.5,0.5
92.90330815315248,0.5,0.5
92.90928030014038,0.5,0.5
92.91198897361755,0.5,0.5
92.92557716369627,0.5,0.5
92.93300700187685,0.5,0.5
92.93325519561768,0.5,0.5
92.93657493591309,0.5,0.5
92.9400155544281,0.5,0.5
92.94515800476074,0.5,0.5
92.95374393463136,0.4,0.6
92.96178317070007,0.4,0.6
92.96325540542604,0.4,0.6
92.96802020072936,0.4,0.6
92.97315859794617,0.4,0.6
92.9827151298523,0.3,0.7
92.99675369262695,0.3,0.7
92.9970200061798,0.3,0.7
92.99825549125671,0.3,0.7
93.00715827941896,0.3,0.7
93.00997281074524,0.3,0.7
93.02197909355164,0.3,0.7
93.02654910087584,0.3,0.7
93.0272500514984,0.3,0.7
93.03995990753174,0.2,0.8
93.04002022743224,0.2,0.8
93.04416131973268,0.2,0.8
93.05192828178406,0.2,0.8
93.05455780029295,0.2,0.8
93.06325006484984,0.2,0.8
93.06410884857178,0.3,0.7
93.06801986694336,0.3,0.7
93.07316136360168,0.3,0.7
93.07745170593262,0.3,0.7
93.0835144519806,0.3,0.7
93.09406852722168,0.3,0.7
93.09701991081238,0.3,0.7
93.0992500782013,0.3,0.7
93.1021614074707,0.3,0.7
93.1029863357544,0.3,0.7
93.12311601638794,0.3,0.7
93.1236333847046,0.3,0.7
93.13424873352052,0.3,0.7
93.13645577430724,0.3,0.7
93.1400182247162,0.3,0.7
93.14316368103027,0.3,0.7
93.15099382400513,0.3,0.7
93.1552484035492,0.3,0.7
93.15870571136476,0.3,0.7
93.16369199752808,0.3,0.7
93.16701793670654,0.3,0.7
93.17600274086,0.3,0.7
93.17988991737366,0.2,0.8
93.18216371536256,0.2,0.8
93.19142508506776,0.2,0.8
93.19601821899414,0.2,0.8
93.19624900817873,0.2,0.8
93.20216369628906,0.2,0.8
93.20295882225037,0.2,0.8
93.2206208705902,0.3,0.7
93.2252471446991,0.3,0.7
93.236230134964,0.3,0.7
93.23701786994934,0.3,0.7
93.24008560180664,0.3,0.7
93.2451651096344,0.3,0.7
93.25224709510805,0.3,0.7
93.25395321846008,0.2,0.8
93.26701641082764,0.2,0.8
93.27216529846191,0.2,0.8
93.27282691001892,0.2,0.8
93.27451300621031,0.2,0.8
93.29546189308168,0.2,0.8
93.29724717140198,0.2,0.8
93.30101656913756,0.2,0.8
93.30677604675292,0.2,0.8
93.30816531181335,0.2,0.8
93.31460762023926,0.2,0.8
93.32324719429016,0.2,0.8
93.32613921165466,0.2,0.8
93.33281993865968,0.2,0.8
93.33601641654968,0.2,0.8
93.34316682815552,0.2,0.8
93.34492254257202,0.2,0.8
93.35148739814758,0.2,0.8
93.36424732208252,0.2,0.8
93.36902832984924,0.2,0.8
93.37101435661316,0.2,0.8
93.37216639518738,0.2,0.8
93.38073182106018,0.3,0.7
93.38603520393372,0.4,0.6
93.39324736595154,0.4,0.6
93.39503002166748,0.4,0.6
93.40001440048218,0.4,0.6
93.40145444869997,0.4,0.6
93.4131669998169,0.4,0.6
93.4172065258026,0.4,0.6
93.42824459075928,0.4,0.6
93.42979884147644,0.4,0.6
93.43601417541504,0.4,0.6
93.44216752052309,0.4,0.6
93.44598770141602,0.4,0.6
93.45734548568726,0.4,0.6
93.4662446975708,0.4,0.6
93.46687507629396,0.4,0.6
93.47101140022278,0.4,0.6
93.47716760635376,0.4,0.6
93.48463702201845,0.4,0.6
93.49324440956116,0.4,0.6
93.50121283531188,0.4,0.6
93.50801181793211,0.4,0.6
93.51247382164,0.4,0.6
93.5131676197052,0.4,0.6
93.52442240715028,0.4,0.6
93.52924370765686,0.4,0.6
93.53601121902466,0.4,0.6
93.53634691238403,0.4,0.6
93.54217100143433,0.4,0.6
93.54705119132996,0.4,0.6
93.55318689346312,0.4,0.6
93.56424355506896,0.4,0.6
93.56684994697572,0.4,0.6
93.57101035118104,0.4,0.6
93.57254672050476,0.4,0.6
93.57717084884644,0.4,0.6
93.57881450653076,0.4,0.6
93.593243598938,0.4,0.6
93.60001039505003,0.4,0.6
93.60015606880188,0.4,0.6
93.60694980621338,0.4,0.6
93.61182141304016,0.4,0.6
93.61317086219788,0.4,0.6
93.62394309043884,0.4,0.6
93.62724232673644,0.4,0.6
93.6331741809845,0.4,0.6
93.63601040840148,0.4,0.6
93.64105248451231,0.4,0.6
93.64256811141968,0.4,0.6
93.65035390853882,0.4,0.6
93.6594853401184,0.4,0.6
93.66324234008788,0.4,0.6
93.67100763320924,0.4,0.6
93.67717409133913,0.4,0.6
93.6780128479004,0.4,0.6
93.68643999099731,0.4,0.6
93.69169211387634,0.3,0.7
93.69724225997923,0.3,0.7
93.6984043121338,0.3,0.7
93.7080078125,0.3,0.7
93.7103705406189,0.3,0.7
93.7121741771698,0.3,0.7
93.72623801231384,0.3,0.7
93.72743701934814,0.3,0.7
93.73409152030943,0.3,0.7
93.73417520523073,0.3,0.7
93.73700761795044,0.3,0.7
93.746075630188,0.3,0.7
93.75323820114136,0.3,0.7
93.76053309440611,0.3,0.7
93.76600742340088,0.3,0.7
93.76954102516174,0.3,0.7
93.7761754989624,0.3,0.7
93.78230929374696,0.3,0.7
93.79523801803587,0.3,0.7
93.79600739479064,0.3,0.7
93.8012547492981,0.3,0.7
93.80180740356444,0.3,0.7
93.80417537689208,0.3,0.7
93.81814908981325,0.3,0.7
93.82423520088196,0.3,0.7
93.8265824317932,0.3,0.7
93.83700728416444,0.3,0.7
93.84617805480956,0.3,0.7
93.84741497039796,0.3,0.7
93.86088299751282,0.3,0.7
93.86623549461363,0.3,0.7
93.86700439453124,0.3,0.7
93.86983513832092,0.3,0.7
93.87417793273926,0.3,0.7
93.88848447799684,0.3,0.7
93.89106845855711,0.3,0.7
93.89523530006409,0.3,0.7
93.90317821502686,0.3,0.7
93.90562772750854,0.4,0.6
93.91000461578368,0.4,0.6
93.92323422431946,0.4,0.6
93.92588639259338,0.4,0.6
93.93534445762634,0.4,0.6
93.94000434875488,0.4,0.6
93.94618320465088,0.4,0.6
93.9527039527893,0.3,0.7
93.9628119468689,0.3,0.7
93.965234041214,0.3,0.7
93.96700501441956,0.3,0.7
93.97101473808289,0.3,0.7
93.97418332099916,0.3,0.7
93.97889018058775,0.3,0.7
93.9929051399231,0.3,0.7
93.994234085083,0.3,0.7
93.99600481987,0.3,0.7
94.00259733200072,0.3,0.7
94.00418329238892,0.3,0.7
94.01079654693604,0.3,0.7
94.0242338180542,0.3,0.7
94.02800965309144,0.3,0.7
94.03700470924376,0.3,0.7
94.03957509994508,0.3,0.7
94.04418206214903,0.3,0.7
94.0464448928833,0.3,0.7
94.06033325195312,0.3,0.7
94.06523370742798,0.3,0.7
94.0670018196106,0.3,0.7
94.0711498260498,0.4,0.6
94.07218217849731,0.4,0.6
94.07660055160522,0.4,0.6
94.0903468132019,0.4,0.6
94.09423351287842,0.4,0.6
94.09607338905334,0.4,0.6
94.10627603530884,0.4,0.6
94.10718202590942,0.4,0.6
94.11000180244446,0.4,0.6
94.11811208724976,0.4,0.6
94.12323212623596,0.4,0.6
94.1337423324585,0.4,0.6
94.13404750823976,0.4,0.6
94.14000177383424,0.4,0.6
94.14218258857728,0.4,0.6
94.14451360702516,0.4,0.6
94.15323209762572,0.4,0.6
94.1569483280182,0.4,0.6
94.167001247406,0.4,0.6
94.16778659820557,0.4,0.6
94.17489981651306,0.4,0.6
94.1801826953888,0.4,0.6
94.18726658821106,0.4,0.6
94.19523215293884,0.4,0.6
94.19600129127502,0.4,0.6
94.1974711418152,0.4,0.6
94.20165061950684,0.4,0.6
94.21218252182008,0.4,0.6
94.2190008163452,0.4,0.6
94.223228931427,0.4,0.6
94.22959446907043,0.4,0.6
94.23800134658812,0.4,0.6
94.23964190483092,0.4,0.6
94.24718618392944,0.4,0.6
94.24913120269775,0.4,0.6
94.25646018981934,0.4,0.6
94.26622891426086,0.4,0.6
94.2679991722107,0.4,0.6
94.26923751831056,0.4,0.6
94.27618622779846,0.4,0.6
94.27947974205016,0.4,0.6
94.2901463508606,0.4,0.6
94.29322910308838,0.4,0.6
94.29699921607973,0.4,0.6
94.30279302597046,0.4,0.6
94.30718612670898,0.4,0.6
94.31904792785645,0.4,0.6
94.3264181613922,0.4,0.6
94.32922768592834,0.4,0.6
94.33518719673155,0.4,0.6
94.33666849136353,0.4,0.6
94.3409972190857,0.4,0.6
94.34243059158324,0.4,0.6
94.35357427597046,0.3,0.7
94.361576795578,0.3,0.7
94.36422777175903,0.3,0.7
94.36744260787964,0.3,0.7
94.36799716949464,0.3,0.7
94.37618780136108,0.3,0.7
94.3770911693573,0.3,0.7
94.38363933563232,0.3,0.7
94.39607620239258,0.3,0.7
94.39699721336363,0.3,0.7
94.39922761917114,0.3,0.7
94.40604138374329,0.3,0.7
94.41218781471252,0.3,0.7
94.41819500923155,0.3,0.7
94.42318439483644,0.3,0.7
94.42699718475342,0.3,0.7
94.4342246055603,0.3,0.7
94.4368326663971,0.3,0.7
94.44672751426695,0.3,0.7
94.44718647003174,0.3,0.7
94.45549488067628,0.3,0.7
94.46422457695007,0.3,0.7
94.46799421310423,0.3,0.7
94.47475361824036,0.3,0.7
94.47518634796144,0.3,0.7
94.48002314567566,0.3,0.7
94.49222469329834,0.3,0.7
94.49613380432127,0.3,0.7
94.5019669532776,0.2,0.8
94.50318646430968,0.2,0.8
94.51099443435668,0.2,0.8
94.5177972316742,0.2,0.8
94.52722311019896,0.2,0.8
94.53540992736816,0.3,0.7
94.53999400138856,0.3,0.7
94.54519009590148,0.3,0.7
94.54987573623656,0.3,0.7
94.55825209617616,0.3,0.7
94.56422305107117,0.3,0.7
94.56699514389038,0.3,0.7
94.57148027420044,0.1,0.9
94.57319021224976,0.1,0.9
94.57903861999512,0.1,0.9
94.58591413497923,0.1,0.9
94.59699511528017,0.1,0.9
94.59922313690186,0.1,0.9
94.60033011436462,0.1,0.9
94.6021900177002,0.1,0.9
94.60833168029784,0.1,0.9
94.6191999912262,0.1,0.9
94.62717962265016,0.1,0.9
94.6272201538086,0.1,0.9
94.63652896881104,0.1,0.9
94.63799500465392,0.1,0.9
94.64419221878052,0.1,0.9
94.65183210372923,0.1,0.9
94.6595938205719,0.1,0.9
94.66321992874146,0.1,0.9
94.66699361801147,0.1,0.9
94.66939902305604,0.1,0.9
94.67219233512878,0.1,0.9
94.68340253829956,0.2,0.8
94.6976354122162,0.2,0.8
94.69782257080078,0.3,0.7
94.69822001457214,0.3,0.7
94.70817923545836,0.3,0.7
94.70819234848022,0.3,0.7
94.70999360084534,0.3,0.7
94.71887445449828,0.3,0.7
94.72822260856628,0.3,0.7
94.73251581192017,0.3,0.7
94.73999381065369,0.3,0.7
94.74169969558716,0.3,0.7
94.7431936264038,0.3,0.7
94.75208568572998,0.3,0.7
94.76298904418944,0.3,0.7
94.7632224559784,0.3,0.7
94.7669916152954,0.3,0.7
94.77219367027284,0.3,0.7
94.77397656440736,0.3,0.7
94.78167867660522,0.3,0.7
94.79069232940674,0.3,0.7
94.79322242736816,0.3,0.7
94.79499173164368,0.3,0.7
94.80175232887268,0.3,0.7
94.80619359016418,0.3,0.7
94.80963015556335,0.3,0.7
94.8199393749237,0.3,0.7
94.82722210884094,0.3,0.7
94.83014249801636,0.4,0.6
94.8369917869568,0.4,0.6
94.8388648033142,0.4,0.6
94.84219360351562,0.4,0.6
94.84319615364076,0.4,0.6
94.85086941719057,0.4,0.6
94.86422204971312,0.4,0.6
94.86630368232728,0.4,0.6
94.87198948860168,0.4,0.6
94.87436866760254,0.4,0.6
94.87719392776488,0.4,0.6
94.88809728622437,0.3,0.7
94.89822220802309,0.3,0.7
94.89923071861269,0.3,0.7
94.90798950195312,0.3,0.7
94.912193775177,0.3,0.7
94.92622113227844,0.3,0.7
94.93077540397644,0.3,0.7
94.9359893798828,0.3,0.7
94.94064259529114,0.3,0.7
94.94219493865968,0.3,0.7
94.95422101020812,0.3,0.7
94.95632553100586,0.3,0.7
94.96794247627258,0.3,0.7
94.97098994255066,0.3,0.7
94.97719502449036,0.3,0.7
94.98266172409058,0.1,0.9
94.99314761161804,0.1,0.9
94.997220993042,0.1,0.9
95.00599002838136,0.1,0.9
95.01319479942322,0.1,0.9
95.01398372650146,0.1,0.9
95.02187776565552,0.2,0.8
95.02282738685608,0.2,0.8
95.02798986434937,0.2,0.8
95.03196239471436,0.2,0.8
95.0331974029541,0.2,0.8
95.03321981430054,0.2,0.8
95.04114389419556,0.2,0.8
95.05122232437134,0.2,0.8
95.05321955680849,0.2,0.8
95.06998896598816,0.2,0.8
95.0771975517273,0.2,0.8
95.0795226097107,0.2,0.8
95.08829760551453,0.2,0.8
95.09521961212158,0.2,0.8
95.09798884391785,0.2,0.8
95.10211515426636,0.2,0.8
95.10419750213624,0.2,0.8
95.11133074760436,0.2,0.8
95.12181973457336,0.2,0.8
95.12421917915344,0.2,0.8
95.13530731201172,0.1,0.9
95.14033913612366,0.1,0.9
95.14098882675172,0.1,0.9
95.14619874954224,0.1,0.9
95.15321922302246,0.1,0.9
95.15792727470398,0.0,1.0
95.16024494171144,0.0,1.0
95.16798782348631,0.0,1.0
95.1685996055603,0.0,1.0
95.18219900131226,0.0,1.0
95.183434009552,0.0,1.0
95.19521927833556,0.0,1.0
95.1968960762024,0.0,1.0
95.19698786735536,0.0,1.0
95.2021987438202,0.0,1.0
95.21593284606934,0.0,1.0
95.2232151031494,0.0,1.0
95.2277328968048,0.0,1.0
95.23891258239746,0.0,1.0
95.23998761177064,0.0,1.0
95.24393582344057,0.0,1.0
95.24420118331908,0.0,1.0
95.2515995502472,0.0,1.0
95.2672152519226,0.0,1.0
95.26798486709596,0.0,1.0
95.27320122718812,0.0,1.0
95.2926697731018,0.0,1.0
95.2932152748108,0.0,1.0
95.30243420600893,0.0,1.0
95.30320119857788,0.0,1.0
95.3109848499298,0.0,1.0
95.31223726272584,0.0,1.0
95.32821369171144,0.0,1.0
95.33329439163208,0.0,1.0
95.33998346328735,0.0,1.0
95.3432023525238,0.0,1.0
95.3456392288208,0.0,1.0
95.35583233833312,0.0,1.0
95.36421370506288,0.0,1.0
95.37098360061646,0.0,1.0
95.37646007537842,0.0,1.0
95.37820219993591,0.0,1.0
95.3836386203766,0.1,0.9
95.39045929908752,0.1,0.9
95.39921355247498,0.1,0.9
95.40598320961,0.1,0.9
95.41420221328735,0.1,0.9
95.41776919364928,0.2,0.8
95.4276909828186,0.2,0.8
95.43420934677124,0.2,0.8
95.4359827041626,0.2,0.8
95.43621897697447,0.2,0.8
95.44220304489136,0.2,0.8
95.44539213180542,0.2,0.8
95.4509253501892,0.2,0.8
95.46320939064026,0.2,0.8
95.46713328361513,0.2,0.8
95.47098302841188,0.2,0.8
95.47918367385864,0.2,0.8
95.47920298576356,0.2,0.8
95.49320936203004,0.2,0.8
95.49402499198914,0.2,0.8
95.4995436668396,0.2,0.8
95.50520300865172,0.2,0.8
95.50798273086548,0.2,0.8
95.52292466163637,0.2,0.8
95.52820873260498,0.2,0.8
95.5369803905487,0.2,0.8
95.54720401763916,0.1,0.9
95.55601859092712,0.1,0.9
95.56336092948914,0.2,0.8
95.56420874595642,0.2,0.8
95.56598043441772,0.2,0.8
95.57198929786682,0.3,0.7
95.5760531425476,0.3,0.7
95.57620429992676,0.3,0.7
95.59320902824402,0.3,0.7
95.59459066390993,0.3,0.7
95.6009805202484,0.3,0.7
95.60791373252869,0.3,0.7
95.6122043132782,0.3,0.7
95.61582589149477,0.3,0.7
95.61833930015564,0.3,0.7
95.62820720672607,0.3,0.7
95.6359806060791,0.3,0.7
95.64491200447084,0.3,0.7
95.6458225250244,0.3,0.7
95.64720559120178,0.3,0.7
95.65329194068909,0.3,0.7
95.66420722007751,0.3,0.7
95.66700530052184,0.3,0.7
95.67097854614258,0.3,0.7
95.67520570755003,0.3,0.7
95.67837858200072,0.3,0.7
95.68804001808168,0.3,0.7
95.69820761680604,0.3,0.7
95.6985855102539,0.3,0.7
95.70797848701476,0.3,0.7
95.71120572090148,0.3,0.7
95.71343946456908,0.0,1.0
95.7172544002533,0.0,1.0
95.72820734977722,0.0,1.0
95.73390579223631,0.0,1.0
95.74097681045532,0.0,1.0
95.74520444869997,0.0,1.0
95.74658346176147,0.0,1.0
95.75868821144104,0.0,1.0
95.7599401473999,0.0,1.0
95.76420736312866,0.0,1.0
95.77097702026369,0.0,1.0
95.77320432662964,0.0,1.0
95.78193426132202,0.0,1.0
95.78620719909668,0.0,1.0
95.7956326007843,0.0,1.0
95.8012044429779,0.0,1.0
95.80428862571716,0.0,1.0
95.80597686767578,0.0,1.0
95.81290364265442,0.0,1.0
95.822363615036,0.1,0.9
95.82820534706116,0.1,0.9
95.83506560325624,0.1,0.9
95.83597683906557,0.1,0.9
95.84320616722108,0.1,0.9
95.84793949127196,0.1,0.9
95.85155606269836,0.0,1.0
95.85783791542052,0.0,1.0
95.86520552635191,0.0,1.0
95.86767506599426,0.0,1.0
95.8699746131897,0.0,1.0
95.87220621109007,0.0,1.0
95.88087940216064,0.0,1.0
95.88520550727844,0.0,1.0
95.89123582839966,0.0,1.0
95.90658116340636,0.0,1.0
95.9072060585022,0.0,1.0
95.90797472000122,0.0,1.0
95.92276287078856,0.0,1.0
95.92920422554016,0.0,1.0
95.93184328079224,0.0,1.0
95.94097375869752,0.0,1.0
95.94320559501648,0.0,1.0
95.94336891174316,0.0,1.0
95.950834274292,0.0,1.0
95.9649739265442,0.0,1.0
95.96520400047302,0.0,1.0
95.96548199653624,0.0,1.0
95.97220587730408,0.0,1.0
95.9848301410675,0.0,1.0
95.99221444129944,0.0,1.0
95.99420428276062,0.0,1.0
96.00697374343872,0.0,1.0
96.01520586013794,0.0,1.0
96.02570819854736,0.0,1.0
96.02920126914978,0.0,1.0
96.02990484237672,0.0,1.0
96.0338761806488,0.0,1.0
96.03597378730774,0.0,1.0
96.0432062149048,0.0,1.0
96.0485906600952,0.0,1.0
96.0598418712616,0.0,1.0
96.0672013759613,0.0,1.0
96.06997346878052,0.0,1.0
96.0754919052124,0.0,1.0
96.07720613479614,0.0,1.0
96.09420132637024,0.0,1.0
96.09611940383913,0.0,1.0
96.09897351264954,0.0,1.0
96.10720610618591,0.0,1.0
96.10833621025084,0.0,1.0
96.1181948184967,0.2,0.8
96.12419891357422,0.2,0.8
96.12606930732728,0.2,0.8
96.1355366706848,0.2,0.8
96.1399736404419,0.2,0.8
96.1422061920166,0.2,0.8
96.15176320075987,0.2,0.8
96.16442918777466,0.2,0.8
96.16619873046876,0.2,0.8
96.16797208786012,0.2,0.8
96.17042279243468,0.2,0.8
96.17721009254456,0.2,0.8
96.18383026123048,0.2,0.8
96.19140481948853,0.2,0.8
96.19619870185852,0.2,0.8
96.19697213172913,0.2,0.8
96.2028558254242,0.2,0.8
96.20521020889282,0.2,0.8
96.21528577804564,0.2,0.8
96.22419500350952,0.2,0.8
96.2263731956482,0.2,0.8
96.23897194862366,0.2,0.8
96.24581146240234,0.2,0.8
96.2482123374939,0.2,0.8
96.25346326828004,0.2,0.8
96.26375651359558,0.3,0.7
96.2651948928833,0.3,0.7
96.26697087287904,0.3,0.7
96.27621221542358,0.3,0.7
96.28688621520996,0.4,0.6
96.29394102096558,0.4,0.6
96.29417371749878,0.4,0.6
96.29419493675232,0.4,0.6
96.2969708442688,0.4,0.6
96.3004457950592,0.4,0.6
96.31221199035645,0.4,0.6
96.3174250125885,0.4,0.6
96.31892251968384,0.4,0.6
96.3241937160492,0.4,0.6
96.32868361473083,0.4,0.6
96.33321642875671,0.4,0.6
96.3409707546234,0.4,0.6
96.34409737586977,0.4,0.6
96.35690259933472,0.4,0.6
96.3661937713623,0.4,0.6
96.370858669281,0.3,0.7
96.3709716796875,0.3,0.7
96.37504172325134,0.3,0.7
96.37621641159058,0.3,0.7
96.38551330566406,0.3,0.7
96.39576601982117,0.3,0.7
96.39619374275208,0.3,0.7
96.40321660041808,0.3,0.7
96.4059717655182,0.3,0.7
96.41129326820374,0.3,0.7
96.42411422729492,0.3,0.7
96.42519235610962,0.3,0.7
96.43380689620972,0.3,0.7
96.43597173690796,0.3,0.7
96.44621181488036,0.3,0.7
96.45419239997864,0.3,0.7
96.45705723762512,0.2,0.8
96.46474933624268,0.2,0.8
96.46996927261353,0.2,0.8
96.47321152687071,0.2,0.8
96.47735095024107,0.2,0.8
96.48203802108765,0.3,0.7
96.49286818504332,0.3,0.7
96.49619245529176,0.3,0.7
96.49892258644104,0.3,0.7
96.50221180915833,0.3,0.7
96.50796914100648,0.3,0.7
96.51408004760742,0.3,0.7
96.5241916179657,0.3,0.7
96.52464699745178,0.3,0.7
96.53371715545654,0.3,0.7
96.53596925735474,0.3,0.7
96.5432150363922,0.3,0.7
96.54651522636414,0.3,0.7
96.55597400665285,0.3,0.7
96.55919194221497,0.3,0.7
96.57062220573424,0.3,0.7
96.57096695899963,0.3,0.7
96.57321500778198,0.3,0.7
96.58554649353027,0.3,0.7
96.59457778930664,0.3,0.7
96.59619188308716,0.3,0.7
96.59712362289427,0.3,0.7
96.60375571250916,0.3,0.7
96.60596680641174,0.3,0.7
96.60721516609192,0.3,0.7
96.61762952804564,0.3,0.7
96.61793446540833,0.3,0.7
96.6251904964447,0.3,0.7
96.63049244880676,0.3,0.7
96.63596701622008,0.3,0.7
96.64104986190796,0.3,0.7
96.64221620559692,0.3,0.7
96.6517415046692,0.3,0.7
96.66619062423706,0.3,0.7
96.66713619232178,0.3,0.7
96.67096400260924,0.3,0.7
96.67821621894836,0.3,0.7
96.68049812316896,0.3,0.7
96.68226456642152,0.3,0.7
96.6964316368103,0.3,0.7
96.69719052314758,0.3,0.7
96.70521593093872,0.3,0.7
96.70766186714172,0.3,0.7
96.70796418190002,0.3,0.7
96.71578240394592,0.3,0.7
96.7251889705658,0.3,0.7
96.72639799118042,0.3,0.7
96.73331308364868,0.3,0.7
96.73421669006348,0.3,0.7
96.7369623184204,0.3,0.7
96.7541890144348,0.3,0.7
96.75477409362792,0.3,0.7
96.76517176628111,0.3,0.7
96.765962600708,0.3,0.7
96.783216714859,0.3,0.7
96.78546738624571,0.3,0.7
96.79518914222716,0.3,0.7
96.7959623336792,0.3,0.7
96.79835200309752,0.4,0.6
96.80625581741332,0.4,0.6
96.80721640586852,0.4,0.6
96.82328701019289,0.4,0.6
96.82418632507324,0.4,0.6
96.83378100395204,0.4,0.6
96.83596229553224,0.4,0.6
96.84621715545654,0.4,0.6
96.85233640670776,0.4,0.6
96.86496138572691,0.4,0.6
96.8671863079071,0.4,0.6
96.8742172718048,0.4,0.6
96.87783432006836,0.4,0.6
96.88989973068236,0.4,0.6
96.89418601989746,0.4,0.6
96.89885139465332,0.4,0.6
96.90321707725523,0.4,0.6
96.9079613685608,0.4,0.6
96.91174483299255,0.4,0.6
96.92911505699158,0.4,0.6
96.92983293533324,0.4,0.6
96.93118453025818,0.4,0.6
96.93496131896973,0.4,0.6
96.93997359275818,0.4,0.6
96.94621753692628,0.4,0.6
96.95067977905272,0.4,0.6
96.96136856079102,0.4,0.6
96.96518445014954,0.4,0.6
96.97095942497252,0.4,0.6
96.97381448745728,0.5,0.5
96.97421741485596,0.5,0.5
96.98718452453612,0.5,0.5
96.99394989013672,0.5,0.5
97.00154781341551,0.5,0.5
97.00221753120422,0.5,0.5
97.00595951080322,0.5,0.5
97.01069712638856,0.5,0.5
97.02787399291992,0.5,0.5
97.02818059921265,0.5,0.5
97.03495955467224,0.5,0.5
97.03592348098756,0.5,0.5
97.04173159599304,0.5,0.5
97.04721641540527,0.5,0.5
97.0479817390442,0.4,0.6
97.06418061256409,0.4,0.6
97.06759452819824,0.4,0.6
97.0689594745636,0.4,0.6
97.06968522071838,0.4,0.6
97.0752170085907,0.4,0.6
97.08723974227904,0.4,0.6
97.09530568122864,0.4,0.6
97.09818053245544,0.4,0.6
97.1044864654541,0.4,0.6
97.10495948791504,0.4,0.6
97.11221671104433,0.4,0.6
97.11599230766296,0.4,0.6
97.12128186225893,0.4,0.6
97.12717938423155,0.4,0.6
97.13322234153748,0.3,0.7
97.14096021652222,0.3,0.7
97.14721632003784,0.3,0.7
97.14960026741028,0.3,0.7
97.15149688720705,0.3,0.7
97.16795992851256,0.3,0.7
97.1691792011261,0.3,0.7
97.17526173591614,0.4,0.6
97.17820286750792,0.4,0.6
97.1842164993286,0.4,0.6
97.19372868537904,0.4,0.6
97.19596004486084,0.4,0.6
97.19717931747437,0.4,0.6
97.20353603363036,0.4,0.6
97.20421648025513,0.4,0.6
97.22228121757507,0.4,0.6
97.22517776489258,0.4,0.6
97.22542881965636,0.4,0.6
97.2389600276947,0.4,0.6
97.245050907135,0.4,0.6
97.24522089958192,0.4,0.6
97.25378847122192,0.5,0.5
97.26017761230467,0.5,0.5
97.263258934021,0.5,0.5
97.26695799827576,0.5,0.5
97.27211451530457,0.5,0.5
97.27322101593018,0.5,0.5
97.28051948547365,0.4,0.6
97.28702592849731,0.4,0.6
97.29717779159546,0.4,0.6
97.29805088043211,0.4,0.6
97.30954217910768,0.4,0.6
97.31095814704896,0.4,0.6
97.31301307678224,0.4,0.6
97.31522107124329,0.4,0.6
97.32145500183104,0.5,0.5
97.3301763534546,0.5,0.5
97.3317596912384,0.5,0.5
97.33995819091795,0.5,0.5
97.34422254562378,0.5,0.5
97.34501576423644,0.5,0.5
97.3651762008667,0.5,0.5
97.36695647239684,0.5,0.5
97.36781573295592,0.5,0.5
97.37222242355348,0.5,0.5
97.3740406036377,0.5,0.5
97.37833166122437,0.5,0.5
97.39369487762453,0.4,0.6
97.39417600631714,0.4,0.6
97.39695644378662,0.4,0.6
97.4023938179016,0.4,0.6
97.40722250938416,0.4,0.6
97.41548013687134,0.4,0.6
97.42425799369812,0.4,0.6
97.42817378044128,0.4,0.6
97.434180021286,0.4,0.6
97.43895649909972,0.4,0.6
97.44322514533997,0.4,0.6
97.44634628295898,0.4,0.6
97.45617008209229,0.5,0.5
97.4571738243103,0.5,0.5
97.46575927734376,0.5,0.5
97.46695351600648,0.5,0.5
97.47722506523132,0.5,0.5
97.48476934432983,0.5,0.5
97.49495363235474,0.5,0.5
97.49917364120483,0.5,0.5
97.50406408309937,0.5,0.5
97.5072250366211,0.5,0.5
97.52617359161376,0.5,0.5
97.52738094329834,0.5,0.5
97.53438901901244,0.5,0.5
97.53695368766785,0.5,0.5
97.54322910308838,0.5,0.5
97.5477454662323,0.5,0.5
97.55613660812378,0.5,0.5
97.5621736049652,0.5,0.5
97.56495213508606,0.5,0.5
97.572523355484,0.5,0.5
97.57322931289671,0.5,0.5
97.577894449234,0.5,0.5
97.5943820476532,0.5,0.5
97.5971736907959,0.5,0.5
97.6028561592102,0.5,0.5
97.60695219039916,0.5,0.5
97.60722923278809,0.5,0.5
97.6261703968048,0.5,0.5
97.6309244632721,0.5,0.5
97.6359519958496,0.5,0.5
97.64163017272948,0.5,0.5
97.6422278881073,0.5,0.5
97.66017055511476,0.5,0.5
97.66312503814696,0.5,0.5
97.66494941711426,0.5,0.5
97.67550873756409,0.5,0.5
97.67722821235655,0.5,0.5
97.68476462364195,0.5,0.5
97.69517040252686,0.5,0.5
97.70222759246826,0.5,0.5
97.70271492004396,0.5,0.5
97.70794939994812,0.5,0.5
97.70841240882874,0.5,0.5
97.71396040916444,0.5,0.5
97.7252426147461,0.5,0.5
97.73017072677612,0.5,0.5
97.7349498271942,0.5,0.5
97.73702049255373,0.5,0.5
97.74422860145567,0.5,0.5
97.75377917289734,0.5,0.5
97.7598593235016,0.4,0.6
97.76449513435364,0.4,0.6
97.7649474143982,0.4,0.6
97.76517057418825,0.4,0.6
97.77837800979614,0.5,0.5
97.7822287082672,0.5,0.5
97.78717041015624,0.5,0.5
97.78894710540771,0.5,0.5
97.79727530479433,0.5,0.5
97.80222868919373,0.5,0.5
97.8069474697113,0.5,0.5
97.8133590221405,0.5,0.5
97.82053136825562,0.5,0.5
97.82816934585573,0.5,0.5
97.8328366279602,0.4,0.6
97.83594751358032,0.4,0.6
97.83748292922974,0.4,0.6
97.84423041343688,0.4,0.6
97.84875440597534,0.4,0.6
97.85616946220398,0.4,0.6
97.86494517326356,0.4,0.6
97.8651180267334,0.4,0.6
97.86726021766664,0.4,0.6
97.87223100662231,0.4,0.6
97.87978267669678,0.4,0.6
97.8913221359253,0.4,0.6
97.89916920661926,0.4,0.6
97.9022307395935,0.4,0.6
97.9079451560974,0.4,0.6
97.90928721427916,0.4,0.6
97.913743019104,0.4,0.6
97.920068025589,0.4,0.6
97.92616844177246,0.4,0.6
97.93235754966736,0.4,0.6
97.93494510650636,0.4,0.6
97.9432337284088,0.4,0.6
97.94986629486084,0.4,0.6
97.95616841316225,0.4,0.6
97.96332621574402,0.4,0.6
97.9709448814392,0.4,0.6
97.97323369979858,0.4,0.6
97.97696375846864,0.4,0.6
97.98946690559389,0.4,0.6
97.99057722091676,0.4,0.6
97.99616861343384,0.4,0.6
98.00181603431702,0.4,0.6
98.0059449672699,0.4,0.6
98.00723361968994,0.4,0.6
98.00883722305298,0.4,0.6
98.02416801452635,0.4,0.6
98.02651071548462,0.5,0.5
98.03494501113892,0.5,0.5
98.04323482513428,0.5,0.5
98.04733920097352,0.5,0.5
98.04998326301576,0.5,0.5
98.06340003013612,0.5,0.5
98.06616806983948,0.5,0.5
98.06894207000732,0.5,0.5
98.07353568077087,0.5,0.5
98.07823491096497,0.5,0.5
98.08846688270567,0.5,0.5
98.09416818618774,0.5,0.5
98.09671473503111,0.5,0.5
98.10494208335876,0.5,0.5
98.11323475837708,0.5,0.5
98.115385055542,0.5,0.5
98.12606239318848,0.5,0.5
98.12916684150696,0.5,0.5
98.1322944164276,0.5,0.5
98.13994216918944,0.5,0.5
98.14223766326904,0.5,0.5
98.148099899292,0.5,0.5
98.16383075714111,0.5,0.5
98.16416668891908,0.5,0.5
98.16694283485413,0.5,0.5
98.17923760414124,0.5,0.5
98.182603597641,0.5,0.5
98.19286251068117,0.5,0.5
98.19416689872742,0.5,0.5
98.1969428062439,0.5,0.5
98.20239520072936,0.5,0.5
98.20523762702942,0.5,0.5
98.21573662757874,0.5,0.5
98.2223596572876,0.5,0.5
98.2271637916565,0.5,0.5
98.23423933982848,0.5,0.5
98.23560500144958,0.5,0.5
98.23794293403624,0.5,0.5
98.24487781524658,0.5,0.5
98.25516366958618,0.5,0.5
98.25537896156312,0.5,0.5
98.26694011688232,0.5,0.5
98.26883840560912,0.5,0.5
98.2716941833496,0.5,0.5
98.27724170684814,0.5,0.5
98.28323936462402,0.5,0.5
98.29114413261414,0.5,0.5
98.29916381835938,0.5,0.5
98.30052900314332,0.5,0.5
98.30423951148988,0.5,0.5
98.3066828250885,0.5,0.5
98.3079400062561,0.5,0.5
98.31624007225037,0.5,0.5
98.32516360282898,0.5,0.5
98.3289761543274,0.5,0.5
98.3359386920929,0.5,0.5
98.34449315071106,0.5,0.5
98.3462393283844,0.5,0.5
98.3475968837738,0.5,0.5
98.354163646698,0.5,0.5
98.36031413078308,0.5,0.5
98.36041021347046,0.5,0.5
98.36493873596191,0.5,0.5
98.37423920631409,0.5,0.5
98.3754186630249,0.5,0.5
98.385657787323,0.5,0.5
98.39716362953186,0.5,0.5
98.3994779586792,0.5,0.5
98.40323948860168,0.5,0.5
98.40693879127502,0.5,0.5
98.40903115272522,0.5,0.5
98.4195032119751,0.5,0.5
98.42616486549376,0.5,0.5
98.42902302742004,0.5,0.5
98.43593883514404,0.5,0.5
98.44623923301695,0.5,0.5
98.44784021377563,0.5,0.5
98.45699405670166,0.5,0.5
98.45816469192503,0.5,0.5
98.46693468093872,0.5,0.5
98.47309374809264,0.5,0.5
98.475239276886,0.5,0.5
98.4764461517334,0.5,0.5
98.4855809211731,0.5,0.5
98.49416470527648,0.5,0.5
98.4949345588684,0.5,0.5
98.49829959869383,0.5,0.5
98.50223922729492,0.5,0.5
98.50302720069884,0.5,0.5
98.51011300086977,0.5,0.5
98.52470302581789,0.5,0.5
98.53016328811646,0.5,0.5
98.53462600708008,0.5,0.5
98.53693461418152,0.5,0.5
98.5460364818573,0.5,0.5
98.54723691940308,0.5,0.5
98.55742573738098,0.5,0.5
98.5654366016388,0.5,0.5
98.56593251228333,0.5,0.5
98.5661633014679,0.5,0.5
98.57523679733276,0.5,0.5
98.5824418067932,0.5,0.5
98.59516310691832,0.5,0.5
98.59593272209167,0.5,0.5
98.60078573226927,0.5,0.5
98.60323691368104,0.5,0.5
98.6200041770935,0.5,0.5
98.62916350364684,0.5,0.5
98.63081192970276,0.5,0.5
98.6359326839447,0.5,0.5
98.6361300945282,0.5,0.5
98.64502000808716,0.5,0.5
98.64623641967772,0.5,0.5
98.66236186027528,0.5,0.5
98.66493034362792,0.5,0.5
98.66516351699828,0.5,0.5
98.67104315757751,0.5,0.5
98.67523646354675,0.5,0.5
98.69916319847108,0.5,0.5
98.7017617225647,0.5,0.5
98.70223641395567,0.5,0.5
98.7079303264618,0.5,0.5
98.7190761566162,0.5,0.5
98.72952961921692,0.5,0.5
98.73492980003356,0.5,0.5
98.7351620197296,0.5,0.5
98.7375648021698,0.5,0.5
98.74423742294312,0.5,0.5
98.74799370765686,0.5,0.5
98.76148629188538,0.5,0.5
98.76492953300476,0.5,0.5
98.76516199111938,0.5,0.5
98.7722373008728,0.5,0.5
98.78212690353394,0.5,0.5
98.78552269935608,0.5,0.5
98.7917468547821,0.5,0.5
98.79816222190856,0.5,0.5
98.80546760559082,0.5,0.5
98.80692982673644,0.5,0.5
98.80723738670348,0.5,0.5
98.8143982887268,0.5,0.5
98.82816100120544,0.5,0.5
98.83170580863953,0.5,0.5
98.83257961273192,0.5,0.5
98.83592963218688,0.5,0.5
98.84196639060974,0.5,0.5
98.84324049949646,0.5,0.5
98.84965705871582,0.5,0.5
98.85981631278992,0.5,0.5
98.86416053771973,0.5,0.5
98.86492729187012,0.5,0.5
98.87124061584473,0.5,0.5
98.88752937316896,0.5,0.5
98.89916062355042,0.5,0.5
98.9072403907776,0.5,0.5
98.90792727470398,0.5,0.5
98.9171245098114,0.5,0.5
98.92652535438538,0.5,0.5
98.92815804481506,0.5,0.5
98.9327609539032,0.5,0.5
98.93492722511292,0.5,0.5
98.94323921203612,0.5,0.5
98.94751811027528,0.5,0.5
98.95890879631042,0.5,0.5
98.9661581516266,0.5,0.5
98.97092843055724,0.5,0.5
98.97123908996582,0.5,0.5
98.9832272529602,0.5,0.5
98.98415803909302,0.5,0.5
99.00592851638794,0.5,0.5
99.01054000854492,0.5,0.5
99.01223921775818,0.5,0.5
99.0226058959961,0.5,0.5
99.02615666389464,0.5,0.5
99.03311538696288,0.5,0.5
99.03592848777772,0.5,0.5
99.0407555103302,0.5,0.5
99.041241645813,0.5,0.5
99.05446600914,0.5,0.5
99.06257700920104,0.5,0.5
99.0641565322876,0.5,0.5
99.06992602348328,0.5,0.5
99.0731132030487,0.5,0.5
99.07624173164368,0.5,0.5
99.08165884017944,0.5,0.5
99.0964732170105,0.5,0.5
99.09915661811829,0.5,0.5
99.10325503349304,0.5,0.5
99.1052417755127,0.5,0.5
99.10792589187622,0.5,0.5
99.11528754234314,0.5,0.5
99.12715291976927,0.5,0.5
99.13238048553468,0.5,0.5
99.13940739631651,0.5,0.5
99.14092445373537,0.5,0.5
99.14124155044556,0.5,0.5
99.15418767929076,0.5,0.5
99.16112160682678,0.5,0.5
99.16886281967165,0.5,0.5
99.1691529750824,0.5,0.5
99.17092442512512,0.5,0.5
99.1727921962738,0.5,0.5
99.17624139785768,0.5,0.5
99.1891577243805,0.5,0.5
99.19915294647215,0.5,0.5
99.200293302536,0.5,0.5
99.2059245109558,0.5,0.5
99.2122414112091,0.5,0.5
99.2226996421814,0.5,0.5
99.22437763214111,0.5,0.5
99.2271490097046,0.5,0.5
99.2326159477234,0.4,0.6
99.23592448234558,0.4,0.6
99.24223947525024,0.4,0.6
99.2423655986786,0.4,0.6
99.2444155216217,0.4,0.6
99.254136800766,0.5,0.5
99.25414896011353,0.5,0.5
99.2607090473175,0.5,0.5
99.2699213027954,0.5,0.5
99.27123951911926,0.5,0.5
99.27553582191469,0.5,0.5
99.29211807250977,0.5,0.5
99.29614901542664,0.5,0.5
99.30123949050903,0.5,0.5
99.3043429851532,0.5,0.5
99.30792140960692,0.5,0.5
99.32067441940308,0.5,0.5
99.32414698600768,0.5,0.5
99.32485270500185,0.5,0.5
99.33812952041626,0.5,0.5
99.34092140197754,0.5,0.5
99.3422393798828,0.5,0.5
99.34487628936768,0.5,0.5
99.35715651512146,0.5,0.5
99.3661470413208,0.5,0.5
99.3661675453186,0.5,0.5
99.3709201812744,0.5,0.5
99.37323951721191,0.5,0.5
99.37881231307983,0.5,0.5
99.3865795135498,0.5,0.5
99.3948621749878,0.5,0.5
99.39614701271056,0.5,0.5
99.4012393951416,0.5,0.5
99.40339708328248,0.5,0.5
99.40592002868652,0.5,0.5
99.41257095336914,0.5,0.5
99.4211118221283,0.5,0.5
99.42914581298828,0.5,0.5
99.43119072914124,0.5,0.5
99.4359200000763,0.5,0.5
99.44323921203612,0.5,0.5
99.45942401885986,0.5,0.5
99.46414589881896,0.5,0.5
99.46901559829712,0.5,0.5
99.47091794013976,0.5,0.5
99.47224044799805,0.5,0.5
99.47959232330322,0.5,0.5
99.49914574623108,0.5,0.5
99.50034070014954,0.5,0.5
99.50224041938782,0.5,0.5
99.50791811943054,0.5,0.5
99.51547169685364,0.5,0.5
99.5281057357788,0.5,0.5
99.52914500236513,0.5,0.5
99.53691601753236,0.5,0.5
99.53893375396729,0.5,0.5
99.54224252700806,0.5,0.5
99.5532751083374,0.5,0.5
99.5551450252533,0.5,0.5
99.56108927726746,0.5,0.5
99.56561470031738,0.5,0.5
99.56591606140135,0.5,0.5
99.58224248886108,0.5,0.5
99.58539414405824,0.5,0.5
99.59591603279114,0.5,0.5
99.59592151641846,0.5,0.5
99.59714484214784,0.5,0.5
99.60124254226685,0.5,0.5
99.60448575019836,0.5,0.5
99.61916661262512,0.5,0.5
99.6251437664032,0.5,0.5
99.6264545917511,0.5,0.5
99.63691592216492,0.5,0.5
99.64424538612366,0.5,0.5
99.65122365951538,0.5,0.5
99.66014361381532,0.5,0.5
99.66607093811037,0.5,0.5
99.66691565513612,0.5,0.5
99.6712453365326,0.5,0.5
99.67450213432312,0.5,0.5
99.68503618240356,0.5,0.5
99.695143699646,0.5,0.5
99.70091581344604,0.5,0.5
99.7024862766266,0.5,0.5
99.70724534988403,0.5,0.5
99.71754455566406,0.5,0.5
99.73014211654665,0.5,0.5
99.73691582679749,0.5,0.5
99.74134922027588,0.5,0.5
99.74224257469176,0.5,0.5
99.75126099586488,0.5,0.5
99.76514220237732,0.5,0.5
99.76591229438782,0.5,0.5
99.77253222465517,0.5,0.5
99.77724242210388,0.5,0.5
99.7929983139038,0.5,0.5
99.79691243171692,0.5,0.5
99.80114221572876,0.5,0.5
99.80191230773926,0.5,0.5
99.81124258041382,0.5,0.5
99.81259179115295,0.5,0.5
99.8187611103058,0.5,0.5
99.82813930511476,0.5,0.5
99.83304810523988,0.5,0.5
99.8379123210907,0.5,0.5
99.8422634601593,0.5,0.5
99.84724450111388,0.5,0.5
99.85412216186523,0.5,0.5
99.856139421463,0.5,0.5
99.8631317615509,0.5,0.5
99.86690950393675,0.5,0.5
99.87524461746216,0.5,0.5
99.8815336227417,0.5,0.5
99.88801169395448,0.4,0.6
99.89690947532654,0.4,0.6
99.89913940429688,0.4,0.6
99.90099239349364,0.4,0.6
99.9104540348053,0.4,0.6
99.91124439239502,0.4,0.6
99.92122960090636,0.4,0.6
99.92613792419434,0.4,0.6
99.9313485622406,0.4,0.6
99.94090962409972,0.4,0.6
99.9442446231842,0.4,0.6
99.94516134262084,0.4,0.6
99.95413780212402,0.4,0.6
99.96473240852356,0.4,0.6
99.96790885925292,0.4,0.6
99.97224283218384,0.4,0.6
99.97414827346802,0.4,0.6
99.9950466156006,0.4,0.6
99.99590563774107,0.4,0.6
99.99613761901855,0.4,0.6
99.99690890312196,0.4,0.6
100.00124287605286,0.4,0.6
100.01134300231934,0.4,0.6
100.01717710494997,0.4,0.6
100.02413487434389,0.4,0.6
100.0358865261078,0.4,0.6
100.0399088859558,0.4,0.6
100.0432426929474,0.4,0.6
100.04970860481262,0.4,0.6
100.06035327911376,0.4,0.6
100.0668375492096,0.4,0.6
100.06713485717772,0.4,0.6
100.06890559196472,0.4,0.6
100.07223844528198,0.4,0.6
100.07291555404665,0.4,0.6
100.0835268497467,0.4,0.6
100.09413480758668,0.4,0.6
100.09702754020692,0.4,0.6
100.10490560531616,0.4,0.6
100.10723853111269,0.4,0.6
100.11251068115234,0.4,0.6
100.11796021461488,0.4,0.6
100.125905752182,0.4,0.6
100.12710523605348,0.4,0.6
100.12913274765016,0.4,0.6
100.14223909378052,0.4,0.6
100.14956188201904,0.5,0.5
100.15063500404358,0.4,0.6
100.16413283348083,0.4,0.6
100.1661229133606,0.4,0.6
100.16790533065796,0.4,0.6
100.17123913764954,0.4,0.6
100.173725605011,0.5,0.5
100.183589220047,0.5,0.5
100.1969051361084,0.5,0.5
100.19913268089294,0.5,0.5
100.20048260688782,0.5,0.5
100.20623922348022,0.5,0.5
100.210111618042,0.5,0.5
100.2271327972412,0.5,0.5
100.22807216644289,0.5,0.5
100.23790526390076,0.5,0.5
100.23805642127992,0.5,0.5
100.24123954772948,0.5,0.5
100.25852060317992,0.5,0.5
100.26690220832825,0.5,0.5
100.2673282623291,0.5,0.5
100.26913285255432,0.5,0.5
100.2762393951416,0.5,0.5
100.28096795082092,0.5,0.5
100.29690194129944,0.5,0.5
100.29846239089966,0.5,0.5
100.29913282394408,0.5,0.5
100.3072772026062,0.5,0.5
100.31123948097228,0.5,0.5
100.32260847091676,0.5,0.5
100.32613205909728,0.5,0.5
100.33222365379332,0.5,0.5
100.33890199661256,0.5,0.5
100.34824013710022,0.5,0.5
100.34878301620483,0.5,0.5
100.35513186454772,0.5,0.5
100.36427974700928,0.5,0.5
100.36690020561218,0.5,0.5
100.36821269989014,0.5,0.5
100.37524008750916,0.5,0.5
100.37884640693665,0.5,0.5
100.39344239234924,0.5,0.5
100.39590001106262,0.5,0.5
100.39713191986084,0.5,0.5
100.40445947647096,0.5,0.5
100.41224026679993,0.5,0.5
100.41764569282532,0.5,0.5
100.42513179779051,0.5,0.5
100.42561411857604,0.5,0.5
100.4324221611023,0.5,0.5
100.43690013885498,0.5,0.5
100.44523978233336,0.5,0.5
100.44568586349487,0.5,0.5
100.45313119888306,0.5,0.5
100.46122932434082,0.5,0.5
100.4668972492218,0.5,0.5
100.4690248966217,0.5,0.5
100.47323966026306,0.5,0.5
100.4793736934662,0.5,0.5
100.49350070953368,0.5,0.5
100.49513149261476,0.5,0.5
100.50223970413208,0.5,0.5
100.50789737701416,0.5,0.5
100.50893592834473,0.5,0.5
100.51677894592284,0.5,0.5
100.52412962913512,0.5,0.5
100.532301902771,0.5,0.5
100.53324294090272,0.5,0.5
100.5368971824646,0.5,0.5
100.53723812103271,0.5,0.5
100.54752564430235,0.5,0.5
100.5561101436615,0.5,0.5
100.56504106521606,0.5,0.5
100.56612968444824,0.5,0.5
100.57089519500732,0.5,0.5
100.57666206359865,0.5,0.5
100.58124303817748,0.5,0.5
100.59260845184326,0.4,0.6
100.59412980079652,0.4,0.6
100.59989547729492,0.4,0.6
100.60023498535156,0.4,0.6
100.601243019104,0.4,0.6
100.6157569885254,0.4,0.6
100.62312769889832,0.4,0.6
100.63589549064636,0.4,0.6
100.63637566566469,0.4,0.6
100.64424395561218,0.4,0.6
100.64540004730225,0.4,0.6
100.6544599533081,0.4,0.6
100.66712760925292,0.4,0.6
100.6683259010315,0.4,0.6
100.66989302635191,0.4,0.6
100.67824411392212,0.4,0.6
100.68830180168152,0.4,0.6
100.69412779808044,0.4,0.6
100.70051622390748,0.4,0.6
100.70145916938782,0.4,0.6
100.70224404335022,0.4,0.6
100.70789241790771,0.4,0.6
100.70987129211426,0.4,0.6
100.71766781806946,0.4,0.6
100.72312593460084,0.4,0.6
100.73810386657716,0.4,0.6
100.74089121818542,0.4,0.6
100.74425053596497,0.4,0.6
100.74807786941528,0.4,0.6
100.75812578201294,0.4,0.6
100.76878905296326,0.4,0.6
100.77089142799376,0.4,0.6
100.78225040435792,0.4,0.6
100.79612588882446,0.4,0.6
100.80325055122375,0.4,0.6
100.80589151382446,0.4,0.6
100.82312178611755,0.4,0.6
100.83589148521423,0.4,0.6
100.84525942802428,0.4,0.6
100.85848188400269,0.4,0.6
100.86512160301208,0.4,0.6
100.8659737110138,0.4,0.6
100.86989045143127,0.4,0.6
100.87325930595398,0.4,0.6
100.88779520988464,0.4,0.6
100.89312171936037,0.4,0.6
100.90062379837036,0.4,0.6
100.902259349823,0.4,0.6
100.90789031982422,0.4,0.6
100.91352963447572,0.4,0.6
100.92780303955078,0.4,0.6
100.92812061309814,0.4,0.6
100.93284440040588,0.4,0.6
100.94089031219482,0.4,0.6
100.94326043128969,0.4,0.6
100.94834780693054,0.4,0.6
100.9582531452179,0.4,0.6
100.96412062644958,0.4,0.6
100.96744918823242,0.4,0.6
100.97089099884032,0.4,0.6
100.97826051712036,0.4,0.6
100.99617433547974,0.5,0.5
100.9981210231781,0.5,0.5
101.00584506988524,0.5,0.5
101.00589084625244,0.5,0.5
101.01326060295104,0.5,0.5
101.01794934272766,0.5,0.5
101.02711939811708,0.5,0.5
101.02796053886414,0.5,0.5
101.03426003456116,0.5,0.5
101.0358908176422,0.5,0.5
101.03771305084229,0.5,0.5
101.04441928863524,0.5,0.5
101.0541217327118,0.5,0.5
101.06811952590942,0.5,0.5
101.06922960281372,0.5,0.5
101.06988668441772,0.5,0.5
101.07825994491576,0.5,0.5
101.08424806594849,0.5,0.5
101.0851194858551,0.5,0.5
101.09888672828674,0.5,0.5
101.09963655471802,0.5,0.5
101.10426020622252,0.5,0.5
101.10867381095886,0.5,0.5
101.12361335754396,0.5,0.5
101.1291184425354,0.5,0.5
101.13832759857178,0.5,0.5
101.14088702201845,0.5,0.5
101.1462607383728,0.5,0.5
101.14860200881958,0.5,0.5
101.15274429321288,0.5,0.5
101.16411852836607,0.5,0.5
101.16788721084596,0.5,0.5
101.17344188690186,0.5,0.5
101.1752610206604,0.5,0.5
101.17996001243591,0.5,0.5
101.1939549446106,0.5,0.5
101.1958873271942,0.5,0.5
101.20011830329896,0.5,0.5
101.20226073265076,0.5,0.5
101.20251846313477,0.5,0.5
101.2192006111145,0.5,0.5
101.22551226615906,0.5,0.5
101.22811627388,0.5,0.5
101.23320746421814,0.5,0.5
101.23788738250732,0.5,0.5
101.24626302719116,0.5,0.5
101.24751091003418,0.5,0.5
101.25757932662964,0.5,0.5
101.2652325630188,0.5,0.5
101.26611661911012,0.5,0.5
101.26688575744627,0.5,0.5
101.27226281166077,0.5,0.5
101.28046536445618,0.5,0.5
101.28511643409728,0.5,0.5
101.2883448600769,0.5,0.5
101.29588580131532,0.5,0.5
101.30247235298155,0.5,0.5
101.30326271057127,0.5,0.5
101.3127543926239,0.5,0.5
101.32170939445496,0.5,0.5
101.32911586761476,0.5,0.5
101.33980631828308,0.5,0.5
101.33988428115843,0.5,0.5
101.34226322174072,0.5,0.5
101.35129523277284,0.5,0.5
101.36411595344543,0.5,0.5
101.36498022079468,0.5,0.5
101.36588430404665,0.5,0.5
101.3772633075714,0.5,0.5
101.37904930114746,0.5,0.5
101.38719606399536,0.4,0.6
101.3958842754364,0.4,0.6
101.39654445648192,0.4,0.6
101.3981158733368,0.4,0.6
101.40428566932678,0.4,0.6
101.40726327896118,0.4,0.6
101.41455030441284,0.4,0.6
101.42611503601074,0.4,0.6
101.42699813842772,0.4,0.6
101.43326449394226,0.4,0.6
101.43788433074953,0.4,0.6
101.44230318069458,0.4,0.6
101.45511507987976,0.4,0.6
101.45521426200868,0.4,0.6
101.46202683448792,0.4,0.6
101.46788191795348,0.4,0.6
101.47526454925536,0.4,0.6
101.49688220024107,0.4,0.6
101.49811506271362,0.4,0.6
101.5042645931244,0.4,0.6
101.52611422538756,0.4,0.6
101.53988122940063,0.4,0.6
101.54526948928832,0.4,0.6
101.56356072425842,0.4,0.6
101.56411409378052,0.4,0.6
101.57088112831116,0.4,0.6
101.57626938819884,0.4,0.6
101.58564901351927,0.4,0.6
101.58977699279784,0.4,0.6
101.60011410713196,0.4,0.6
101.60226941108704,0.4,0.6
101.60255026817322,0.4,0.6
101.60588121414185,0.4,0.6
101.6186456680298,0.4,0.6
101.62811326980592,0.4,0.6
101.63025951385498,0.4,0.6
101.63588118553162,0.4,0.6
101.64427781105042,0.4,0.6
101.65611338615416,0.4,0.6
101.65788698196413,0.4,0.6
101.67087721824646,0.4,0.6
101.6742775440216,0.4,0.6
101.6808660030365,0.4,0.6
101.6981132030487,0.4,0.6
101.69963717460632,0.4,0.6
101.70787739753725,0.4,0.6
101.71162724494934,0.4,0.6
101.71627759933472,0.4,0.6
101.7213077545166,0.4,0.6
101.725115776062,0.4,0.6
101.73487734794617,0.4,0.6
101.74427938461304,0.4,0.6
101.75411581993104,0.4,0.6
101.76487827301024,0.4,0.6
101.77327942848206,0.4,0.6
101.79611587524414,0.4,0.6
101.79830074310304,0.4,0.6
101.80687832832336,0.4,0.6
101.80715799331664,0.4,0.6
101.8072793483734,0.4,0.6
101.82511568069458,0.4,0.6
101.8266270160675,0.4,0.6
101.82969737052916,0.4,0.6
101.83487844467165,0.4,0.6
101.84138178825378,0.4,0.6
101.8432788848877,0.4,0.6
101.85411548614502,0.4,0.6
101.85859179496764,0.4,0.6
101.86987662315369,0.4,0.6
101.87711787223816,0.4,0.6
101.87727880477904,0.4,0.6
101.8893096446991,0.4,0.6
101.89611554145812,0.4,0.6
101.89908170700072,0.4,0.6
101.90669107437134,0.4,0.6
101.9072790145874,0.4,0.6
101.90787649154665,0.4,0.6
101.91252899169922,0.4,0.6
101.92411613464355,0.4,0.6
101.9341323375702,0.4,0.6
101.93487644195557,0.4,0.6
101.94227862358092,0.4,0.6
101.94483590126038,0.4,0.6
101.9591760635376,0.4,0.6
101.96408486366272,0.4,0.6
101.96611618995668,0.4,0.6
101.97087502479552,0.4,0.6
101.97289609909058,0.4,0.6
101.97327852249146,0.4,0.6
101.984765291214,0.5,0.5
101.9951159954071,0.5,0.5
101.99885272979736,0.5,0.5
102.00587511062622,0.5,0.5
102.0072786808014,0.5,0.5
102.00980281829834,0.5,0.5
102.0261127948761,0.5,0.5
102.02617239952087,0.5,0.5
102.0356240272522,0.5,0.5
102.035875082016,0.5,0.5
102.04427981376648,0.5,0.5
102.04797840118408,0.5,0.5
102.05642795562744,0.5,0.5
102.06611275672913,0.5,0.5
102.06758189201356,0.5,0.5
102.06887340545654,0.5,0.5
102.07227969169617,0.5,0.5
102.08053588867188,0.5,0.5
102.08853673934937,0.5,0.5
102.09511280059814,0.5,0.5
102.10487341880798,0.5,0.5
102.10745930671692,0.5,0.5
102.10927963256836,0.5,0.5
102.11709332466124,0.5,0.5
102.12411165237428,0.5,0.5
102.1258738040924,0.5,0.5
102.13432431221008,0.5,0.5
102.1432797908783,0.5,0.5
102.1435215473175,0.5,0.5
102.14378762245178,0.5,0.5
102.16335844993591,0.5,0.5
102.16611170768738,0.5,0.5
102.16787242889404,0.5,0.5
102.17231369018556,0.5,0.5
102.18011927604675,0.5,0.5
102.18127989768982,0.5,0.5
102.1951117515564,0.5,0.5
102.19569182395936,0.5,0.5
102.19687247276306,0.5,0.5
102.20096468925476,0.6,0.4
102.2040193080902,0.6,0.4
102.20527982711792,0.6,0.4
102.2137360572815,0.6,0.4
102.22411274909972,0.6,0.4
102.22787261009216,0.6,0.4
102.23227858543396,0.6,0.4
102.23351860046388,0.6,0.4
102.2388813495636,0.6,0.4
102.25743699073792,0.5,0.5
102.2658624649048,0.5,0.5
102.26611280441284,0.5,0.5
102.26787114143372,0.5,0.5
102.2772786617279,0.5,0.5
102.29250907897948,0.5,0.5
102.29511284828186,0.5,0.5
102.29687118530272,0.5,0.5
102.30316972732544,0.5,0.5
102.30627870559692,0.5,0.5
102.31755566596983,0.5,0.5
102.3241114616394,0.5,0.5
102.32587122917175,0.5,0.5
102.32763409614564,0.5,0.5
102.34502243995668,0.5,0.5
102.34527921676636,0.5,0.5
102.35766005516052,0.4,0.6
102.35911154747008,0.4,0.6
102.36145734786987,0.4,0.6
102.3691132068634,0.4,0.6
102.37087035179138,0.4,0.6
102.37327933311462,0.4,0.6
102.3760712146759,0.4,0.6
102.38928937911987,0.4,0.6
102.39611148834229,0.4,0.6
102.40072202682497,0.4,0.6
102.40227937698364,0.4,0.6
102.40587043762208,0.4,0.6
102.41409182548524,0.4,0.6
102.42661046981812,0.4,0.6
102.42910861968994,0.4,0.6
102.43587040901184,0.4,0.6
102.44428062438963,0.4,0.6
102.447655916214,0.4,0.6
102.45135021209715,0.4,0.6
102.45748805999756,0.4,0.6
102.46410870552064,0.4,0.6
102.470867395401,0.4,0.6
102.47428035736084,0.4,0.6
102.48518347740172,0.4,0.6
102.49535608291626,0.4,0.6
102.49910879135132,0.4,0.6
102.50156044960022,0.4,0.6
102.5078673362732,0.4,0.6
102.51153922080994,0.4,0.6
102.51328039169312,0.4,0.6
102.51970911026,0.4,0.6
102.52810788154602,0.4,0.6
102.53555297851562,0.5,0.5
102.53586721420288,0.5,0.5
102.54228067398073,0.5,0.5
102.54387307167052,0.5,0.5
102.5544285774231,0.5,0.5
102.56410789489746,0.5,0.5
102.5708658695221,0.5,0.5
102.57309937477112,0.5,0.5
102.57828068733215,0.5,0.5
102.57913041114809,0.5,0.5
102.59496521949768,0.5,0.5
102.6001079082489,0.5,0.5
102.60528039932252,0.5,0.5
102.60686588287354,0.5,0.5
102.60924458503725,0.5,0.5
102.6093053817749,0.5,0.5
102.62384939193726,0.5,0.5
102.6271071434021,0.5,0.5
102.63230085372923,0.5,0.5
102.63586568832396,0.5,0.5
102.64228177070618,0.5,0.5
102.65300369262695,0.5,0.5
102.65610718727112,0.5,0.5
102.66127610206604,0.5,0.5
102.6698637008667,0.5,0.5
102.67693281173706,0.5,0.5
102.67728161811829,0.5,0.5
102.69679164886476,0.5,0.5
102.6971070766449,0.5,0.5
102.69742155075072,0.5,0.5
102.70786380767822,0.5,0.5
102.71182703971864,0.5,0.5
102.71428155899048,0.5,0.5
102.72403311729433,0.6,0.4
102.72510695457458,0.6,0.4
102.7332820892334,0.6,0.4
102.73486375808716,0.6,0.4
102.7366373538971,0.7,0.3
102.7529320716858,0.7,0.3
102.75310683250429,0.7,0.3
102.76733422279358,0.7,0.3
102.77086305618286,0.7,0.3
102.77141213417052,0.7,0.3
102.77528214454652,0.7,0.3
102.77937150001526,0.7,0.3
102.78882098197936,0.7,0.3
102.79510688781738,0.7,0.3
102.79981875419617,0.7,0.3
102.80328226089478,0.7,0.3
102.80586290359496,0.7,0.3
102.80889368057252,0.7,0.3
102.81994700431824,0.7,0.3
102.8251039981842,0.7,0.3
102.8299036026001,0.7,0.3
102.83486080169678,0.7,0.3
102.83943462371826,0.7,0.3
102.84081673622131,0.7,0.3
102.84628200531006,0.7,0.3
102.85310435295104,0.7,0.3
102.85502123832704,0.7,0.3
102.8651282787323,0.7,0.3
102.86886072158812,0.7,0.3
102.8762822151184,0.7,0.3
102.87710404396056,0.7,0.3
102.89005708694458,0.8,0.2
102.89710426330566,0.8,0.2
102.9002149105072,0.8,0.2
102.902281999588,0.8,0.2
102.91029286384584,0.8,0.2
102.91086101531982,0.8,0.2
102.91764330863953,0.8,0.2
102.9251036643982,0.8,0.2
102.92916440963744,0.8,0.2
102.93228220939636,0.8,0.2
102.93886041641235,0.8,0.2
102.94508719444276,0.8,0.2
102.951562166214,0.9,0.1
102.95510363578796,0.9,0.1
102.96983170509338,0.8,0.2
102.97306895256042,0.8,0.2
102.97485971450806,0.8,0.2
102.97528600692748,0.8,0.2
102.98967456817628,0.8,0.2
102.99585962295532,0.8,0.2
102.99710321426392,0.8,0.2
103.00328612327576,0.8,0.2
103.0205147266388,0.8,0.2
103.0261013507843,0.8,0.2
103.03212904930116,0.8,0.2
103.03885960578918,0.8,0.2
103.0411765575409,0.8,0.2
103.04728698730467,0.8,0.2
103.0501503944397,0.8,0.2
103.06315898895264,0.7,0.3
103.06685948371889,0.7,0.3
103.06710124015808,0.7,0.3
103.0762870311737,0.7,0.3
103.0807855129242,0.7,0.3
103.08392381668092,0.7,0.3
103.08900475502014,0.9,0.1
103.09510135650636,0.9,0.1
103.09739685058594,0.9,0.1
103.10428714752196,0.9,0.1
103.1045024394989,0.9,0.1
103.10985946655272,0.9,0.1
103.11750650405884,0.9,0.1
103.12409949302672,0.9,0.1
103.12932133674622,0.9,0.1
103.13328814506532,0.9,0.1
103.13885951042175,1.0,0.0
103.14259457588196,0.8,0.2
103.15467166900636,0.8,0.2
103.16609954833984,0.8,0.2
103.16685938835144,0.8,0.2
103.17628812789916,0.9,0.1
103.17647433280943,1.0,0.0
103.19088530540466,1.0,0.0
103.1960995197296,1.0,0.0
103.1968593597412,1.0,0.0
103.20111107826231,1.0,0.0
103.21328806877136,1.0,0.0
103.21555066108704,0.9,0.1
103.22909712791444,0.9,0.1
103.23173260688782,0.9,0.1
103.23785948753356,0.9,0.1
103.24404311180116,0.8,0.2
103.24828720092772,0.8,0.2
103.25438141822816,0.7,0.3
103.26379084587096,0.7,0.3
103.26509714126588,0.7,0.3
103.266859292984,0.7,0.3
103.26893138885498,0.9,0.1
103.276287317276,0.9,0.1
103.2840220928192,0.9,0.1
103.28909015655518,0.9,0.1
103.29409718513487,0.9,0.1
103.29685950279236,0.9,0.1
103.30428719520567,1.0,0.0
103.3100597858429,0.9,0.1
103.32087349891664,0.9,0.1
103.32409763336182,0.9,0.1
103.33286952972412,0.9,0.1
103.34085845947266,0.9,0.1
103.34099698066711,0.8,0.2
103.34828782081604,0.8,0.2
103.3590977191925,0.8,0.2
103.36390495300292,0.8,0.2
103.37185835838318,0.8,0.2
103.37528777122498,0.8,0.2
103.38003611564636,0.8,0.2
103.39064860343932,0.8,0.2
103.39509773254396,0.8,0.2
103.39982151985168,0.8,0.2
103.40585827827454,0.8,0.2
103.41228771209715,0.8,0.2
103.42060494422913,0.8,0.2
103.4250967502594,0.8,0.2
103.42853045463562,0.8,0.2
103.43328714370728,0.8,0.2
103.43585848808289,0.8,0.2
103.437509059906,0.8,0.2
103.45409655570984,0.8,0.2
103.46819305419922,1.0,0.0
103.47085762023926,1.0,0.0
103.4717617034912,1.0,0.0
103.47628712654114,1.0,0.0
103.48361253738403,1.0,0.0
103.49562883377077,1.0,0.0
103.49609661102296,1.0,0.0
103.50328707695007,1.0,0.0
103.50785779953004,1.0,0.0
103.5138533115387,1.0,0.0
103.5240957736969,1.0,0.0
103.52989268302916,1.0,0.0
103.53685760498048,1.0,0.0
103.5452880859375,1.0,0.0
103.54602646827698,1.0,0.0
103.5476007461548,1.0,0.0
103.55309581756592,1.0,0.0
103.56032252311708,1.0,0.0
103.56585669517516,1.0,0.0
103.57328820228577,1.0,0.0
103.5755124092102,1.0,0.0
103.58562326431274,1.0,0.0
103.59409594535828,1.0,0.0
103.59585666656494,1.0,0.0
103.5999836921692,1.0,0.0
103.60528802871704,1.0,0.0
103.61065125465392,1.0,0.0
103.61903309822084,1.0,0.0
103.6230947971344,1.0,0.0
103.63402318954468,1.0,0.0
103.63785648345949,1.0,0.0
103.64145302772522,1.0,0.0
103.6452934741974,1.0,0.0
103.64569592475893,1.0,0.0
103.64935088157654,1.0,0.0
103.66248321533205,1.0,0.0
103.66609501838684,1.0,0.0
103.66685628890993,1.0,0.0
103.67271447181702,1.0,0.0
103.67329335212708,1.0,0.0
103.68059921264648,1.0,0.0
103.68793034553528,1.0,0.0
103.69309496879578,1.0,0.0
103.69685626029968,1.0,0.0
103.69986271858215,1.0,0.0
103.70644760131836,1.0,0.0
103.70929336547852,1.0,0.0
103.7258563041687,1.0,0.0
103.72909283638,1.0,0.0
103.7339963912964,1.0,0.0
103.74329376220705,1.0,0.0
103.74792861938477,1.0,0.0
103.75668120384216,1.0,0.0
103.7640929222107,1.0,0.0
103.7708547115326,1.0,0.0
103.77829360961914,1.0,0.0
103.77832531929016,1.0,0.0
103.78707361221312,1.0,0.0
103.78709292411804,1.0,0.0
103.80053687095642,1.0,0.0
103.80585479736328,1.0,0.0
103.81160163879396,1.0,0.0
103.81329369544984,1.0,0.0
103.8170907497406,1.0,0.0
103.82561254501344,1.0,0.0
103.83409094810486,1.0,0.0
103.83429336547852,1.0,0.0
103.83585500717165,1.0,0.0
103.84908723831175,1.0,0.0
103.85999822616576,1.0,0.0
103.86309099197388,1.0,0.0
103.87085485458374,1.0,0.0
103.87558150291444,1.0,0.0
103.87829351425172,1.0,0.0
103.88537621498108,1.0,0.0
103.89093399047852,1.0,0.0
103.89835691452026,1.0,0.0
103.90009093284608,1.0,0.0
103.90429353713988,1.0,0.0
103.90785479545592,1.0,0.0
103.92672061920166,1.0,0.0
103.92708992958067,1.0,0.0
103.93685483932497,1.0,0.0
103.94629335403442,1.0,0.0
103.94837999343872,1.0,0.0
103.95582461357117,1.0,0.0
103.96308994293211,1.0,0.0
103.9658555984497,1.0,0.0
103.97204566001892,1.0,0.0
103.98229336738586,1.0,0.0
103.98504376411438,0.8,0.2
103.98924803733826,0.7,0.3
103.99685549736024,0.7,0.3
103.99709010124208,0.7,0.3
104.00229334831238,0.7,0.3
104.00586652755736,0.7,0.3
104.01263570785522,1.0,0.0
104.02432131767272,1.0,0.0
104.02508640289308,1.0,0.0
104.03506731987,1.0,0.0
104.0378556251526,1.0,0.0
104.0452938079834,1.0,0.0
104.05088925361632,1.0,0.0
104.05824542045592,1.0,0.0
104.06685447692873,1.0,0.0
104.06808662414552,1.0,0.0
104.07229351997375,1.0,0.0
104.07434844970705,1.0,0.0
104.0913109779358,0.9,0.1
104.09508633613586,0.9,0.1
104.09685444831848,0.9,0.1
104.09856820106506,0.9,0.1
104.10229349136353,0.9,0.1
104.11950707435608,0.9,0.1
104.12408900260924,0.9,0.1
104.12825632095335,0.9,0.1
104.1327919960022,0.9,0.1
104.13985443115234,0.9,0.1
104.14229440689088,0.9,0.1
104.14601850509644,0.9,0.1
104.15608882904051,0.9,0.1
104.16162633895874,0.9,0.1
104.17185401916504,0.9,0.1
104.17729473114014,0.9,0.1
104.17808246612547,0.9,0.1
104.191383600235,1.0,0.0
104.1970887184143,1.0,0.0
104.19935512542725,1.0,0.0
104.2058539390564,1.0,0.0
104.20629501342772,1.0,0.0
104.2070209980011,1.0,0.0
104.22508811950684,1.0,0.0
104.22677659988403,1.0,0.0
104.23329472541808,1.0,0.0
104.23585391044617,1.0,0.0
104.24600553512572,1.0,0.0
104.26010537147522,1.0,0.0
104.2680881023407,1.0,0.0
104.27085375785828,1.0,0.0
104.27145671844482,1.0,0.0
104.27529501914978,1.0,0.0
104.28107166290285,1.0,0.0
104.29183721542358,1.0,0.0
104.29708814620972,1.0,0.0
104.30329442024232,1.0,0.0
104.30449748039246,1.0,0.0
104.30785369873048,1.0,0.0
104.31579899787904,1.0,0.0
104.3175928592682,1.0,0.0
104.33308720588684,1.0,0.0
104.33401560783386,1.0,0.0
104.33585286140442,1.0,0.0
104.34275770187378,1.0,0.0
104.34529733657835,1.0,0.0
104.35256791114809,1.0,0.0
104.35308742523192,1.0,0.0
104.37085270881651,1.0,0.0
104.37118816375732,1.0,0.0
104.37529730796814,1.0,0.0
104.3863401412964,1.0,0.0
104.39252924919128,1.0,0.0
104.39508748054504,1.0,0.0
104.40229725837708,1.0,0.0
104.40542960166933,1.0,0.0
104.40585279464722,1.0,0.0
104.4198830127716,1.0,0.0
104.42408752441406,1.0,0.0
104.4308738708496,1.0,0.0
104.43585300445557,1.0,0.0
104.43699860572816,1.0,0.0
104.44017124176024,1.0,0.0
104.44429874420166,1.0,0.0
104.45062255859376,1.0,0.0
104.46153044700624,1.0,0.0
104.4660873413086,1.0,0.0
104.47084999084473,1.0,0.0
104.47120022773744,1.0,0.0
104.47229886054993,1.0,0.0
104.49408721923828,1.0,0.0
104.49494504928587,1.0,0.0
104.49956607818604,1.0,0.0
104.50729894638062,1.0,0.0
104.5078501701355,1.0,0.0
104.50889801979064,1.0,0.0
104.5260889530182,1.0,0.0
104.53355097770692,1.0,0.0
104.53585028648376,1.0,0.0
104.54230260849,1.0,0.0
104.549329996109,1.0,0.0
104.55645418167114,1.0,0.0
104.5649561882019,1.0,0.0
104.56708908081056,1.0,0.0
104.57084894180298,1.0,0.0
104.5745723247528,1.0,0.0
104.57730269432068,1.0,0.0
104.58666968345642,1.0,0.0
104.59408903121948,1.0,0.0
104.599848985672,1.0,0.0
104.6019411087036,1.0,0.0
104.60404682159424,1.0,0.0
104.61230301856996,1.0,0.0
104.62022495269775,1.0,0.0
104.6230878829956,1.0,0.0
104.62753391265868,1.0,0.0
104.6333076953888,1.0,0.0
104.63584899902344,1.0,0.0
104.64082026481628,1.0,0.0
104.65872716903688,1.0,0.0
104.66319847106934,1.0,0.0
104.66608786582948,1.0,0.0
104.6708471775055,1.0,0.0
104.67474961280824,1.0,0.0
104.68330788612366,1.0,0.0
104.69308805465698,1.0,0.0
104.69735980033876,1.0,0.0
104.7021942138672,0.9,0.1
104.70330786705016,0.9,0.1
104.70784711837769,0.9,0.1
104.71166896820068,0.9,0.1
104.72086215019226,1.0,0.0
104.72308588027954,1.0,0.0
104.73282146453856,1.0,0.0
104.7368471622467,1.0,0.0
104.7453112602234,1.0,0.0
104.74789929389954,1.0,0.0
104.76064682006836,1.0,0.0
104.7640860080719,1.0,0.0
104.76584529876708,1.0,0.0
104.76801919937134,1.0,0.0
104.77331137657166,1.0,0.0
104.78597640991212,1.0,0.0
104.79548239707948,1.0,0.0
104.7968451976776,1.0,0.0
104.79908561706544,1.0,0.0
104.80657124519348,1.0,0.0
104.80831146240234,1.0,0.0
104.82276320457458,1.0,0.0
104.82708501815796,1.0,0.0
104.83320999145508,1.0,0.0
104.83784532546996,1.0,0.0
104.83814120292664,1.0,0.0
104.84331154823305,1.0,0.0
104.84882354736328,1.0,0.0
104.8630850315094,1.0,0.0
104.86429452896118,1.0,0.0
104.8668429851532,1.0,0.0
104.87631154060364,1.0,0.0
104.88495683670044,1.0,0.0
104.89548206329346,1.0,0.0
104.89908504486084,1.0,0.0
104.9023118019104,1.0,0.0
104.9108431339264,1.0,0.0
104.91188097000122,1.0,0.0
104.91703748703004,1.0,0.0
104.925843000412,1.0,0.0
104.92969918251038,1.0,0.0
104.9340844154358,1.0,0.0
104.94431114196776,1.0,0.0
104.946715593338,1.0,0.0
104.9602632522583,1.0,0.0
104.9630844593048,1.0,0.0
104.96831321716309,1.0,0.0
104.97084259986876,1.0,0.0
104.97231101989746,1.0,0.0
104.99308443069458,1.0,0.0
104.999258518219,1.0,0.0
105.00531101226808,1.0,0.0
105.00584244728088,1.0,0.0
105.01199793815611,1.0,0.0
105.02431917190552,1.0,0.0
105.02808451652528,1.0,0.0
105.03584241867064,1.0,0.0
105.03935766220091,1.0,0.0
105.045312166214,1.0,0.0
105.04721069335938,1.0,0.0
105.05520939826964,1.0,0.0
105.06408452987672,1.0,0.0
105.06630754470824,1.0,0.0
105.07083988189696,1.0,0.0
105.07331204414368,1.0,0.0
105.08079433441162,1.0,0.0
105.08791470527648,1.0,0.0
105.09187150001526,1.0,0.0
105.09808468818665,1.0,0.0
105.10784006118774,1.0,0.0
105.10831212997437,1.0,0.0
105.115864276886,1.0,0.0
105.12505269050598,1.0,0.0
105.12708401679993,1.0,0.0
105.13784003257751,1.0,0.0
105.14186096191406,1.0,0.0
105.14331650733948,1.0,0.0
105.15168261528017,1.0,0.0
105.16077518463136,1.0,0.0
105.16308426856996,1.0,0.0
105.16537618637084,1.0,0.0
105.16583847999571,1.0,0.0
105.17331647872923,1.0,0.0
105.19583821296692,1.0,0.0
105.1958384513855,1.0,0.0
105.19808435440063,1.0,0.0
105.20631647109984,1.0,0.0
105.20789790153503,1.0,0.0
105.2202332019806,1.0,0.0
105.224684715271,1.0,0.0
105.22708201408386,1.0,0.0
105.23431468009947,1.0,0.0
105.23683834075928,1.0,0.0
105.23696494102478,1.0,0.0
105.24294805526732,1.0,0.0
105.25916409492493,1.0,0.0
105.26608228683472,1.0,0.0
105.26783537864684,1.0,0.0
105.27130222320557,1.0,0.0
105.2729332447052,1.0,0.0
105.27731466293336,1.0,0.0
105.28349661827087,1.0,0.0
105.29308199882507,1.0,0.0
105.29378938674928,1.0,0.0
105.30883526802064,1.0,0.0
105.31157279014587,1.0,0.0
105.31231474876404,1.0,0.0
105.31332206726074,1.0,0.0
105.3230812549591,1.0,0.0
105.32464575767516,1.0,0.0
105.33331513404846,1.0,0.0
105.33373999595642,1.0,0.0
105.3368353843689,1.0,0.0
105.36508131027222,1.0,0.0
105.36583352088928,1.0,0.0
105.37431526184082,1.0,0.0
105.376225233078,1.0,0.0
105.3930811882019,1.0,0.0
105.39583349227904,1.0,0.0
105.39831042289734,1.0,0.0
105.40331530570984,1.0,0.0
105.40891242027284,1.0,0.0
105.41800093650818,1.0,0.0
105.4219126701355,0.8,0.2
105.42807841300964,0.8,0.2
105.43170928955078,0.7,0.3
105.43783354759216,0.7,0.3
105.4417598247528,0.7,0.3
105.44631314277648,0.7,0.3
105.46167969703674,0.7,0.3
105.46307873725893,0.7,0.3
105.46683049201964,0.7,0.3
105.47331309318542,0.7,0.3
105.47602248191832,0.7,0.3
105.47635841369627,0.7,0.3
105.48810839653017,0.7,0.3
105.4980788230896,0.7,0.3
105.50231313705444,0.7,0.3
105.5085151195526,0.7,0.3
105.51083040237428,0.7,0.3
105.51387858390808,0.7,0.3
105.52607536315918,0.7,0.3
105.52658462524414,0.7,0.3
105.5405867099762,0.7,0.3
105.54083061218262,0.7,0.3
105.54431295394896,0.7,0.3
105.55407547950745,0.7,0.3
105.57082867622375,0.7,0.3
105.57113432884216,0.7,0.3
105.5753128528595,0.7,0.3
105.58279061317444,0.7,0.3
105.5829713344574,0.7,0.3
105.59607529640198,0.7,0.3
105.60231280326845,0.7,0.3
105.602543592453,0.7,0.3
105.60582900047302,0.7,0.3
105.62029027938844,0.7,0.3
105.62407445907591,0.7,0.3
105.63000559806824,0.7,0.3
105.6358287334442,0.7,0.3
105.63889241218568,0.6,0.4
105.64631247520448,0.6,0.4
105.65626549720764,0.6,0.4
105.65907430648804,0.6,0.4
105.67082667350768,0.6,0.4
105.6724328994751,0.6,0.4
105.67367601394652,0.6,0.4
105.67431235313416,0.6,0.4
105.68809843063354,0.6,0.4
105.6960744857788,0.6,0.4
105.69981813430786,0.6,0.4
105.70331239700316,0.6,0.4
105.70682668685912,0.6,0.4
105.70953965187071,0.6,0.4
105.71668577194214,0.6,0.4
105.723073720932,0.6,0.4
105.72990155220032,0.6,0.4
105.73682570457458,0.6,0.4
105.74201774597168,0.6,0.4
105.74431467056274,0.6,0.4
105.74895930290222,0.6,0.4
105.75307369232178,0.6,0.4
105.76338791847228,0.6,0.4
105.76582551002502,0.6,0.4
105.7723150253296,0.6,0.4
105.77460861206056,0.6,0.4
105.78829622268675,0.6,0.4
105.7948944568634,0.6,0.4
105.79607367515564,0.6,0.4
105.79682564735413,0.6,0.4
105.80371475219728,0.6,0.4
105.81117129325868,0.6,0.4
105.81431460380554,0.6,0.4
105.82507228851318,0.6,0.4
105.82772302627563,0.6,0.4
105.83782029151917,0.6,0.4
105.8378255367279,0.6,0.4
105.8433165550232,0.6,0.4
105.8452730178833,0.6,0.4
105.8540723323822,0.6,0.4
105.85467004776,0.6,0.4
105.86344861984252,0.6,0.4
105.86682271957396,0.6,0.4
105.87131643295288,0.6,0.4
105.88681316375732,0.6,0.4
105.8873987197876,0.6,0.4
105.89723539352416,0.6,0.4
105.89807200431824,0.6,0.4
105.90518546104433,0.6,0.4
105.90531659126282,0.6,0.4
105.91082286834715,0.6,0.4
105.92062282562256,0.6,0.4
105.92229008674622,0.6,0.4
105.9240701198578,0.6,0.4
105.93172669410706,0.5,0.5
105.94082188606262,0.5,0.5
105.94231820106506,0.5,0.5
105.94407749176024,0.5,0.5
105.95306992530824,0.5,0.5
105.95400214195251,0.5,0.5
105.9587860107422,0.6,0.4
105.9708216190338,0.6,0.4
105.97631859779358,0.6,0.4
105.97673296928406,0.6,0.4
105.9838125705719,0.6,0.4
105.98882746696472,0.6,0.4
105.9940700531006,0.6,0.4
106.0021994113922,0.6,0.4
106.0058217048645,0.6,0.4
106.00731801986694,0.6,0.4
106.01000690460204,0.6,0.4
106.017991065979,0.6,0.4
106.02306914329527,0.6,0.4
106.03582167625429,0.6,0.4
106.03673696517944,0.5,0.5
106.04131746292114,0.5,0.5
106.04677367210388,0.5,0.5
106.06606936454772,0.5,0.5
106.06846499443054,0.5,0.5
106.07082056999208,0.5,0.5
106.07131719589232,0.5,0.5
106.07749581336977,0.5,0.5
106.08218622207642,0.5,0.5
106.09306931495668,0.5,0.5
106.09811401367188,0.6,0.4
106.10782051086426,0.6,0.4
106.11016297340392,0.5,0.5
106.11231780052184,0.5,0.5
106.11911606788637,0.5,0.5
106.1230685710907,0.5,0.5
106.13457918167114,0.6,0.4
106.13582062721252,0.6,0.4
106.14435696601868,0.6,0.4
106.14832162857056,0.6,0.4
106.15907573699953,0.6,0.4
106.1650686264038,0.6,0.4
106.16885304450987,0.6,0.4
106.17081999778748,0.6,0.4
106.17632150650024,0.6,0.4
106.17812132835388,0.6,0.4
106.1930685043335,0.6,0.4
106.196453332901,0.6,0.4
106.20082020759584,0.6,0.4
106.21175599098206,0.6,0.4
106.21232151985168,0.6,0.4
106.21625900268556,0.6,0.4
106.22191262245178,0.6,0.4
106.2280662059784,0.6,0.4
106.23582029342651,0.6,0.4
106.2367343902588,0.6,0.4
106.24532103538512,0.6,0.4
106.24695920944214,0.6,0.4
106.25910496711732,0.6,0.4
106.26204180717468,0.6,0.4
106.26306581497192,0.6,0.4
106.2708179950714,0.6,0.4
106.27247285842896,0.6,0.4
106.27632117271423,0.6,0.4
106.28014254570007,0.6,0.4
106.29906582832336,0.6,0.4
106.29933834075928,0.6,0.4
106.30332112312315,0.6,0.4
106.30781817436218,0.6,0.4
106.308531999588,0.6,0.4
106.31590867042542,0.6,0.4
106.32779121398926,0.6,0.4
106.33306360244752,0.6,0.4
106.3368182182312,0.6,0.4
106.33839201927184,0.6,0.4
106.34532165527344,0.6,0.4
106.3532133102417,0.6,0.4
106.36306381225586,0.6,0.4
106.36526370048524,0.6,0.4
106.36581659317017,0.6,0.4
106.37332153320312,0.6,0.4
106.37436413764954,0.6,0.4
106.38706684112547,0.6,0.4
106.39306354522704,0.6,0.4
106.39581656455994,0.6,0.4
106.3976583480835,0.6,0.4
106.4048879146576,0.6,0.4
106.40532159805298,0.6,0.4
106.41784501075745,0.6,0.4
106.4280650615692,0.6,0.4
106.43157768249512,0.6,0.4
106.43781661987305,0.6,0.4
106.43810272216795,0.6,0.4
106.44432044029236,0.6,0.4
106.45263528823853,0.7,0.3
106.45935320854188,0.7,0.3
106.46348261833192,0.7,0.3
106.46406507492064,0.7,0.3
106.46781587600708,0.7,0.3
106.47232031822205,0.7,0.3
106.4738872051239,0.7,0.3
106.487478017807,0.7,0.3
106.49306511878969,0.7,0.3
106.4968159198761,0.7,0.3
106.49888062477112,0.7,0.3
106.50070333480836,0.7,0.3
106.50132060050964,0.7,0.3
106.51296401023863,0.7,0.3
106.52174639701845,0.7,0.3
106.5258162021637,0.7,0.3
106.5280647277832,0.7,0.3
106.5323042869568,0.7,0.3
106.54332113265993,0.7,0.3
106.544939994812,0.7,0.3
106.55404829978944,0.7,0.3
106.55742979049684,0.7,0.3
106.56306457519533,0.7,0.3
106.56736493110655,0.6,0.4
106.57081484794617,0.6,0.4
106.57591247558594,0.6,0.4
106.58132100105286,0.6,0.4
106.58378386497498,0.6,0.4
106.59306454658508,0.6,0.4
106.60127639770508,0.6,0.4
106.60581493377686,0.6,0.4
106.60732102394104,0.6,0.4
106.61763668060304,0.6,0.4
106.61980390548706,0.6,0.4
106.62748980522156,0.6,0.4
106.6280632019043,0.6,0.4
106.63581490516664,0.6,0.4
106.6361072063446,0.6,0.4
106.64232182502748,0.6,0.4
106.6508972644806,0.6,0.4
106.65136408805849,0.6,0.4
106.66303992271423,0.6,0.4
106.66406321525574,0.6,0.4
106.67081260681152,0.6,0.4
106.6751425266266,0.6,0.4
106.67732191085815,0.6,0.4
106.6883316040039,0.6,0.4
106.6980631351471,0.6,0.4
106.69893050193788,0.6,0.4
106.707745552063,0.6,0.4
106.70781230926514,0.6,0.4
106.71232175827026,0.6,0.4
106.71525359153748,0.6,0.4
106.72606205940248,0.6,0.4
106.7260880470276,0.6,0.4
106.73781228065492,0.6,0.4
106.73936653137208,0.6,0.4
106.7413227558136,0.6,0.4
106.74249172210692,0.6,0.4
106.75429916381836,0.6,0.4
106.76306200027466,0.6,0.4
106.76493334770204,0.6,0.4
106.76581048965454,0.6,0.4
106.77792000770567,0.6,0.4
106.78332257270812,0.6,0.4
106.78506207466124,0.6,0.4
106.79043459892272,0.6,0.4
106.79581046104433,0.6,0.4
106.80006551742554,0.6,0.4
106.80532240867616,0.6,0.4
106.8144953250885,0.6,0.4
106.82507634162904,0.6,0.4
106.83306002616882,0.6,0.4
106.83555769920348,0.6,0.4
106.83781051635742,0.6,0.4
106.84532332420348,0.6,0.4
106.85388827323914,0.6,0.4
106.86406016349792,0.6,0.4
106.8668088912964,0.6,0.4
106.87308168411256,0.6,0.4
106.87332320213318,0.6,0.4
106.88779640197754,0.6,0.4
106.89629697799684,0.6,0.4
106.89680886268616,0.6,0.4
106.89906001091003,0.6,0.4
106.91732335090636,0.6,0.4
106.92660760879517,0.6,0.4
106.92705774307252,0.6,0.4
106.93277072906494,0.8,0.2
106.93980813026428,0.8,0.2
106.9453227519989,0.8,0.2
106.96283221244812,0.8,0.2
106.96305775642396,0.8,0.2
106.96894931793211,0.8,0.2
106.97080826759338,0.8,0.2
106.979971408844,0.8,0.2
106.98132252693176,0.8,0.2
106.99163889884947,0.8,0.2
106.99705767631532,0.8,0.2
107.00132274627686,0.8,0.2
107.0045895576477,0.8,0.2
107.0058081150055,0.8,0.2
107.02705574035645,0.8,0.2
107.03272891044617,0.8,0.2
107.03580808639526,0.8,0.2
107.0433235168457,0.9,0.1
107.0466616153717,0.9,0.1
107.05305576324464,0.9,0.1
107.0627908706665,0.9,0.1
107.0708065032959,0.9,0.1
107.0713233947754,0.9,0.1
107.0762379169464,0.9,0.1
107.07925581932068,0.9,0.1
107.09491539001463,0.9,0.1
107.09505581855774,0.9,0.1
107.10540843009947,0.9,0.1
107.10680651664734,0.9,0.1
107.10732340812685,0.9,0.1
107.11501693725586,0.9,0.1
107.12405347824097,0.9,0.1
107.13580632209778,0.9,0.1
107.13674974441528,1.0,0.0
107.1392059326172,1.0,0.0
107.14332485198976,1.0,0.0
107.1517322063446,1.0,0.0
107.16347646713255,1.0,0.0
107.1660532951355,1.0,0.0
107.17080616950987,1.0,0.0
107.17432498931883,1.0,0.0
107.18066740036012,1.0,0.0
107.19540286064148,1.0,0.0
107.19705319404602,1.0,0.0
107.20132493972778,1.0,0.0
107.205806016922,1.0,0.0
107.2210783958435,1.0,0.0
107.22305297851562,1.0,0.0
107.22848010063171,1.0,0.0
107.23149728775024,1.0,0.0
107.23580622673036,1.0,0.0
107.24532580375671,1.0,0.0
107.24673867225648,1.0,0.0
107.26016092300416,1.0,0.0
107.26505279541016,1.0,0.0
107.27080488204956,1.0,0.0
107.2733256816864,1.0,0.0
107.28074908256532,1.0,0.0
107.2822778224945,1.0,0.0
107.29405283927916,1.0,0.0
107.29499673843384,1.0,0.0
107.30232572555542,1.0,0.0
107.30481719970705,1.0,0.0
107.30780482292175,1.0,0.0
107.31732559204102,1.0,0.0
107.32405090332033,1.0,0.0
107.3265459537506,1.0,0.0
107.33680486679076,1.0,0.0
107.33886218070984,1.0,0.0
107.34332537651062,1.0,0.0
107.3438596725464,1.0,0.0
107.358136177063,1.0,0.0
107.36505079269408,1.0,0.0
107.36580443382265,1.0,0.0
107.37132549285889,1.0,0.0
107.37746715545654,1.0,0.0
107.39405083656312,1.0,0.0
107.39680433273315,1.0,0.0
107.39788961410522,1.0,0.0
107.40327191352844,1.0,0.0
107.40732550621031,1.0,0.0
107.42085123062134,1.0,0.0
107.42304849624634,1.0,0.0
107.4326765537262,1.0,0.0
107.43780446052553,1.0,0.0
107.44103717803956,1.0,0.0
107.4413194656372,1.0,0.0
107.44938230514526,1.0,0.0
107.45804858207704,1.0,0.0
107.45908880233765,1.0,0.0
107.46680164337158,1.0,0.0
107.47231960296632,1.0,0.0
107.47370052337646,0.9,0.1
107.48263120651244,0.8,0.2
107.48973393440248,0.8,0.2
107.49304842948914,0.8,0.2
107.50435709953308,0.9,0.1
107.50731921195984,0.9,0.1
107.5108015537262,0.9,0.1
107.52567148208618,1.0,0.0
107.52580165863036,1.0,0.0
107.52804780006409,1.0,0.0
107.54331922531128,1.0,0.0
107.54544806480408,1.0,0.0
107.55788803100586,0.9,0.1
107.5650475025177,0.9,0.1
107.57080006599426,0.9,0.1
107.5723192691803,0.9,0.1
107.57557725906372,0.9,0.1
107.58062720298769,0.9,0.1
107.59304761886597,0.9,0.1
107.59611701965332,0.8,0.2
107.60579991340636,0.8,0.2
107.607319355011,0.8,0.2
107.610985994339,0.9,0.1
107.62611603736876,0.9,0.1
107.6337502002716,0.9,0.1
107.63404631614684,0.9,0.1
107.63580012321472,0.9,0.1
107.6433207988739,0.9,0.1
107.65164470672607,0.9,0.1
107.66304612159728,0.9,0.1
107.67079901695251,0.9,0.1
107.67132091522215,0.9,0.1
107.67164254188538,0.9,0.1
107.6829960346222,0.9,0.1
107.69804620742798,0.9,0.1
107.698992729187,0.9,0.1
107.70779871940611,0.9,0.1
107.7083616256714,1.0,0.0
107.71232080459596,1.0,0.0
107.72283601760864,1.0,0.0
107.72604632377625,1.0,0.0
107.72679901123048,1.0,0.0
107.72820615768433,1.0,0.0
107.73894262313844,1.0,0.0
107.74131941795348,1.0,0.0
107.75128817558289,1.0,0.0
107.75404620170592,1.0,0.0
107.7639787197113,1.0,0.0
107.77079701423644,1.0,0.0
107.77731919288637,1.0,0.0
107.79121112823486,1.0,0.0
107.7970461845398,1.0,0.0
107.79857921600342,1.0,0.0
107.80579686164856,1.0,0.0
107.81131935119627,1.0,0.0
107.81776690483092,1.0,0.0
107.82704401016235,1.0,0.0
107.8339171409607,1.0,0.0
107.83441662788393,1.0,0.0
107.83579683303832,1.0,0.0
107.84831953048706,1.0,0.0
107.85880732536316,1.0,0.0
107.86704421043396,1.0,0.0
107.87079620361328,1.0,0.0
107.87134599685668,1.0,0.0
107.87631964683531,1.0,0.0
107.89196014404295,1.0,0.0
107.8948585987091,1.0,0.0
107.89504408836363,1.0,0.0
107.89791250228882,1.0,0.0
107.90679621696472,1.0,0.0
107.9101824760437,1.0,0.0
107.91131949424744,1.0,0.0
107.917457818985,1.0,0.0
107.92404294013976,1.0,0.0
107.93579626083374,1.0,0.0
107.94531869888306,1.0,0.0
107.9464099407196,1.0,0.0
107.94683814048769,1.0,0.0
107.96546363830566,1.0,0.0
107.96804285049438,1.0,0.0
107.97079467773438,1.0,0.0
107.97331881523132,1.0,0.0
107.9776120185852,1.0,0.0
107.9886155128479,1.0,0.0
107.99404287338255,1.0,0.0
107.9997947216034,1.0,0.0
108.00531888008118,1.0,0.0
108.01403760910034,1.0,0.0
108.02303981781006,1.0,0.0
108.02833986282349,1.0,0.0
108.03579235076904,1.0,0.0
108.03852462768556,1.0,0.0
108.0443196296692,1.0,0.0
108.04633522033691,1.0,0.0
108.06403946876526,1.0,0.0
108.07079243659972,1.0,0.0
108.07231950759888,1.0,0.0
108.0850396156311,1.0,0.0
108.09351754188538,1.0,0.0
108.09736919403076,1.0,0.0
108.1013195514679,1.0,0.0
108.1077926158905,1.0,0.0
108.12803888320924,1.0,0.0
108.13679242134094,1.0,0.0
108.14331817626952,1.0,0.0
108.15503883361816,1.0,0.0
108.16579079627992,1.0,0.0
108.17973256111144,1.0,0.0
108.18131828308104,1.0,0.0
108.18745803833008,1.0,0.0
108.19679069519044,1.0,0.0
108.19703888893127,1.0,0.0
108.19763016700745,1.0,0.0
108.20231819152832,1.0,0.0
108.20998620986938,1.0,0.0
108.22503709793092,1.0,0.0
108.23520684242249,1.0,0.0
108.23878860473631,1.0,0.0
108.24145793914796,1.0,0.0
108.24531674385072,1.0,0.0
108.2478210926056,1.0,0.0
108.25403690338136,1.0,0.0
108.2587218284607,1.0,0.0
108.26778841018675,1.0,0.0
108.27231669425964,1.0,0.0
108.2739326953888,1.0,0.0
108.2831048965454,1.0,0.0
108.29263281822205,0.9,0.1
108.2967884540558,0.9,0.1
108.2970368862152,0.9,0.1
108.30131673812866,0.9,0.1
108.30240058898926,0.9,0.1
108.3121302127838,0.8,0.2
108.32503604888916,0.8,0.2
108.32678842544556,0.8,0.2
108.33297300338744,0.7,0.3
108.34231972694396,0.7,0.3
108.34245729446413,0.7,0.3
108.35403609275818,0.7,0.3
108.36454701423644,0.7,0.3
108.37078738212584,0.7,0.3
108.37384009361269,0.7,0.3
108.37731981277466,0.7,0.3
108.3839545249939,0.7,0.3
108.39703607559204,0.7,0.3
108.40578746795654,0.7,0.3
108.40584182739258,0.7,0.3
108.4133198261261,0.7,0.3
108.41972422599792,0.7,0.3
108.42603468894958,0.7,0.3
108.42703747749329,0.7,0.3
108.43578720092772,0.7,0.3
108.4384081363678,0.7,0.3
108.4413194656372,0.7,0.3
108.44719099998474,0.7,0.3
108.46326231956482,0.7,0.3
108.46703481674194,0.7,0.3
108.4707863330841,0.7,0.3
108.47361421585084,0.7,0.3
108.47831964492798,0.7,0.3
108.48371124267578,0.7,0.3
108.49503469467165,0.7,0.3
108.49570512771606,0.7,0.3
108.50778651237488,0.7,0.3
108.51131963729858,0.7,0.3
108.52052187919617,0.7,0.3
108.52403330802916,0.7,0.3
108.5330502986908,0.7,0.3
108.5367865562439,0.7,0.3
108.54631972312929,0.7,0.3
108.54701828956604,0.7,0.3
108.55526399612428,0.6,0.4
108.5657856464386,0.6,0.4
108.56603336334229,0.6,0.4
108.57401514053343,0.6,0.4
108.57531976699828,0.6,0.4
108.58662295341492,0.6,0.4
108.59578561782835,0.6,0.4
108.59603333473206,0.6,0.4
108.59640169143675,0.6,0.4
108.60231971740724,0.6,0.4
108.61022472381592,0.6,0.4
108.6230309009552,0.6,0.4
108.62605142593384,0.6,0.4
108.62899851799013,0.6,0.4
108.63678574562071,0.6,0.4
108.64532041549684,0.6,0.4
108.648601770401,0.6,0.4
108.66503095626832,0.6,0.4
108.66569304466248,0.6,0.4
108.6667833328247,0.6,0.4
108.67332053184508,0.6,0.4
108.67744302749634,0.6,0.4
108.68465781211852,0.6,0.4
108.693030834198,0.6,0.4
108.70112562179564,0.6,0.4
108.70778346061708,0.6,0.4
108.71132040023804,0.6,0.4
108.71583247184752,0.6,0.4
108.72515845298769,0.6,0.4
108.73098349571228,0.7,0.3
108.735023021698,0.7,0.3
108.7367832660675,0.7,0.3
108.74015617370604,0.7,0.3
108.7433226108551,0.7,0.3
108.76402258872986,0.7,0.3
108.76578187942503,0.7,0.3
108.77232241630554,0.7,0.3
108.7930223941803,0.7,0.3
108.79578161239624,0.7,0.3
108.8073227405548,0.7,0.3
108.82802081108092,0.7,0.3
108.82912635803224,0.7,0.3
108.8367817401886,0.7,0.3
108.84232330322266,0.7,0.3
108.85778403282166,0.7,0.3
108.86302089691162,0.7,0.3
108.8667812347412,0.7,0.3
108.86686730384828,0.7,0.3
108.87132334709167,0.7,0.3
108.87311434745789,0.7,0.3
108.89802098274232,0.8,0.2
108.89942193031312,0.6,0.4
108.90078139305116,0.6,0.4
108.9053235054016,0.6,0.4
108.91446280479433,0.6,0.4
108.91891860961914,0.6,0.4
108.92601990699768,0.6,0.4
108.93432259559631,0.6,0.4
108.9353187084198,0.6,0.4
108.9367814064026,0.6,0.4
108.94291806221008,0.6,0.4
108.9536406993866,0.6,0.4
108.95401978492735,0.6,0.4
108.96124839782716,0.6,0.4
108.96578073501588,0.6,0.4
108.97632241249084,0.6,0.4
108.98493218421936,0.6,0.4
108.99578070640564,0.6,0.4
108.9960196018219,0.6,0.4
109.00332260131836,0.6,0.4
109.00462079048155,0.6,0.4
109.01375150680542,0.6,0.4
109.02501916885376,0.6,0.4
109.0340940952301,0.6,0.4
109.03778100013731,0.6,0.4
109.04110455513,0.6,0.4
109.04732394218443,0.6,0.4
109.0507471561432,0.6,0.4
109.06538891792296,0.6,0.4
109.06601905822754,0.6,0.4
109.06677865982056,0.6,0.4
109.0733242034912,0.6,0.4
109.07636165618896,0.6,0.4
109.09138226509094,0.6,0.4
109.0940191745758,0.6,0.4
109.0967788696289,0.6,0.4
109.09889817237854,0.6,0.4
109.10432386398315,0.6,0.4
109.1230170726776,0.6,0.4
109.1241419315338,0.6,0.4
109.12577867507936,0.6,0.4
109.13692140579224,0.6,0.4
109.1443305015564,0.6,0.4
109.1478238105774,0.6,0.4
109.15410780906676,0.6,0.4
109.16501712799072,0.6,0.4
109.16769194602966,0.6,0.4
109.17077851295473,0.6,0.4
109.17233061790466,0.6,0.4
109.17486906051636,0.6,0.4
109.18181109428406,0.6,0.4
109.1930170059204,0.6,0.4
109.20168709754944,0.6,0.4
109.2057785987854,0.6,0.4
109.21533060073853,0.6,0.4
109.21583652496338,0.6,0.4
109.22801399230956,0.6,0.4
109.22953820228577,0.6,0.4
109.23577857017516,0.6,0.4
109.23679232597352,0.6,0.4
109.24433159828186,0.6,0.4
109.25197911262512,0.6,0.4
109.26301431655884,0.6,0.4
109.26533842086792,0.6,0.4
109.27077651023863,0.6,0.4
109.2713315486908,0.6,0.4
109.28427982330322,0.6,0.4
109.29055953025818,0.6,0.4
109.29801416397096,0.6,0.4
109.2998824119568,0.6,0.4
109.30633163452148,0.6,0.4
109.30777645111084,0.6,0.4
109.3176770210266,0.6,0.4
109.33301329612732,0.6,0.4
109.33302521705627,0.6,0.4
109.33677649497986,0.6,0.4
109.34133577346802,0.6,0.4
109.34438395500185,0.6,0.4
109.34963512420654,0.6,0.4
109.35401320457458,0.6,0.4
109.36201405525208,0.6,0.4
109.3657751083374,0.6,0.4
109.37018704414368,0.6,0.4
109.37633562088013,0.6,0.4
109.38354206085204,0.6,0.4
109.3967752456665,0.6,0.4
109.39701318740843,0.6,0.4
109.39984273910522,0.6,0.4
109.41233563423155,0.6,0.4
109.4250102043152,0.6,0.4
109.42816162109376,0.6,0.4
109.4323353767395,0.6,0.4
109.4326810836792,0.6,0.4
109.43777513504028,0.6,0.4
109.43887329101562,0.6,0.4
109.45300960540771,0.6,0.4
109.46130228042604,0.6,0.4
109.46777272224426,0.6,0.4
109.47738647460938,0.6,0.4
109.4823353290558,0.6,0.4
109.48598003387453,0.6,0.4
109.4950098991394,0.6,0.4
109.4967725276947,0.6,0.4
109.50233554840088,0.6,0.4
109.50365781784058,0.6,0.4
109.51488542556764,0.6,0.4
109.52577257156372,0.6,0.4
109.52599620819092,0.6,0.4
109.53200960159302,0.6,0.4
109.53516244888306,0.6,0.4
109.54433369636536,0.6,0.4
109.55142569541933,0.6,0.4
109.55382871627808,0.6,0.4
109.55900955200195,0.6,0.4
109.56773090362547,0.6,0.4
109.5707709789276,0.6,0.4
109.57233381271362,0.6,0.4
109.57968640327454,0.6,0.4
109.59500980377196,0.6,0.4
109.59989786148073,0.6,0.4
109.6023404598236,0.7,0.3
109.6057710647583,0.7,0.3
109.60933375358582,0.7,0.3
109.6136794090271,0.7,0.3
109.6174590587616,0.7,0.3
109.62300658226012,0.7,0.3
109.63156700134276,0.7,0.3
109.63577103614809,0.7,0.3
109.64233422279358,0.7,0.3
109.6425724029541,0.7,0.3
109.64633917808531,0.7,0.3
109.6603786945343,0.7,0.3
109.66482949256896,0.7,0.3
109.66500639915466,0.7,0.3
109.6707682609558,0.7,0.3
109.6742067337036,0.7,0.3
109.67733407020567,0.7,0.3
109.6850757598877,0.7,0.3
109.68634819984436,0.7,0.3
109.69400644302368,0.7,0.3
109.69684100151062,0.7,0.3
109.70555448532104,0.7,0.3
109.707768201828,0.7,0.3
109.71233415603638,0.7,0.3
109.72341752052309,0.7,0.3
109.72500514984132,0.7,0.3
109.73326873779295,0.7,0.3
109.73676800727844,0.7,0.3
109.7413341999054,0.7,0.3
109.74895119667052,0.7,0.3
109.75142693519592,0.7,0.3
109.76500535011292,0.7,0.3
109.76513195037842,0.7,0.3
109.76576781272888,0.7,0.3
109.770672082901,0.7,0.3
109.7813355922699,0.7,0.3
109.78347134590148,0.7,0.3
109.78683662414552,0.7,0.3
109.79400515556335,0.7,0.3
109.79454231262208,0.7,0.3
109.79676747322084,0.7,0.3
109.79975986480711,0.7,0.3
109.80133605003356,0.7,0.3
109.81427669525146,0.7,0.3
109.82300567626952,0.7,0.3
109.8244252204895,0.7,0.3
109.83617615699768,0.7,0.3
109.83776760101318,0.7,0.3
109.84533643722534,0.7,0.3
109.85026359558104,0.7,0.3
109.86500573158264,0.7,0.3
109.8667652606964,0.7,0.3
109.8671326637268,0.7,0.3
109.87233662605286,0.7,0.3
109.87683606147766,0.7,0.3
109.88535809516908,0.7,0.3
109.89400577545166,0.7,0.3
109.8964388370514,0.6,0.4
109.89676523208618,0.6,0.4
109.9013364315033,0.6,0.4
109.9035017490387,0.6,0.4
109.91404366493224,0.6,0.4
109.92300319671632,0.6,0.4
109.93155241012572,0.6,0.4
109.93568754196168,0.6,0.4
109.94076442718506,0.6,0.4
109.9443380832672,0.6,0.4
109.9468870162964,0.6,0.4
109.95878791809082,0.7,0.3
109.96600341796876,0.7,0.3
109.9702455997467,0.7,0.3
109.97076439857484,0.7,0.3
109.97433805465698,0.7,0.3
109.98910760879517,0.7,0.3
109.99300336837769,0.7,0.3
110.00133800506592,0.7,0.3
110.00303173065186,0.7,0.3
110.0054759979248,0.7,0.3
110.00576448440552,0.7,0.3
110.01406288146973,0.7,0.3
110.02300262451172,0.7,0.3
110.0255196094513,0.7,0.3
110.03576445579527,0.7,0.3
110.04633808135986,0.7,0.3
110.05016040802002,0.7,0.3
110.05800247192384,0.7,0.3
110.06187319755554,0.8,0.2
110.06635761260986,0.8,0.2
110.07076406478882,0.8,0.2
110.07433795928956,0.8,0.2
110.07712531089784,0.8,0.2
110.09035921096802,0.8,0.2
110.09400248527528,0.8,0.2
110.09843039512634,0.8,0.2
110.107764005661,0.8,0.2
110.11133790016174,0.8,0.2
110.11245441436768,0.8,0.2
110.128000497818,0.8,0.2
110.1280791759491,1.0,0.0
110.1367642879486,1.0,0.0
110.14384722709656,1.0,0.0
110.14433860778809,1.0,0.0
110.1630003452301,1.0,0.0
110.16499400138856,1.0,0.0
110.1657645702362,1.0,0.0
110.1662483215332,1.0,0.0
110.1753385066986,1.0,0.0
110.17537212371826,1.0,0.0
110.18322801589966,1.0,0.0
110.19576501846312,1.0,0.0
110.1977355480194,1.0,0.0
110.19900035858154,1.0,0.0
110.20076155662537,1.0,0.0
110.2013385295868,1.0,0.0
110.21325778961182,1.0,0.0
110.22079300880432,1.0,0.0
110.22599911689758,1.0,0.0
110.23430848121644,1.0,0.0
110.23676466941832,1.0,0.0
110.24333882331848,1.0,0.0
110.25079917907716,1.0,0.0
110.2523193359375,1.0,0.0
110.26109027862547,1.0,0.0
110.26299905776978,1.0,0.0
110.2677628993988,1.0,0.0
110.2700355052948,1.0,0.0
110.27333879470824,1.0,0.0
110.28734588623048,1.0,0.0
110.2908215522766,1.0,0.0
110.29799914360046,1.0,0.0
110.30133867263794,1.0,0.0
110.3051176071167,1.0,0.0
110.30776286125185,1.0,0.0
110.3094882965088,1.0,0.0
110.32053112983704,1.0,0.0
110.32699680328368,1.0,0.0
110.32891774177553,1.0,0.0
110.33676290512084,1.0,0.0
110.33706593513487,1.0,0.0
110.34333872795104,1.0,0.0
110.345317363739,1.0,0.0
110.35273909568788,1.0,0.0
110.35399675369264,1.0,0.0
110.3657612800598,1.0,0.0
110.3659279346466,1.0,0.0
110.37333559989928,1.0,0.0
110.38437581062315,1.0,0.0
110.39599680900574,1.0,0.0
110.39676141738892,1.0,0.0
110.39678001403809,1.0,0.0
110.40333604812622,1.0,0.0
110.4077491760254,1.0,0.0
110.41638827323914,1.0,0.0
110.42399621009828,1.0,0.0
110.42810249328612,0.9,0.1
110.4343729019165,0.9,0.1
110.43876147270204,0.9,0.1
110.44433307647704,0.9,0.1
110.45051741600037,0.9,0.1
110.4529960155487,0.9,0.1
110.45400071144104,0.9,0.1
110.46271443367004,0.9,0.1
110.4667592048645,0.9,0.1
110.47333312034608,0.9,0.1
110.4790334701538,0.9,0.1
110.49500346183775,0.9,0.1
110.49675941467284,0.9,0.1
110.49699640274048,0.9,0.1
110.50133323669434,0.9,0.1
110.50872373580933,0.9,0.1
110.52281284332275,0.6,0.4
110.52399516105652,0.6,0.4
110.52575922012328,0.6,0.4
110.53237867355348,0.6,0.4
110.54135513305664,0.9,0.1
110.54333591461182,0.9,0.1
110.55005884170532,0.9,0.1
110.56599521636964,0.9,0.1
110.57075572013856,0.9,0.1
110.57243371009828,0.9,0.1
110.58133602142334,0.9,0.1
110.59499526023863,0.9,0.1
110.60213947296144,0.7,0.3
110.60433602333067,0.7,0.3
110.60575580596924,0.7,0.3
110.6110770702362,0.7,0.3
110.6207926273346,0.7,0.3
110.62499618530272,0.7,0.3
110.6278076171875,0.7,0.3
110.63818550109865,0.7,0.3
110.64075565338136,0.7,0.3
110.643328666687,0.7,0.3
110.64533829689026,0.7,0.3
110.65899634361269,0.7,0.3
110.65957760810852,0.7,0.3
110.66188883781432,0.7,0.3
110.66875410079956,0.7,0.3
110.67233800888062,0.7,0.3
110.67250967025755,0.7,0.3
110.68173742294312,0.7,0.3
110.69281721115112,0.7,0.3
110.69399619102478,0.7,0.3
110.69675421714784,0.7,0.3
110.69752502441406,0.7,0.3
110.7013382911682,0.7,0.3
110.70751881599426,0.7,0.3
110.72575426101685,0.7,0.3
110.72899603843688,0.7,0.3
110.72948002815248,0.7,0.3
110.73892951011658,0.7,0.3
110.74433946609496,0.7,0.3
110.74875950813292,0.7,0.3
110.75947403907776,0.7,0.3
110.76399612426758,0.7,0.3
110.76775360107422,0.7,0.3
110.77233982086182,0.7,0.3
110.77618336677553,0.7,0.3
110.7875235080719,0.7,0.3
110.79675388336182,0.7,0.3
110.79899621009828,0.7,0.3
110.8018627166748,0.7,0.3
110.80433964729308,0.7,0.3
110.8146996498108,0.7,0.3
110.81748390197754,0.6,0.4
110.82699298858644,0.6,0.4
110.82885122299194,0.6,0.4
110.83233666419984,0.6,0.4
110.8364396095276,0.6,0.4
110.83975386619568,0.6,0.4
110.85499286651611,0.6,0.4
110.85506987571716,0.6,0.4
110.86420679092409,0.6,0.4
110.8677532672882,0.6,0.4
110.87360644340517,0.6,0.4
110.87433671951294,0.6,0.4
110.8893702030182,0.6,0.4
110.89699292182922,0.6,0.4
110.89743041992188,0.6,0.4
110.90333700180054,0.6,0.4
110.90631484985352,0.6,0.4
110.91075325012208,0.6,0.4
110.91858577728271,0.6,0.4
110.9249894618988,0.6,0.4
110.926753282547,0.6,0.4
110.92930150032043,0.6,0.4
110.9325761795044,0.6,0.4
110.93886089324953,0.6,0.4
110.94434380531312,0.6,0.4
110.94795083999634,0.6,0.4
110.95398950576782,0.6,0.4
110.96027541160583,0.6,0.4
110.97075200080872,0.6,0.4
110.9725546836853,0.6,0.4
110.98134422302246,0.6,0.4
110.98370361328124,0.6,0.4
110.9931457042694,0.6,0.4
110.99598932266235,0.6,0.4
111.00060439109802,0.6,0.4
111.00134420394896,0.6,0.4
111.00575160980225,0.6,0.4
111.00875210762024,0.6,0.4
111.02369475364684,0.6,0.4
111.02398681640624,0.6,0.4
111.02709603309631,0.6,0.4
111.03557300567628,0.6,0.4
111.0357518196106,0.6,0.4
111.0443058013916,0.6,0.4
111.04534006118774,0.6,0.4
111.06060600280762,0.6,0.4
111.06598687171936,0.6,0.4
111.07002401351927,0.6,0.4
111.07074928283691,0.6,0.4
111.07234001159668,0.6,0.4
111.08892846107484,0.6,0.4
111.09106302261353,0.6,0.4
111.09498691558838,0.6,0.4
111.10308408737184,0.6,0.4
111.1077492237091,0.6,0.4
111.10933995246889,0.6,0.4
111.11349725723268,0.6,0.4
111.12398314476012,0.6,0.4
111.13674926757812,0.6,0.4
111.13719964027403,0.6,0.4
111.14234209060668,0.6,0.4
111.148179769516,0.6,0.4
111.15737175941469,0.5,0.5
111.16286659240724,0.5,0.5
111.16498327255248,0.5,0.5
111.16574907302856,0.5,0.5
111.17734217643738,0.5,0.5
111.1775918006897,0.5,0.5
111.18870854377748,0.5,0.5
111.19498324394226,0.5,0.5
111.19674897193909,0.5,0.5
111.20110440254211,0.5,0.5
111.2076723575592,0.6,0.4
111.21334218978882,0.6,0.4
111.21834588050842,0.6,0.4
111.22839069366456,0.5,0.5
111.22898244857788,0.5,0.5
111.23774647712708,0.5,0.5
111.23887801170348,0.5,0.5
111.24234294891356,0.5,0.5
111.2489881515503,0.5,0.5
111.2589304447174,0.6,0.4
111.26498246192932,0.6,0.4
111.2667465209961,0.6,0.4
111.26835060119627,0.6,0.4
111.27234292030334,0.6,0.4
111.29071974754332,0.6,0.4
111.29170179367064,0.6,0.4
111.29398250579834,0.6,0.4
111.29674649238586,0.6,0.4
111.3058512210846,0.6,0.4
111.31285095214844,0.6,0.4
111.31734275817873,0.6,0.4
111.32434916496275,0.6,0.4
111.32574653625488,0.6,0.4
111.32898163795473,0.6,0.4
111.33080577850342,0.6,0.4
111.34114289283752,0.6,0.4
111.34434270858765,0.6,0.4
111.35889101028442,0.6,0.4
111.3639817237854,0.6,0.4
111.36774563789368,0.6,0.4
111.3699083328247,0.6,0.4
111.37434267997742,0.6,0.4
111.38602209091188,0.6,0.4
111.39526891708374,0.6,0.4
111.39574575424194,0.6,0.4
111.39898180961607,0.6,0.4
111.40834259986876,0.6,0.4
111.41099333763124,0.6,0.4
111.41099572181702,0.6,0.4
111.4214210510254,0.6,0.4
111.42797946929932,0.6,0.4
111.43774580955504,0.6,0.4
111.44139981269836,0.6,0.4
111.44434189796448,0.6,0.4
111.44619488716124,0.6,0.4
111.45830082893372,0.6,0.4
111.46597933769226,0.6,0.4
111.46674346923828,0.6,0.4
111.4733419418335,0.6,0.4
111.47503805160522,0.6,0.4
111.48497939109802,0.6,0.4
111.49672770500185,0.6,0.4
111.49674320220949,0.6,0.4
111.50334191322328,0.6,0.4
111.50620484352112,0.7,0.3
111.52520847320557,0.7,0.3
111.52797889709473,0.7,0.3
111.53044652938844,0.6,0.4
111.53974342346191,0.6,0.4
111.54533839225768,0.6,0.4
111.54760909080504,0.6,0.4
111.55590915679932,0.6,0.4
111.56497883796692,0.6,0.4
111.57074284553528,0.6,0.4
111.57533860206604,0.6,0.4
111.58437085151672,0.6,0.4
111.58456301689148,0.6,0.4
111.58703207969666,0.6,0.4
111.59397888183594,0.6,0.4
111.5965449810028,0.6,0.4
111.60433840751648,0.6,0.4
111.60546851158142,0.6,0.4
111.60574293136597,0.6,0.4
111.61314582824708,0.6,0.4
111.62797713279724,0.6,0.4
111.63013505935668,0.6,0.4
111.63333892822266,0.6,0.4
111.64074301719666,0.6,0.4
111.6438159942627,0.6,0.4
111.66191172599792,0.6,0.4
111.66697716712952,0.6,0.4
111.66874051094057,0.6,0.4
111.67066287994383,0.6,0.4
111.67918372154236,0.6,0.4
111.67933893203735,0.6,0.4
111.6859769821167,0.6,0.4
111.69674062728882,0.6,0.4
111.69685792922974,0.6,0.4
111.70154666900636,0.6,0.4
111.71333909034728,0.6,0.4
111.71587133407591,0.6,0.4
111.72403955459596,0.6,0.4
111.72574067115784,0.6,0.4
111.7279748916626,0.6,0.4
111.7433397769928,0.6,0.4
111.74376821517944,0.6,0.4
111.75148272514345,0.6,0.4
111.7596070766449,0.6,0.4
111.76397490501404,0.6,0.4
111.77038621902466,0.6,0.4
111.77173924446106,0.6,0.4
111.77733969688416,0.6,0.4
111.77999567985536,0.6,0.4
111.79897475242616,0.6,0.4
111.805739402771,0.6,0.4
111.80985260009766,0.6,0.4
111.8133397102356,0.6,0.4
111.82797360420228,0.6,0.4
111.82835483551024,0.6,0.4
111.829363822937,0.6,0.4
111.83573937416077,0.6,0.4
111.8413405418396,0.6,0.4
111.8425989151001,0.6,0.4
111.85513472557068,0.6,0.4
111.86397361755373,0.6,0.4
111.86868906021118,0.6,0.4
111.8707389831543,0.6,0.4
111.87234044075012,0.6,0.4
111.87426376342772,0.6,0.4
111.88476729393004,0.6,0.4
111.89361834526062,0.6,0.4
111.89775800704956,0.6,0.4
111.89897346496582,0.6,0.4
111.9073405265808,0.6,0.4
111.90773916244508,0.6,0.4
111.90835571289062,0.6,0.4
111.92374730110168,0.6,0.4
111.92597103118896,0.6,0.4
111.93585181236269,0.6,0.4
111.93773913383484,0.6,0.4
111.94334363937378,0.6,0.4
111.94368481636047,0.6,0.4
111.9468719959259,0.6,0.4
111.96397089958192,0.6,0.4
111.9657382965088,0.6,0.4
111.9714539051056,0.6,0.4
111.97534370422365,0.6,0.4
111.98305201530457,0.6,0.4
111.98497104644775,0.6,0.4
111.99493765830994,0.6,0.4
111.99673843383788,0.6,0.4
112.00134372711182,0.6,0.4
112.00352668762208,0.6,0.4
112.0128893852234,0.6,0.4
112.0213851928711,0.6,0.4
112.02796792984007,0.6,0.4
112.03740048408508,0.6,0.4
112.03773880004884,0.6,0.4
112.0433430671692,0.6,0.4
112.05758500099182,0.6,0.4
112.06396794319151,0.6,0.4
112.06673884391785,0.6,0.4
112.07505679130554,0.6,0.4
112.07934308052064,0.6,0.4
112.0837242603302,0.6,0.4
112.0849676132202,0.6,0.4
112.09479808807372,0.6,0.4
112.09573888778688,0.6,0.4
112.1073431968689,0.6,0.4
112.11522507667542,0.6,0.4
112.12177300453186,0.6,0.4
112.1279628276825,0.6,0.4
112.13376307487488,0.6,0.4
112.13874006271362,0.6,0.4
112.14234161376952,0.6,0.4
112.1582396030426,0.6,0.4
112.16349029541016,0.6,0.4
112.16396284103394,0.6,0.4
112.16674017906188,0.6,0.4
112.17234182357788,0.6,0.4
112.18469786643982,0.6,0.4
112.1912202835083,0.6,0.4
112.19896268844604,0.6,0.4
112.20200657844543,0.6,0.4
112.20274019241332,0.6,0.4
112.204021692276,0.6,0.4
112.20734167099,0.6,0.4
112.22590446472168,0.6,0.4
112.227961063385,0.6,0.4
112.23674011230467,0.6,0.4
112.2378478050232,0.6,0.4
112.2443425655365,0.6,0.4
112.2479522228241,0.6,0.4
112.25556302070618,0.6,0.4
112.26596093177795,0.6,0.4
112.26674056053162,0.6,0.4
112.2753427028656,0.6,0.4
112.28003406524658,0.6,0.4
112.2834813594818,0.6,0.4
112.28496098518372,0.6,0.4
112.2938060760498,0.6,0.4
112.30234241485596,0.6,0.4
112.30774068832396,0.6,0.4
112.31113147735596,0.6,0.4
112.32696008682252,0.6,0.4
112.32783961296082,0.6,0.4
112.336740732193,0.6,0.4
112.3374433517456,0.6,0.4
112.34334325790404,0.6,0.4
112.34893822669984,0.6,0.4
112.36296010017396,0.6,0.4
112.36416578292848,0.6,0.4
112.36574029922484,0.6,0.4
112.37242364883424,0.6,0.4
112.3733434677124,0.6,0.4
112.37614417076112,0.6,0.4
112.38396000862122,0.6,0.4
112.38757610321044,0.6,0.4
112.39674043655396,0.6,0.4
112.40220141410828,0.6,0.4
112.40434336662292,0.6,0.4
112.41075897216795,0.6,0.4
112.4178466796875,0.6,0.4
112.43234467506409,0.6,0.4
112.43395781517027,0.6,0.4
112.43484473228456,0.6,0.4
112.43678307533264,0.6,0.4
112.43774032592772,0.6,0.4
112.4466073513031,0.6,0.4
112.4605119228363,0.6,0.4
112.4669578075409,0.6,0.4
112.46773791313171,0.6,0.4
112.4687385559082,0.6,0.4
112.47734475135805,0.6,0.4
112.48313975334167,0.6,0.4
112.4929575920105,0.6,0.4
112.49819040298462,0.6,0.4
112.50173759460448,0.6,0.4
112.50334453582764,0.6,0.4
112.50782918930054,0.6,0.4
112.52294921875,0.6,0.4
112.52812004089355,0.6,0.4
112.53673791885376,0.6,0.4
112.53883075714111,0.6,0.4
112.54534530639648,0.6,0.4
112.55641889572144,0.6,0.4
112.56214833259584,0.6,0.4
112.56573629379272,0.6,0.4
112.56594920158386,0.6,0.4
112.57334542274477,0.6,0.4
112.57815861701964,0.6,0.4
112.57992959022522,0.6,0.4
112.59594917297365,0.6,0.4
112.59988141059875,0.6,0.4
112.600736618042,0.6,0.4
112.61234521865843,0.6,0.4
112.61709976196288,0.6,0.4
112.62294840812685,0.6,0.4
112.62469172477722,0.6,0.4
112.63334560394289,0.6,0.4
112.63392448425292,0.6,0.4
112.63573622703552,0.6,0.4
112.647531747818,0.6,0.4
112.66016030311584,0.6,0.4
112.66494870185852,0.6,0.4
112.66544222831726,0.6,0.4
112.67073488235474,0.6,0.4
112.67534589767456,0.6,0.4
112.67907500267027,0.6,0.4
112.69394874572754,0.6,0.4
112.70148301124571,0.6,0.4
112.70773506164552,0.6,0.4
112.71234560012816,0.6,0.4
112.7239511013031,0.6,0.4
112.72682166099548,0.6,0.4
112.73483300209044,0.6,0.4
112.73673510551453,0.6,0.4
112.74134731292725,0.6,0.4
112.744402885437,0.6,0.4
112.7522747516632,0.6,0.4
112.76573395729064,0.6,0.4
112.76695108413696,0.6,0.4
112.76816582679749,0.6,0.4
112.77187275886536,0.6,0.4
112.77634716033936,0.6,0.4
112.78022718429564,0.6,0.4
112.78746366500854,0.6,0.4
112.7967336177826,0.6,0.4
112.79695105552672,0.6,0.4
112.80118942260742,0.6,0.4
112.8111810684204,0.6,0.4
112.81334710121156,0.6,0.4
112.82395315170288,0.6,0.4
112.82617688179016,0.6,0.4
112.83228039741516,0.6,0.4
112.83773422241212,0.6,0.4
112.84161019325256,0.6,0.4
112.84234714508057,0.6,0.4
112.85021305084229,0.6,0.4
112.86067843437196,0.6,0.4
112.8659529685974,0.6,0.4
112.8667335510254,0.6,0.4
112.86896300315856,0.6,0.4
112.87234687805176,0.6,0.4
112.88405895233154,0.6,0.4
112.89495301246644,0.6,0.4
112.89673352241516,0.6,0.4
112.89723443984984,0.6,0.4
112.91099977493286,0.6,0.4
112.91334700584412,0.6,0.4
112.9239547252655,0.6,0.4
112.92567014694214,0.6,0.4
112.93873333930968,0.6,0.4
112.94309091567992,0.6,0.4
112.94334816932678,0.6,0.4
112.94429755210876,0.6,0.4
112.9638967514038,0.6,0.4
112.9659550189972,0.6,0.4
112.9667329788208,0.6,0.4
112.96891498565674,0.6,0.4
112.9723482131958,0.6,0.4
112.9756293296814,0.6,0.4
112.9861068725586,0.6,0.4
112.99395489692688,0.6,0.4
112.99573302268982,0.6,0.4
112.99900937080383,0.6,0.4
113.00526547431946,0.6,0.4
113.01079559326172,0.6,0.4
113.01434826850893,0.6,0.4
113.01982522010805,0.6,0.4
113.02895498275755,0.6,0.4
113.03467106819151,0.6,0.4
113.0367329120636,0.6,0.4
113.04234862327576,0.6,0.4
113.05339503288268,0.6,0.4
113.0579550266266,0.6,0.4
113.06475853919984,0.6,0.4
113.06673073768616,0.6,0.4
113.07880234718324,0.6,0.4
113.07934856414796,0.6,0.4
113.09146904945374,0.6,0.4
113.09395503997804,0.6,0.4
113.10179781913756,0.6,0.4
113.10634851455688,0.6,0.4
113.10773062705994,0.6,0.4
113.10834527015686,0.6,0.4
113.12795400619508,0.6,0.4
113.1298885345459,0.6,0.4
113.13673067092896,0.6,0.4
113.1433494091034,0.6,0.4
113.1468358039856,0.6,0.4
113.15260004997252,0.6,0.4
113.16395401954652,0.6,0.4
113.16572880744934,0.6,0.4
113.17198967933656,0.6,0.4
113.17212319374084,0.6,0.4
113.176349401474,0.6,0.4
113.18840432167052,0.6,0.4
113.19572901725768,0.6,0.4
113.1957507133484,0.6,0.4
113.1989541053772,0.6,0.4
113.21334981918336,0.6,0.4
113.2339506149292,0.6,0.4
113.23572874069214,0.6,0.4
113.23577404022215,0.6,0.4
113.24135136604308,0.6,0.4
113.25495100021362,0.6,0.4
113.25705695152284,0.6,0.4
113.26472926139832,0.6,0.4
113.26837372779846,0.6,0.4
113.2723512649536,0.6,0.4
113.27875447273254,0.6,0.4
113.28802275657654,0.6,0.4
113.29473328590392,0.6,0.4
113.29695081710815,0.6,0.4
113.30291938781738,0.6,0.4
113.3073513507843,0.6,0.4
113.30772924423218,0.6,0.4
113.31380844116212,0.6,0.4
113.3249490261078,0.6,0.4
113.32739686965942,0.6,0.4
113.33472919464111,0.6,0.4
113.34205508232117,0.6,0.4
113.34335160255432,0.6,0.4
113.3503406047821,0.6,0.4
113.3599488735199,0.6,0.4
113.36472940444946,0.6,0.4
113.36775159835815,0.6,0.4
113.37235164642334,0.6,0.4
113.3819010257721,0.6,0.4
113.39309501647948,0.6,0.4
113.39794898033142,0.6,0.4
113.40061521530151,0.6,0.4
113.40672945976256,0.6,0.4
113.40735149383544,0.6,0.4
113.42507600784302,0.6,0.4
113.42594933509828,0.6,0.4
113.435729265213,0.6,0.4
113.44335174560548,0.6,0.4
113.44568467140198,0.6,0.4
113.45261001586914,0.6,0.4
113.4639492034912,0.6,0.4
113.46472644805908,0.6,0.4
113.47235178947447,0.6,0.4
113.473290681839,0.6,0.4
113.4794864654541,0.6,0.4
113.49694919586182,0.6,0.4
113.49697542190552,0.6,0.4
113.5005407333374,0.6,0.4
113.50735187530518,0.6,0.4
113.50772643089294,0.6,0.4
113.50921893119812,0.6,0.4
113.52363228797913,0.6,0.4
113.52494978904724,0.6,0.4
113.53472661972046,0.6,0.4
113.54025030136108,0.6,0.4
113.5433509349823,0.6,0.4
113.54874730110168,0.6,0.4
113.56124234199524,0.6,0.4
113.5679497718811,0.6,0.4
113.57040882110596,0.6,0.4
113.57072520256042,0.6,0.4
113.57735109329224,0.6,0.4
113.57945799827576,0.6,0.4
113.5881416797638,0.6,0.4
113.59494972229004,0.6,0.4
113.60483312606812,0.6,0.4
113.60572552680968,0.6,0.4
113.61235094070436,0.6,0.4
113.62394762039185,0.6,0.4
113.6285605430603,0.6,0.4
113.63472580909728,0.6,0.4
113.63550162315369,0.6,0.4
113.64796590805054,0.6,0.4
113.64835286140442,0.6,0.4
113.66494822502136,0.6,0.4
113.66830134391785,0.6,0.4
113.66872310638428,0.6,0.4
113.66941833496094,0.6,0.4
113.6763527393341,0.6,0.4
113.68232369422913,0.6,0.4
113.6939480304718,0.6,0.4
113.70472311973572,0.6,0.4
113.705500125885,0.6,0.4
113.7068738937378,0.6,0.4
113.71235275268556,0.6,0.4
113.728417634964,0.6,0.4
113.72894763946532,0.6,0.4
113.73553919792175,0.6,0.4
113.7397232055664,0.6,0.4
113.74635100364684,0.6,0.4
113.75794768333436,0.6,0.4
113.76064252853394,0.6,0.4
113.76772260665894,0.6,0.4
113.77248787879944,0.6,0.4
113.77635097503662,0.6,0.4
113.78254580497742,0.6,0.4
113.79672241210938,0.6,0.4
113.80056405067444,0.6,0.4
113.8009476661682,0.6,0.4
113.80335116386414,0.6,0.4
113.81349754333496,0.6,0.4
113.82731413841248,0.6,0.4
113.82794642448424,0.6,0.4
113.83872246742249,0.6,0.4
113.83930015563963,0.6,0.4
113.84457302093506,0.6,0.4
113.8453540802002,0.6,0.4
113.85694646835329,0.6,0.4
113.85930061340332,0.6,0.4
113.8671863079071,0.6,0.4
113.87335419654846,0.6,0.4
113.8747215270996,0.6,0.4
113.87748789787292,0.6,0.4
113.89077615737916,0.6,0.4
113.8989462852478,0.6,0.4
113.89968967437744,0.6,0.4
113.90135407447816,0.6,0.4
113.9087212085724,0.6,0.4
113.91597104072572,0.6,0.4
113.92557215690611,0.6,0.4
113.92594504356384,0.6,0.4
113.93367528915404,0.6,0.4
113.93672132492064,0.6,0.4
113.9433536529541,0.6,0.4
113.9456822872162,0.6,0.4
113.95394515991212,0.6,0.4
113.956565618515,0.6,0.4
113.96413087844849,0.6,0.4
113.96572041511536,0.6,0.4
113.97159457206726,0.6,0.4
113.97335362434389,0.6,0.4
113.98517727851868,0.6,0.4
113.9942865371704,0.6,0.4
113.99472045898438,0.6,0.4
113.99594521522522,0.6,0.4
114.01335382461548,0.6,0.4
114.02199125289916,0.6,0.4
114.0231409072876,0.6,0.4
114.02394199371338,0.6,0.4
114.03283929824828,0.6,0.4
114.03572034835815,0.6,0.4
114.04135394096376,0.6,0.4
114.04627633094788,0.6,0.4
114.05430269241332,0.6,0.4
114.06471800804138,0.6,0.4
114.06594228744508,0.6,0.4
114.07344031333923,0.7,0.3
114.07835388183594,0.7,0.3
114.09594202041626,0.7,0.3
114.10249900817873,0.7,0.3
114.1077184677124,0.7,0.3
114.11142134666444,0.7,0.3
114.1133542060852,0.7,0.3
114.12526535987854,0.7,0.3
114.12893986701964,0.7,0.3
114.13471841812134,0.7,0.3
114.14135336875916,0.7,0.3
114.14247703552246,0.7,0.3
114.15179300308228,0.6,0.4
114.15950107574464,0.6,0.4
114.16393995285034,0.6,0.4
114.1707170009613,0.6,0.4
114.17635321617126,0.6,0.4
114.18453407287598,0.6,0.4
114.19894003868104,0.6,0.4
114.205717086792,0.6,0.4
114.20617651939392,0.6,0.4
114.21335339546204,0.6,0.4
114.22055768966676,0.6,0.4
114.22693967819214,0.6,0.4
114.22895622253418,0.6,0.4
114.23268747329712,0.6,0.4
114.234717130661,0.6,0.4
114.24635362625122,0.6,0.4
114.24790620803832,0.6,0.4
114.25624251365662,0.6,0.4
114.26393961906432,0.6,0.4
114.26871538162231,0.6,0.4
114.26943922042848,0.6,0.4
114.27247405052184,0.6,0.4
114.27435350418092,0.6,0.4
114.28594708442688,0.6,0.4
114.29574394226074,0.6,0.4
114.29893970489502,0.6,0.4
114.30235362052916,0.6,0.4
114.30471539497375,0.6,0.4
114.30729961395264,0.6,0.4
114.32515120506288,0.6,0.4
114.32571530342102,0.6,0.4
114.32693982124329,0.6,0.4
114.3297483921051,0.6,0.4
114.33581304550172,0.7,0.3
114.34535431861876,0.7,0.3
114.35080885887146,0.7,0.3
114.36771559715272,0.7,0.3
114.36797404289246,0.7,0.3
114.36893939971924,0.7,0.3
114.37653470039368,0.7,0.3
114.3813543319702,0.7,0.3
114.3874979019165,0.7,0.3
114.3957154750824,0.7,0.3
114.3969395160675,0.7,0.3
114.39935159683228,0.7,0.3
114.40135431289671,0.7,0.3
114.40927124023438,0.7,0.3
114.42493844032288,0.7,0.3
114.42877840995789,0.7,0.3
114.43871521949768,0.7,0.3
114.44335532188416,0.7,0.3
114.44839000701904,0.6,0.4
114.45382118225098,0.6,0.4
114.4539384841919,0.6,0.4
114.47335529327393,0.6,0.4
114.474436044693,0.6,0.4
114.47471380233765,0.6,0.4
114.48507833480836,0.6,0.4
114.49430441856384,0.6,0.4
114.49471378326416,0.6,0.4
114.49693846702576,0.6,0.4
114.50235533714294,0.6,0.4
114.50871682167052,0.6,0.4
114.51537728309631,0.6,0.4
114.52265095710754,0.6,0.4
114.5249376296997,0.6,0.4
114.53567814826964,0.6,0.4
114.53671360015868,0.6,0.4
114.54335570335388,0.6,0.4
114.54733180999756,0.6,0.4
114.55393767356873,0.6,0.4
114.5616385936737,0.6,0.4
114.56377959251404,0.6,0.4
114.5657124519348,0.6,0.4
114.5723557472229,0.6,0.4
114.57549571990968,0.6,0.4
114.58511805534364,0.6,0.4
114.59471249580383,0.6,0.4
114.59593772888184,0.6,0.4
114.5991222858429,0.6,0.4
114.607355594635,0.6,0.4
114.61200642585754,0.6,0.4
114.62493896484376,0.6,0.4
114.63406705856325,0.6,0.4
114.6357126235962,0.6,0.4
114.63945603370668,0.6,0.4
114.64235711097716,0.6,0.4
114.64907932281494,0.6,0.4
114.65393900871275,0.6,0.4
114.6647117137909,0.6,0.4
114.6668610572815,0.6,0.4
114.67235708236694,0.6,0.4
114.67937850952148,0.6,0.4
114.68306612968443,0.6,0.4
114.69693899154665,0.6,0.4
114.7010018825531,0.6,0.4
114.70735716819765,0.6,0.4
114.70771169662476,0.6,0.4
114.70923328399658,0.6,0.4
114.71928262710573,0.6,0.4
114.72494316101074,0.6,0.4
114.73454570770264,0.6,0.4
114.73471164703368,0.6,0.4
114.74335622787476,0.6,0.4
114.75494313240053,0.6,0.4
114.75608253479004,0.6,0.4
114.7707109451294,0.6,0.4
114.77335619926453,0.6,0.4
114.79494309425354,0.6,0.4
114.8013560771942,0.6,0.4
114.80571103096008,0.6,0.4
114.8239405155182,0.6,0.4
114.83316159248352,0.6,0.4
114.83470892906188,0.6,0.4
114.84335660934448,0.6,0.4
114.8449170589447,0.6,0.4
114.85894060134888,0.6,0.4
114.86870884895325,0.6,0.4
114.8692820072174,0.6,0.4
114.87013792991638,0.6,0.4
114.87335658073424,0.6,0.4
114.87794828414916,0.6,0.4
114.88902282714844,0.6,0.4
114.893940448761,0.6,0.4
114.90046858787537,0.6,0.4
114.90235662460329,0.6,0.4
114.90470886230467,0.6,0.4
114.90833640098572,0.6,0.4
114.91908168792725,0.6,0.4
114.92570900917052,0.6,0.4
114.929940700531,0.6,0.4
114.93265390396118,0.6,0.4
114.936288356781,0.6,0.4
114.94335579872131,0.6,0.4
114.95313239097597,0.6,0.4
114.96494102478027,0.6,0.4
114.96770787239076,0.6,0.4
114.97235560417175,0.6,0.4
114.98044085502625,0.6,0.4
114.99158763885498,0.6,0.4
114.99670791625977,0.6,0.4
114.99994039535522,0.6,0.4
115.00006699562071,0.6,0.4
115.0083556175232,0.6,0.4
115.01847839355467,0.6,0.4
115.02304458618164,0.6,0.4
115.02794075012208,0.6,0.4
115.03271651268004,0.7,0.3
115.03870820999146,0.7,0.3
115.04052186012268,0.7,0.3
115.04235529899596,0.7,0.3
115.04626703262328,0.7,0.3
115.05594086647034,0.7,0.3
115.05772972106934,0.7,0.3
115.06759810447691,0.7,0.3
115.07235550880432,0.7,0.3
115.0747082233429,0.7,0.3
115.07585859298706,0.7,0.3
115.09010100364684,0.7,0.3
115.09792685508728,0.7,0.3
115.0989408493042,0.7,0.3
115.10870814323424,0.7,0.3
115.10914206504822,0.7,0.3
115.11235547065736,0.7,0.3
115.12594056129456,0.7,0.3
115.13223934173584,0.7,0.3
115.13670802116394,0.7,0.3
115.14135432243349,0.7,0.3
115.1522982120514,0.7,0.3
115.15394043922424,0.7,0.3
115.16570782661438,0.7,0.3
115.16692972183228,0.7,0.3
115.17635440826416,0.7,0.3
115.17820286750792,0.7,0.3
115.19093561172484,0.7,0.3
115.19594049453735,0.7,0.3
115.20770788192748,0.7,0.3
115.20829820632936,0.7,0.3
115.2123544216156,0.7,0.3
115.21699619293211,0.7,0.3
115.22394013404846,0.7,0.3
115.22817826271056,0.7,0.3
115.23570775985718,0.7,0.3
115.238938331604,0.7,0.3
115.24372410774232,0.7,0.3
115.24935460090636,0.7,0.3
115.26094031333923,0.7,0.3
115.26188135147096,0.7,0.3
115.26470565795898,0.6,0.4
115.27296161651611,0.6,0.4
115.27635455131532,0.6,0.4
115.28450751304626,0.6,0.4
115.28922200202942,0.6,0.4
115.29394030570984,0.6,0.4
115.30036401748656,0.6,0.4
115.30335474014282,0.6,0.4
115.30770564079285,0.6,0.4
115.31578421592712,0.6,0.4
115.32154154777528,0.6,0.4
115.32293963432312,0.6,0.4
115.332501411438,0.6,0.4
115.33570551872252,0.6,0.4
115.34127020835876,0.6,0.4
115.34435653686523,0.6,0.4
115.35353565216064,0.6,0.4
115.3589563369751,0.6,0.4
115.36493968963624,0.6,0.4
115.37070488929749,0.6,0.4
115.38092613220216,0.6,0.4
115.38135647773744,0.6,0.4
115.38869762420654,0.6,0.4
115.39393973350523,0.6,0.4
115.4010112285614,0.6,0.4
115.40135645866394,0.6,0.4
115.4057047367096,0.6,0.4
115.41880893707275,0.6,0.4
115.42355561256409,0.6,0.4
115.42893886566162,0.6,0.4
115.43587040901184,0.6,0.4
115.44070482254028,0.6,0.4
115.442467212677,0.6,0.4
115.44435262680054,0.6,0.4
115.45494318008424,0.6,0.4
115.4659390449524,0.6,0.4
115.46870303153992,0.6,0.4
115.47047066688538,0.6,0.4
115.47235250473022,0.6,0.4
115.48357319831848,0.6,0.4
115.49393892288208,0.6,0.4
115.4941737651825,0.6,0.4
115.4967029094696,0.6,0.4
115.50874781608582,0.6,0.4
115.509352684021,0.6,0.4
115.5162365436554,0.6,0.4
115.52547216415404,0.6,0.4
115.52570295333862,0.6,0.4
115.5299391746521,0.6,0.4
115.54047203063963,0.6,0.4
115.54335522651672,0.6,0.4
115.55049419403076,0.6,0.4
115.5649392604828,0.6,0.4
115.56770205497742,0.6,0.4
115.5681803226471,0.6,0.4
115.57235503196716,0.6,0.4
115.57466101646423,0.6,0.4
115.58191084861755,0.6,0.4
115.59429669380188,0.6,0.4
115.59493923187256,0.6,0.4
115.59670186042786,0.6,0.4
115.60812759399414,0.6,0.4
115.61335515975952,0.6,0.4
115.61602282524107,0.6,0.4
115.62172245979308,0.6,0.4
115.62793684005736,0.6,0.4
115.6377022266388,0.6,0.4
115.6413164138794,0.5,0.5
115.64235591888428,0.5,0.5
115.64954614639282,0.5,0.5
115.65593695640564,0.5,0.5
115.66173768043518,0.5,0.5
115.66670060157776,0.5,0.5
115.66797161102296,0.5,0.5
115.67235589027403,0.5,0.5
115.67539191246031,0.5,0.5
115.68191814422607,0.5,0.5
115.6965811252594,0.5,0.5
115.69782733917236,0.6,0.4
115.6989369392395,0.6,0.4
115.70135593414308,0.6,0.4
115.70870041847228,0.6,0.4
115.71027898788452,0.5,0.5
115.72593450546265,0.5,0.5
115.72705149650574,0.5,0.5
115.73186159133913,0.5,0.5
115.73770046234132,0.5,0.5
115.7443573474884,0.5,0.5
115.75110268592834,0.6,0.4
115.75493454933168,0.6,0.4
115.7656991481781,0.6,0.4
115.77328586578368,0.6,0.4
115.77714800834656,0.6,0.4
115.78135752677916,0.6,0.4
115.78905701637268,0.6,0.4
115.79693460464478,0.6,0.4
115.79835104942322,0.6,0.4
115.8006992340088,0.6,0.4
115.80835747718812,0.6,0.4
115.81167340278624,0.6,0.4
115.81844520568848,0.6,0.4
115.8249294757843,0.6,0.4
115.83345413208008,0.6,0.4
115.83669781684875,0.6,0.4
115.84235787391664,0.6,0.4
115.85364532470705,0.6,0.4
115.8606095314026,0.6,0.4
115.86669754981996,0.6,0.4
115.86792922019958,0.6,0.4
115.87199449539185,0.6,0.4
115.87235808372498,0.6,0.4
115.8831045627594,0.6,0.4
115.88883972167967,0.5,0.5
115.89821457862854,0.5,0.5
115.89892959594728,0.5,0.5
115.90735793113708,0.5,0.5
115.9076976776123,0.5,0.5
115.90981769561768,0.5,0.5
115.925927400589,0.5,0.5
115.92902851104736,0.5,0.5
115.93669772148132,0.5,0.5
115.93740701675416,0.5,0.5
115.94335842132568,0.5,0.5
115.95257377624512,0.5,0.5
115.95492720603944,0.5,0.5
115.956387758255,0.5,0.5
115.96569633483888,0.5,0.5
115.96588039398192,0.5,0.5
115.9743585586548,0.5,0.5
115.98892569541933,0.5,0.5
115.99430990219116,0.5,0.5
115.99569630622864,0.5,0.5
115.99692749977112,0.5,0.5
116.00135850906372,0.5,0.5
116.01307082176208,0.5,0.5
116.02492713928224,0.5,0.5
116.02521538734436,0.5,0.5
116.03447151184082,0.5,0.5
116.03769659996031,0.5,0.5
116.0433588027954,0.5,0.5
116.0442898273468,0.5,0.5
116.05392718315125,0.5,0.5
116.05510401725768,0.5,0.5
116.06669402122498,0.5,0.5
116.07235884666444,0.5,0.5
116.07611346244812,0.5,0.5
116.07703256607056,0.5,0.5
116.09391069412231,0.5,0.5
116.09602046012878,0.5,0.5
116.09669399261476,0.5,0.5
116.09792709350586,0.5,0.5
116.10735869407654,0.5,0.5
116.1112847328186,0.5,0.5
116.12320137023926,0.5,0.5
116.12492609024048,0.5,0.5
116.12569403648376,0.5,0.5
116.13073563575745,0.5,0.5
116.14218974113464,0.5,0.5
116.14335870742798,0.5,0.5
116.1611180305481,0.5,0.5
116.162926197052,0.5,0.5
116.1706931591034,0.5,0.5
116.17235612869264,0.5,0.5
116.1824312210083,0.5,0.5
116.1969985961914,0.5,0.5
116.19792604446413,0.5,0.5
116.20179581642152,0.5,0.5
116.20569324493408,0.5,0.5
116.20835614204408,0.5,0.5
116.22514200210573,0.5,0.5
116.22794795036316,0.5,0.5
116.23292541503906,0.5,0.5
116.23569321632384,0.5,0.5
116.23863244056702,0.5,0.5
116.2433626651764,0.5,0.5
116.2511990070343,0.6,0.4
116.25392532348631,0.6,0.4
116.26275205612184,0.6,0.4
116.2706904411316,0.6,0.4
116.27236247062685,0.6,0.4
116.27871942520142,0.6,0.4
116.29006600379944,0.6,0.4
116.29892539978027,0.6,0.4
116.30026769638062,0.6,0.4
116.30736255645752,0.6,0.4
116.30769062042236,0.6,0.4
116.31409621238708,0.6,0.4
116.32294058799744,0.6,0.4
116.3249249458313,0.6,0.4
116.32718658447266,0.6,0.4
116.3366904258728,0.6,0.4
116.34167647361755,0.6,0.4
116.34336256980896,0.6,0.4
116.35312700271606,0.6,0.4
116.35392498970032,0.6,0.4
116.36180782318117,0.6,0.4
116.36568975448608,0.6,0.4
116.3687551021576,0.6,0.4
116.37236261367798,0.6,0.4
116.38080549240112,0.7,0.3
116.3860683441162,0.7,0.3
116.39482975006104,0.7,0.3
116.39592480659483,0.7,0.3
116.3966896533966,0.7,0.3
116.40668773651124,0.7,0.3
116.40736246109007,0.7,0.3
116.41787910461426,0.7,0.3
116.42492580413818,0.7,0.3
116.4288489818573,0.7,0.3
116.43768978118896,0.7,0.3
116.44082403182983,0.6,0.4
116.44337606430054,0.6,0.4
116.45039200782776,0.6,0.4
116.45839071273804,0.6,0.4
116.46668791770936,0.6,0.4
116.46792554855348,0.6,0.4
116.47141408920288,0.6,0.4
116.47237610816956,0.6,0.4
116.48387694358826,0.6,0.4
116.49548292160034,0.6,0.4
116.49592566490172,0.6,0.4
116.50737619400024,0.6,0.4
116.50868821144104,0.6,0.4
116.5099766254425,0.6,0.4
116.52228355407716,0.6,0.4
116.52392601966858,0.6,0.4
116.5309076309204,0.6,0.4
116.53668761253356,0.6,0.4
116.5433750152588,0.6,0.4
116.55525422096252,0.6,0.4
116.56492614746094,0.6,0.4
116.565687417984,0.6,0.4
116.5723750591278,0.6,0.4
116.57590246200562,0.6,0.4
116.5929262638092,0.6,0.4
116.5954532623291,0.6,0.4
116.59668731689452,0.6,0.4
116.59858202934264,0.6,0.4
116.6053750514984,0.6,0.4
116.60936403274536,0.6,0.4
116.62792587280272,0.6,0.4
116.63387155532835,0.6,0.4
116.63768720626832,0.6,0.4
116.64137840270996,0.6,0.4
116.64523911476137,0.6,0.4
116.65974521636964,0.6,0.4
116.66392588615416,0.6,0.4
116.66768407821657,0.6,0.4
116.6684980392456,0.6,0.4
116.67503619194032,0.6,0.4
116.67637848854064,0.6,0.4
116.69869899749756,0.6,0.4
116.69892621040344,0.6,0.4
116.70168399810792,0.6,0.4
116.71223402023315,0.6,0.4
116.71237850189208,0.6,0.4
116.71454000473022,0.6,0.4
116.72484993934631,0.6,0.4
116.72792649269104,0.6,0.4
116.7366840839386,0.6,0.4
116.74737739562988,0.6,0.4
116.75805640220642,0.6,0.4
116.76468300819396,0.6,0.4
116.76792645454408,0.6,0.4
116.77007627487184,0.6,0.4
116.77537751197816,0.6,0.4
116.77637696266174,0.6,0.4
116.78304147720335,0.6,0.4
116.7950370311737,0.6,0.4
116.79592633247375,0.6,0.4
116.8006830215454,0.6,0.4
116.81237721443176,0.6,0.4
116.81419134140016,0.6,0.4
116.82349801063538,0.6,0.4
116.83292531967165,0.6,0.4
116.8356831073761,0.6,0.4
116.83609080314636,0.6,0.4
116.8453779220581,0.6,0.4
116.84565329551695,0.6,0.4
116.85292530059814,0.6,0.4
116.85990595817566,0.5,0.5
116.86484575271606,0.5,0.5
116.87068104743958,0.5,0.5
116.87337803840636,0.5,0.5
116.88066220283508,0.5,0.5
116.89692521095276,0.5,0.5
116.90337800979614,0.5,0.5
116.90768098831175,0.5,0.5
116.91012835502625,0.5,0.5
116.92492461204527,0.5,0.5
116.92542886734007,0.5,0.5
116.92868089675903,0.5,0.5
116.93890166282654,0.5,0.5
116.9443769454956,0.5,0.5
116.95101499557497,0.5,0.5
116.95392441749571,0.5,0.5
116.97067975997923,0.5,0.5
116.97182822227478,0.5,0.5
116.9759237766266,0.5,0.5
116.98237681388856,0.5,0.5
116.98805618286131,0.5,0.5
116.98906874656676,0.6,0.4
116.9969244003296,0.6,0.4
116.99767971038818,0.6,0.4
117.00475096702576,0.6,0.4
117.00737690925598,0.6,0.4
117.00905728340148,0.6,0.4
117.02592301368712,0.6,0.4
117.0282244682312,0.6,0.4
117.0396797657013,0.6,0.4
117.04237723350523,0.6,0.4
117.0431444644928,0.6,0.4
117.04951906204224,0.6,0.4
117.05356359481812,0.6,0.4
117.065687417984,0.6,0.4
117.06692314147948,0.6,0.4
117.0676782131195,0.6,0.4
117.07486081123352,0.6,0.4
117.07837724685668,0.6,0.4
117.09028005599976,0.6,0.4
117.09492301940918,0.6,0.4
117.09567761421204,0.6,0.4
117.1033101081848,0.6,0.4
117.1059947013855,0.6,0.4
117.1133770942688,0.6,0.4
117.12392234802246,0.6,0.4
117.129656791687,0.6,0.4
117.1386775970459,0.6,0.4
117.14137840270996,0.6,0.4
117.14156699180604,0.6,0.4
117.14418387413023,0.6,0.4
117.153297662735,0.6,0.4
117.16592240333556,0.6,0.4
117.1666774749756,0.6,0.4
117.17637848854064,0.6,0.4
117.18073582649232,0.6,0.4
117.19392228126526,0.6,0.4
117.19667720794678,0.6,0.4
117.19877696037292,0.6,0.4
117.20926928520204,0.6,0.4
117.21337842941284,0.6,0.4
117.2269208431244,0.6,0.4
117.231303691864,0.6,0.4
117.23237586021423,0.6,0.4
117.2366886138916,0.6,0.4
117.23867750167848,0.6,0.4
117.24957394599916,0.6,0.4
117.25413990020752,0.6,0.4
117.26292085647584,0.6,0.4
117.266676902771,0.6,0.4
117.26740550994872,0.6,0.4
117.27437591552734,0.6,0.4
117.283105134964,0.6,0.4
117.29517102241516,0.6,0.4
117.29667687416077,0.6,0.4
117.29792070388794,0.6,0.4
117.30237579345705,0.6,0.4
117.30551671981812,0.6,0.4
117.32090854644775,0.6,0.4
117.32691955566406,0.6,0.4
117.33320736885072,0.6,0.4
117.33867692947388,0.6,0.4
117.34270906448364,0.6,0.4
117.34537839889526,0.6,0.4
117.35768818855286,0.6,0.4
117.36220479011536,0.6,0.4
117.36291980743408,0.6,0.4
117.36667537689208,0.6,0.4
117.36775302886964,0.6,0.4
117.3753786087036,0.6,0.4
117.38184642791748,0.6,0.4
117.39615201950072,0.6,0.4
117.39667534828186,0.6,0.4
117.39691948890686,0.6,0.4
117.40137839317322,0.6,0.4
117.40662002563477,0.6,0.4
117.41096091270448,0.6,0.4
117.42492032051086,0.6,0.4
117.42936182022096,0.6,0.4
117.43767523765564,0.6,0.4
117.44337892532349,0.6,0.4
117.44445085525513,0.6,0.4
117.4593734741211,0.6,0.4
117.4649715423584,0.6,0.4
117.46667337417604,0.6,0.4
117.46692061424255,0.6,0.4
117.47337889671326,0.6,0.4
117.4736123085022,0.6,0.4
117.48853754997252,0.6,0.4
117.49455571174622,0.6,0.4
117.4959201812744,0.6,0.4
117.50067329406738,0.6,0.4
117.50237894058228,0.6,0.4
117.5026032924652,0.6,0.4
117.51398777961732,0.6,0.4
117.52292132377625,0.6,0.4
117.5244812965393,0.6,0.4
117.53667330741882,0.6,0.4
117.5395963191986,0.6,0.4
117.54337906837463,0.6,0.4
117.54956579208374,0.6,0.4
117.55568337440492,0.6,0.4
117.55792140960692,0.6,0.4
117.56545352935792,0.6,0.4
117.57067227363586,0.6,0.4
117.57237887382507,0.6,0.4
117.5818920135498,0.6,0.4
117.59248447418211,0.6,0.4
117.59292125701904,0.6,0.4
117.60260701179504,0.6,0.4
117.6066722869873,0.6,0.4
117.60737895965576,0.6,0.4
117.61333298683168,0.6,0.4
117.62767219543456,0.6,0.4
117.6277837753296,0.6,0.4
117.62792181968688,0.6,0.4
117.63937759399414,0.6,0.4
117.643310546875,0.6,0.4
117.64338040351868,0.6,0.4
117.65367937088013,0.6,0.4
117.6599988937378,0.6,0.4
117.6649215221405,0.6,0.4
117.66967177391052,0.6,0.4
117.67035007476808,0.6,0.4
117.6723804473877,0.6,0.4
117.67649054527284,0.6,0.4
117.68492150306702,0.6,0.4
117.68822360038756,0.6,0.4
117.69841599464417,0.6,0.4
117.69867181777954,0.6,0.4
117.70738053321838,0.6,0.4
117.71401953697205,0.6,0.4
117.7222912311554,0.6,0.4
117.72567176818848,0.6,0.4
117.7269217967987,0.6,0.4
117.73441505432127,0.6,0.4
117.74338102340698,0.6,0.4
117.74397039413452,0.6,0.4
117.757173538208,0.6,0.4
117.76292181015016,0.6,0.4
117.76767039299013,0.6,0.4
117.77208995819092,0.6,0.4
117.77838110923769,0.6,0.4
117.78492188453674,0.6,0.4
117.79086565971376,0.6,0.4
117.79567074775696,0.6,0.4
117.80289769172668,0.6,0.4
117.80738091468812,0.6,0.4
117.81407165527344,0.5,0.5
117.82990288734436,0.5,0.5
117.83392095565796,0.5,0.5
117.83760690689088,0.5,0.5
117.83867073059082,0.5,0.5
117.84138321876526,0.5,0.5
117.8413908481598,0.5,0.5
117.85392093658449,0.5,0.5
117.85917353630066,0.5,0.5
117.86419486999512,0.5,0.5
117.86667013168336,0.5,0.5
117.87238359451294,0.5,0.5
117.87472939491272,0.5,0.5
117.88323950767516,0.5,0.5
117.89467000961304,0.5,0.5
117.89592099189758,0.5,0.5
117.89903473854064,0.5,0.5
117.90738368034364,0.5,0.5
117.9121778011322,0.5,0.5
117.92363262176514,0.5,0.5
117.92392134666444,0.5,0.5
117.93667030334473,0.5,0.5
117.94338178634644,0.5,0.5
117.96566915512084,0.5,0.5
117.96576261520386,0.5,0.5
117.96692132949828,0.5,0.5
117.96811199188232,0.5,0.5
117.97238159179688,0.5,0.5
117.97311806678772,0.5,0.5
117.98493194580078,0.5,0.5
117.99466919898988,0.5,0.5
117.99592137336732,0.5,0.5
118.00838160514832,0.5,0.5
118.00993800163268,0.5,0.5
118.02391839027403,0.5,0.5
118.024973154068,0.5,0.5
118.03566908836363,0.5,0.5
118.037127494812,0.5,0.5
118.043381690979,0.5,0.5
118.0467414855957,0.5,0.5
118.05255341529846,0.5,0.5
118.05291867256165,0.5,0.5
118.06251001358032,0.5,0.5
118.0646674633026,0.5,0.5
118.07238173484802,0.5,0.5
118.08031606674194,0.5,0.5
118.09491872787476,0.5,0.5
118.09603190422058,0.5,0.5
118.1076672077179,0.5,0.5
118.10769748687744,0.5,0.5
118.11338186264038,0.5,0.5
118.1179177761078,0.5,0.5
118.12391972541808,0.5,0.5
118.12913846969604,0.5,0.5
118.1346673965454,0.5,0.5
118.14138054847716,0.5,0.5
118.14778661727904,0.5,0.5
118.1522626876831,0.5,0.5
118.16027593612672,0.5,0.5
118.1659197807312,0.5,0.5
118.16901564598083,0.5,0.5
118.17066645622252,0.5,0.5
118.17638039588928,0.5,0.5
118.18238639831544,0.5,0.5
118.19236040115356,0.5,0.5
118.19591975212096,0.5,0.5
118.20566630363464,0.5,0.5
118.21138048171996,0.5,0.5
118.2150650024414,0.5,0.5
118.22291684150696,0.5,0.5
118.2245590686798,0.5,0.5
118.2299826145172,0.5,0.5
118.23466634750366,0.5,0.5
118.24303960800172,0.5,0.5
118.24838066101074,0.5,0.5
118.26491689682008,0.5,0.5
118.26698303222656,0.5,0.5
118.26866507530212,0.5,0.5
118.27538084983826,0.5,0.5
118.27735567092896,0.5,0.5
118.28122925758362,0.5,0.5
118.29391694068909,0.5,0.5
118.29917883872986,0.5,0.5
118.30466508865356,0.5,0.5
118.31238079071044,0.5,0.5
118.3158233165741,0.5,0.5
118.32661414146423,0.5,0.5
118.32666516304016,0.5,0.5
118.32891535758972,0.5,0.5
118.33472394943236,0.5,0.5
118.34537720680235,0.5,0.5
118.3581554889679,0.5,0.5
118.3604655265808,0.5,0.5
118.36491537094116,0.5,0.5
118.37337708473206,0.5,0.5
118.3740692138672,0.5,0.5
118.37466311454772,0.5,0.5
118.37750959396362,0.5,0.5
118.39138460159302,0.5,0.5
118.39291548728944,0.5,0.5
118.39666295051576,0.5,0.5
118.40137720108032,0.5,0.5
118.41078042984007,0.5,0.5
118.42691493034364,0.5,0.5
118.42860221862792,0.5,0.5
118.43866300582886,0.5,0.5
118.44337701797484,0.5,0.5
118.44400429725648,0.5,0.5
118.45997953414916,0.5,0.5
118.46491479873656,0.5,0.5
118.4676616191864,0.5,0.5
118.47717261314392,0.5,0.5
118.4813768863678,0.5,0.5
118.48491501808168,0.5,0.5
118.4862732887268,0.5,0.5
118.49249124526978,0.5,0.5
118.50137686729433,0.5,0.5
118.50817728042604,0.5,0.5
118.50866174697876,0.5,0.5
118.52655005455016,0.5,0.5
118.52691459655762,0.5,0.5
118.53666186332704,0.5,0.5
118.5443742275238,0.5,0.5
118.5460205078125,0.5,0.5
118.55484986305235,0.5,0.5
118.55832982063292,0.5,0.5
118.56291460990906,0.5,0.5
118.56566047668456,0.5,0.5
118.57437419891356,0.5,0.5
118.58075857162476,0.5,0.5
118.58149218559264,0.5,0.5
118.59254908561708,0.5,0.5
118.59666061401369,0.5,0.5
118.59791469573976,0.5,0.5
118.60737419128418,0.5,0.5
118.60767149925232,0.5,0.5
118.62032103538512,0.5,0.5
118.62378001213074,0.5,0.5
118.62691235542296,0.5,0.5
118.63766050338744,0.5,0.5
118.6415011882782,0.5,0.5
118.64237403869627,0.5,0.5
118.65391230583192,0.5,0.5
118.66666102409364,0.5,0.5
118.67678260803224,0.5,0.5
118.67837405204772,0.5,0.5
118.69653129577635,0.5,0.5
118.69791221618652,0.5,0.5
118.70592761039734,0.5,0.5
118.7076609134674,0.5,0.5
118.71237421035768,0.5,0.5
118.71327924728394,0.5,0.5
118.72110605239868,0.5,0.5
118.72491121292114,0.5,0.5
118.7346704006195,0.5,0.5
118.73666095733644,0.5,0.5
118.7391676902771,0.5,0.5
118.74137616157532,0.5,0.5
118.75291180610655,0.5,0.5
118.75880694389345,0.5,0.5
118.75925326347352,0.5,0.5
118.76566123962402,0.5,0.5
118.78024888038637,0.5,0.5
118.78337621688844,0.5,0.5
118.7887728214264,0.5,0.5
118.7956612110138,0.5,0.5
118.79591155052184,0.5,0.5
118.79632925987244,0.5,0.5
118.8060748577118,0.5,0.5
118.81268286705016,0.5,0.5
118.8133761882782,0.5,0.5
118.82390880584715,0.5,0.5
118.8267216682434,0.5,0.5
118.8376612663269,0.5,0.5
118.83920359611513,0.5,0.5
118.84737873077393,0.5,0.5
118.85014605522156,0.5,0.5
118.8634593486786,0.5,0.5
118.86665916442873,0.5,0.5
118.86790871620178,0.5,0.5
118.8753786087036,0.5,0.5
118.87632060050964,0.5,0.5
118.88876175880432,0.5,0.5
118.89490866661072,0.5,0.5
118.89496326446532,0.5,0.5
118.9016592502594,0.5,0.5
118.9027373790741,0.5,0.5
118.90337872505188,0.5,0.5
118.91482281684875,0.5,0.5
118.92390847206116,0.5,0.5
118.92797923088074,0.5,0.5
118.93665909767152,0.5,0.5
118.937185049057,0.5,0.5
118.94417548179626,0.5,0.5
118.9473831653595,0.5,0.5
118.95290851593018,0.5,0.5
118.96465802192688,0.5,0.5
118.97538304328918,0.5,0.5
118.99084639549255,0.5,0.5
118.99576354026794,0.5,0.5
118.99590849876404,0.5,0.5
119.00665760040285,0.5,0.5
119.00926208496094,0.5,0.5
119.01238298416138,0.5,0.5
119.02290868759157,0.5,0.5
119.02462267875671,0.5,0.5
119.02843999862672,0.5,0.5
119.02914953231812,0.5,0.5
119.0333845615387,0.5,0.5
119.03565788269044,0.5,0.5
119.03843760490416,0.5,0.5
119.04603672027588,0.5,0.5
119.06490874290466,0.5,0.5
119.06536221504211,0.5,0.5
119.07065534591676,0.5,0.5
119.08238458633424,0.5,0.5
119.09077548980711,0.5,0.5
119.09390902519226,0.5,0.5
119.10263180732728,0.5,0.5
119.1066553592682,0.5,0.5
119.10749411582948,0.5,0.5
119.11138439178468,0.5,0.5
119.11564660072328,0.5,0.5
119.12890815734865,0.5,0.5
119.1356554031372,0.5,0.5
119.14294219017027,0.5,0.5
119.1463873386383,0.5,0.5
119.14810919761658,0.5,0.5
119.15962839126588,0.5,0.5
119.16390800476074,0.5,0.5
119.17017388343812,0.5,0.5
119.17065405845642,0.5,0.5
119.17638731002808,0.5,0.5
119.1833188533783,0.5,0.5
119.19290828704834,0.5,0.5
119.19399690628052,0.5,0.5
119.2033874988556,0.5,0.5
119.20665407180786,0.5,0.5
119.22689461708067,0.5,0.5
119.2269082069397,0.5,0.5
119.23565411567688,0.5,0.5
119.24412202835084,0.5,0.5
119.24438762664796,0.5,0.5
119.25611400604248,0.5,0.5
119.26290822029114,0.5,0.5
119.26865220069884,0.5,0.5
119.2692368030548,0.5,0.5
119.27238774299622,0.5,0.5
119.28135752677916,0.5,0.5
119.28481554985046,0.5,0.5
119.29381251335144,0.3,0.7
119.29790806770325,0.3,0.7
119.302387714386,0.3,0.7
119.3046522140503,0.3,0.7
119.30572605133057,0.0,1.0
119.31475043296814,0.0,1.0
119.32150793075562,0.1,0.9
119.3259093761444,0.1,0.9
119.3311369419098,0.1,0.9
119.3396520614624,0.1,0.9
119.34338641166688,0.1,0.9
119.35094285011292,0.1,0.9
119.3539092540741,0.1,0.9
119.36713600158691,0.0,1.0
119.36765146255492,0.0,1.0
119.37238669395448,0.0,1.0
119.376042842865,0.0,1.0
119.38965702056883,0.0,1.0
119.39565181732178,0.0,1.0
119.39790916442873,0.0,1.0
119.39828085899352,0.0,1.0
119.40738654136658,0.0,1.0
119.41387701034546,0.0,1.0
119.42490792274477,0.0,1.0
119.4315230846405,0.0,1.0
119.43646621704102,0.0,1.0
119.43865180015564,0.0,1.0
119.4413845539093,0.0,1.0
119.44794750213624,0.0,1.0
119.45390820503236,0.0,1.0
119.46437883377077,0.0,1.0
119.47464919090272,0.0,1.0
119.47738456726074,0.0,1.0
119.48423862457275,0.0,1.0
119.4946494102478,0.0,1.0
119.49690794944765,0.0,1.0
119.51238441467284,0.0,1.0
119.51438546180724,0.0,1.0
119.52490615844728,0.0,1.0
119.5261778831482,0.0,1.0
119.53664946556091,0.0,1.0
119.5419545173645,0.2,0.8
119.54838633537292,0.2,0.8
119.55267000198364,0.2,0.8
119.55290627479552,0.2,0.8
119.56036972999571,0.3,0.7
119.56564593315125,0.3,0.7
119.57255268096924,0.3,0.7
119.57538628578186,0.3,0.7
119.58701133728027,0.3,0.7
119.59490609169006,0.3,0.7
119.59564590454102,0.3,0.7
119.59680199623108,0.3,0.7
119.59930968284608,0.3,0.7
119.60438632965088,0.3,0.7
119.61841106414796,0.3,0.7
119.62390542030334,0.3,0.7
119.62993001937866,0.3,0.7
119.63564586639404,0.3,0.7
119.64401054382324,0.3,0.7
119.64638590812685,0.3,0.7
119.65657353401184,0.3,0.7
119.65890550613403,0.3,0.7
119.66741728782654,0.3,0.7
119.67064380645752,0.3,0.7
119.6763858795166,0.3,0.7
119.6791296005249,0.3,0.7
119.68845248222352,0.3,0.7
119.69590520858765,0.3,0.7
119.70338559150696,0.3,0.7
119.7037878036499,0.4,0.6
119.70764350891112,0.4,0.6
119.70824551582336,0.4,0.6
119.72290515899658,0.4,0.6
119.72704100608826,0.4,0.6
119.7376434803009,0.4,0.6
119.74398112297058,0.4,0.6
119.74438786506651,0.4,0.6
119.74803352355956,0.4,0.6
119.75807070732117,0.4,0.6
119.76490521430968,0.4,0.6
119.765643119812,0.4,0.6
119.77181363105774,0.4,0.6
119.78238821029665,0.4,0.6
119.7825574874878,0.3,0.7
119.78505444526672,0.3,0.7
119.79390525817873,0.3,0.7
119.80064296722412,0.3,0.7
119.8013880252838,0.3,0.7
119.8017590045929,0.3,0.7
119.81286764144896,0.3,0.7
119.82590389251708,0.3,0.7
119.829363822937,0.3,0.7
119.8356430530548,0.3,0.7
119.83619141578674,0.3,0.7
119.84438586235046,0.3,0.7
119.85496640205383,0.0,1.0
119.86490392684937,0.0,1.0
119.87064170837402,0.0,1.0
119.87238621711732,0.0,1.0
119.87750458717346,0.0,1.0
119.88275003433228,0.0,1.0
119.89290380477904,0.0,1.0
119.89467430114746,0.1,0.9
119.90147614479064,0.1,0.9
119.9076418876648,0.1,0.9
119.90777802467346,0.1,0.9
119.90938591957092,0.1,0.9
119.9184582233429,0.1,0.9
119.92790460586548,0.1,0.9
119.93564176559448,0.1,0.9
119.94138622283936,0.1,0.9
119.94507718086244,0.1,0.9
119.95053100585938,0.0,1.0
119.96390461921692,0.0,1.0
119.9706416130066,0.0,1.0
119.9710202217102,0.0,1.0
119.97638821601868,0.0,1.0
119.97782111167908,0.0,1.0
119.99390435218812,0.0,1.0
119.99598550796507,0.0,1.0
120.0049660205841,0.0,1.0
120.0056414604187,0.0,1.0
120.01163506507874,0.0,1.0
120.01338815689088,0.0,1.0
120.02690243721008,0.0,1.0
120.03009462356567,0.0,1.0
120.0406415462494,0.0,1.0
120.04238820075987,0.0,1.0
120.04378056526184,0.0,1.0
120.05295062065125,0.0,1.0
120.06490230560304,0.0,1.0
120.06864190101624,0.0,1.0
120.07238793373108,0.0,1.0
120.07597136497498,0.0,1.0
120.08490228652954,0.0,1.0
120.08671760559082,0.0,1.0
120.09664177894592,0.0,1.0
120.09860181808472,0.0,1.0
120.10895204544067,0.0,1.0
120.11338782310486,0.0,1.0
120.12243580818176,0.0,1.0
120.12690091133118,0.0,1.0
120.13117003440856,0.0,1.0
120.13864159584044,0.0,1.0
120.14239048957825,0.0,1.0
120.15669107437134,0.0,1.0
120.16290092468262,0.0,1.0
120.16664123535156,0.0,1.0
120.17339062690736,0.0,1.0
120.17515921592712,0.0,1.0
120.18980073928832,0.0,1.0
120.19664120674132,0.0,1.0
120.1979010105133,0.0,1.0
120.20097517967224,0.0,1.0
120.20639061927795,0.0,1.0
120.2102952003479,0.0,1.0
120.22229099273682,0.0,1.0
120.22689700126648,0.0,1.0
120.2347321510315,0.0,1.0
120.23864126205444,0.0,1.0
120.2423930168152,0.0,1.0
120.24599409103394,0.0,1.0
120.26640963554382,0.0,1.0
120.26664066314696,0.0,1.0
120.26689672470091,0.0,1.0
120.27239298820496,0.0,1.0
120.27809190750122,0.0,1.0
120.29289674758913,0.0,1.0
120.29664087295532,0.0,1.0
120.30139303207396,0.0,1.0
120.3238968849182,0.0,1.0
120.32564067840576,0.0,1.0
120.34339141845705,0.0,1.0
120.36234641075134,0.2,0.8
120.36289691925047,0.2,0.8
120.3706407546997,0.2,0.8
120.37539148330688,0.2,0.8
120.38777470588684,0.2,0.8
120.39889693260191,0.2,0.8
120.40139150619508,0.2,0.8
120.4056408405304,0.2,0.8
120.4268946647644,0.2,0.8
120.43664073944092,0.2,0.8
120.4473910331726,0.2,0.8
120.46289467811584,0.2,0.8
120.47063779830933,0.2,0.8
120.47439098358154,0.2,0.8
120.49682450294496,0.3,0.7
120.49889469146729,0.3,0.7
120.5023910999298,0.3,0.7
120.50763750076294,0.3,0.7
120.51008605957033,0.3,0.7
120.5268964767456,0.3,0.7
120.52709245681764,0.3,0.7
120.53495121002196,0.3,0.7
120.53563737869264,0.3,0.7
120.5446753501892,0.3,0.7
120.54739022254944,0.3,0.7
120.56037855148315,0.3,0.7
120.5638964176178,0.3,0.7
120.570636510849,0.3,0.7
120.5753026008606,0.3,0.7
120.5753903388977,0.3,0.7
120.58035731315611,0.3,0.7
120.5883412361145,0.3,0.7
120.5968964099884,0.3,0.7
120.59790182113647,0.3,0.7
120.59963631629944,0.3,0.7
120.6033902168274,0.3,0.7
120.60745668411256,0.3,0.7
120.62290120124815,0.4,0.6
120.6278955936432,0.4,0.6
120.63238883018494,0.4,0.6
120.63267421722412,0.4,0.6
120.63463401794434,0.4,0.6
120.64308094978333,0.4,0.6
120.65436005592346,0.4,0.6
120.66289591789246,0.4,0.6
120.66963410377502,0.4,0.6
120.67106580734252,0.4,0.6
120.6733889579773,0.4,0.6
120.6816725730896,0.4,0.6
120.69045686721802,0.4,0.6
120.69289588928224,0.4,0.6
120.70078563690186,0.0,1.0
120.70128417015076,0.0,1.0
120.70338892936708,0.0,1.0
120.70463418960573,0.0,1.0
120.7118842601776,0.0,1.0
120.72689461708067,0.0,1.0
120.72961401939392,0.0,1.0
120.7384819984436,0.0,1.0
120.74063420295715,0.0,1.0
120.7433876991272,0.0,1.0
120.74653267860413,0.0,1.0
120.75291967391968,0.0,1.0
120.76389455795288,0.0,1.0
120.7686333656311,0.0,1.0
120.77238774299622,0.0,1.0
120.78204274177553,0.0,1.0
120.7842423915863,0.0,1.0
120.7928946018219,0.0,1.0
120.7966332435608,0.0,1.0
120.79875230789185,0.0,1.0
120.80685567855836,0.0,1.0
120.80738759040833,0.0,1.0
120.8185167312622,0.0,1.0
120.82689332962036,0.0,1.0
120.8301911354065,0.0,1.0
120.8388330936432,0.0,1.0
120.83963346481325,0.0,1.0
120.84338927268982,0.0,1.0
120.85002088546752,0.0,1.0
120.85906553268433,0.0,1.0
120.86589336395264,0.0,1.0
120.87238907814026,0.0,1.0
120.87403440475464,0.0,1.0
120.87463068962096,0.0,1.0
120.88082647323608,0.0,1.0
120.89289331436156,0.0,1.0
120.89463090896606,0.0,1.0
120.89996719360352,0.0,1.0
120.9083890914917,0.0,1.0
120.91801571846008,0.0,1.0
120.91954946517944,0.0,1.0
120.92889261245728,0.0,1.0
120.93104457855225,0.0,1.0
120.9366307258606,0.0,1.0
120.9433891773224,0.0,1.0
120.94835352897644,0.0,1.0
120.9523947238922,0.0,1.0
120.95868587493896,0.0,1.0
120.96289229393004,0.0,1.0
120.9656298160553,0.0,1.0
120.97338914871216,0.0,1.0
120.97663593292236,0.0,1.0
120.98647451400755,0.0,1.0
120.99562954902648,0.0,1.0
120.99789261817932,0.0,1.0
121.00439381599426,0.0,1.0
121.0133891105652,0.0,1.0
121.01601386070251,0.0,1.0
121.02589154243468,0.0,1.0
121.02627301216124,0.0,1.0
121.03082990646362,0.0,1.0
121.03562951087952,0.0,1.0
121.04210209846497,0.0,1.0
121.04238843917848,0.0,1.0
121.04963564872742,0.0,1.0
121.06289148330688,0.0,1.0
121.0646276473999,0.0,1.0
121.06742691993712,0.0,1.0
121.0749535560608,0.0,1.0
121.07638835906982,0.0,1.0
121.08318161964417,0.0,1.0
121.09697699546814,0.0,1.0
121.09789180755617,0.0,1.0
121.10762763023376,0.0,1.0
121.10838842391968,0.0,1.0
121.11179709434508,0.0,1.0
121.12131309509276,0.0,1.0
121.12688875198364,0.0,1.0
121.13462781906128,0.0,1.0
121.13522696495056,0.0,1.0
121.14238810539246,0.0,1.0
121.14680075645448,0.0,1.0
121.15388870239258,0.0,1.0
121.15397787094116,0.0,1.0
121.16586709022522,0.0,1.0
121.17063188552856,0.0,1.0
121.17138814926147,0.0,1.0
121.19588875770567,0.0,1.0
121.19763159751892,0.0,1.0
121.2002968788147,0.0,1.0
121.20638799667358,0.0,1.0
121.213237285614,0.0,1.0
121.22161030769348,0.0,1.0
121.2248888015747,0.0,1.0
121.22559428215028,0.0,1.0
121.23812460899352,0.0,1.0
121.2396318912506,0.0,1.0
121.24138593673706,0.0,1.0
121.24898719787598,0.0,1.0
121.25388884544373,0.0,1.0
121.26494121551514,0.0,1.0
121.26763033866882,0.0,1.0
121.26790118217468,0.0,1.0
121.2773859500885,0.0,1.0
121.28970575332642,0.0,1.0
121.29588866233826,0.0,1.0
121.29663062095642,0.0,1.0
121.30285620689392,0.0,1.0
121.31138586997986,0.0,1.0
121.32181096076964,0.0,1.0
121.32388854026794,0.0,1.0
121.3248324394226,0.0,1.0
121.33298182487488,0.0,1.0
121.33963060379028,0.0,1.0
121.34838724136353,0.0,1.0
121.34845995903017,0.0,1.0
121.35888862609865,0.0,1.0
121.36023831367493,0.0,1.0
121.36662936210632,0.0,1.0
121.37232875823976,0.0,1.0
121.37538719177246,0.0,1.0
121.3917133808136,0.0,1.0
121.39388847351074,0.0,1.0
121.3966293334961,0.0,1.0
121.39981269836426,0.0,1.0
121.41238713264464,0.0,1.0
121.42888760566711,0.0,1.0
121.42989921569824,0.0,1.0
121.43762922286987,0.0,1.0
121.44151043891908,0.0,1.0
121.44538712501526,0.0,1.0
121.45341086387634,0.0,1.0
121.4638876914978,0.0,1.0
121.46662592887878,0.0,1.0
121.47338724136353,0.0,1.0
121.47481417655943,0.0,1.0
121.49048733711244,0.0,1.0
121.49294066429138,0.0,1.0
121.49388766288756,0.0,1.0
121.5013871192932,0.0,1.0
121.5028522014618,0.0,1.0
121.50762581825256,0.0,1.0
121.5189700126648,0.0,1.0
121.5219180583954,0.0,1.0
121.5288863182068,0.0,1.0
121.53180360794067,0.0,1.0
121.53662586212158,0.0,1.0
121.53922390937804,0.0,1.0
121.54438710212708,0.0,1.0
121.54764199256896,0.0,1.0
121.56162071228027,0.0,1.0
121.56562495231628,0.0,1.0
121.5658860206604,0.0,1.0
121.57268977165222,0.0,1.0
121.58091592788696,0.0,1.0
121.58238887786864,0.0,1.0
121.59025716781616,0.0,1.0
121.594886302948,0.0,1.0
121.5966248512268,0.0,1.0
121.6013889312744,0.0,1.0
121.6029486656189,0.0,1.0
121.6153485774994,0.0,1.0
121.62388563156128,0.0,1.0
121.62992548942566,0.0,1.0
121.634135723114,0.0,1.0
121.63762497901917,0.0,1.0
121.64304780960084,0.0,1.0
121.64438915252686,0.0,1.0
121.64868521690369,0.0,1.0
121.65808367729188,0.0,1.0
121.65888571739195,0.0,1.0
121.6666224002838,0.0,1.0
121.67238926887512,0.0,1.0
121.67960786819458,0.0,1.0
121.68815660476685,0.0,1.0
121.6948857307434,0.0,1.0
121.70062232017516,0.0,1.0
121.70181202888487,0.0,1.0
121.70338916778564,0.0,1.0
121.71310114860536,0.0,1.0
121.72089147567748,0.0,1.0
121.72388577461244,0.0,1.0
121.73338961601256,0.0,1.0
121.73506546020508,0.0,1.0
121.7366223335266,0.0,1.0
121.73873043060304,0.0,1.0
121.74496579170228,0.0,1.0
121.76398372650146,0.0,1.0
121.76562142372131,0.0,1.0
121.76588559150696,0.0,1.0
121.77438974380492,0.0,1.0
121.77885222434998,0.0,1.0
121.7875006198883,0.0,1.0
121.79388570785522,0.0,1.0
121.79662132263184,0.0,1.0
121.80238962173462,0.0,1.0
121.8079481124878,0.0,1.0
121.81828737258913,0.0,1.0
121.82288599014282,0.0,1.0
121.82856702804564,0.0,1.0
121.8396213054657,0.0,1.0
121.84556889533997,0.0,1.0
121.84639072418211,0.0,1.0
121.85749554634094,0.0,1.0
121.86488604545592,0.0,1.0
121.8658230304718,0.5,0.5
121.866619348526,0.5,0.5
121.87304949760436,0.5,0.5
121.8743908405304,0.5,0.5
121.89288592338562,0.5,0.5
121.89566135406494,0.5,0.5
121.90239071846008,0.5,0.5
121.90461921691896,0.5,0.5
121.90588974952698,0.5,0.5
121.9256193637848,0.5,0.5
121.92612409591676,0.5,0.5
121.92788362503052,0.5,0.5
121.92967581748962,0.5,0.5
121.9333906173706,0.5,0.5
121.9389672279358,0.5,0.5
121.95060515403748,0.5,0.5
121.9628837108612,0.5,0.5
121.9676206111908,0.5,0.5
121.9686722755432,0.5,0.5
121.9710910320282,0.5,0.5
121.97739052772522,0.5,0.5
121.9827241897583,0.5,0.5
121.99288368225098,0.5,0.5
121.99562048912048,0.5,0.5
121.99892807006836,0.5,0.5
122.00639057159424,0.5,0.5
122.01304721832275,0.5,0.5
122.02396631240843,0.5,0.5
122.02788305282591,0.5,0.5
122.02851843833923,0.5,0.5
122.03433680534364,0.5,0.5
122.0376205444336,0.5,0.5
122.04748964309692,0.5,0.5
122.0483889579773,0.5,0.5
122.05725646018982,0.5,0.5
122.06388306617735,0.5,0.5
122.06761980056764,0.5,0.5
122.07538890838624,0.5,0.5
122.08233046531676,0.5,0.5
122.0871126651764,0.5,0.5
122.0928831100464,0.5,0.5
122.10185360908508,0.5,0.5
122.10567688941956,0.5,0.5
122.10761976242064,0.5,0.5
122.11238884925842,0.5,0.5
122.1278839111328,0.5,0.5
122.1286313533783,0.5,0.5
122.13561987876892,0.5,0.5
122.1463873386383,0.5,0.5
122.1521611213684,0.5,0.5
122.16388392448424,0.5,0.5
122.1693880558014,0.5,0.5
122.1706202030182,0.5,0.5
122.17538738250732,0.5,0.5
122.18315267562866,0.5,0.5
122.18743634223938,0.5,0.5
122.19288420677184,0.5,0.5
122.20238733291626,0.5,0.5
122.2056200504303,0.5,0.5
122.20621490478516,0.5,0.5
122.22178483009338,0.5,0.5
122.22688269615172,0.5,0.5
122.23006319999696,0.5,0.5
122.240620136261,0.5,0.5
122.24232816696168,0.5,0.5
122.24438738822936,0.5,0.5
122.25253248214722,0.5,0.5
122.26388239860536,0.5,0.5
122.26861834526062,0.5,0.5
122.27079653739928,0.5,0.5
122.2733871936798,0.5,0.5
122.28202891349792,0.5,0.5
122.28388261795044,0.5,0.5
122.29323935508728,0.5,0.5
122.29661822319032,0.5,0.5
122.30003452301024,0.5,0.5
122.3023874759674,0.5,0.5
122.31132221221924,0.5,0.5
122.32776522636414,0.5,0.5
122.32788348197936,0.5,0.5
122.33861827850342,0.5,0.5
122.3423511981964,0.5,0.5
122.34438848495483,0.5,0.5
122.34989714622498,0.5,0.5
122.36384582519533,0.5,0.5
122.3638834953308,0.5,0.5
122.3666172027588,0.5,0.5
122.37241649627686,0.5,0.5
122.37338852882384,0.5,0.5
122.3800163269043,0.5,0.5
122.38387942314148,0.4,0.6
122.39388346672058,0.4,0.6
122.39661741256714,0.4,0.6
122.40138840675354,0.4,0.6
122.40442967414856,0.4,0.6
122.42888259887695,0.3,0.7
122.43744015693665,0.3,0.7
122.43861746788023,0.3,0.7
122.44438910484314,0.3,0.7
122.4459273815155,0.3,0.7
122.45841193199158,0.3,0.7
122.46588253974916,0.3,0.7
122.46661615371704,0.3,0.7
122.46862149238586,0.0,1.0
122.48138928413393,0.0,1.0
122.48201513290404,0.0,1.0
122.48488259315492,0.0,1.0
122.48783206939696,0.0,1.0
122.49561619758606,0.0,1.0
122.5018801689148,0.0,1.0
122.50338912010191,0.0,1.0
122.51486229896544,0.0,1.0
122.52473187446594,0.0,1.0
122.52688217163086,0.0,1.0
122.53961610794067,0.0,1.0
122.54232239723206,0.0,1.0
122.5463879108429,0.0,1.0
122.55488204956056,0.0,1.0
122.56203579902648,0.0,1.0
122.5666160583496,0.0,1.0
122.57738780975342,0.0,1.0
122.5834174156189,0.0,1.0
122.5912230014801,0.0,1.0
122.59661602973938,0.0,1.0
122.5978820323944,0.0,1.0
122.6024923324585,0.0,1.0
122.60338759422302,0.0,1.0
122.61044812202454,0.0,1.0
122.62173867225648,0.0,1.0
122.62787914276124,0.0,1.0
122.63421487808228,0.0,1.0
122.63750314712524,0.0,1.0
122.63961601257324,0.0,1.0
122.64838767051695,0.0,1.0
122.64888978004456,0.0,1.0
122.6538791656494,0.0,1.0
122.65972542762756,0.0,1.0
122.66761469841003,0.0,1.0
122.67438769340517,0.0,1.0
122.6768901348114,0.0,1.0
122.67975282669067,0.0,1.0
122.69247388839722,0.0,1.0
122.69561457633972,0.0,1.0
122.69587898254396,0.0,1.0
122.70338773727416,0.0,1.0
122.70490169525146,0.0,1.0
122.7138328552246,0.0,1.0
122.7156949043274,0.0,1.0
122.7328770160675,0.0,1.0
122.73390412330627,0.0,1.0
122.73761439323424,0.0,1.0
122.74538660049438,0.0,1.0
122.74575710296632,0.0,1.0
122.75920701026917,0.0,1.0
122.76287698745728,0.0,1.0
122.7656135559082,0.0,1.0
122.77127170562744,0.0,1.0
122.77338671684264,0.0,1.0
122.78390216827393,0.0,1.0
122.79360151290894,0.0,1.0
122.79561352729796,0.0,1.0
122.79687690734865,0.0,1.0
122.80238652229308,0.0,1.0
122.80464315414427,0.0,1.0
122.82190895080566,0.0,1.0
122.8268780708313,0.0,1.0
122.83661365509032,0.0,1.0
122.84438681602478,0.0,1.0
122.85920214653017,0.0,1.0
122.86287808418274,0.0,1.0
122.86461210250854,0.0,1.0
122.86496686935423,0.0,1.0
122.87238693237305,0.0,1.0
122.87385320663452,0.0,1.0
122.8842465877533,0.0,1.0
122.89287805557252,0.0,1.0
122.89561200141908,0.0,1.0
122.8994164466858,0.0,1.0
122.90938687324524,0.0,1.0
122.91115474700928,0.0,1.0
122.91874098777772,0.0,1.0
122.92787718772888,0.0,1.0
122.9312093257904,0.0,1.0
122.93761205673218,0.0,1.0
122.94338536262512,0.0,1.0
122.94528460502625,0.0,1.0
122.96387720108032,0.0,1.0
122.96661186218262,0.0,1.0
122.96947002410889,0.0,1.0
122.97296738624571,0.0,1.0
122.97338533401488,0.0,1.0
122.99105668067932,0.0,1.0
122.99287724494934,0.0,1.0
122.9946117401123,0.0,1.0
122.99538159370422,0.5,0.5
123.00098609924316,0.5,0.5
123.01338529586792,0.5,0.5
123.01411867141724,0.5,0.5
123.02329850196838,0.5,0.5
123.02687644958496,0.5,0.5
123.0316948890686,0.5,0.5
123.03661179542542,0.5,0.5
123.04238533973694,0.5,0.5
123.04611563682556,0.5,0.5
123.05587649345398,0.5,0.5
123.06198787689208,0.5,0.5
123.06460952758788,0.5,0.5
123.07463121414185,0.5,0.5
123.07838535308838,0.5,0.5
123.08387660980225,0.5,0.5
123.10534381866456,0.5,0.5
123.10660982131958,0.5,0.5
123.11338520050047,0.5,0.5
123.11816382408142,0.5,0.5
123.12414312362672,0.4,0.6
123.1258761882782,0.4,0.6
123.13460946083067,0.4,0.6
123.13726687431335,0.5,0.5
123.14238619804382,0.5,0.5
123.1437714099884,0.5,0.5
123.15487599372864,0.5,0.5
123.16086149215698,0.5,0.5
123.1642758846283,0.5,0.5
123.17060899734496,0.5,0.5
123.17583847045898,0.5,0.5
123.17738580703735,0.5,0.5
123.18944454193117,0.5,0.5
123.1973009109497,0.5,0.5
123.19787621498108,0.5,0.5
123.20560908317566,0.5,0.5
123.21096062660216,0.5,0.5
123.2133858203888,0.5,0.5
123.22303342819214,0.5,0.5
123.22687411308289,0.5,0.5
123.23460912704468,0.5,0.5
123.2348279953003,0.5,0.5
123.2423849105835,0.5,0.5
123.245765209198,0.4,0.6
123.25487399101256,0.4,0.6
123.26385807991028,0.4,0.6
123.26860690116882,0.4,0.6
123.27682280540466,0.4,0.6
123.27838492393494,0.4,0.6
123.29258632659912,0.4,0.6
123.297874212265,0.4,0.6
123.30062127113342,0.4,0.6
123.30460691452026,0.4,0.6
123.30638480186462,0.4,0.6
123.31409215927124,0.4,0.6
123.32311010360718,0.4,0.6
123.32560706138612,0.4,0.6
123.32587361335754,0.4,0.6
123.33141112327576,0.5,0.5
123.33962416648863,0.5,0.5
123.34238457679749,0.5,0.5
123.3502004146576,0.5,0.5
123.35487389564514,0.5,0.5
123.36215901374815,0.4,0.6
123.36760640144348,0.4,0.6
123.3745641708374,0.4,0.6
123.37638449668884,0.4,0.6
123.38384699821472,0.4,0.6
123.39560675621031,0.4,0.6
123.39621639251708,0.4,0.6
123.397873878479,0.4,0.6
123.40041422843932,0.4,0.6
123.40438461303712,0.4,0.6
123.41842532157898,0.4,0.6
123.4278712272644,0.5,0.5
123.4333848953247,0.5,0.5
123.4362804889679,0.5,0.5
123.4386067390442,0.5,0.5
123.4399914741516,0.5,0.5
123.45331001281738,0.5,0.5
123.453871011734,0.5,0.5
123.46660590171814,0.5,0.5
123.4671232700348,0.5,0.5
123.47538495063782,0.5,0.5
123.48013353347778,0.5,0.5
123.4862961769104,0.5,0.5
123.4946060180664,0.5,0.5
123.49587106704712,0.5,0.5
123.49652099609376,0.5,0.5
123.51153445243835,0.5,0.5
123.51238489151,0.5,0.5
123.51754355430604,0.5,0.5
123.52387189865112,0.5,0.5
123.52734208106996,0.5,0.5
123.53438353538512,0.5,0.5
123.53660607337952,0.5,0.5
123.53706979751588,0.5,0.5
123.54861283302309,0.5,0.5
123.56060576438904,0.4,0.6
123.56517601013184,0.4,0.6
123.5656054019928,0.4,0.6
123.56587195396423,0.4,0.6
123.57480788230896,0.4,0.6
123.57538366317748,0.4,0.6
123.58721017837524,0.4,0.6
123.59560537338255,0.4,0.6
123.595871925354,0.4,0.6
123.59970378875732,0.4,0.6
123.60338354110718,0.4,0.6
123.61668348312378,0.4,0.6
123.62090754508972,0.4,0.6
123.62887239456175,0.4,0.6
123.63238286972046,0.4,0.6
123.63258814811708,0.4,0.6
123.6356053352356,0.4,0.6
123.64802479743958,0.4,0.6
123.65589761734007,0.4,0.6
123.65650749206544,0.4,0.6
123.66387271881104,0.4,0.6
123.6646044254303,0.4,0.6
123.6725161075592,0.4,0.6
123.67338275909424,0.4,0.6
123.67973279953004,0.4,0.6
123.69408559799194,0.4,0.6
123.69887256622314,0.4,0.6
123.703382730484,0.4,0.6
123.70583152770996,0.4,0.6
123.70760440826416,0.4,0.6
123.7148416042328,0.4,0.6
123.72519779205322,0.4,0.6
123.72787261009216,0.4,0.6
123.7346043586731,0.4,0.6
123.74338459968568,0.4,0.6
123.7440996170044,0.4,0.6
123.75450921058656,0.4,0.6
123.75487232208252,0.4,0.6
123.77020525932312,0.4,0.6
123.770605802536,0.4,0.6
123.77238440513612,0.4,0.6
123.77779841423036,0.4,0.6
123.7830183506012,0.4,0.6
123.79532170295715,0.4,0.6
123.7968726158142,0.4,0.6
123.79808640480042,0.4,0.6
123.80560564994812,0.4,0.6
123.80738401412964,0.4,0.6
123.81246495246889,0.4,0.6
123.8258707523346,0.4,0.6
123.83096528053284,0.4,0.6
123.83560562133788,0.4,0.6
123.84030199050903,0.4,0.6
123.84338355064392,0.4,0.6
123.847736120224,0.4,0.6
123.85387086868286,0.4,0.6
123.86860370635986,0.4,0.6
123.87059688568117,0.4,0.6
123.87238359451294,0.4,0.6
123.88083219528198,0.4,0.6
123.8928337097168,0.4,0.6
123.89687085151672,0.4,0.6
123.90365886688232,0.4,0.6
123.9046037197113,0.4,0.6
123.90838360786438,0.4,0.6
123.91883873939514,0.4,0.6
123.92487001419067,0.4,0.6
123.92560362815856,0.4,0.6
123.93244791030884,0.4,0.6
123.94185900688171,0.4,0.6
123.94338274002077,0.4,0.6
123.95042634010316,0.4,0.6
123.95387029647829,0.4,0.6
123.95977520942688,0.4,0.6
123.96760153770448,0.4,0.6
123.970787525177,0.4,0.6
123.97238302230836,0.4,0.6
123.98386788368224,0.4,0.6
123.99560165405272,0.4,0.6
123.99587035179138,0.4,0.6
123.99620413780212,0.4,0.6
124.00507068634032,0.4,0.6
124.00638270378111,0.4,0.6
124.00891160964966,0.4,0.6
124.02344346046448,0.4,0.6
124.02686667442322,0.4,0.6
124.03483986854552,0.4,0.6
124.03960180282591,0.4,0.6
124.04137921333312,0.4,0.6
124.04616403579712,0.4,0.6
124.05707359313963,0.4,0.6
124.0659019947052,0.4,0.6
124.0666012763977,0.4,0.6
124.06686687469482,0.4,0.6
124.07737946510316,0.4,0.6
124.08616614341736,0.4,0.6
124.09460139274596,0.4,0.6
124.09486675262453,0.4,0.6
124.098069190979,0.4,0.6
124.10837936401369,0.4,0.6
124.10838603973389,0.4,0.6
124.12317609786987,0.4,0.6
124.12986660003662,0.4,0.6
124.13452959060668,0.4,0.6
124.1366012096405,0.4,0.6
124.1423795223236,0.4,0.6
124.15242457389832,0.5,0.5
124.16486644744872,0.5,0.5
124.1649248600006,0.5,0.5
124.16560101509094,0.5,0.5
124.17729377746582,0.5,0.5
124.17737936973572,0.5,0.5
124.18786644935608,0.5,0.5
124.18916535377502,0.5,0.5
124.19329881668092,0.5,0.5
124.19460082054138,0.5,0.5
124.20439982414246,0.5,0.5
124.20637941360474,0.5,0.5
124.2103395462036,0.5,0.5
124.2172396183014,0.5,0.5
124.22417759895325,0.4,0.6
124.22786927223206,0.4,0.6
124.23560094833374,0.4,0.6
124.24237990379332,0.4,0.6
124.24533271789552,0.4,0.6
124.2489049434662,0.4,0.6
124.25586938858032,0.4,0.6
124.26459860801695,0.4,0.6
124.2666335105896,0.4,0.6
124.27575039863586,0.4,0.6
124.2773802280426,0.4,0.6
124.28821992874146,0.4,0.6
124.29459857940674,0.4,0.6
124.29669094085692,0.4,0.6
124.29886937141418,0.4,0.6
124.31012439727785,0.4,0.6
124.31238007545473,0.4,0.6
124.3186056613922,0.4,0.6
124.32586717605592,0.4,0.6
124.33659839630128,0.4,0.6
124.34331440925598,0.4,0.6
124.34837889671326,0.4,0.6
124.34998321533205,0.4,0.6
124.35586738586426,0.4,0.6
124.36154508590698,0.4,0.6
124.36559748649596,0.4,0.6
124.37461972236632,0.4,0.6
124.37637901306152,0.4,0.6
124.3822090625763,0.4,0.6
124.39559721946716,0.4,0.6
124.39686727523804,0.4,0.6
124.40067601203918,0.4,0.6
124.40383720397948,0.4,0.6
124.41237902641296,0.4,0.6
124.4182744026184,0.4,0.6
124.42486667633057,0.4,0.6
124.43237948417664,0.4,0.6
124.43759751319884,0.4,0.6
124.45027780532835,0.5,0.5
124.45386672019958,0.5,0.5
124.45997548103333,0.5,0.5
124.46659517288208,0.5,0.5
124.47147703170776,0.5,0.5
124.47837948799132,0.5,0.5
124.48219847679138,0.4,0.6
124.49125242233276,0.4,0.6
124.4955952167511,0.4,0.6
124.49786686897278,0.4,0.6
124.50044059753418,0.4,0.6
124.50833439826964,0.4,0.6
124.51237940788268,0.4,0.6
124.52182745933531,0.4,0.6
124.52586674690248,0.4,0.6
124.53168487548828,0.4,0.6
124.53859519958496,0.4,0.6
124.54237937927246,0.4,0.6
124.54473662376404,0.4,0.6
124.55362176895142,0.4,0.6
124.55586671829224,0.4,0.6
124.56342601776124,0.5,0.5
124.5665955543518,0.5,0.5
124.57737731933594,0.5,0.5
124.59559535980225,0.5,0.5
124.59786701202393,0.5,0.5
124.60016131401062,0.5,0.5
124.61337733268738,0.5,0.5
124.62786626815796,0.5,0.5
124.6365954875946,0.5,0.5
124.64337635040285,0.5,0.5
124.66459488868712,0.5,0.5
124.6658661365509,0.5,0.5
124.67237639427184,0.5,0.5
124.68089485168456,0.5,0.5
124.68486618995668,0.5,0.5
124.69272541999815,0.4,0.6
124.70151901245116,0.4,0.6
124.7023766040802,0.4,0.6
124.707594871521,0.4,0.6
124.71792531013487,0.4,0.6
124.7268660068512,0.5,0.5
124.73459506034852,0.5,0.5
124.73905968666077,0.5,0.5
124.7437036037445,0.5,0.5
124.74437475204468,0.5,0.5
124.75486660003662,0.5,0.5
124.75745487213136,0.5,0.5
124.76459455490112,0.5,0.5
124.77363324165344,0.5,0.5
124.77537488937378,0.5,0.5
124.78849697113036,0.5,0.5
124.79686617851256,0.5,0.5
124.79959440231325,0.5,0.5
124.80237483978271,0.5,0.5
124.80464601516724,0.5,0.5
124.80770635604858,0.5,0.5
124.82125520706175,0.5,0.5
124.82686257362366,0.5,0.5
124.82814884185792,0.5,0.5
124.83459448814392,0.5,0.5
124.83886647224426,0.5,0.5
124.84637641906738,0.5,0.5
124.85277032852171,0.5,0.5
124.86686301231384,0.5,0.5
124.86959266662598,0.5,0.5
124.87057900428772,0.5,0.5
124.87437653541564,0.5,0.5
124.87511897087096,0.5,0.5
124.89486241340636,0.5,0.5
124.90513753890993,0.5,0.5
124.90759253501892,0.5,0.5
124.9123764038086,0.5,0.5
124.91526079177856,0.5,0.5
124.92659258842468,0.5,0.5
124.92690920829772,0.5,0.5
124.92986226081848,0.5,0.5
124.93252730369568,0.5,0.5
124.93337750434875,0.5,0.5
124.93936800956726,0.5,0.5
124.9536623954773,0.5,0.5
124.9648621082306,0.5,0.5
124.96859169006348,0.5,0.5
124.96983242034912,0.5,0.5
124.97710275650024,0.5,0.5
124.97737741470335,0.5,0.5
124.98586201667786,0.5,0.5
124.99101138114928,0.5,0.5
124.99659180641174,0.5,0.5
125.00167059898376,0.5,0.5
125.00995779037476,0.5,0.5
125.01237750053406,0.5,0.5
125.02086853981018,0.5,0.5
125.02785921096802,0.5,0.5
125.03292775154114,0.5,0.5
125.03859162330627,0.5,0.5
125.04737734794617,0.5,0.5
125.04775500297546,0.5,0.5
125.06231641769408,0.5,0.5
125.065438747406,0.5,0.5
125.0668592453003,0.5,0.5
125.06758952140808,0.5,0.5
125.07532167434692,0.5,0.5
125.07537508010864,0.5,0.5
125.08481669425964,0.5,0.5
125.09385919570924,0.5,0.5
125.09580206871031,0.5,0.5
125.10158967971802,0.5,0.5
125.10337519645692,0.5,0.5
125.10857701301576,0.5,0.5
125.11426782608032,0.5,0.5
125.12885928153992,0.5,0.5
125.12910747528076,0.5,0.5
125.13491010665894,0.5,0.5
125.13658952713013,0.5,0.5
125.14737391471864,0.5,0.5
125.16285228729248,0.5,0.5
125.16485929489136,0.5,0.5
125.16558861732484,0.5,0.5
125.17537379264832,0.5,0.5
125.18798446655272,0.5,0.5
125.19385933876038,0.5,0.5
125.19458818435668,0.5,0.5
125.2027199268341,0.5,0.5
125.20840311050416,0.5,0.5
125.21237373352052,0.5,0.5
125.22111105918884,0.5,0.5
125.22385931015016,0.5,0.5
125.23558831214903,0.5,0.5
125.2388346195221,0.5,0.5
125.2461576461792,0.5,0.5
125.24737000465392,0.5,0.5
125.25583696365356,0.5,0.5
125.2645902633667,0.5,0.5
125.26585936546326,0.5,0.5
125.27272272109984,0.5,0.5
125.27637028694151,0.5,0.5
125.28507590293884,0.5,0.5
125.29585933685304,0.5,0.5
125.30433201789856,0.5,0.5
125.3065903186798,0.5,0.5
125.31060910224916,0.5,0.5
125.31133532524107,0.5,0.5
125.31237030029295,0.5,0.5
125.32386016845705,0.5,0.5
125.32998251914978,0.5,0.5
125.33330273628236,0.5,0.5
125.33459043502808,0.5,0.5
125.34401631355286,0.5,0.5
125.3453688621521,0.5,0.5
125.35400772094728,0.5,0.5
125.35986018180849,0.5,0.5
125.37058973312378,0.5,0.5
125.37336897850037,0.5,0.5
125.37341332435608,0.5,0.5
125.37435674667358,0.5,0.5
125.38334369659424,0.5,0.5
125.3931474685669,0.5,0.5
125.39486002922058,0.5,0.5
125.40136885643004,0.5,0.5
125.40558981895448,0.5,0.5
125.4080650806427,0.5,0.5
125.41214084625244,0.5,0.5
125.4258587360382,0.5,0.5
125.43693089485168,0.5,0.5
125.44058990478516,0.5,0.5
125.44437146186829,0.5,0.5
125.44592452049255,0.5,0.5
125.45719027519226,0.5,0.5
125.4588587284088,0.5,0.5
125.46959042549132,0.5,0.5
125.47136616706848,0.5,0.5
125.4733715057373,0.5,0.5
125.47974681854248,0.5,0.5
125.4938588142395,0.5,0.5
125.49591016769408,0.5,0.5
125.49659061431883,0.5,0.5
125.5043716430664,0.5,0.5
125.51262760162354,0.5,0.5
125.52885913848876,0.5,0.5
125.53178262710573,0.5,0.5
125.53859043121338,0.5,0.5
125.54637026786804,0.5,0.5
125.54968905448914,0.5,0.5
125.55884170532228,0.5,0.5
125.5648591518402,0.5,0.5
125.56658911705016,0.5,0.5
125.57218170166016,0.5,0.5
125.57637000083923,0.5,0.5
125.58579659461977,0.5,0.5
125.58585906028748,0.5,0.5
125.59649467468262,0.5,0.5
125.59658908843994,0.5,0.5
125.60337018966676,0.5,0.5
125.60545110702516,0.5,0.5
125.62196326255798,0.5,0.5
125.6288571357727,0.5,0.5
125.63237047195436,0.5,0.5
125.63758897781372,0.5,0.5
125.6415421962738,0.5,0.5
125.662677526474,0.5,0.5
125.66658735275269,0.5,0.5
125.66685700416564,0.5,0.5
125.67437052726746,0.5,0.5
125.67553162574768,0.5,0.5
125.68485713005066,0.5,0.5
125.6904685497284,0.5,0.5
125.7015872001648,0.5,0.5
125.70284056663512,0.5,0.5
125.70337057113647,0.5,0.5
125.72685647010805,0.5,0.5
125.72810316085815,0.5,0.5
125.73236799240112,0.5,0.5
125.73658633232117,0.5,0.5
125.7390477657318,0.5,0.5
125.74626994132996,0.5,0.5
125.76058959960938,0.5,0.5
125.76285648345949,0.5,0.5
125.76485681533812,0.5,0.5
125.77158617973328,0.5,0.5
125.78016018867493,0.5,0.5
125.78136801719666,0.5,0.5
125.79116129875185,0.5,0.5
125.79738068580627,0.5,0.5
125.79785656929016,0.5,0.5
125.8005862236023,0.5,0.5
125.8023681640625,0.5,0.5
125.8100950717926,0.5,0.5
125.81388521194458,0.5,0.5
125.82057881355286,0.5,0.5
125.82685375213624,0.5,0.5
125.82858633995056,0.5,0.5
125.8430290222168,0.5,0.5
125.84536981582642,0.5,0.5
125.86018323898315,0.5,0.5
125.86685371398926,0.5,0.5
125.86958599090576,0.5,0.5
125.87236976623537,0.5,0.5
125.8764398097992,0.5,0.5
125.88895058631896,0.5,0.5
125.89383244514464,0.5,0.5
125.8938536643982,0.5,0.5
125.89858627319336,0.5,0.5
125.90136981010436,0.5,0.5
125.90682125091551,0.5,0.5
125.91493201255798,0.5,0.5
125.92058300971983,0.5,0.5
125.92385363578796,0.5,0.5
125.9255862236023,0.5,0.5
125.93024492263794,0.5,0.5
125.93463611602785,0.5,0.5
125.94437050819396,0.5,0.5
125.94705510139464,0.5,0.5
125.95597410202026,0.5,0.5
125.96485376358032,0.5,0.5
125.9675862789154,0.5,0.5
125.97437047958374,0.5,0.5
125.97494626045228,0.5,0.5
125.97885847091676,0.5,0.5
125.98863244056702,0.5,0.5
125.99585366249084,0.5,0.5
125.99658632278442,0.5,0.5
126.00151753425598,0.5,0.5
126.0063705444336,0.5,0.5
126.0199649333954,0.5,0.5
126.02885365486144,0.5,0.5
126.03023982048036,0.5,0.5
126.03896641731262,0.5,0.5
126.03958415985107,0.5,0.5
126.04337096214294,0.5,0.5
126.0532205104828,0.5,0.5
126.06385374069214,0.5,0.5
126.06520199775696,0.5,0.5
126.06758427619934,0.5,0.5
126.07237100601196,0.5,0.5
126.0754373073578,0.5,0.5
126.07971429824828,0.5,0.5
126.08699107170104,0.5,0.5
126.09458422660828,0.5,0.5
126.09885382652284,0.5,0.5
126.10150718688963,0.5,0.5
126.10237097740172,0.5,0.5
126.1047704219818,0.5,0.5
126.11898231506348,0.5,0.5
126.12785339355467,0.5,0.5
126.1307098865509,0.5,0.5
126.13758420944214,0.5,0.5
126.14059853553772,0.5,0.5
126.14437055587769,0.5,0.5
126.1504008769989,0.6,0.4
126.16031742095949,0.6,0.4
126.16385340690611,0.6,0.4
126.16658353805542,0.6,0.4
126.1751344203949,0.6,0.4
126.1753704547882,0.6,0.4
126.18321466445924,0.6,0.4
126.1938533782959,0.6,0.4
126.19458341598512,0.6,0.4
126.19851517677309,0.6,0.4
126.20237040519714,0.6,0.4
126.21690702438354,0.6,0.4
126.22885131835938,0.6,0.4
126.23658347129822,0.6,0.4
126.2380030155182,0.6,0.4
126.2463710308075,0.6,0.4
126.25061559677124,0.6,0.4
126.26458096504211,0.6,0.4
126.26485133171082,0.6,0.4
126.26940870285034,0.6,0.4
126.27437090873718,0.6,0.4
126.2820680141449,0.6,0.4
126.28485131263731,0.6,0.4
126.29275822639464,0.6,0.4
126.29576921463013,0.6,0.4
126.30237102508544,0.6,0.4
126.303612947464,0.6,0.4
126.30758094787598,0.6,0.4
126.32885098457336,0.6,0.4
126.32952737808228,0.6,0.4
126.33337211608888,0.6,0.4
126.33458089828493,0.6,0.4
126.34165692329408,0.6,0.4
126.34638166427612,0.6,0.4
126.35485100746156,0.6,0.4
126.36010122299194,0.6,0.4
126.3705804347992,0.6,0.4
126.37506222724916,0.6,0.4
126.37637209892272,0.6,0.4
126.39504790306091,0.6,0.4
126.3978509902954,0.6,0.4
126.404372215271,0.6,0.4
126.40458035469057,0.6,0.4
126.40727496147156,0.6,0.4
126.42153763771056,0.6,0.4
126.42584919929504,0.6,0.4
126.43338799476624,0.6,0.4
126.43958044052124,0.6,0.4
126.44642519950868,0.6,0.4
126.4483721256256,0.6,0.4
126.45384907722472,0.6,0.4
126.46716284751892,0.6,0.4
126.4675784111023,0.6,0.4
126.47637724876404,0.6,0.4
126.48134684562685,0.6,0.4
126.48237204551695,0.6,0.4
126.4895122051239,0.6,0.4
126.49657845497131,0.6,0.4
126.49784898757936,0.6,0.4
126.51237201690674,0.6,0.4
126.51428294181824,0.6,0.4
126.51915216445924,0.6,0.4
126.5248475074768,0.6,0.4
126.53883767127992,0.6,0.4
126.53957867622375,0.6,0.4
126.54153442382812,0.6,0.4
126.5463707447052,0.6,0.4
126.55297923088074,0.6,0.4
126.55384755134584,0.6,0.4
126.5655801296234,0.6,0.4
126.56755948066711,0.6,0.4
126.5753710269928,0.6,0.4
126.5790662765503,0.6,0.4
126.59584760665894,0.6,0.4
126.5982027053833,0.6,0.4
126.6005802154541,0.6,0.4
126.60081696510316,0.6,0.4
126.60237073898315,0.6,0.4
126.6181252002716,0.6,0.4
126.62384510040285,0.6,0.4
126.62791872024536,0.6,0.4
126.63458514213562,0.6,0.4
126.6355800628662,0.6,0.4
126.64437103271484,0.6,0.4
126.6469054222107,0.6,0.4
126.65284490585329,0.6,0.4
126.65550804138184,0.6,0.4
126.6678147315979,0.6,0.4
126.67057991027832,0.6,0.4
126.67337107658386,0.6,0.4
126.67714715003969,0.6,0.4
126.68840909004211,0.6,0.4
126.69584488868712,0.6,0.4
126.70137810707092,0.6,0.4
126.70337104797365,0.6,0.4
126.70757961273192,0.6,0.4
126.71140599250792,0.6,0.4
126.71726512908936,0.6,0.4
126.72484612464903,0.6,0.4
126.72657990455627,0.6,0.4
126.7272412776947,0.6,0.4
126.7443790435791,0.6,0.4
126.75275468826294,0.5,0.5
126.7541890144348,0.5,0.5
126.7605140209198,0.5,0.5
126.76684594154358,0.5,0.5
126.76858019828796,0.5,0.5
126.77176022529602,0.5,0.5
126.77337884902954,0.5,0.5
126.77639842033386,0.5,0.5
126.78449821472168,0.5,0.5
126.79484605789185,0.5,0.5
126.79605531692503,0.5,0.5
126.7965795993805,0.5,0.5
126.8013789653778,0.5,0.5
126.81931710243224,0.5,0.5
126.82129216194151,0.5,0.5
126.82484531402588,0.5,0.5
126.8332018852234,0.4,0.6
126.83957982063292,0.4,0.6
126.8406572341919,0.4,0.6
126.84437608718872,0.4,0.6
126.84727311134338,0.4,0.6
126.85784530639648,0.4,0.6
126.85836696624756,0.4,0.6
126.8675765991211,0.4,0.6
126.87337613105774,0.4,0.6
126.87723970413208,0.4,0.6
126.8921411037445,0.4,0.6
126.89384531974792,0.4,0.6
126.90157628059389,0.4,0.6
126.90237617492676,0.4,0.6
126.90360856056212,0.4,0.6
126.91316771507265,0.4,0.6
126.92384481430054,0.4,0.6
126.92884373664856,0.4,0.6
126.93657660484314,0.4,0.6
126.93739795684814,0.4,0.6
126.94837617874146,0.4,0.6
126.94912767410278,0.4,0.6
126.96384382247923,0.4,0.6
126.9650444984436,0.4,0.6
126.96741914749146,0.4,0.6
126.97157645225523,0.4,0.6
126.97437620162964,0.4,0.6
126.97736525535583,0.4,0.6
126.9820921421051,0.4,0.6
126.99384379386902,0.4,0.6
127.00057649612428,0.4,0.6
127.00123071670532,0.4,0.6
127.01091027259828,0.4,0.6
127.01237607002258,0.4,0.6
127.02021670341492,0.4,0.6
127.02784132957458,0.4,0.6
127.02857661247252,0.4,0.6
127.03451228141785,0.4,0.6
127.04737448692322,0.4,0.6
127.0482120513916,0.4,0.6
127.0628538131714,0.4,0.6
127.06484150886536,0.4,0.6
127.06957483291626,0.4,0.6
127.0750732421875,0.4,0.6
127.07737469673155,0.4,0.6
127.0829303264618,0.4,0.6
127.08384132385254,0.4,0.6
127.09498405456544,0.4,0.6
127.09857439994812,0.4,0.6
127.10769462585448,0.4,0.6
127.1115243434906,0.3,0.7
127.11237454414368,0.3,0.7
127.1255748271942,0.3,0.7
127.12584090232848,0.3,0.7
127.1311206817627,0.5,0.5
127.1323733329773,0.5,0.5
127.1386651992798,0.5,0.5
127.1540539264679,0.5,0.5
127.15484094619752,0.5,0.5
127.16413593292236,0.5,0.5
127.16757297515868,0.5,0.5
127.17209506034852,0.5,0.5
127.18237328529358,0.5,0.5
127.18857431411745,0.5,0.5
127.19365572929382,0.1,0.9
127.19657301902772,0.1,0.9
127.19784092903136,0.1,0.9
127.20237326622008,0.1,0.9
127.20382857322691,0.1,0.9
127.21647620201112,0.1,0.9
127.22683763504028,0.1,0.9
127.22783589363098,0.1,0.9
127.23571681976318,0.1,0.9
127.23957300186156,0.1,0.9
127.2443733215332,0.1,0.9
127.24468302726746,0.1,0.9
127.25250434875488,0.1,0.9
127.2538378238678,0.1,0.9
127.2644031047821,0.0,1.0
127.26757097244264,0.0,1.0
127.27191209793092,0.0,1.0
127.27237319946288,0.0,1.0
127.27994990348816,0.0,1.0
127.29557085037231,0.0,1.0
127.29583764076231,0.0,1.0
127.2976324558258,0.6,0.4
127.29960322380066,0.6,0.4
127.30937337875366,0.6,0.4
127.31273484230042,0.6,0.4
127.32289910316469,0.6,0.4
127.32483577728271,0.6,0.4
127.33174324035645,0.6,0.4
127.33857083320618,0.6,0.4
127.3433713912964,0.6,0.4
127.34985041618349,0.6,0.4
127.35483574867249,0.6,0.4
127.3574595451355,0.6,0.4
127.36557173728944,0.6,0.4
127.3722848892212,0.6,0.4
127.37337136268616,0.6,0.4
127.38281750679016,0.6,0.4
127.39583587646484,0.6,0.4
127.39962935447691,0.6,0.4
127.40057182312012,0.6,0.4
127.40356492996216,0.6,0.4
127.40737128257751,0.6,0.4
127.41112041473389,0.6,0.4
127.41773509979248,0.6,0.4
127.42383241653442,0.6,0.4
127.43557167053224,0.6,0.4
127.44085311889648,0.6,0.4
127.44337058067322,0.6,0.4
127.44493126869202,0.6,0.4
127.45458269119264,0.5,0.5
127.46486401557922,0.5,0.5
127.46683239936829,0.5,0.5
127.46979761123656,0.5,0.5
127.47056937217712,0.5,0.5
127.47237062454224,0.5,0.5
127.48466110229492,0.6,0.4
127.49383282661438,0.5,0.5
127.50071239471436,0.5,0.5
127.502370595932,0.5,0.5
127.50756931304932,0.5,0.5
127.51276540756226,0.5,0.5
127.52483201026917,0.5,0.5
127.52656936645508,0.5,0.5
127.52884912490843,0.5,0.5
127.53383922576904,0.5,0.5
127.54437255859376,0.5,0.5
127.55103969573976,0.5,0.5
127.56383228302002,0.5,0.5
127.56856799125671,0.5,0.5
127.5737316608429,0.5,0.5
127.57847547531128,0.5,0.5
127.58237266540527,0.5,0.5
127.58483219146729,0.5,0.5
127.58904695510864,0.5,0.5
127.59656834602356,0.5,0.5
127.59956097602844,0.5,0.5
127.6023724079132,0.5,0.5
127.61236667633057,0.5,0.5
127.62488174438477,0.5,0.5
127.62783193588255,0.5,0.5
127.63856840133668,0.5,0.5
127.64049816131592,0.5,0.5
127.64537119865416,0.5,0.5
127.64772462844849,0.6,0.4
127.6598494052887,0.6,0.4
127.663831949234,0.6,0.4
127.66656684875488,0.6,0.4
127.67337155342102,0.6,0.4
127.6827836036682,0.6,0.4
127.69383192062378,0.6,0.4
127.6980299949646,0.6,0.4
127.7033715248108,0.6,0.4
127.70982551574708,0.6,0.4
127.7105667591095,0.6,0.4
127.7184557914734,0.6,0.4
127.72545409202576,0.6,0.4
127.72556686401369,0.6,0.4
127.72883152961732,0.6,0.4
127.73500514030457,0.6,0.4
127.74236941337584,0.6,0.4
127.75143194198608,0.6,0.4
127.76483154296876,0.6,0.4
127.77056455612184,0.6,0.4
127.7710874080658,0.6,0.4
127.77350759506226,0.6,0.4
127.77636981010436,0.6,0.4
127.78780221939088,0.6,0.4
127.79283142089844,0.6,0.4
127.79756450653076,0.6,0.4
127.7999336719513,0.6,0.4
127.80636954307556,0.6,0.4
127.81287741661072,0.7,0.3
127.8209297657013,0.9,0.1
127.82283067703248,0.9,0.1
127.8302161693573,0.9,0.1
127.83336853981018,0.9,0.1
127.83956456184389,0.9,0.1
127.84330940246582,0.9,0.1
127.85414910316469,0.9,0.1
127.85783100128174,0.9,0.1
127.86141920089722,0.9,0.1
127.8675618171692,0.9,0.1
127.87536835670473,0.9,0.1
127.87979793548584,0.7,0.3
127.8844358921051,0.7,0.3
127.89383101463318,0.7,0.3
127.8965618610382,0.7,0.3
127.8999445438385,0.7,0.3
127.90336847305298,0.7,0.3
127.91002702713013,0.7,0.3
127.92283034324646,0.7,0.3
127.93048572540285,0.7,0.3
127.93437004089355,0.7,0.3
127.93956160545348,0.7,0.3
127.9568943977356,0.7,0.3
127.96383047103882,0.7,0.3
127.96656131744383,0.7,0.3
127.97473096847534,0.7,0.3
127.97536993026732,0.7,0.3
127.9836084842682,0.7,0.3
127.99273419380188,0.6,0.4
127.9965615272522,0.6,0.4
127.99883031845091,0.6,0.4
128.0023331642151,0.6,0.4
128.0033700466156,0.6,0.4
128.0117175579071,0.6,0.4
128.0189425945282,0.7,0.3
128.02682662010193,0.7,0.3
128.03114485740662,0.7,0.3
128.03856110572815,0.7,0.3
128.04222679138184,0.7,0.3
128.04637122154236,0.7,0.3
128.05482649803162,0.7,0.3
128.05760169029236,0.7,0.3
128.06756114959717,0.7,0.3
128.0733711719513,0.7,0.3
128.0741217136383,0.7,0.3
128.07569980621338,0.6,0.4
128.09417700767517,0.6,0.4
128.09459447860718,0.6,0.4
128.09682655334473,0.6,0.4
128.10156106948853,0.6,0.4
128.1153712272644,0.6,0.4
128.11636352539062,0.6,0.4
128.12682366371155,0.6,0.4
128.1365611553192,0.6,0.4
128.1366364955902,0.6,0.4
128.1433699131012,0.6,0.4
128.1510465145111,0.5,0.5
128.15282368659973,0.5,0.5
128.15344619750977,0.5,0.5
128.16774153709412,0.1,0.9
128.17156219482422,0.1,0.9
128.1723699569702,0.1,0.9
128.1767234802246,0.0,1.0
128.18521761894226,0.0,1.0
128.19482374191284,0.0,1.0
128.2065622806549,0.0,1.0
128.2073700428009,0.0,1.0
128.2084481716156,0.0,1.0
128.22052693367004,0.0,1.0
128.22382473945618,0.0,1.0
128.22867226600647,0.0,1.0
128.23556208610535,0.0,1.0
128.2421305179596,0.0,1.0
128.24237084388733,0.0,1.0
128.25208830833435,0.0,1.0
128.26482486724854,0.0,1.0
128.26861834526062,0.0,1.0
128.27056121826172,0.0,1.0
128.2723708152771,0.0,1.0
128.27612400054932,0.0,1.0
128.28682470321655,0.0,1.0
128.29189085960388,0.0,1.0
128.3075611591339,0.0,1.0
128.30836272239685,0.0,1.0
128.31337070465088,0.0,1.0
128.3204665184021,0.0,1.0
128.32756114006042,0.0,1.0
128.32782578468323,0.0,1.0
128.3404564857483,0.0,1.0
128.34836959838867,0.0,1.0
128.35524034500122,0.0,1.0
128.3558259010315,0.0,1.0
128.35683488845825,0.0,1.0
128.36992192268372,0.0,1.0
128.37056040763855,0.0,1.0
128.37636971473694,0.0,1.0
128.38063406944275,0.0,1.0
128.3948814868927,0.0,1.0
128.39782571792605,0.0,1.0
128.40556073188782,0.0,1.0
128.40736961364746,0.0,1.0
128.40969848632812,0.0,1.0
128.41869926452637,0.1,0.9
128.42582440376282,0.1,0.9
128.43173575401306,0.1,0.9
128.44056057929993,0.1,0.9
128.44237112998962,0.1,0.9
128.4437427520752,0.1,0.9
128.45369577407837,0.1,0.9
128.45382452011108,0.1,0.9
128.46014523506165,0.1,0.9
128.4695611000061,0.1,0.9
128.4708662033081,0.1,0.9
128.47137093544006,0.1,0.9
128.48453307151794,0.1,0.9
128.49365234375,0.1,0.9
128.49437379837036,0.1,0.9
128.4958245754242,0.1,0.9
128.49956107139587,0.1,0.9
128.50637102127075,0.1,0.9
128.51145553588867,0.1,0.9
128.51945662498474,0.1,0.9
128.5238230228424,0.1,0.9
128.52556109428406,0.1,0.9
128.53112959861755,0.3,0.7
128.53536772727966,0.3,0.7
128.54184222221377,0.5,0.5
128.5481812953949,0.5,0.5
128.5582628250122,0.5,0.5
128.55882287025452,0.5,0.5
128.56756162643433,0.5,0.5
128.57486581802368,0.5,0.5
128.57636761665344,0.5,0.5
128.5807490348816,0.5,0.5
128.58955216407776,0.5,0.5
128.5938229560852,0.5,0.5
128.59656167030334,0.5,0.5
128.59879159927368,0.5,0.5
128.61210370063782,0.4,0.6
128.61236763000488,0.4,0.6
128.6128966808319,0.4,0.6
128.62583327293396,0.4,0.6
128.6288239955902,0.4,0.6
128.6323640346527,0.4,0.6
128.6395616531372,0.4,0.6
128.63984489440918,0.4,0.6
128.6516044139862,0.4,0.6
128.66152548789978,0.4,0.6
128.66582417488098,0.4,0.6
128.66755962371826,0.4,0.6
128.67436408996582,0.4,0.6
128.68482422828674,0.4,0.6
128.69555974006653,0.4,0.6
128.7023642063141,0.4,0.6
128.70519137382507,0.4,0.6
128.71360969543457,0.4,0.6
128.7268238067627,0.4,0.6
128.73955965042114,0.4,0.6
128.74003052711487,0.4,0.6
128.74435305595398,0.4,0.6
128.75482320785522,0.4,0.6
128.7655599117279,0.4,0.6
128.77235317230225,0.4,0.6
128.79655981063843,0.4,0.6
128.7968235015869,0.4,0.6
128.80535316467285,0.4,0.6
128.82467412948608,0.4,0.6
128.82582306861875,0.4,0.6
128.83164858818054,0.5,0.5
128.83855986595154,0.5,0.5
128.8453505039215,0.5,0.5
128.84694910049438,0.5,0.5
128.85982298851013,0.5,0.5
128.86088490486145,0.5,0.5
128.86756086349487,0.5,0.5
128.8703601360321,0.5,0.5
128.87835049629211,0.5,0.5
128.8800573348999,0.5,0.5
128.89362931251526,0.5,0.5
128.89482307434082,0.5,0.5
128.89756083488464,0.5,0.5
128.90311360359192,0.5,0.5
128.91202235221863,0.5,0.5
128.91235041618347,0.5,0.5
128.9238212108612,0.5,0.5
128.9255609512329,0.5,0.5
128.92750096321106,0.5,0.5
128.933349609375,0.5,0.5
128.94151401519775,0.5,0.5
128.95286965370178,0.3,0.7
128.9588212966919,0.3,0.7
128.9621033668518,0.3,0.7
128.96908855438232,0.0,1.0
128.97055959701538,0.0,1.0
128.97634959220886,0.0,1.0
128.98726105690002,0.0,1.0
128.9886269569397,0.0,1.0
128.9958212375641,0.0,1.0
128.9975597858429,0.0,1.0
128.99935507774353,0.2,0.8
129.01334953308103,0.2,0.8
129.02216935157776,0.2,0.8
129.0248212814331,0.2,0.8
129.02755999565125,0.2,0.8
129.02935075759888,0.2,0.8
129.03334951400757,0.2,0.8
129.04589581489563,0.2,0.8
129.06041765213013,0.2,0.8
129.06682109832764,0.2,0.8
129.06685161590576,0.2,0.8
129.06755781173706,0.2,0.8
129.07685685157776,0.0,1.0
129.0783495903015,0.0,1.0
129.09391021728516,0.0,1.0
129.0948212146759,0.0,1.0
129.10726642608645,0.0,1.0
129.11155772209167,0.0,1.0
129.111839056015,0.0,1.0
129.11234951019287,0.0,1.0
129.12482118606567,0.0,1.0
129.12655782699585,0.0,1.0
129.1287145614624,0.0,1.0
129.14234948158264,0.0,1.0
129.14452695846558,0.0,1.0
129.15554118156433,0.0,1.0
129.16755986213684,0.0,1.0
129.1688210964203,0.0,1.0
129.1743495464325,0.0,1.0
129.1785809993744,0.0,1.0
129.19061970710754,0.3,0.7
129.1958212852478,0.3,0.7
129.19755959510803,0.3,0.7
129.1998245716095,0.5,0.5
129.2073495388031,0.5,0.5
129.2103226184845,0.4,0.6
129.22291660308838,0.5,0.5
129.22482180595398,0.5,0.5
129.23747420310974,0.5,0.5
129.23955988883972,0.5,0.5
129.2433512210846,0.5,0.5
129.24440240859985,0.5,0.5
129.25382161140442,0.5,0.5
129.25753736495972,0.5,0.5
129.26756381988525,0.5,0.5
129.2723512649536,0.5,0.5
129.2750759124756,0.5,0.5
129.27962470054626,0.5,0.5
129.2871322631836,0.5,0.5
129.2952160835266,0.5,0.5
129.2965636253357,0.5,0.5
129.29682159423828,0.5,0.5
129.30360913276672,0.5,0.5
129.3073513507843,0.5,0.5
129.31465935707092,0.5,0.5
129.3248212337494,0.5,0.5
129.3303883075714,0.5,0.5
129.3394455909729,0.5,0.5
129.33956360816956,0.5,0.5
129.34334993362427,0.5,0.5
129.3485586643219,0.5,0.5
129.3538212776184,0.5,0.5
129.36745381355286,0.5,0.5
129.36756300926208,0.5,0.5
129.3773500919342,0.5,0.5
129.38111329078674,0.5,0.5
129.3850634098053,0.5,0.5
129.39223313331604,0.5,0.5
129.39582109451294,0.5,0.5
129.39656281471252,0.5,0.5
129.40214323997498,0.5,0.5
129.40735006332395,0.5,0.5
129.41345715522766,0.5,0.5
129.41929125785828,0.5,0.5
129.42482018470764,0.5,0.5
129.42602562904358,0.5,0.5
129.43469333648682,0.5,0.5
129.43856239318848,0.5,0.5
129.44234991073608,0.5,0.5
129.45808291435242,0.5,0.5
129.46582007408142,0.5,0.5
129.4675691127777,0.5,0.5
129.47147274017334,0.5,0.5
129.47235012054443,0.5,0.5
129.4815638065338,0.5,0.5
129.4938201904297,0.5,0.5
129.4955689907074,0.5,0.5
129.50992512702942,0.5,0.5
129.51434993743896,0.5,0.5
129.51989912986755,0.5,0.5
129.52881979942322,0.5,0.5
129.53302335739136,0.5,0.5
129.53856921195984,0.5,0.5
129.54050850868225,0.5,0.5
129.54335165023804,0.5,0.5
129.55359721183777,0.5,0.5
129.55915904045105,0.5,0.5
129.56481981277466,0.5,0.5
129.5655701160431,0.5,0.5
129.5733516216278,0.5,0.5
129.57515001296997,0.5,0.5
129.59481954574585,0.5,0.5
129.59550261497498,0.5,0.5
129.5965700149536,0.5,0.5
129.60835146903992,0.5,0.5
129.61282205581665,0.5,0.5
129.62694191932678,0.5,0.5
129.6278157234192,0.5,0.5
129.6328432559967,0.5,0.5
129.63857007026672,0.5,0.5
129.6410105228424,0.5,0.5
129.64335131645203,0.5,0.5
129.65384793281555,0.5,0.5
129.66528367996216,0.5,0.5
129.66581559181213,0.5,0.5
129.66756939888,0.5,0.5
129.67235136032104,0.5,0.5
129.67458200454712,0.5,0.5
129.68798923492432,0.5,0.5
129.69099068641663,0.5,0.5
129.6938157081604,0.5,0.5
129.69756937026978,0.5,0.5
129.6984167098999,0.5,0.5
129.70735120773315,0.5,0.5
129.7114191055298,0.5,0.5
129.72093963623047,0.5,0.5
129.72381401062012,0.5,0.5
129.73592925071716,0.5,0.5
129.73956942558289,0.5,0.5
129.74335026741028,0.5,0.5
129.7497091293335,0.5,0.5
129.7556436061859,0.5,0.5
129.76481413841248,0.5,0.5
129.76756882667542,0.5,0.5
129.7682011127472,0.5,0.5
129.7723503112793,0.5,0.5
129.78141021728516,0.5,0.5
129.79528331756592,0.5,0.5
129.79556894302368,0.5,0.5
129.795814037323,0.5,0.5
129.80748772621155,0.5,0.5
129.80835032463074,0.5,0.5
129.8174877166748,0.5,0.5
129.8288140296936,0.5,0.5
129.8299834728241,0.5,0.5
129.8375689983368,0.5,0.5
129.8423490524292,0.5,0.5
129.84895181655884,0.5,0.5
129.85044717788696,0.5,0.5
129.86276173591614,0.5,0.5
129.8638141155243,0.5,0.5
129.86756563186646,0.5,0.5
129.87234902381897,0.5,0.5
129.88001942634585,0.5,0.5
129.89317965507507,0.5,0.5
129.89981412887573,0.5,0.5
129.90595841407776,0.5,0.5
129.90756559371948,0.5,0.5
129.91246914863586,0.5,0.5
129.91334891319275,0.5,0.5
129.92217421531677,0.5,0.5
129.92706608772278,0.5,0.5
129.92781376838684,0.5,0.5
129.93534660339355,0.5,0.5
129.93756580352783,0.5,0.5
129.93799448013306,0.5,0.5
129.9473659992218,0.5,0.5
129.96090292930603,0.5,0.5
129.96381378173828,0.5,0.5
129.96556448936462,0.5,0.5
129.96887230873108,0.5,0.5
129.97634649276733,0.5,0.5
129.9838137626648,0.5,0.5
129.98614239692688,0.5,0.5
129.99656462669373,0.5,0.5
130.0006983280182,0.5,0.5
130.0043466091156,0.5,0.5
130.00681686401367,0.5,0.5
130.01916551589966,0.5,0.5
130.02781295776367,0.5,0.5
130.03131365776062,0.5,0.5
130.03856444358826,0.5,0.5
130.0416579246521,0.5,0.5
130.04734539985657,0.5,0.5
130.05101561546326,0.5,0.5
130.05957627296448,0.5,0.5
130.06281304359436,0.5,0.5
130.06756591796875,0.5,0.5
130.06765961647034,0.5,0.5
130.07734537124634,0.5,0.5
130.08381295204163,0.5,0.5
130.092547416687,0.5,0.5
130.09556603431702,0.5,0.5
130.1002459526062,0.5,0.5
130.10334539413452,0.5,0.5
130.11426901817322,0.5,0.5
130.12581300735474,0.5,0.5
130.12850761413574,0.5,0.5
130.13856601715088,0.5,0.5
130.1396644115448,0.5,0.5
130.14534640312195,0.5,0.5
130.15269684791565,0.5,0.5
130.15818858146667,0.5,0.5
130.16281270980835,0.5,0.5
130.1655650138855,0.5,0.5
130.17101645469666,0.5,0.5
130.1813464164734,0.5,0.5
130.18683528900146,0.5,0.5
130.19656491279602,0.5,0.5
130.19781279563904,0.5,0.5
130.2044916152954,0.5,0.5
130.2083466053009,0.5,0.5
130.2171676158905,0.5,0.5
130.21974205970764,0.5,0.5
130.23068070411682,0.5,0.5
130.23281502723694,0.5,0.5
130.23661708831787,0.5,0.5
130.23856496810913,0.5,0.5
130.2453465461731,0.5,0.5
130.24843049049375,0.5,0.5
130.2560110092163,0.5,0.5
130.26581501960754,0.5,0.5
130.2665638923645,0.5,0.5
130.2679786682129,0.5,0.5
130.27234649658203,0.5,0.5
130.27970719337463,0.5,0.5
130.2928147315979,0.5,0.5
130.29451441764832,0.5,0.5
130.2975640296936,0.5,0.5
130.30292439460754,0.5,0.5
130.30934643745422,0.5,0.5
130.31122946739197,0.5,0.5
130.3202085494995,0.5,0.5
130.3228142261505,0.5,0.5
130.3255639076233,0.5,0.5
130.33072781562805,0.5,0.5
130.3398129940033,0.5,0.5
130.34334635734558,0.5,0.5
130.3467390537262,0.5,0.5
130.36281418800354,0.5,0.5
130.36756706237793,0.5,0.5
130.3684070110321,0.5,0.5
130.37334895133972,0.5,0.5
130.37498569488525,0.5,0.5
130.38706469535828,0.4,0.6
130.3935136795044,0.4,0.6
130.3975670337677,0.4,0.6
130.39881420135498,0.4,0.6
130.41434907913208,0.4,0.6
130.4152660369873,0.5,0.5
130.4266881942749,0.5,0.5
130.42781019210815,0.5,0.5
130.4395670890808,0.5,0.5
130.44191241264343,0.5,0.5
130.44334840774536,0.5,0.5
130.45050501823425,0.4,0.6
130.45781016349792,0.4,0.6
130.4675648212433,0.4,0.6
130.46840929985046,0.4,0.6
130.47234845161438,0.4,0.6
130.47717189788818,0.4,0.6
130.4880576133728,0.4,0.6
130.49381017684937,0.4,0.6
130.49756479263306,0.4,0.6
130.49869084358215,0.4,0.6
130.50234842300415,0.4,0.6
130.5130898952484,0.4,0.6
130.52380871772766,0.4,0.6
130.52656483650208,0.4,0.6
130.52842903137207,0.4,0.6
130.532249212265,0.4,0.6
130.5442099571228,0.4,0.6
130.54434776306152,0.4,0.6
130.561030626297,0.4,0.6
130.56480860710144,0.4,0.6
130.56855988502502,0.4,0.6
130.57133769989014,0.4,0.6
130.5743477344513,0.4,0.6
130.58551859855652,0.5,0.5
130.58680868148804,0.5,0.5
130.59658336639404,0.5,0.5
130.59755992889404,0.5,0.5
130.60234761238098,0.5,0.5
130.60876297950745,0.5,0.5
130.61243295669556,0.5,0.5
130.62160229682922,0.5,0.5
130.62780857086182,0.5,0.5
130.63820934295654,0.5,0.5
130.63956022262573,0.5,0.5
130.64503359794617,0.5,0.5
130.64634728431702,0.5,0.5
130.65517950057983,0.5,0.5
130.65580868721008,0.5,0.5
130.6645951271057,0.5,0.5
130.667560338974,0.5,0.5
130.67271280288696,0.5,0.5
130.67334723472595,0.5,0.5
130.68643641471863,0.5,0.5
130.69632363319397,0.5,0.5
130.6965606212616,0.5,0.5
130.69880867004397,0.5,0.5
130.70334720611572,0.5,0.5
130.71684098243713,0.5,0.5
130.72580814361572,0.5,0.5
130.727459192276,0.5,0.5
130.73856043815613,0.5,0.5
130.74534630775452,0.5,0.5
130.74918031692505,0.5,0.5
130.75152468681335,0.5,0.5
130.76380801200867,0.5,0.5
130.76756072044373,0.5,0.5
130.7753462791443,0.5,0.5
130.78226900100708,0.5,0.5
130.78982138633728,0.5,0.5
130.7955605983734,0.5,0.5
130.7978081703186,0.5,0.5
130.80434608459473,0.5,0.5
130.80438256263733,0.5,0.5
130.81059885025024,0.5,0.5
130.8231339454651,0.5,0.5
130.8258092403412,0.5,0.5
130.83399868011475,0.5,0.5
130.83756041526794,0.5,0.5
130.84734559059143,0.5,0.5
130.8493137359619,0.5,0.5
130.85380911827087,0.5,0.5
130.85444498062134,0.5,0.5
130.8665645122528,0.5,0.5
130.86671614646912,0.5,0.5
130.87577319145203,0.5,0.5
130.87934589385986,0.5,0.5
130.88581347465515,0.5,0.5
130.89580917358398,0.5,0.5
130.89773440361023,0.5,0.5
130.90534591674805,0.5,0.5
130.9075644016266,0.5,0.5
130.9113209247589,0.4,0.6
130.91666746139526,0.4,0.6
130.92580699920654,0.4,0.6
130.92804527282715,0.4,0.6
130.93523406982422,0.4,0.6
130.93756461143494,0.4,0.6
130.94334506988525,0.4,0.6
130.94935274124146,0.4,0.6
130.95274138450625,0.4,0.6
130.96271753311157,0.4,0.6
130.96556448936462,0.4,0.6
130.96580696105957,0.4,0.6
130.9763569831848,0.4,0.6
130.97834515571594,0.4,0.6
130.99186420440674,0.4,0.6
130.99380683898926,0.4,0.6
130.99656462669373,0.4,0.6
131.00397300720215,0.4,0.6
131.00715899467468,0.4,0.6
131.0083451271057,0.4,0.6
131.0212364196777,0.4,0.6
131.0228042602539,0.4,0.6
131.0293025970459,0.4,0.6
131.03856444358826,0.4,0.6
131.0400722026825,0.4,0.6
131.04334497451782,0.4,0.6
131.04854321479797,0.4,0.6
131.05717587471008,0.4,0.6
131.06290125846863,0.4,0.6
131.0668044090271,0.4,0.6
131.0675630569458,0.4,0.6
131.08034491539,0.4,0.6
131.08405947685242,0.4,0.6
131.0928041934967,0.4,0.6
131.09839868545532,0.4,0.6
131.10734486579895,0.4,0.6
131.10956287384033,0.4,0.6
131.11583375930786,0.4,0.6
131.122802734375,0.4,0.6
131.12449431419373,0.4,0.6
131.13856291770935,0.4,0.6
131.1389446258545,0.4,0.6
131.14334392547607,0.4,0.6
131.16280269622803,0.4,0.6
131.16441321372986,0.4,0.6
131.16556215286255,0.4,0.6
131.1759705543518,0.4,0.6
131.17734360694885,0.4,0.6
131.18120455741882,0.4,0.6
131.194744348526,0.3,0.7
131.19556212425232,0.3,0.7
131.1978030204773,0.3,0.7
131.20227241516113,0.3,0.7
131.20534420013428,0.3,0.7
131.21527004241943,0.3,0.7
131.22580456733704,0.3,0.7
131.23455572128296,0.3,0.7
131.2353436946869,0.3,0.7
131.2365620136261,0.3,0.7
131.24159932136536,0.3,0.7
131.25632548332214,0.3,0.7
131.26280450820923,0.3,0.7
131.26456093788147,0.3,0.7
131.2749102115631,0.3,0.7
131.27734351158142,0.3,0.7
131.29432439804077,0.3,0.7
131.29580450057983,0.3,0.7
131.3053436279297,0.3,0.7
131.30756092071533,0.3,0.7
131.30980730056763,0.3,0.7
131.31610822677612,0.5,0.5
131.32380080223083,0.5,0.5
131.32790422439575,0.5,0.5
131.33162641525269,0.5,0.5
131.33434534072876,0.5,0.5
131.33556079864502,0.5,0.5
131.34794569015503,0.5,0.5
131.36529660224917,0.5,0.5
131.36680102348328,0.5,0.5
131.37156057357788,0.5,0.5
131.3763391971588,0.5,0.5
131.37634539604187,0.5,0.5
131.3902759552002,0.5,0.5
131.39380073547363,0.5,0.5
131.39956068992615,0.5,0.5
131.40030908584595,0.5,0.5
131.40434551239014,0.5,0.5
131.40953254699707,0.5,0.5
131.417964220047,0.5,0.5
131.4238007068634,0.5,0.5
131.43334674835205,0.5,0.5
131.43399691581726,0.5,0.5
131.4355607032776,0.5,0.5
131.44953441619873,0.5,0.5
131.46380066871643,0.5,0.5
131.4658694267273,0.5,0.5
131.47055840492249,0.5,0.5
131.4716124534607,0.6,0.4
131.48281908035278,0.5,0.5
131.4833467006683,0.5,0.5
131.48480081558228,0.5,0.5
131.4926552772522,0.5,0.5
131.4949975013733,0.5,0.5
131.50334668159485,0.5,0.5
131.50626850128174,0.5,0.5
131.50755834579468,0.5,0.5
131.52655839920044,0.5,0.5
131.52780055999756,0.5,0.5
131.53461003303528,0.5,0.5
131.54036927223206,0.5,0.5
131.54595613479614,0.5,0.5
131.54834699630737,0.5,0.5
131.55218172073364,0.5,0.5
131.56185221672058,0.5,0.5
131.563800573349,0.5,0.5
131.56855726242063,0.5,0.5
131.5753469467163,0.5,0.5
131.58392643928528,0.5,0.5
131.59624075889587,0.5,0.5
131.59655737876892,0.5,0.5
131.59980034828186,0.5,0.5
131.60434699058533,0.5,0.5
131.61333346366882,0.5,0.5
131.62067937850952,0.5,0.5
131.6277995109558,0.5,0.5
131.6343469619751,0.5,0.5
131.63753366470337,0.5,0.5
131.63955736160278,0.5,0.5
131.65230011940002,0.5,0.5
131.6591353416443,0.5,0.5
131.66479921340942,0.5,0.5
131.66755604743958,0.5,0.5
131.66862392425537,0.5,0.5
131.67734694480896,0.5,0.5
131.67877840995789,0.5,0.5
131.68479919433594,0.5,0.5
131.6945517063141,0.5,0.5
131.69555616378784,0.5,0.5
131.70284914970398,0.5,0.5
131.7093470096588,0.5,0.5
131.72365427017212,0.5,0.5
131.72879910469055,0.5,0.5
131.7358467578888,0.5,0.5
131.73849606513977,0.5,0.5
131.73955512046814,0.5,0.5
131.74334812164307,0.5,0.5
131.7487120628357,0.5,0.5
131.75579929351807,0.5,0.5
131.75920581817627,0.5,0.5
131.76555490493774,0.5,0.5
131.77334833145142,0.5,0.5
131.77575016021729,0.5,0.5
131.78429460525513,0.5,0.5
131.79404377937317,0.5,0.5
131.79422688484192,0.5,0.5
131.7955551147461,0.5,0.5
131.7977991104126,0.5,0.5
131.8095362186432,0.5,0.5
131.8108835220337,0.5,0.5
131.8143482208252,0.5,0.5
131.82189440727234,0.5,0.5
131.8267958164215,0.5,0.5
131.83655500411987,0.5,0.5
131.84334778785706,0.5,0.5
131.8483121395111,0.5,0.5
131.85579586029053,0.5,0.5
131.85596895217896,0.5,0.5
131.86755299568176,0.5,0.5
131.86771178245544,0.5,0.5
131.87834763526917,0.5,0.5
131.88010501861572,0.5,0.5
131.8837957382202,0.5,0.5
131.8869833946228,0.5,0.5
131.90462446212769,0.5,0.5
131.9075529575348,0.5,0.5
131.91334772109985,0.5,0.5
131.91684913635254,0.5,0.5
131.92579555511475,0.5,0.5
131.9293918609619,0.5,0.5
131.9343454837799,0.5,0.5
131.93555307388306,0.5,0.5
131.93986868858337,0.5,0.5
131.9473032951355,0.5,0.5
131.953795671463,0.5,0.5
131.96026039123535,0.5,0.5
131.96983981132507,0.5,0.5
131.97055220603943,0.5,0.5
131.97734546661377,0.5,0.5
131.9795699119568,0.5,0.5
131.9914107322693,0.5,0.5
131.99579548835754,0.5,0.5
131.99692130088806,0.5,0.5
131.99955201148987,0.5,0.5
132.01236200332642,0.5,0.5
132.0133454799652,0.5,0.5
132.01923990249634,0.5,0.5
132.02379298210144,0.5,0.5
132.03334259986875,0.5,0.5
132.0341145992279,0.5,0.5
132.0355520248413,0.5,0.5
132.05156016349792,0.5,0.5
132.05879306793213,0.5,0.5
132.05948090553284,0.5,0.5
132.0675013065338,0.5,0.5
132.06954765319824,0.5,0.5
132.0753424167633,0.5,0.5
132.08357858657837,0.5,0.5
132.09379315376282,0.5,0.5
132.09417080879211,0.5,0.5
132.1043426990509,0.5,0.5
132.10454750061035,0.5,0.5
132.1084442138672,0.5,0.5
132.12654781341553,0.5,0.5
132.1274070739746,0.5,0.5
132.12879371643066,0.5,0.5
132.1416299343109,0.5,0.5
132.14634227752686,0.5,0.5
132.1532642841339,0.5,0.5
132.1625587940216,0.5,0.5
132.1647937297821,0.5,0.5
132.1675465106964,0.5,0.5
132.17124938964844,0.5,0.5
132.17534232139587,0.5,0.5
132.18036890029907,0.5,0.5
132.19379377365112,0.5,0.5
132.19654655456543,0.5,0.5
132.20189499855042,0.5,0.5
132.20634245872498,0.5,0.5
132.21376991271973,0.5,0.5
132.22272968292236,0.5,0.5
132.2239534854889,0.5,0.5
132.22479248046875,0.5,0.5
132.2336709499359,0.5,0.5
132.23854660987854,0.5,0.5
132.2473349571228,0.5,0.5
132.26018834114075,0.5,0.5
132.26479244232178,0.5,0.5
132.26572012901306,0.5,0.5
132.26754641532898,0.5,0.5
132.27733492851257,0.5,0.5
132.27886581420898,0.5,0.5
132.29186701774597,0.5,0.5
132.2937924861908,0.5,0.5
132.29654622077942,0.5,0.5
132.30533480644226,0.5,0.5
132.3089258670807,0.5,0.5
132.31211733818054,0.5,0.5
132.32091999053955,0.4,0.6
132.3287935256958,0.4,0.6
132.33333444595337,0.4,0.6
132.33854627609253,0.4,0.6
132.34252524375916,0.4,0.6
132.34846258163452,0.4,0.6
132.3570680618286,0.5,0.5
132.3637936115265,0.5,0.5
132.36549472808838,0.5,0.5
132.36654448509216,0.5,0.5
132.3724238872528,0.5,0.5
132.37633442878723,0.5,0.5
132.39379382133484,0.5,0.5
132.39554452896118,0.5,0.5
132.40333461761475,0.5,0.5
132.40335035324097,0.5,0.5
132.41686749458313,0.5,0.5
132.42779159545898,0.5,0.5
132.43654441833496,0.5,0.5
132.44250178337097,0.5,0.5
132.44733715057373,0.5,0.5
132.4565088748932,0.5,0.5
132.456791639328,0.5,0.5
132.46454334259033,0.5,0.5
132.4733371734619,0.5,0.5
132.4865710735321,0.5,0.5
132.49779176712036,0.5,0.5
132.50133728981018,0.5,0.5
132.50452375411987,0.5,0.5
132.5075433254242,0.5,0.5
132.51377034187317,0.5,0.5
132.52593231201172,0.5,0.5
132.52879333496094,0.5,0.5
132.53554320335388,0.5,0.5
132.54187107086182,0.5,0.5
132.5433361530304,0.5,0.5
132.5545392036438,0.5,0.5
132.56288886070251,0.5,0.5
132.56379318237305,0.5,0.5
132.571542263031,0.5,0.5
132.5723361968994,0.5,0.5
132.57983326911926,0.5,0.5
132.58579325675964,0.5,0.5
132.59457802772522,0.5,0.5
132.5995421409607,0.5,0.5
132.6073362827301,0.5,0.5
132.60804152488708,0.5,0.5
132.6203911304474,0.5,0.5
132.6267900466919,0.5,0.5
132.6294960975647,0.5,0.5
132.63554215431213,0.5,0.5
132.6423373222351,0.5,0.5
132.64323353767395,0.5,0.5
132.6510772705078,0.5,0.5
132.65970253944397,0.5,0.5
132.6627900600433,0.5,0.5
132.66855764389038,0.5,0.5
132.67054152488708,0.5,0.5
132.67733716964722,0.5,0.5
132.68385648727417,0.5,0.5
132.69250082969666,0.5,0.5
132.69778990745544,0.5,0.5
132.70382475852966,0.5,0.5
132.70533728599548,0.5,0.5
132.70654153823853,0.5,0.5
132.72540831565857,0.5,0.5
132.72678780555725,0.5,0.5
132.73431849479675,0.5,0.5
132.73554134368896,0.5,0.5
132.7483355998993,0.5,0.5
132.74879240989685,0.5,0.5
132.7537877559662,0.5,0.5
132.7609293460846,0.5,0.5
132.7715401649475,0.5,0.5
132.7735424041748,0.5,0.5
132.7753357887268,0.5,0.5
132.7857322692871,0.5,0.5
132.7957878112793,0.5,0.5
132.7991704940796,0.5,0.5
132.79954028129578,0.5,0.5
132.8036298751831,0.5,0.5
132.80433559417725,0.5,0.5
132.8156599998474,0.5,0.5
132.82378721237183,0.5,0.5
132.83554005622864,0.5,0.5
132.8386936187744,0.5,0.5
132.84533500671387,0.5,0.5
132.8497211933136,0.5,0.5
132.8537871837616,0.5,0.5
132.8593873977661,0.5,0.5
132.86954021453855,0.5,0.5
132.87033605575562,0.5,0.5
132.8763349056244,0.5,0.5
132.8915033340454,0.5,0.5
132.8915331363678,0.5,0.5
132.89678716659546,0.5,0.5
132.90333485603333,0.5,0.5
132.9045398235321,0.5,0.5
132.9088580608368,0.5,0.5
132.91636753082275,0.5,0.5
132.92278742790222,0.5,0.5
132.92544841766355,0.5,0.5
132.9265398979187,0.5,0.5
132.94492435455322,0.5,0.5
132.94533395767212,0.5,0.5
132.95213866233826,0.5,0.5
132.95481395721436,0.5,0.5
132.96370434761047,0.5,0.5
132.96478748321533,0.5,0.5
132.97053933143616,0.5,0.5
132.97433400154114,0.5,0.5
132.97517085075378,0.5,0.5
132.9877369403839,0.5,0.5
132.99303364753723,0.5,0.5
132.99378728866577,0.5,0.5
132.99753952026367,0.5,0.5
133.0043342113495,0.5,0.5
133.0087649822235,0.5,0.5
133.01127934455872,0.5,0.5
133.01961612701416,0.5,0.5
133.02378630638125,0.5,0.5
133.03061151504517,0.5,0.5
133.0383338928223,0.5,0.5
133.0395393371582,0.5,0.5
133.04077911376953,0.5,0.5
133.0522265434265,0.5,0.5
133.054931640625,0.5,0.5
133.06378626823425,0.5,0.5
133.06753873825073,0.5,0.5
133.07045102119446,0.5,0.5
133.0743339061737,0.5,0.5
133.0757405757904,0.5,0.5
133.09278631210327,0.5,0.5
133.09553861618042,0.5,0.5
133.09720420837402,0.5,0.5
133.09906101226807,0.5,0.5
133.10333395004272,0.5,0.5
133.1164426803589,0.5,0.5
133.12052869796753,0.5,0.5
133.12778520584106,0.5,0.5
133.1329894065857,0.5,0.5
133.13853859901428,0.5,0.5
133.1423258781433,0.5,0.5
133.14933443069458,0.5,0.5
133.14984440803528,0.5,0.5
133.160799741745,0.5,0.5
133.1637852191925,0.5,0.5
133.16553831100464,0.5,0.5
133.17186379432678,0.5,0.5
133.17533445358276,0.5,0.5
133.19278502464294,0.5,0.5
133.1955382823944,0.5,0.5
133.19626355171204,0.5,0.5
133.20533442497253,0.5,0.5
133.20785760879517,0.5,0.5
133.21701788902283,0.5,0.5
133.22669887542725,0.5,0.5
133.22678399086,0.5,0.5
133.23433661460876,0.5,0.5
133.23753833770752,0.5,0.5
133.2445764541626,0.5,0.5
133.2610001564026,0.5,0.5
133.2652657032013,0.5,0.5
133.26578402519226,0.5,0.5
133.266539812088,0.5,0.5
133.27471208572388,0.5,0.5
133.27833652496338,0.5,0.5
133.28478407859802,0.5,0.5
133.28608012199402,0.5,0.5
133.29978370666504,0.5,0.5
133.30053973197937,0.5,0.5
133.31081914901733,0.5,0.5
133.31333661079407,0.5,0.5
133.32678389549255,0.5,0.5
133.3268609046936,0.5,0.5
133.33433866500854,0.5,0.5
133.33553981781006,0.5,0.5
133.35412216186523,0.5,0.5
133.36224627494812,0.5,0.5
133.362783908844,0.5,0.5
133.3690207004547,0.5,0.5
133.3715410232544,0.5,0.5
133.37733840942383,0.5,0.5
133.38377213478088,0.5,0.5
133.39033794403076,0.5,0.5
133.3977837562561,0.5,0.5
133.3995406627655,0.5,0.5
133.40733885765076,0.5,0.5
133.41080117225647,0.5,0.5
133.42292976379397,0.5,0.5
133.4267816543579,0.5,0.5
133.4365406036377,0.5,0.5
133.44333839416504,0.5,0.5
133.44390177726746,0.5,0.5
133.45378160476685,0.5,0.5
133.46349430084229,0.5,0.5
133.47153854370117,0.5,0.5
133.47833847999573,0.5,0.5
133.47881269454956,0.5,0.5
133.49242162704468,0.5,0.5
133.492906332016,0.5,0.5
133.49578166007996,0.5,0.5
133.50621461868286,0.5,0.5
133.506338596344,0.5,0.5
133.5075385570526,0.5,0.5
133.5152232646942,0.5,0.5
133.52378129959106,0.5,0.5
133.52575492858887,0.5,0.5
133.53433799743652,0.5,0.5
133.5371479988098,0.5,0.5
133.53753852844238,0.5,0.5
133.5512294769287,0.5,0.5
133.562668800354,0.5,0.5
133.56578135490415,0.5,0.5
133.5725359916687,0.5,0.5
133.57484936714172,0.5,0.5
133.57933807373047,0.5,0.5
133.58955454826355,0.5,0.5
133.58971428871155,0.5,0.5
133.59578132629397,0.5,0.5
133.60048365592957,0.5,0.5
133.60053634643555,0.5,0.5
133.60533809661865,0.5,0.5
133.61410212516785,0.5,0.5
133.62307953834534,0.5,0.5
133.62877917289734,0.5,0.5
133.63549327850342,0.5,0.5
133.63653659820557,0.5,0.5
133.64333176612854,0.5,0.5
133.64630937576294,0.5,0.5
133.66137886047363,0.5,0.5
133.66377925872803,0.5,0.5
133.66553592681885,0.5,0.5
133.66891646385193,0.5,0.5
133.67549395561218,0.5,0.5
133.67833161354065,0.5,0.5
133.6877145767212,0.5,0.5
133.69277930259705,0.5,0.5
133.7060101032257,0.5,0.5
133.70733189582825,0.5,0.5
133.70753574371338,0.5,0.5
133.7236943244934,0.5,0.5
133.72777915000916,0.5,0.5
133.73117446899414,0.5,0.5
133.73553586006165,0.5,0.5
133.74333119392395,0.5,0.5
133.74650120735168,0.5,0.5
133.75446200370789,0.5,0.5
133.76277923583984,0.5,0.5
133.77053499221802,0.5,0.5
133.7755641937256,0.5,0.5
133.7793312072754,0.5,0.5
133.7836515903473,0.5,0.5
133.7968394756317,0.5,0.5
133.79877924919128,0.5,0.5
133.8055350780487,0.5,0.5
133.80606293678284,0.5,0.5
133.80733132362366,0.5,0.5
133.808762550354,0.5,0.5
133.82528471946716,0.5,0.5
133.82687330245972,0.5,0.5
133.82778096199036,0.5,0.5
133.8405351638794,0.5,0.5
133.84333062171936,0.5,0.5
133.8455786705017,0.5,0.5
133.85696649551392,0.5,0.5
133.86577606201172,0.5,0.5
133.86778092384338,0.5,0.5
133.86953353881836,0.5,0.5
133.8783299922943,0.5,0.5
133.87933135032654,0.5,0.5
133.89578104019165,0.5,0.5
133.90197682380676,0.5,0.5
133.90453362464905,0.5,0.5
133.9053304195404,0.5,0.5
133.9115664958954,0.5,0.5
133.92378067970276,0.5,0.5
133.9241292476654,0.5,0.5
133.9265334606171,0.5,0.5
133.9336016178131,0.5,0.5
133.9483289718628,0.5,0.5
133.95169305801392,0.5,0.5
133.95278072357178,0.5,0.5
133.96010828018188,0.5,0.5
133.96753239631653,0.5,0.5
133.9793291091919,0.5,0.5
133.99553275108337,0.5,0.5
133.9967803955078,0.5,0.5
134.00532913208008,0.5,0.5
134.0116102695465,0.5,0.5
134.02378129959106,0.5,0.5
134.03853273391724,0.5,0.5
134.0433280467987,0.5,0.5
134.05278134346008,0.5,0.5
134.067533493042,0.5,0.5
134.07732820510864,0.5,0.5
134.09378123283386,0.5,0.5
134.09553360939026,0.5,0.5
134.10532808303833,0.5,0.5
134.12277841567993,0.5,0.5
134.12329268455505,0.5,0.5
134.13853359222412,0.5,0.5
134.14832639694214,0.5,0.5
134.1657783985138,0.5,0.5
134.16619420051575,0.5,0.5
134.1665322780609,0.5,0.5
134.17532658576965,0.5,0.5
134.19199085235596,0.5,0.5
134.1927785873413,0.5,0.5
134.19553232192993,0.5,0.5
134.19714760780334,0.5,0.5
134.2043263912201,0.5,0.5
134.21530652046204,0.5,0.5
134.22278308868408,0.5,0.5
134.2270309925079,0.5,0.5
134.2365322113037,0.5,0.5
134.24155163764954,0.5,0.5
134.24732375144958,0.5,0.5
134.25035953521729,0.5,0.5
134.2572638988495,0.5,0.5
134.26453018188477,0.5,0.5
134.2647831439972,0.5,0.5
134.268488407135,0.5,0.5
134.27710151672363,0.5,0.5
134.27732372283936,0.5,0.5
134.29478311538696,0.5,0.5
134.2988302707672,0.5,0.5
134.3043236732483,0.5,0.5
134.30853009223938,0.5,0.5
134.31252360343933,0.5,0.5
134.31628799438477,0.5,0.5
134.3227789402008,0.5,0.5
134.325660943985,0.4,0.6
134.33539628982544,0.4,0.6
134.3355302810669,0.4,0.6
134.34731578826904,0.4,0.6
134.3479130268097,0.4,0.6
134.3577790260315,0.4,0.6
134.36429071426392,0.4,0.6
134.3705291748047,0.4,0.6
134.37418913841248,0.4,0.6
134.37531566619873,0.4,0.6
134.3900740146637,0.4,0.6
134.3927788734436,0.4,0.6
134.3993661403656,0.4,0.6
134.40452909469604,0.4,0.6
134.40987730026245,0.4,0.6
134.41131567955017,0.4,0.6
134.421324968338,0.4,0.6
134.4227774143219,0.4,0.6
134.43231296539307,0.4,0.6
134.43500304222107,0.4,0.6
134.43952918052673,0.4,0.6
134.44458103179932,0.4,0.6
134.46158456802368,0.4,0.6
134.46277737617493,0.4,0.6
134.46431422233582,0.4,0.6
134.46752738952637,0.4,0.6
134.47258043289185,0.4,0.6
134.47731280326843,0.4,0.6
134.4813323020935,0.4,0.6
134.4927773475647,0.4,0.6
134.49552726745603,0.4,0.6
134.50290942192078,0.4,0.6
134.50431299209595,0.4,0.6
134.50608110427856,0.4,0.6
134.5253620147705,0.4,0.6
134.5277760028839,0.4,0.6
134.5285768508911,0.4,0.6
134.53554487228394,0.4,0.6
134.5385274887085,0.4,0.6
134.5483112335205,0.4,0.6
134.56377577781677,0.4,0.6
134.56379747390747,0.4,0.6
134.56552720069885,0.4,0.6
134.57016468048096,0.4,0.6
134.5763111114502,0.4,0.6
134.57644867897034,0.4,0.6
134.5927758216858,0.4,0.6
134.5945270061493,0.4,0.6
134.59470200538635,0.4,0.6
134.60779809951782,0.4,0.6
134.6133110523224,0.4,0.6
134.62153267860413,0.4,0.6
134.6277756690979,0.4,0.6
134.63231110572815,0.4,0.6
134.63552713394165,0.4,0.6
134.63992500305176,0.4,0.6
134.6589550971985,0.4,0.6
134.65961241722107,0.4,0.6
134.66377568244934,0.4,0.6
134.67152500152588,0.4,0.6
134.6773111820221,0.4,0.6
134.68283820152283,0.4,0.6
134.6884744167328,0.4,0.6
134.69277572631836,0.4,0.6
134.6973283290863,0.4,0.6
134.70577716827393,0.4,0.6
134.70752501487732,0.4,0.6
134.7123110294342,0.4,0.6
134.72108435630798,0.4,0.6
134.7267746925354,0.4,0.6
134.72752499580383,0.4,0.6
134.73398280143738,0.4,0.6
134.74231028556824,0.4,0.6
134.7443540096283,0.4,0.6
134.76028752326965,0.4,0.6
134.76277470588684,0.4,0.6
134.76849699020386,0.4,0.6
134.76852536201477,0.4,0.6
134.7773106098175,0.4,0.6
134.77978324890137,0.4,0.6
134.7884030342102,0.4,0.6
134.79652523994446,0.4,0.6
134.79777455329895,0.4,0.6
134.7984504699707,0.4,0.6
134.8119204044342,0.4,0.6
134.81331062316897,0.4,0.6
134.82727646827698,0.4,0.6
134.82777309417725,0.4,0.6
134.83049273490906,0.4,0.6
134.83952522277832,0.4,0.6
134.8423125743866,0.4,0.6
134.8627731800079,0.4,0.6
134.86752581596377,0.4,0.6
134.87731266021729,0.4,0.6
134.8837730884552,0.4,0.6
134.895525932312,0.4,0.6
134.91331267356873,0.4,0.6
134.9257731437683,0.4,0.6
134.9365258216858,0.4,0.6
134.94231295585632,0.4,0.6
134.953773021698,0.4,0.6
134.96452593803406,0.4,0.6
134.97731280326843,0.4,0.6
134.99677300453186,0.4,0.6
134.99952578544617,0.4,0.6
135.01331281661987,0.4,0.6
135.02677154541016,0.4,0.6
135.0355257987976,0.4,0.6
135.03593611717224,0.4,0.6
135.04249787330627,0.4,0.6
135.04331040382385,0.4,0.6
135.05586981773376,0.4,0.6
135.06777119636536,0.4,0.6
135.06952381134033,0.4,0.6
135.07785725593567,0.4,0.6
135.08331060409546,0.4,0.6
135.08899068832395,0.4,0.6
135.09477162361145,0.4,0.6
135.09852361679077,0.4,0.6
135.0990333557129,0.4,0.6
135.10856199264526,0.4,0.6
135.1123104095459,0.4,0.6
135.12039852142334,0.4,0.6
135.12376999855042,0.4,0.6
135.1255238056183,0.4,0.6
135.13331055641174,0.4,0.6
135.1399850845337,0.4,0.6
135.14657616615295,0.4,0.6
135.16173720359802,0.4,0.6
135.1657702922821,0.4,0.6
135.16852378845215,0.4,0.6
135.17531061172485,0.4,0.6
135.1818482875824,0.4,0.6
135.18991804122925,0.4,0.6
135.19477033615112,0.4,0.6
135.1975235939026,0.4,0.6
135.2003939151764,0.4,0.6
135.20331048965454,0.4,0.6
135.20526695251465,0.4,0.6
135.2215301990509,0.4,0.6
135.2237708568573,0.4,0.6
135.23808455467224,0.5,0.5
135.23952388763428,0.5,0.5
135.24530911445618,0.5,0.5
135.25034737586975,0.5,0.5
135.25277066230774,0.5,0.5
135.2675232887268,0.5,0.5
135.2706310749054,0.5,0.5
135.27530908584595,0.5,0.5
135.27976942062378,0.5,0.5
135.2914686203003,0.5,0.5
135.29577088356018,0.5,0.5
135.3015332221985,0.5,0.5
135.30230903625488,0.5,0.5
135.30952334403992,0.5,0.5
135.31116580963135,0.5,0.5
135.3187026977539,0.5,0.5
135.3197798728943,0.5,0.5
135.3227710723877,0.5,0.5
135.3330798149109,0.5,0.5
135.3375232219696,0.5,0.5
135.34430718421936,0.5,0.5
135.34637832641602,0.5,0.5
135.3573648929596,0.5,0.5
135.3647711277008,0.5,0.5
135.36510801315308,0.5,0.5
135.37252354621887,0.5,0.5
135.37330722808838,0.5,0.5
135.37426590919495,0.8,0.2
135.3806610107422,0.8,0.2
135.39377093315125,0.8,0.2
135.39927434921265,0.8,0.2
135.40052342414856,0.8,0.2
135.40330719947815,0.8,0.2
135.40736174583435,0.8,0.2
135.42107701301575,0.8,0.2
135.4257698059082,0.9,0.1
135.42852354049683,0.9,0.1
135.43160271644592,0.9,0.1
135.43511605262756,0.9,0.1
135.4453058242798,0.9,0.1
135.44880199432373,0.9,0.1
135.45776963233948,0.9,0.1
135.45861721038818,0.9,0.1
135.4705228805542,0.9,0.1
135.47357892990112,0.9,0.1
135.47530555725098,0.9,0.1
135.48923182487488,0.9,0.1
135.49276971817017,0.9,0.1
135.4985227584839,0.9,0.1
135.50330519676208,0.9,0.1
135.50776505470276,0.9,0.1
135.51058793067932,0.9,0.1
135.52652287483215,0.9,0.1
135.5265371799469,0.9,0.1
135.52776980400083,0.9,0.1
135.53834009170532,0.9,0.1
135.5430634021759,0.9,0.1
135.54730439186096,0.9,0.1
135.55000686645508,0.9,0.1
135.55726671218872,0.9,0.1
135.5637698173523,0.9,0.1
135.5684142112732,1.0,0.0
135.56852293014526,1.0,0.0
135.57330441474917,1.0,0.0
135.5774006843567,1.0,0.0
135.5937695503235,1.0,0.0
135.59652304649353,1.0,0.0
135.59739780426025,1.0,0.0
135.59837079048157,1.0,0.0
135.60830450057983,1.0,0.0
135.6267693042755,1.0,0.0
135.6395230293274,1.0,0.0
135.64430260658264,1.0,0.0
135.6657693386078,1.0,0.0
135.6675226688385,1.0,0.0
135.67330241203308,1.0,0.0
135.69276928901672,1.0,0.0
135.69552302360535,1.0,0.0
135.70384454727173,1.0,0.0
135.70830249786377,1.0,0.0
135.70966172218323,1.0,0.0
135.72094869613647,1.0,0.0
135.7227680683136,1.0,0.0
135.73652338981628,1.0,0.0
135.74166774749756,1.0,0.0
135.74330067634585,1.0,0.0
135.74944400787354,1.0,0.0
135.76387548446655,1.0,0.0
135.76452326774597,1.0,0.0
135.76476788520813,1.0,0.0
135.77078580856323,1.0,0.0
135.78030061721802,1.0,0.0
135.79476761817932,1.0,0.0
135.8067901134491,1.0,0.0
135.80752325057983,1.0,0.0
135.81330060958862,1.0,0.0
135.82676696777344,1.0,0.0
135.83529829978943,1.0,0.0
135.83652329444885,1.0,0.0
135.86276698112488,1.0,0.0
135.8655207157135,1.0,0.0
135.87729835510254,1.0,0.0
135.897766828537,1.0,0.0
135.90529799461365,1.0,0.0
135.9075210094452,1.0,0.0
135.90816688537598,1.0,0.0
135.91479659080505,1.0,0.0
135.92676639556885,1.0,0.0
135.92878031730652,1.0,0.0
135.93430161476135,1.0,0.0
135.93552041053772,1.0,0.0
135.93888020515442,1.0,0.0
135.94731879234314,1.0,0.0
135.9627664089203,1.0,0.0
135.9654746055603,1.0,0.0
135.96693754196167,1.0,0.0
135.97152066230774,1.0,0.0
135.97670364379883,1.0,0.0
135.9773015975952,1.0,0.0
135.9888904094696,1.0,0.0
135.99776649475098,1.0,0.0
136.00207138061523,1.0,0.0
136.00552082061768,1.0,0.0
136.01330161094666,1.0,0.0
136.0151665210724,1.0,0.0
136.02676820755005,1.0,0.0
136.03255486488342,1.0,0.0
136.03330421447754,1.0,0.0
136.0405206680298,1.0,0.0
136.04392647743225,1.0,0.0
136.0485908985138,1.0,0.0
136.057932138443,1.0,0.0
136.0627682209015,1.0,0.0
136.06646537780762,1.0,0.0
136.0695185661316,1.0,0.0
136.07730412483215,1.0,0.0
136.0803530216217,1.0,0.0
136.09276795387268,1.0,0.0
136.09295392036438,1.0,0.0
136.1026418209076,1.0,0.0
136.10430431365967,1.0,0.0
136.10551857948303,1.0,0.0
136.11245250701904,1.0,0.0
136.1277687549591,1.0,0.0
136.12846851348877,1.0,0.0
136.13330268859863,1.0,0.0
136.14051866531372,1.0,0.0
136.14146304130554,1.0,0.0
136.14719581604004,1.0,0.0
136.16376900672913,1.0,0.0
136.16412925720215,1.0,0.0
136.16751861572266,1.0,0.0
136.1743025779724,1.0,0.0
136.17520427703855,1.0,0.0
136.18956995010376,1.0,0.0
136.19276881217957,1.0,0.0
136.19751834869385,1.0,0.0
136.20230269432068,1.0,0.0
136.20981335639954,1.0,0.0
136.2184820175171,1.0,0.0
136.22776818275452,1.0,0.0
136.22788190841675,1.0,0.0
136.23951840400696,1.0,0.0
136.2443027496338,1.0,0.0
136.2452051639557,1.0,0.0
136.2514350414276,1.0,0.0
136.25984692573547,1.0,0.0
136.2647681236267,1.0,0.0
136.2675178050995,1.0,0.0
136.27115654945374,1.0,0.0
136.27230262756348,1.0,0.0
136.28590083122253,1.0,0.0
136.29376816749573,1.0,0.0
136.29384779930115,1.0,0.0
136.2970426082611,1.0,0.0
136.30223321914673,1.0,0.0
136.30230259895325,1.0,0.0
136.3025176525116,1.0,0.0
136.30672574043274,1.0,0.0
136.3165442943573,1.0,0.0
136.32676672935486,1.0,0.0
136.3294060230255,1.0,0.0
136.33751773834229,1.0,0.0
136.3398003578186,1.0,0.0
136.34230256080627,1.0,0.0
136.3483076095581,1.0,0.0
136.35476660728455,1.0,0.0
136.36305379867554,1.0,0.0
136.37105894088745,1.0,0.0
136.3725163936615,1.0,0.0
136.37730240821838,1.0,0.0
136.38156294822693,1.0,0.0
136.39553141593933,1.0,0.0
136.39676666259766,1.0,0.0
136.40051651000977,1.0,0.0
136.41091132164,1.0,0.0
136.4133026599884,1.0,0.0
136.42476630210876,1.0,0.0
136.42851662635803,1.0,0.0
136.43144416809082,1.0,0.0
136.43330192565918,1.0,0.0
136.44559049606323,1.0,0.0
136.45276641845703,1.0,0.0
136.45496702194214,1.0,0.0
136.47051525115967,1.0,0.0
136.47578501701355,1.0,0.0
136.47930192947388,1.0,0.0
136.48942041397095,1.0,0.0
136.49476647377014,1.0,0.0
136.50430178642273,1.0,0.0
136.5065152645111,1.0,0.0
136.5078468322754,1.0,0.0
136.51138401031494,1.0,0.0
136.52276515960693,1.0,0.0
136.53262162208557,1.0,0.0
136.53551530838013,1.0,0.0
136.5431706905365,1.0,0.0
136.54730033874512,1.0,0.0
136.55539631843567,1.0,0.0
136.56209516525269,1.0,0.0
136.56676506996155,1.0,0.0
136.56745028495789,1.0,0.0
136.57151579856873,1.0,0.0
136.57630062103271,1.0,0.0
136.58391547203064,1.0,0.0
136.59276509284973,1.0,0.0
136.59468960762024,1.0,0.0
136.60430026054382,1.0,0.0
136.60651564598083,1.0,0.0
136.60794234275818,1.0,0.0
136.6194281578064,1.0,0.0
136.62276482582092,1.0,0.0
136.6283438205719,1.0,0.0
136.63330006599426,1.0,0.0
136.63551568984985,1.0,0.0
136.6422095298767,1.0,0.0
136.6592342853546,1.0,0.0
136.66276502609253,1.0,0.0
136.6635537147522,1.0,0.0
136.66851592063904,1.0,0.0
136.6749951839447,1.0,0.0
136.67530012130737,1.0,0.0
136.69014072418213,1.0,0.0
136.69651579856873,1.0,0.0
136.69776487350464,1.0,0.0
136.70086932182312,1.0,0.0
136.70329999923706,1.0,0.0
136.70973324775696,1.0,0.0
136.71598505973816,1.0,0.0
136.7277615070343,1.0,0.0
136.7340807914734,1.0,0.0
136.7395157814026,1.0,0.0
136.7473006248474,1.0,0.0
136.75376152992249,1.0,0.0
136.75408697128296,1.0,0.0
136.7653784751892,1.0,0.0
136.76751494407654,1.0,0.0
136.77530026435852,1.0,0.0
136.7890977859497,1.0,0.0
136.79551482200625,1.0,0.0
136.79676151275635,1.0,0.0
136.80032300949097,1.0,0.0
136.80330061912537,1.0,0.0
136.81013941764832,1.0,0.0
136.8197386264801,1.0,0.0
136.82676005363464,1.0,0.0
136.83046627044678,1.0,0.0
136.83651471138,1.0,0.0
136.8421754837036,1.0,0.0
136.8472990989685,1.0,0.0
136.8482928276062,1.0,0.0
136.85607481002808,1.0,0.0
136.86375999450684,1.0,0.0
136.86551308631897,1.0,0.0
136.86811113357544,1.0,0.0
136.8732991218567,1.0,0.0
136.87995409965515,1.0,0.0
136.88694429397583,1.0,0.0
136.89276003837583,1.0,0.0
136.90208888053894,1.0,0.0
136.90329909324646,1.0,0.0
136.90751314163208,1.0,0.0
136.9132571220398,1.0,0.0
136.9277582168579,1.0,0.0
136.93075847625732,1.0,0.0
136.9366159439087,1.0,0.0
136.9385130405426,1.0,0.0
136.94429755210876,1.0,0.0
136.94620203971863,1.0,0.0
136.95274806022644,1.0,0.0
136.96375799179077,1.0,0.0
136.96651220321655,1.0,0.0
136.97488975524902,1.0,0.0
136.97929763793945,1.0,0.0
136.98475813865662,1.0,0.0
136.98765015602112,1.0,0.0
136.99651193618774,1.0,0.0
136.99942660331726,1.0,0.0
137.00729751586914,1.0,0.0
137.00937628746033,1.0,0.0
137.0217490196228,1.0,0.0
137.02486872673035,1.0,0.0
137.0277614593506,1.0,0.0
137.0352976322174,1.0,0.0
137.03658199310303,1.0,0.0
137.03851199150083,1.0,0.0
137.05250430107117,1.0,0.0
137.06276154518127,1.0,0.0
137.0668511390686,1.0,0.0
137.0675094127655,1.0,0.0
137.07729721069336,1.0,0.0
137.0817859172821,1.0,0.0
137.08376121520996,1.0,0.0
137.0891876220703,1.0,0.0
137.09650921821594,1.0,0.0
137.1041224002838,1.0,0.0
137.10529780387878,1.0,0.0
137.11927247047424,1.0,0.0
137.12476205825806,1.0,0.0
137.12857103347778,1.0,0.0
137.1395092010498,1.0,0.0
137.14042472839355,1.0,0.0
137.1471221446991,1.0,0.0
137.14829921722412,1.0,0.0
137.15053820610046,1.0,0.0
137.15376210212708,1.0,0.0
137.1654772758484,1.0,0.0
137.166508436203,1.0,0.0
137.17529940605164,1.0,0.0
137.17639231681824,1.0,0.0
137.19650840759277,1.0,0.0
137.19676208496094,1.0,0.0
137.20329928398132,1.0,0.0
137.2057626247406,1.0,0.0
137.20696139335632,1.0,0.0
137.22007703781128,1.0,0.0
137.2247610092163,1.0,0.0
137.23672580718994,1.0,0.0
137.23850846290588,1.0,0.0
137.24529719352722,1.0,0.0
137.2495789527893,1.0,0.0
137.26179122924805,1.0,0.0
137.26376104354858,1.0,0.0
137.26476001739502,1.0,0.0
137.26750588417053,1.0,0.0
137.27329754829407,1.0,0.0
137.277827501297,1.0,0.0
137.2824900150299,1.0,0.0
137.28476095199585,1.0,0.0
137.29014921188354,1.0,0.0
137.29550576210022,1.0,0.0
137.30193614959717,1.0,0.0
137.30829763412476,1.0,0.0
137.31295919418335,1.0,0.0
137.32199549674988,1.0,0.0
137.32675981521606,1.0,0.0
137.33397221565247,1.0,0.0
137.33850622177124,1.0,0.0
137.34329962730408,1.0,0.0
137.34565472602844,1.0,0.0
137.36275959014893,1.0,0.0
137.3665063381195,1.0,0.0
137.36964511871338,1.0,0.0
137.37329959869385,1.0,0.0
137.381019115448,1.0,0.0
137.39094042778015,1.0,0.0
137.3955066204071,1.0,0.0
137.39675974845886,1.0,0.0
137.40829968452454,1.0,0.0
137.4100751876831,1.0,0.0
137.41584420204163,1.0,0.0
137.42675590515137,1.0,0.0
137.42701959609985,1.0,0.0
137.43600916862488,1.0,0.0
137.4365062713623,1.0,0.0
137.4443016052246,1.0,0.0
137.4483790397644,1.0,0.0
137.45275592803955,1.0,0.0
137.46846318244934,1.0,0.0
137.47150540351868,1.0,0.0
137.47430181503296,1.0,0.0
137.48914790153503,1.0,0.0
137.48956966400146,1.0,0.0
137.4977560043335,1.0,0.0
137.5033016204834,1.0,0.0
137.50599575042725,1.0,0.0
137.50750541687012,1.0,0.0
137.5120255947113,1.0,0.0
137.52180767059326,1.0,0.0
137.52475452423096,1.0,0.0
137.5326030254364,1.0,0.0
137.53330039978027,1.0,0.0
137.5355052947998,1.0,0.0
137.55270266532898,1.0,0.0
137.5547547340393,1.0,0.0
137.55588746070862,1.0,0.0
137.56693148612976,1.0,0.0
137.57050323486328,1.0,0.0
137.57454109191897,1.0,0.0
137.57530069351196,1.0,0.0
137.58404302597046,1.0,0.0
137.59469985961914,1.0,0.0
137.59675455093384,1.0,0.0
137.59850335121155,1.0,0.0
137.6120319366455,1.0,0.0
137.6133005619049,1.0,0.0
137.62475180625916,1.0,0.0
137.62650322914124,1.0,0.0
137.62984371185303,1.0,0.0
137.63429737091064,1.0,0.0
137.63496375083923,1.0,0.0
137.65346360206604,1.0,0.0
137.6537516117096,1.0,0.0
137.65671110153198,1.0,0.0
137.66831517219543,1.0,0.0
137.6685013771057,1.0,0.0
137.6772973537445,1.0,0.0
137.68004322052002,1.0,0.0
137.6874132156372,1.0,0.0
137.69575190544128,1.0,0.0
137.6965012550354,1.0,0.0
137.69910407066345,1.0,0.0
137.7081024646759,1.0,0.0
137.71329736709595,1.0,0.0
137.71621918678284,1.0,0.0
137.72084712982178,1.0,0.0
137.72375178337097,1.0,0.0
137.73135900497437,1.0,0.0
137.7332980632782,1.0,0.0
137.7385013103485,1.0,0.0
137.741290807724,1.0,0.0
137.75275182724,1.0,0.0
137.7549750804901,1.0,0.0
137.75645565986633,1.0,0.0
137.76649928092957,1.0,0.0
137.76703310012817,1.0,0.0
137.7751531600952,1.0,0.0
137.7752981185913,1.0,0.0
137.7837541103363,1.0,0.0
137.79136610031128,1.0,0.0
137.7947518825531,1.0,0.0
137.8001573085785,1.0,0.0
137.80149912834167,1.0,0.0
137.80308604240415,1.0,0.0
137.80429816246033,1.0,0.0
137.8139820098877,1.0,0.0
137.8247525691986,1.0,0.0
137.82966828346252,1.0,0.0
137.83649921417236,1.0,0.0
137.83872318267822,1.0,0.0
137.84629774093628,1.0,0.0
137.85036444664,1.0,0.0
137.85275268554688,1.0,0.0
137.86546349525452,1.0,0.0
137.87149906158447,1.0,0.0
137.87429761886597,1.0,0.0
137.87522840499878,1.0,0.0
137.88703083992004,1.0,0.0
137.8947525024414,1.0,0.0
137.89572644233704,1.0,0.0
137.90297412872314,1.0,0.0
137.90329790115356,1.0,0.0
137.9074990749359,1.0,0.0
137.91533875465393,1.0,0.0
137.9231345653534,1.0,0.0
137.92375254631042,1.0,0.0
137.92749905586243,1.0,0.0
137.93179059028623,1.0,0.0
137.93841862678528,1.0,0.0
137.94529628753662,1.0,0.0
137.9486701488495,1.0,0.0
137.95275259017944,1.0,0.0
137.95775365829468,1.0,0.0
137.9682071208954,1.0,0.0
137.9694983959198,1.0,0.0
137.9732961654663,1.0,0.0
137.97777843475342,1.0,0.0
137.98936891555786,1.0,0.0
137.99375247955322,1.0,0.0
137.99490332603455,1.0,0.0
137.99749875068665,1.0,0.0
138.00329661369324,1.0,0.0
138.01486825942993,1.0,0.0
138.02008724212646,1.0,0.0
138.0227494239807,1.0,0.0
138.0388641357422,1.0,0.0
138.03949880599976,1.0,0.0
138.0452950000763,1.0,0.0
138.0464916229248,1.0,0.0
138.05046582221985,1.0,0.0
138.05954790115356,1.0,0.0
138.06674981117249,1.0,0.0
138.06749653816223,1.0,0.0
138.07267951965332,1.0,0.0
138.07529497146606,1.0,0.0
138.09270691871643,1.0,0.0
138.0927495956421,1.0,0.0
138.10243439674375,1.0,0.0
138.10249662399292,1.0,0.0
138.10829496383667,1.0,0.0
138.10829854011536,1.0,0.0
138.11962366104126,1.0,0.0
138.12274861335754,1.0,0.0
138.12582325935364,1.0,0.0
138.13453817367554,1.0,0.0
138.1374967098236,1.0,0.0
138.14429640769958,1.0,0.0
138.15362334251404,1.0,0.0
138.15923047065735,1.0,0.0
138.16274857521057,1.0,0.0
138.17114734649658,1.0,0.0
138.17249608039856,1.0,0.0
138.17929649353027,1.0,0.0
138.18651914596558,1.0,0.0
138.19683694839478,1.0,0.0
138.19774842262268,1.0,0.0
138.20049619674683,1.0,0.0
138.20729660987854,1.0,0.0
138.21227622032166,1.0,0.0
138.22093605995178,1.0,0.0
138.22674441337583,1.0,0.0
138.2317328453064,1.0,0.0
138.23649621009827,1.0,0.0
138.24329662322998,1.0,0.0
138.2500741481781,1.0,0.0
138.25374460220337,1.0,0.0
138.262389421463,1.0,0.0
138.27149271965027,1.0,0.0
138.27319025993347,1.0,0.0
138.27729630470276,1.0,0.0
138.28035402297974,1.0,0.0
138.2957444190979,1.0,0.0
138.30298161506653,1.0,0.0
138.30729627609253,1.0,0.0
138.3074927330017,1.0,0.0
138.32025575637817,1.0,0.0
138.3237428665161,1.0,0.0
138.32412981987,1.0,0.0
138.33532309532166,1.0,0.0
138.33549284934998,1.0,0.0
138.34575819969177,1.0,0.0
138.34729504585266,1.0,0.0
138.3587429523468,1.0,0.0
138.3591666221619,1.0,0.0
138.36832118034363,1.0,0.0
138.37049221992493,1.0,0.0
138.37529492378235,1.0,0.0
138.38144207000732,1.0,0.0
138.389821767807,1.0,0.0
138.395742893219,1.0,0.0
138.39949488639832,1.0,0.0
138.40429496765137,1.0,0.0
138.40549230575562,1.0,0.0
138.40807032585144,1.0,0.0
138.4227430820465,1.0,0.0
138.4274926185608,1.0,0.0
138.428777217865,1.0,0.0
138.44403266906738,1.0,0.0
138.44665336608887,1.0,0.0
138.44729948043823,1.0,0.0
138.45843720436096,1.0,0.0
138.45955681800842,1.0,0.0
138.46474313735962,1.0,0.0
138.46949172019958,1.0,0.0
138.4752995967865,1.0,0.0
138.48777842521667,1.0,0.0
138.4927430152893,1.0,0.0
138.49749159812927,1.0,0.0
138.49802565574646,1.0,0.0
138.50329971313477,1.0,0.0
138.50823640823364,1.0,0.0
138.5164692401886,1.0,0.0
138.52774286270142,1.0,0.0
138.53357100486755,1.0,0.0
138.53949189186096,1.0,0.0
138.54830193519592,1.0,0.0
138.5484139919281,1.0,0.0
138.56374287605286,1.0,0.0
138.56386494636536,1.0,0.0
138.56749081611633,1.0,0.0
138.572345495224,1.0,0.0
138.57530188560486,1.0,0.0
138.5870485305786,1.0,0.0
138.59274291992188,1.0,0.0
138.59649085998535,1.0,0.0
138.60074925422668,0.6,0.4
138.60430192947388,0.6,0.4
138.607412815094,0.6,0.4
138.62674260139465,0.6,0.4
138.6316680908203,0.6,0.4
138.6394908428192,0.6,0.4
138.642555475235,0.6,0.4
138.6473000049591,0.6,0.4
138.66083431243896,0.6,0.4
138.6627426147461,0.6,0.4
138.66445422172546,0.6,0.4
138.66748929023743,0.6,0.4
138.6748309135437,0.6,0.4
138.67630004882812,0.6,0.4
138.69548916816711,0.6,0.4
138.6977424621582,0.6,0.4
138.69828939437866,0.6,0.4
138.7043001651764,0.6,0.4
138.7124502658844,0.6,0.4
138.7257421016693,0.6,0.4
138.72614526748657,0.6,0.4
138.72989153862,0.6,0.4
138.73748922348022,0.6,0.4
138.7434206008911,0.6,0.4
138.74530053138733,0.6,0.4
138.75374221801758,0.6,0.4
138.7598237991333,0.6,0.4
138.76980209350586,0.6,0.4
138.7724883556366,0.6,0.4
138.77330040931702,0.6,0.4
138.77836537361145,0.6,0.4
138.7957420349121,0.6,0.4
138.80124640464783,0.6,0.4
138.80748844146729,0.6,0.4
138.80830073356628,0.6,0.4
138.81424021720886,0.6,0.4
138.82373929023743,0.6,0.4
138.83162212371826,0.6,0.4
138.83347249031067,0.6,0.4
138.8364872932434,0.6,0.4
138.8441572189331,0.6,0.4
138.84429693222046,0.6,0.4
138.85763216018677,0.6,0.4
138.86573934555054,0.6,0.4
138.87046599388125,0.6,0.4
138.87148714065552,0.6,0.4
138.8742971420288,0.6,0.4
138.87881469726562,0.6,0.4
138.89373922348022,0.6,0.4
138.89818000793457,0.6,0.4
138.90329694747925,0.6,0.4
138.90748715400696,0.6,0.4
138.91152262687683,0.6,0.4
138.92273902893066,0.6,0.4
138.92311644554138,0.6,0.4
138.92748713493347,0.6,0.4
138.93329739570618,0.6,0.4
138.93491888046265,0.6,0.4
138.95357084274292,0.6,0.4
138.95493292808533,0.6,0.4
138.96373891830444,0.6,0.4
138.96414828300476,0.6,0.4
138.97148609161377,0.6,0.4
138.97503280639648,0.6,0.4
138.9752972126007,0.6,0.4
138.9891767501831,0.6,0.4
138.9984860420227,0.6,0.4
138.99873900413513,0.6,0.4
139.00429725646973,0.6,0.4
139.0107650756836,0.6,0.4
139.0190920829773,0.6,0.4
139.02748608589172,0.6,0.4
139.0277361869812,0.6,0.4
139.03233551979065,0.6,0.4
139.0429584980011,0.6,0.4
139.04829907417297,0.6,0.4
139.0534632205963,0.6,0.4
139.05473613739014,0.6,0.4
139.05929803848267,0.6,0.4
139.06848883628845,0.6,0.4
139.07465600967407,0.6,0.4
139.077299118042,0.6,0.4
139.07935762405396,0.6,0.4
139.09648871421814,0.6,0.4
139.097736120224,0.6,0.4
139.1046109199524,0.6,0.4
139.10929918289185,0.6,0.4
139.11556458473206,0.6,0.4
139.1247363090515,0.6,0.4
139.1282389163971,0.6,0.4
139.13848900794983,0.6,0.4
139.1404914855957,0.6,0.4
139.14329719543457,0.6,0.4
139.14633011817932,0.6,0.4
139.1527361869812,0.6,0.4
139.15840458869934,0.6,0.4
139.16648840904236,0.6,0.4
139.1684992313385,0.6,0.4
139.17829751968384,0.6,0.4
139.18759775161743,0.6,0.4
139.18942046165466,0.6,0.4
139.19573616981506,0.6,0.4
139.1983757019043,0.6,0.4
139.20148849487305,0.6,0.4
139.20564818382263,0.6,0.4
139.21329760551453,0.6,0.4
139.220237493515,0.6,0.4
139.22273302078247,0.6,0.4
139.2327365875244,0.6,0.4
139.23429703712463,0.6,0.4
139.23648834228516,0.6,0.4
139.24124312400818,0.6,0.4
139.26008653640747,0.6,0.4
139.2618043422699,0.6,0.4
139.26473307609558,0.6,0.4
139.27148699760437,0.6,0.4
139.2718141078949,0.6,0.4
139.27829694747925,0.6,0.4
139.28756380081177,0.6,0.4
139.29273319244385,0.6,0.4
139.29794788360596,0.6,0.4
139.30429697036743,0.6,0.4
139.3074870109558,0.6,0.4
139.3076400756836,0.6,0.4
139.31701231002808,0.6,0.4
139.32748699188232,0.6,0.4
139.32773208618164,0.6,0.4
139.33036160469055,0.6,0.4
139.33329582214355,0.6,0.4
139.34384512901306,0.6,0.4
139.34721040725708,0.7,0.3
139.35585856437683,0.7,0.3
139.36373209953308,0.7,0.3
139.3686327934265,0.7,0.3
139.36948657035828,0.7,0.3
139.37429571151733,0.7,0.3
139.37802171707153,0.7,0.3
139.3837320804596,0.7,0.3
139.38570857048035,0.7,0.3
139.3892421722412,0.7,0.3
139.39748668670654,0.7,0.3
139.40403938293457,0.7,0.3
139.4062957763672,0.7,0.3
139.42300987243652,0.7,0.3
139.42573189735413,0.7,0.3
139.43948674201965,0.7,0.3
139.44404220581055,0.7,0.3
139.44629907608032,0.7,0.3
139.44725561141968,0.7,0.3
139.4537317752838,0.7,0.3
139.4606704711914,0.7,0.3
139.4667341709137,0.7,0.3
139.46748566627502,0.7,0.3
139.4742991924286,0.7,0.3
139.48638701438904,0.7,0.3
139.49152421951294,0.7,0.3
139.49573159217834,0.7,0.3
139.5024857521057,0.7,0.3
139.50429916381836,0.7,0.3
139.50515842437744,0.7,0.3
139.51729321479797,0.7,0.3
139.52380919456482,0.7,0.3
139.52473068237305,0.7,0.3
139.5337233543396,0.7,0.3
139.53748559951782,0.7,0.3
139.5397651195526,0.7,0.3
139.5462989807129,0.7,0.3
139.5486602783203,0.7,0.3
139.5587306022644,0.7,0.3
139.57248520851135,0.7,0.3
139.57394361495972,0.7,0.3
139.5752990245819,0.6,0.4
139.5818498134613,0.6,0.4
139.5863060951233,0.6,0.4
139.5937306880951,0.6,0.4
139.59987568855286,0.6,0.4
139.60048532485962,0.6,0.4
139.606299161911,0.6,0.4
139.60813808441162,0.6,0.4
139.6284852027893,0.6,0.4
139.62873888015747,0.6,0.4
139.6321198940277,0.6,0.4
139.63655352592468,0.6,0.4
139.647127866745,0.6,0.4
139.6472954750061,0.6,0.4
139.65886092185974,0.6,0.4
139.66373872756958,0.6,0.4
139.67048335075378,0.6,0.4
139.67429542541504,0.6,0.4
139.68181920051575,0.6,0.4
139.68473887443542,0.6,0.4
139.691486120224,0.6,0.4
139.69330620765686,0.6,0.4
139.69848322868347,0.6,0.4
139.70186400413513,0.6,0.4
139.70329546928406,0.6,0.4
139.72503066062927,0.6,0.4
139.72648334503174,0.6,0.4
139.7267382144928,0.6,0.4
139.73220348358154,0.6,0.4
139.7395405769348,0.6,0.4
139.74529600143433,0.6,0.4
139.74804639816284,0.6,0.4
139.76273822784424,0.6,0.4
139.76336455345154,0.6,0.4
139.77048254013062,0.6,0.4
139.77146124839783,0.6,0.4
139.77529621124268,0.6,0.4
139.7913854122162,0.6,0.4
139.79773807525635,0.6,0.4
139.7984824180603,0.6,0.4
139.80452871322632,0.6,0.4
139.8092966079712,0.6,0.4
139.82383966445923,0.6,0.4
139.82573747634888,0.6,0.4
139.82848262786865,0.6,0.4
139.8353295326233,0.6,0.4
139.84429621696472,0.6,0.4
139.85994005203247,0.6,0.4
139.86273741722107,0.6,0.4
139.8651316165924,0.6,0.4
139.86848044395447,0.6,0.4
139.87329602241516,0.6,0.4
139.87790369987488,0.6,0.4
139.8867700099945,0.6,0.4
139.8913974761963,0.6,0.4
139.8974804878235,0.6,0.4
139.89773750305176,0.6,0.4
139.90329599380493,0.6,0.4
139.9218232631683,0.6,0.4
139.9264805316925,0.6,0.4
139.92673635482788,0.6,0.4
139.9340500831604,0.6,0.4
139.94329500198364,0.6,0.4
139.95649600028992,0.6,0.4
139.9627366065979,0.6,0.4
139.96947979927063,0.6,0.4
139.97753810882568,0.6,0.4
139.97829484939575,0.6,0.4
139.97953867912292,0.6,0.4
139.99273657798767,0.6,0.4
139.99334120750427,0.6,0.4
139.99747920036316,0.6,0.4
140.00829482078552,0.6,0.4
140.01500988006592,0.6,0.4
140.0249252319336,0.6,0.4
140.02873611450195,0.6,0.4
140.03649377822876,0.6,0.4
140.03947949409485,0.6,0.4
140.0436544418335,0.6,0.4
140.04829454421997,0.6,0.4
140.05105209350586,0.6,0.4
140.0636374950409,0.6,0.4
140.06373620033264,0.6,0.4
140.0654811859131,0.6,0.4
140.06747722625732,0.6,0.4
140.07428908348083,0.6,0.4
140.07629442214966,0.6,0.4
140.0887644290924,0.6,0.4
140.09273600578308,0.6,0.4
140.09647727012634,0.6,0.4
140.09917974472046,0.6,0.4
140.10429453849792,0.6,0.4
140.1058111190796,0.6,0.4
140.1161961555481,0.6,0.4
140.1277356147766,0.6,0.4
140.13329219818115,0.6,0.4
140.1363673210144,0.6,0.4
140.13847708702087,0.6,0.4
140.14597821235657,0.6,0.4
140.1596658229828,0.6,0.4
140.16436791419983,0.6,0.4
140.16473603248596,0.6,0.4
140.16647601127625,0.6,0.4
140.17629194259644,0.6,0.4
140.18214917182922,0.6,0.4
140.19054341316223,0.6,0.4
140.19273591041565,0.6,0.4
140.2002182006836,0.6,0.4
140.20247626304626,0.6,0.4
140.20329189300537,0.6,0.4
140.21662497520447,0.6,0.4
140.22606658935547,0.6,0.4
140.22673416137695,0.6,0.4
140.23747611045837,0.6,0.4
140.23824620246887,0.6,0.4
140.24529123306274,0.6,0.4
140.2493371963501,0.6,0.4
140.25618839263916,0.6,0.4
140.2627341747284,0.6,0.4
140.2674744129181,0.6,0.4
140.27429103851318,0.6,0.4
140.28324794769287,0.6,0.4
140.28347206115723,0.6,0.4
140.29636096954346,0.6,0.4
140.29773426055908,0.6,0.4
140.3032910823822,0.6,0.4
140.3074746131897,0.6,0.4
140.30770444869995,0.6,0.4
140.3166217803955,0.6,0.4
140.32573294639587,0.6,0.4
140.32795882225037,0.6,0.4
140.32847428321838,0.6,0.4
140.33609175682068,0.6,0.4
140.34929132461548,0.6,0.4
140.34994959831238,0.6,0.4
140.35373282432556,0.6,0.4
140.36396431922913,0.6,0.4
140.36867451667786,0.6,0.4
140.3704752922058,0.6,0.4
140.37529134750366,0.6,0.4
140.3788704872131,0.6,0.4
140.38972926139832,0.6,0.4
140.39673280715942,0.6,0.4
140.40159273147583,0.6,0.4
140.40529131889343,0.6,0.4
140.40647530555725,0.6,0.4
140.4087176322937,0.6,0.4
140.42257618904114,0.6,0.4
140.42673182487488,0.6,0.4
140.43130564689636,0.6,0.4
140.4364755153656,0.6,0.4
140.44245600700378,0.6,0.4
140.44829034805298,0.6,0.4
140.4603409767151,0.7,0.3
140.46673154830933,0.7,0.3
140.46938967704773,0.7,0.3
140.4714732170105,0.7,0.3
140.47330474853516,0.7,0.3
140.477290391922,0.7,0.3
140.48214530944824,0.7,0.3
140.4892382621765,0.7,0.3
140.4947316646576,0.7,0.3
140.50147461891174,0.7,0.3
140.50747346878052,0.7,0.3
140.51109552383423,0.7,0.3
140.51329040527344,0.7,0.3
140.5230848789215,0.7,0.3
140.52373027801514,0.7,0.3
140.52747321128845,0.7,0.3
140.53362655639648,0.7,0.3
140.54222297668457,0.7,0.3
140.54828929901123,0.7,0.3
140.55395007133484,0.7,0.3
140.56573033332825,0.7,0.3
140.56947231292725,0.7,0.3
140.57019972801208,0.7,0.3
140.57728934288025,0.7,0.3
140.59235620498657,0.8,0.2
140.5929560661316,0.8,0.2
140.59573030471802,0.8,0.2
140.5974724292755,0.8,0.2
140.6057848930359,0.8,0.2
140.6132893562317,0.8,0.2
140.62272882461548,0.8,0.2
140.62298822402954,0.8,0.2
140.6332881450653,0.8,0.2
140.63410687446594,0.8,0.2
140.63947200775146,0.8,0.2
140.65444779396057,0.8,0.2
140.6647288799286,0.8,0.2
140.66747117042542,0.8,0.2
140.67828822135925,0.8,0.2
140.69272875785828,0.8,0.2
140.71047115325928,0.8,0.2
140.71328806877136,0.8,0.2
140.72772884368896,0.8,0.2
140.73428750038147,0.8,0.2
140.74047112464905,0.8,0.2
140.74094080924988,0.8,0.2
140.7567958831787,0.8,0.2
140.7637288570404,0.8,0.2
140.76708102226257,0.8,0.2
140.7704701423645,0.8,0.2
140.77728748321533,0.8,0.2
140.77916049957275,0.8,0.2
140.79023337364197,0.8,0.2
140.79872870445251,0.8,0.2
140.8054702281952,0.8,0.2
140.81408762931824,0.9,0.1
140.8142876625061,0.9,0.1
140.82030510902405,0.9,0.1
140.82577180862427,0.9,0.1
140.82772874832153,0.9,0.1
140.8332874774933,0.9,0.1
140.83547019958496,0.9,0.1
140.8359580039978,0.9,0.1
140.85286355018616,0.9,0.1
140.85472869873047,0.9,0.1
140.8704698085785,0.9,0.1
140.8758943080902,1.0,0.0
140.87928748130798,1.0,0.0
140.88347101211548,1.0,0.0
140.89672875404358,1.0,0.0
140.9015498161316,1.0,0.0
140.90528750419617,1.0,0.0
140.9054696559906,1.0,0.0
140.91817450523376,1.0,0.0
140.92572712898254,1.0,0.0
140.93428707122803,1.0,0.0
140.93532800674438,1.0,0.0
140.94046902656555,1.0,0.0
140.94420504570007,1.0,0.0
140.9537272453308,1.0,0.0
140.9544117450714,1.0,0.0
140.96326208114624,1.0,0.0
140.97046899795532,1.0,0.0
140.9752869606018,1.0,0.0
140.9809365272522,1.0,0.0
140.99572730064392,1.0,0.0
140.99951434135437,1.0,0.0
141.005469083786,1.0,0.0
141.00728702545166,1.0,0.0
141.016676902771,1.0,0.0
141.02472591400146,1.0,0.0
141.02687978744507,1.0,0.0
141.03546905517578,1.0,0.0
141.03631949424744,1.0,0.0
141.0472857952118,1.0,0.0
141.04936861991882,1.0,0.0
141.06048321723938,1.0,0.0
141.06572604179382,1.0,0.0
141.07046675682068,1.0,0.0
141.07528567314148,1.0,0.0
141.0812726020813,1.0,0.0
141.0892210006714,1.0,0.0
141.0937259197235,1.0,0.0
141.10328578948975,1.0,0.0
141.10746669769287,1.0,0.0
141.11421990394592,1.0,0.0
141.12548661231995,1.0,0.0
141.12746667861938,1.0,0.0
141.12872576713562,1.0,0.0
141.14428520202637,1.0,0.0
141.1449556350708,1.0,0.0
141.1481750011444,1.0,0.0
141.15355849266052,1.0,0.0
141.16337275505066,1.0,0.0
141.16372561454773,1.0,0.0
141.1709644794464,1.0,0.0
141.17146587371826,1.0,0.0
141.1732852458954,1.0,0.0
141.17904806137085,1.0,0.0
141.19267392158508,1.0,0.0
141.19434142112732,1.0,0.0
141.19472575187683,1.0,0.0
141.1984658241272,1.0,0.0
141.20328521728516,1.0,0.0
141.20710039138794,1.0,0.0
141.21606349945068,1.0,0.0
141.22639441490173,1.0,0.0
141.22746586799622,1.0,0.0
141.2287240028381,1.0,0.0
141.24257588386536,1.0,0.0
141.24428367614746,1.0,0.0
141.24906635284424,1.0,0.0
141.2566258907318,1.0,0.0
141.25772428512573,1.0,0.0
141.27046370506287,1.0,0.0
141.27528381347656,1.0,0.0
141.27644801139832,1.0,0.0
141.2913155555725,1.0,0.0
141.29704332351685,1.0,0.0
141.29772400856018,1.0,0.0
141.30397415161133,1.0,0.0
141.3064637184143,1.0,0.0
141.30828380584717,1.0,0.0
141.31859850883484,1.0,0.0
141.3257236480713,1.0,0.0
141.32646369934082,1.0,0.0
141.3308310508728,1.0,0.0
141.34328293800354,1.0,0.0
141.34370040893555,1.0,0.0
141.3547236919403,1.0,0.0
141.35939645767212,1.0,0.0
141.36846256256104,1.0,0.0
141.37302231788635,1.0,0.0
141.38028287887573,1.0,0.0
141.3818702697754,1.0,0.0
141.39578485488892,1.0,0.0
141.39746260643005,1.0,0.0
141.39772367477417,1.0,0.0
141.40096759796145,1.0,0.0
141.40728306770325,1.0,0.0
141.41782879829407,1.0,0.0
141.42671966552734,1.0,0.0
141.43586826324463,1.0,0.0
141.43946266174316,1.0,0.0
141.43947839736938,1.0,0.0
141.4432806968689,1.0,0.0
141.45371961593628,1.0,0.0
141.45592761039734,1.0,0.0
141.46719479560852,1.0,0.0
141.4754617214203,1.0,0.0
141.47728061676025,1.0,0.0
141.4787244796753,1.0,0.0
141.4904351234436,0.5,0.5
141.4957196712494,0.5,0.5
141.5003890991211,0.5,0.5
141.50528073310852,0.5,0.5
141.50617480278015,0.5,0.5
141.50946187973022,0.5,0.5
141.51995587348938,0.5,0.5
141.52471947669983,0.5,0.5
141.53248000144958,0.5,0.5
141.5367352962494,0.6,0.4
141.53846192359924,0.6,0.4
141.5482792854309,0.6,0.4
141.5501160621643,0.6,0.4
141.5657196044922,0.6,0.4
141.5664610862732,0.6,0.4
141.57527947425842,0.6,0.4
141.58040189743042,0.6,0.4
141.59074759483337,0.6,0.4
141.59371948242188,0.6,0.4
141.5954611301422,0.6,0.4
141.6030774116516,0.6,0.4
141.60427927970886,0.6,0.4
141.6064314842224,0.6,0.4
141.6176793575287,0.6,0.4
141.62420439720154,0.6,0.4
141.62871932983398,0.6,0.4
141.63662433624268,0.6,0.4
141.63746118545532,0.6,0.4
141.64693641662598,0.6,0.4
141.64727759361267,0.6,0.4
141.65519380569458,0.6,0.4
141.66371941566467,0.6,0.4
141.6702790260315,0.6,0.4
141.6754584312439,0.6,0.4
141.67727780342102,0.6,0.4
141.6832242012024,0.6,0.4
141.6954584121704,0.6,0.4
141.69871926307678,0.6,0.4
141.70427775382996,0.6,0.4
141.70949482917786,0.6,0.4
141.71352100372314,0.6,0.4
141.72295832633972,0.6,0.4
141.72771978378296,0.6,0.4
141.72965693473816,0.6,0.4
141.7377200126648,0.6,0.4
141.73845839500427,0.6,0.4
141.74527621269226,0.6,0.4
141.75481247901917,0.6,0.4
141.758065700531,0.6,0.4
141.76271986961365,0.6,0.4
141.7664566040039,0.6,0.4
141.7718551158905,0.6,0.4
141.7742760181427,0.6,0.4
141.7828266620636,0.6,0.4
141.79428005218506,0.7,0.3
141.79545640945437,0.7,0.3
141.79771971702576,0.7,0.3
141.80427622795105,0.7,0.3
141.80696868896484,0.7,0.3
141.81069040298462,0.7,0.3
141.8267195224762,0.7,0.3
141.82819986343384,0.7,0.3
141.83643651008606,0.7,0.3
141.83645701408386,0.7,0.3
141.84527254104614,0.7,0.3
141.8501913547516,0.7,0.3
141.8593788146973,0.7,0.3
141.86271953582764,0.7,0.3
141.86745405197144,0.7,0.3
141.87427234649658,0.7,0.3
141.87565565109253,0.7,0.3
141.88626170158386,0.7,0.3
141.8954541683197,0.6,0.4
141.89771962165833,0.6,0.4
141.89825916290283,0.6,0.4
141.90303826332092,0.6,0.4
141.9032723903656,0.6,0.4
141.9150116443634,0.6,0.4
141.92904376983645,0.6,0.4
141.932719707489,0.6,0.4
141.93845415115356,0.6,0.4
141.93857097625732,0.7,0.3
141.94527316093445,0.7,0.3
141.9468321800232,0.7,0.3
141.95364093780518,0.7,0.3
141.95371961593628,0.7,0.3
141.9640920162201,0.7,0.3
141.9664545059204,0.7,0.3
141.97427320480347,0.7,0.3
141.9786684513092,0.7,0.3
141.9878032207489,0.7,0.3
141.99529910087583,0.7,0.3
141.99545431137085,0.7,0.3
141.99571990966797,0.7,0.3
142.00527334213257,0.7,0.3
142.01220965385437,0.7,0.3
142.0192313194275,0.7,0.3
142.02371668815613,0.7,0.3
142.02903270721436,0.7,0.3
142.0364544391632,0.7,0.3
142.03827166557312,0.7,0.3
142.05934691429138,0.7,0.3
142.06571674346924,0.7,0.3
142.07095503807068,0.7,0.3
142.07145380973816,0.7,0.3
142.07827162742615,0.7,0.3
142.08722567558289,0.7,0.3
142.0932559967041,0.7,0.3
142.0937168598175,0.7,0.3
142.09945368766785,0.7,0.3
142.10527181625366,0.7,0.3
142.108571767807,0.7,0.3
142.11950612068176,0.7,0.3
142.12371516227722,0.7,0.3
142.13020253181458,0.7,0.3
142.13427090644836,0.7,0.3
142.1354537010193,0.7,0.3
142.13704371452332,0.7,0.3
142.1497347354889,0.6,0.4
142.16074967384338,0.6,0.4
142.16371512413025,0.6,0.4
142.17045164108276,0.6,0.4
142.17307019233704,0.6,0.4
142.17727088928223,0.6,0.4
142.18264150619507,0.6,0.4
142.19630932807922,0.6,0.4
142.19871520996094,0.6,0.4
142.20318794250488,0.6,0.4
142.20545148849487,0.6,0.4
142.21327090263367,0.6,0.4
142.2143394947052,0.6,0.4
142.22671484947205,0.6,0.4
142.22687458992004,0.6,0.4
142.22745180130005,0.6,0.4
142.23327088356018,0.6,0.4
142.24605131149292,0.6,0.4
142.25849771499634,0.6,0.4
142.2627148628235,0.6,0.4
142.26470255851746,0.6,0.4
142.26945090293884,0.6,0.4
142.27310252189636,0.5,0.5
142.27826833724976,0.5,0.5
142.28206706047058,0.5,0.5
142.29271507263184,0.5,0.5
142.29282689094543,0.5,0.5
142.2974510192871,0.5,0.5
142.30426859855652,0.5,0.5
142.31893467903137,0.5,0.5
142.3277132511139,0.5,0.5
142.32779335975647,0.5,0.5
142.33426761627197,0.5,0.5
142.33544301986694,0.5,0.5
142.33945083618164,0.5,0.5
142.3439633846283,0.6,0.4
142.36471319198608,0.6,0.4
142.36744952201843,0.6,0.4
142.36760020256042,0.6,0.4
142.37054586410522,0.6,0.4
142.37726759910583,0.6,0.4
142.38201260566711,0.6,0.4
142.39153480529785,0.6,0.4
142.39271306991577,0.6,0.4
142.39644980430603,0.6,0.4
142.40626764297485,0.6,0.4
142.41055822372437,0.6,0.4
142.41605925559998,0.6,0.4
142.4267120361328,0.6,0.4
142.42974972724917,0.6,0.4
142.43844962120056,0.6,0.4
142.4455828666687,0.6,0.4
142.44726634025574,0.6,0.4
142.45151090621948,0.6,0.4
142.45671200752258,0.6,0.4
142.46644687652588,0.6,0.4
142.4668788909912,0.6,0.4
142.47526621818542,0.6,0.4
142.4789102077484,0.6,0.4
142.48391103744507,0.6,0.4
142.492449760437,0.6,0.4
142.4954469203949,0.6,0.4
142.4967122077942,0.6,0.4
142.5032663345337,0.6,0.4
142.5117437839508,0.6,0.4
142.52471160888672,0.6,0.4
142.52609014511108,0.6,0.4
142.53641748428345,0.6,0.4
142.53944611549375,0.6,0.4
142.54381227493286,0.6,0.4
142.54527139663696,0.6,0.4
142.55371189117432,0.6,0.4
142.5664463043213,0.6,0.4
142.5669355392456,0.6,0.4
142.57327151298523,0.6,0.4
142.57907485961914,0.6,0.4
142.59523272514343,0.6,0.4
142.59544610977173,0.6,0.4
142.59671187400818,0.6,0.4
142.59834694862366,0.6,0.4
142.60227131843567,0.6,0.4
142.61148691177368,0.6,0.4
142.62194633483887,0.6,0.4
142.63227152824402,0.6,0.4
142.63271141052246,0.6,0.4
142.63288021087646,0.6,0.4
142.6364459991455,0.6,0.4
142.64520812034607,0.6,0.4
142.65371131896973,0.6,0.4
142.66652917861938,0.6,0.4
142.6682951450348,0.6,0.4
142.67144322395325,0.6,0.4
142.6752655506134,0.6,0.4
142.6914346218109,0.6,0.4
142.6967113018036,0.6,0.4
142.7074432373047,0.6,0.4
142.7122654914856,0.6,0.4
142.71482634544373,0.6,0.4
142.72471141815186,0.6,0.4
142.7278323173523,0.6,0.4
142.73544311523438,0.6,0.4
142.73584294319153,0.6,0.4
142.7442672252655,0.6,0.4
142.74598479270935,0.5,0.5
142.74932765960693,0.5,0.5
142.75371146202087,0.5,0.5
142.76675510406494,0.5,0.5
142.77044296264648,0.5,0.5
142.77226734161377,0.5,0.5
142.78421306610107,0.5,0.5
142.79471135139465,0.5,0.5
142.7969913482666,0.5,0.5
142.8054428100586,0.5,0.5
142.8082673549652,0.5,0.5
142.81599402427673,0.5,0.5
142.82494640350342,0.5,0.5
142.82675409317017,0.5,0.5
142.8274428844452,0.5,0.5
142.8297095298767,0.5,0.5
142.83747482299805,0.5,0.5
142.84326601028442,0.5,0.5
142.85452461242676,0.5,0.5
142.8617672920227,0.6,0.4
142.86570954322815,0.6,0.4
142.86944127082825,0.6,0.4
142.87097668647766,0.6,0.4
142.87226629257202,0.6,0.4
142.88645672798157,0.5,0.5
142.89370965957642,0.5,0.5
142.8974413871765,0.5,0.5
142.90203642845154,0.5,0.5
142.9072666168213,0.5,0.5
142.91493821144104,0.5,0.5
142.9195773601532,0.5,0.5
142.9237082004547,0.5,0.5
142.93170857429504,0.5,0.5
142.93944120407104,0.5,0.5
142.943265914917,0.5,0.5
142.94846987724304,0.5,0.5
142.9647080898285,0.5,0.5
142.96564936637878,0.5,0.5
142.9674415588379,0.5,0.5
142.97226572036743,0.5,0.5
142.9735085964203,0.5,0.5
142.9808804988861,0.5,0.5
142.99291110038757,0.5,0.5
142.99470806121826,0.5,0.5
142.9964416027069,0.5,0.5
143.00826573371887,0.5,0.5
143.01406240463257,0.5,0.5
143.0192847251892,0.5,0.5
143.02470707893372,0.5,0.5
143.03799700737,0.5,0.5
143.03844165802002,0.5,0.5
143.04189538955688,0.5,0.5
143.04226517677307,0.5,0.5
143.05251479148865,0.5,0.5
143.05679154396057,0.5,0.5
143.05870699882507,0.5,0.5
143.0673611164093,0.5,0.5
143.06743931770325,0.5,0.5
143.07226538658142,0.5,0.5
143.09204840660095,0.5,0.5
143.0954391956329,0.5,0.5
143.0957069396973,0.5,0.5
143.11226534843445,0.5,0.5
143.12470698356628,0.5,0.5
143.13843941688538,0.5,0.5
143.1472635269165,0.5,0.5
143.16643834114075,0.5,0.5
143.16770696640015,0.5,0.5
143.1762638092041,0.5,0.5
143.1957070827484,0.5,0.5
143.19643831253052,0.5,0.5
143.20276999473572,0.5,0.5
143.20326352119446,0.5,0.5
143.21393537521362,0.5,0.5
143.22470593452454,0.5,0.5
143.23016691207886,0.5,0.5
143.23226046562195,0.5,0.5
143.2384386062622,0.5,0.5
143.24413561820984,0.5,0.5
143.25570607185364,0.5,0.5
143.26187300682068,0.5,0.5
143.2668685913086,0.5,0.5
143.26743602752686,0.5,0.5
143.27426052093506,0.5,0.5
143.28769254684448,0.5,0.5
143.29543590545654,0.5,0.5
143.296706199646,0.5,0.5
143.30200219154358,0.6,0.4
143.3032603263855,0.6,0.4
143.30945348739624,0.5,0.5
143.31576561927795,0.5,0.5
143.32370567321777,0.5,0.5
143.32593536376953,0.5,0.5
143.33543181419373,0.5,0.5
143.3384358882904,0.5,0.5
143.34346270561218,0.5,0.5
143.34525966644287,0.5,0.5
143.35886240005493,0.5,0.5
143.36070561408997,0.5,0.5
143.3638949394226,0.5,0.5
143.36543488502502,0.5,0.5
143.37995386123657,0.5,0.5
143.38225960731506,0.5,0.5
143.39274549484253,0.5,0.5
143.3954348564148,0.5,0.5
143.39570569992063,0.5,0.5
143.40121579170227,0.5,0.5
143.40225982666016,0.5,0.5
143.40244460105896,0.5,0.5
143.42323565483093,0.5,0.5
143.42570519447327,0.5,0.5
143.4335904121399,0.5,0.5
143.43643498420715,0.5,0.5
143.44426035881042,0.5,0.5
143.45162916183472,0.6,0.4
143.45486736297607,0.5,0.5
143.4657051563263,0.5,0.5
143.46811389923096,0.5,0.5
143.4685297012329,0.5,0.5
143.47143411636353,0.5,0.5
143.4722604751587,0.5,0.5
143.47794890403748,0.5,0.5
143.4923484325409,0.5,0.5
143.49370527267456,0.5,0.5
143.49447298049927,0.5,0.5
143.5072603225708,0.5,0.5
143.50743412971497,0.5,0.5
143.51048946380615,0.5,0.5
143.51944971084595,0.5,0.5
143.5287048816681,0.5,0.5
143.53543400764465,0.5,0.5
143.53995013237,0.5,0.5
143.5432596206665,0.5,0.5
143.55145406723022,0.5,0.5
143.56150102615356,0.5,0.5
143.56470489501953,0.5,0.5
143.57143330574036,0.5,0.5
143.57325959205627,0.5,0.5
143.5855233669281,0.5,0.5
143.5911626815796,0.5,0.5
143.5947048664093,0.5,0.5
143.6054334640503,0.5,0.5
143.60726022720337,0.5,0.5
143.61022210121155,0.5,0.5
143.61451768875122,0.5,0.5
143.618061542511,0.5,0.5
143.62970161437988,0.5,0.5
143.63188934326172,0.5,0.5
143.63377141952515,0.5,0.5
143.6404333114624,0.5,0.5
143.64325618743896,0.5,0.5
143.64972591400146,0.5,0.5
143.66193771362305,0.5,0.5
143.6657018661499,0.5,0.5
143.66943097114563,0.5,0.5
143.6722559928894,0.5,0.5
143.67238879203796,0.5,0.5
143.68261289596558,0.5,0.5
143.69370222091675,0.5,0.5
143.69525170326233,0.5,0.5
143.69743084907532,0.5,0.5
143.700275182724,0.5,0.5
143.7072560787201,0.5,0.5
143.70932507514954,0.5,0.5
143.72104001045227,0.5,0.5
143.7237000465393,0.5,0.5
143.73232340812683,0.5,0.5
143.73943090438843,0.5,0.5
143.74325489997864,0.5,0.5
143.74453163146973,0.5,0.5
143.75089931488037,0.5,0.5
143.75632691383362,0.5,0.5
143.7647001743317,0.5,0.5
143.76571941375732,0.5,0.5
143.76743006706238,0.5,0.5
143.7763810157776,0.5,0.5
143.77825474739075,0.5,0.5
143.78880739212036,0.5,0.5
143.7957000732422,0.5,0.5
143.7964301109314,0.5,0.5
143.7988986968994,0.5,0.5
143.806254863739,0.5,0.5
143.8067409992218,0.5,0.5
143.81653761863708,0.5,0.5
143.82869720458984,0.5,0.5
143.8289999961853,0.5,0.5
143.8369858264923,0.6,0.4
143.8384301662445,0.6,0.4
143.84225392341614,0.6,0.4
143.8496766090393,0.6,0.4
143.8574891090393,0.6,0.4
143.86469721794128,0.6,0.4
143.8664288520813,0.6,0.4
143.87924242019653,0.6,0.4
143.8792541027069,0.6,0.4
143.88061261177063,0.6,0.4
143.89542889595032,0.6,0.4
143.89794611930847,0.6,0.4
143.89869737625122,0.6,0.4
143.9052541255951,0.6,0.4
143.91193199157715,0.6,0.4
143.92769980430603,0.6,0.4
143.93112874031067,0.6,0.4
143.93425393104553,0.6,0.4
143.93842887878418,0.6,0.4
143.95073795318604,0.6,0.4
143.95824909210205,0.6,0.4
143.96469950675964,0.6,0.4
143.96642804145813,0.6,0.4
143.96709895133972,0.6,0.4
143.97259831428528,0.6,0.4
143.97625732421875,0.6,0.4
143.98369979858398,0.6,0.4
143.99542808532715,0.6,0.4
143.99613690376282,0.6,0.4
144.00443387031555,0.6,0.4
144.00625729560852,0.6,0.4
144.02303457260132,0.6,0.4
144.02769923210144,0.6,0.4
144.02787971496582,0.6,0.4
144.03325843811035,0.6,0.4
144.0364282131195,0.6,0.4
144.04887700080872,0.6,0.4
144.06355500221252,0.6,0.4
144.06369924545288,0.6,0.4
144.0656237602234,0.6,0.4
144.0714271068573,0.6,0.4
144.07525849342346,0.6,0.4
144.07605600357056,0.6,0.4
144.08469939231873,0.6,0.4
144.0951521396637,0.6,0.4
144.10742712020874,0.6,0.4
144.10876441001892,0.6,0.4
144.11225843429563,0.6,0.4
144.12066841125488,0.6,0.4
144.12264752388,0.6,0.4
144.12869906425476,0.6,0.4
144.13026332855225,0.6,0.4
144.13542699813843,0.6,0.4
144.14725494384766,0.6,0.4
144.15307641029358,0.6,0.4
144.1556990146637,0.6,0.4
144.16584014892578,0.6,0.4
144.17142391204834,0.6,0.4
144.17625498771667,0.6,0.4
144.17771100997925,0.6,0.4
144.18469905853271,0.6,0.4
144.18511939048767,0.6,0.4
144.19400668144226,0.5,0.5
144.2007863521576,0.5,0.5
144.2032549381256,0.5,0.5
144.20542359352112,0.5,0.5
144.23154473304749,0.5,0.5
144.23225951194763,0.5,0.5
144.2336971759796,0.5,0.5
144.2404239177704,0.5,0.5
144.24204468727112,0.5,0.5
144.25310468673706,0.5,0.5
144.2536973953247,0.5,0.5
144.26848030090332,0.5,0.5
144.2694218158722,0.5,0.5
144.2752594947815,0.5,0.5
144.27755641937256,0.5,0.5
144.28889393806458,0.5,0.5
144.29569721221924,0.5,0.5
144.29742169380188,0.5,0.5
144.30043005943298,0.5,0.5
144.30295395851135,0.5,0.5
144.30325937271118,0.5,0.5
144.3207809925079,0.6,0.4
144.32369661331177,0.6,0.4
144.32707929611206,0.6,0.4
144.3334197998047,0.6,0.4
144.3342580795288,0.6,0.4
144.339421749115,0.6,0.4
144.34222960472107,0.6,0.4
144.35086059570312,0.6,0.4
144.36251711845398,0.5,0.5
144.36564564704895,0.5,0.5
144.3656964302063,0.5,0.5
144.36741828918457,0.5,0.5
144.37625813484192,0.5,0.5
144.376366853714,0.5,0.5
144.38037133216858,0.5,0.5
144.3943793773651,0.5,0.5
144.39569640159607,0.5,0.5
144.3964183330536,0.5,0.5
144.41225814819336,0.5,0.5
144.41472458839417,0.5,0.5
144.4236958026886,0.5,0.5
144.42687940597534,0.5,0.5
144.43087649345398,0.5,0.5
144.43841862678528,0.5,0.5
144.4432337284088,0.5,0.5
144.44725799560547,0.5,0.5
144.4570815563202,0.5,0.5
144.4664170742035,0.5,0.5
144.46669578552246,0.5,0.5
144.46844220161438,0.5,0.5
144.4697868824005,0.5,0.5
144.47725820541382,0.5,0.5
144.4789478778839,0.5,0.5
144.4936957359314,0.5,0.5
144.4995310306549,0.5,0.5
144.50825810432434,0.5,0.5
144.50941705703735,0.5,0.5
144.52869772911072,0.5,0.5
144.53425860404968,0.5,0.5
144.53941702842712,0.5,0.5
144.5636978149414,0.5,0.5
144.5664176940918,0.5,0.5
144.56955933570862,0.5,0.5
144.5762584209442,0.5,0.5
144.58523440361023,0.5,0.5
144.5904335975647,0.5,0.5
144.59541773796082,0.5,0.5
144.5986979007721,0.5,0.5
144.605060338974,0.5,0.5
144.61225843429563,0.5,0.5
144.62604069709778,0.5,0.5
144.62669610977173,0.5,0.5
144.62873721122742,0.5,0.5
144.63641786575317,0.5,0.5
144.64332723617554,0.5,0.5
144.64725613594055,0.5,0.5
144.65469622612,0.5,0.5
144.65656995773315,0.5,0.5
144.67141580581665,0.5,0.5
144.67259669303894,0.5,0.5
144.67725610733032,0.5,0.5
144.6812779903412,0.5,0.5
144.69405508041382,0.5,0.5
144.69769620895386,0.5,0.5
144.7045497894287,0.5,0.5
144.70641565322876,0.5,0.5
144.712256193161,0.5,0.5
144.71373295783997,0.5,0.5
144.7256956100464,0.5,0.5
144.72726726531982,0.5,0.5
144.73541569709778,0.5,0.5
144.73699760437012,0.5,0.5
144.74261116981506,0.5,0.5
144.74825501441956,0.5,0.5
144.75569581985474,0.5,0.5
144.7625560760498,0.5,0.5
144.77041506767273,0.5,0.5
144.77581667900083,0.5,0.5
144.77625489234924,0.5,0.5
144.78538274765015,0.5,0.5
144.7976953983307,0.5,0.5
144.79789233207703,0.5,0.5
144.80541491508484,0.5,0.5
144.80688667297363,0.5,0.5
144.81325483322144,0.5,0.5
144.81529021263125,0.5,0.5
144.82741498947144,0.5,0.5
144.82769513130188,0.5,0.5
144.82872247695923,0.5,0.5
144.83225107192993,0.5,0.5
144.83574748039246,0.5,0.5
144.852285861969,0.5,0.5
144.8566951751709,0.5,0.5
144.86548972129822,0.5,0.5
144.86885404586792,0.5,0.5
144.8694145679474,0.5,0.5
144.8772509098053,0.5,0.5
144.8836953639984,0.5,0.5
144.88756608963013,0.5,0.5
144.89073014259338,0.5,0.5
144.89741444587708,0.5,0.5
144.9032154083252,0.5,0.5
144.912250995636,0.5,0.5
144.92569589614868,0.5,0.5
144.92824387550354,0.5,0.5
144.93506908416748,0.5,0.5
144.9394145011902,0.5,0.5
144.93951559066772,0.5,0.5
144.94741988182068,0.5,0.5
144.94824981689453,0.5,0.5
144.95569610595703,0.5,0.5
144.96162247657776,0.5,0.5
144.96322226524353,0.5,0.5
144.96741390228271,0.5,0.5
144.97217965126038,0.5,0.5
144.97624969482422,0.5,0.5
144.98202872276306,0.5,0.5
144.99396181106567,0.5,0.5
144.99641394615173,0.5,0.5
144.9966959953308,0.5,0.5
145.00154399871826,0.5,0.5
145.00424981117249,0.5,0.5
145.02292108535767,0.5,0.5
145.02669286727905,0.5,0.5
145.03001618385315,0.5,0.5
145.03841400146484,0.5,0.5
145.04346108436584,0.5,0.5
145.04624795913696,0.5,0.5
145.05231761932373,0.5,0.5
145.05369305610657,0.5,0.5
145.0618860721588,0.5,0.5
145.06741285324097,0.5,0.5
145.07004618644714,0.5,0.5
145.07424759864807,0.5,0.5
145.08853578567505,0.5,0.5
145.09541296958923,0.5,0.5
145.09769296646118,0.5,0.5
145.10224795341492,0.5,0.5
145.10374402999878,0.5,0.5
145.12247014045715,0.5,0.5
145.13269233703613,0.5,0.5
145.13751673698425,0.5,0.5
145.1384129524231,0.5,0.5
145.14524674415588,0.5,0.5
145.1463601589203,0.5,0.5
145.15469241142273,0.5,0.5
145.16541242599487,0.5,0.5
145.16663098335266,0.5,0.5
145.1722469329834,0.5,0.5
145.18050503730774,0.5,0.5
145.18951320648193,0.5,0.5
145.19541239738464,0.5,0.5
145.1956925392151,0.5,0.5
145.19996690750122,0.5,0.5
145.20224690437317,0.5,0.5
145.21303033828735,0.5,0.5
145.21967959403992,0.5,0.5
145.2236886024475,0.5,0.5
145.23512053489685,0.5,0.5
145.236412525177,0.5,0.5
145.24276089668274,0.5,0.5
145.24424695968628,0.5,0.5
145.25268840789795,0.5,0.5
145.25401091575625,0.5,0.5
145.26156520843506,0.5,0.5
145.27141094207764,0.5,0.5
145.27424931526184,0.5,0.5
145.2794578075409,0.5,0.5
145.29399061203003,0.5,0.5
145.29836702346802,0.5,0.5
145.29868841171265,0.5,0.5
145.30224919319153,0.5,0.5
145.30741095542908,0.5,0.5
145.30922937393188,0.5,0.5
145.3166184425354,0.5,0.5
145.32469010353088,0.5,0.5
145.32960391044617,0.5,0.5
145.33541083335876,0.5,0.5
145.33562421798706,0.5,0.5
145.34624361991882,0.5,0.5
145.34776401519775,0.5,0.5
145.3536901473999,0.5,0.5
145.36317801475525,0.5,0.5
145.3684697151184,0.5,0.5
145.37141180038452,0.5,0.5
145.3722438812256,0.5,0.5
145.38637399673462,0.5,0.5
145.395690202713,0.5,0.5
145.39841222763062,0.5,0.5
145.40192580223083,0.5,0.5
145.4072437286377,0.5,0.5
145.41506028175354,0.5,0.5
145.42171812057495,0.5,0.5
145.4246904850006,0.5,0.5
145.42641186714172,0.5,0.5
145.4302144050598,0.5,0.5
145.44324445724487,0.5,0.5
145.44815921783447,0.5,0.5
145.45269060134888,0.5,0.5
145.46120715141296,0.5,0.5
145.46424460411072,0.5,0.5
145.46840953826904,0.5,0.5
145.4703779220581,0.5,0.5
145.4793541431427,0.5,0.5
145.48889207839966,0.5,0.5
145.4964096546173,0.5,0.5
145.4966902732849,0.5,0.5
145.4997854232788,0.5,0.5
145.50624465942383,0.5,0.5
145.50830125808716,0.5,0.5
145.51638221740723,0.5,0.5
145.52268981933594,0.5,0.5
145.5295796394348,0.5,0.5
145.53940963745117,0.5,0.5
145.54224920272827,0.5,0.5
145.54430627822876,0.5,0.5
145.56468963623047,0.5,0.5
145.56640911102295,0.5,0.5
145.56757950782776,0.5,0.5
145.57217931747437,0.5,0.5
145.57924938201904,0.5,0.5
145.58262014389038,0.5,0.5
145.59235000610352,0.5,0.5
145.5936896800995,0.5,0.5
145.60140919685364,0.5,0.5
145.60624933242798,0.5,0.5
145.60960459709167,0.5,0.5
145.62297987937927,0.5,0.5
145.62868905067444,0.5,0.5
145.63220620155334,0.5,0.5
145.63640904426575,0.5,0.5
145.63882088661194,0.5,0.5
145.64325046539307,0.5,0.5
145.64857721328735,0.5,0.5
145.65768909454346,0.5,0.5
145.6590383052826,0.5,0.5
145.6714072227478,0.5,0.5
145.6738576889038,0.5,0.5
145.67625045776367,0.5,0.5
145.68264961242676,0.5,0.5
145.6926372051239,0.5,0.5
145.69468903541565,0.5,0.5
145.70413661003113,0.5,0.5
145.70425033569336,0.5,0.5
145.70740723609924,0.5,0.5
145.72236514091492,0.5,0.5
145.72253394126892,0.5,0.5
145.72740721702576,0.5,0.5
145.72868847846985,0.5,0.5
145.73225045204163,0.5,0.5
145.74510312080383,0.5,0.5
145.74685049057007,0.5,0.5
145.76368856430054,0.5,0.5
145.76684069633484,0.5,0.5
145.76940608024597,0.5,0.5
145.7742464542389,0.5,0.5
145.7759211063385,0.5,0.5
145.78694820404053,0.5,0.5
145.7936885356903,0.5,0.5
145.79616856575012,0.5,0.5
145.79740595817566,0.5,0.5
145.80324625968933,0.5,0.5
145.8118646144867,0.5,0.5
145.8153064250946,0.5,0.5
145.82868599891663,0.5,0.5
145.83712220191956,0.5,0.5
145.83940601348877,0.5,0.5
145.8472502231598,0.5,0.5
145.8474006652832,0.5,0.5
145.8594672679901,0.5,0.5
145.86668634414673,0.5,0.5
145.86991786956787,0.5,0.5
145.8754060268402,0.5,0.5
145.87725019454956,0.5,0.5
145.88030290603638,0.5,0.5
145.88816165924072,0.5,0.5
145.898686170578,0.5,0.5
145.90245747566223,0.5,0.5
145.90825009346008,0.5,0.5
145.90940594673157,0.5,0.5
145.92668533325195,0.5,0.5
145.9284052848816,0.5,0.5
145.93740606307983,0.5,0.5
145.93846535682678,0.5,0.5
145.94410467147827,0.5,0.5
145.94825172424316,0.5,0.5
145.95568299293518,0.5,0.5
145.95868515968323,0.5,0.5
145.9651837348938,0.5,0.5
145.96540641784668,0.5,0.5
145.97625160217285,0.5,0.5
145.97638773918152,0.5,0.5
145.99367308616638,0.5,0.5
145.99468517303467,0.5,0.5
145.99669575691223,0.5,0.5
146.00425171852112,0.5,0.5
146.0074064731598,0.5,0.5
146.01128792762756,0.5,0.5
146.02625679969788,0.5,0.5
146.02968502044678,0.5,0.5
146.0350308418274,0.5,0.5
146.0364065170288,0.5,0.5
146.04725170135498,0.5,0.5
146.052401304245,0.5,0.5
146.0611162185669,0.5,0.5
146.0646848678589,0.5,0.5
146.07140445709229,0.5,0.5
146.07624912261963,0.5,0.5
146.08553671836853,0.6,0.4
146.09051084518433,0.6,0.4
146.095685005188,0.6,0.4
146.09678387641907,0.6,0.4
146.09931802749634,0.6,0.4
146.10324907302856,0.6,0.4
146.10740447044373,0.6,0.4
146.11376976966858,0.6,0.4
146.1286816596985,0.6,0.4
146.128981590271,0.6,0.4
146.13640451431274,0.6,0.4
146.13856434822085,0.6,0.4
146.14269399642944,0.6,0.4
146.1482481956482,0.6,0.4
146.15256428718567,0.6,0.4
146.16428303718567,0.6,0.4
146.16468167304993,0.6,0.4
146.17140245437622,0.6,0.4
146.1787588596344,0.6,0.4
146.18224811553955,0.6,0.4
146.19162559509277,0.6,0.4
146.1926817893982,0.6,0.4
146.1992154121399,0.6,0.4
146.1994023323059,0.6,0.4
146.20424818992615,0.6,0.4
146.21188282966614,0.6,0.4
146.2204875946045,0.5,0.5
146.22740244865415,0.5,0.5
146.22768020629883,0.5,0.5
146.22856760025024,0.5,0.5
146.2350208759308,0.5,0.5
146.24140119552612,0.5,0.5
146.24625182151794,0.5,0.5
146.25068306922913,0.5,0.5
146.25834012031555,0.5,0.5
146.26368021965027,0.5,0.5
146.2704017162323,0.5,0.5
146.2704291343689,0.5,0.5
146.2772514820099,0.5,0.5
146.28041410446167,0.5,0.5
146.2926800251007,0.5,0.5
146.29656529426575,0.5,0.5
146.299245595932,0.5,0.5
146.3074016571045,0.5,0.5
146.31225180625916,0.5,0.5
146.31342267990112,0.5,0.5
146.32317900657654,0.5,0.5
146.32640171051025,0.5,0.5
146.32767915725708,0.5,0.5
146.33901810646057,0.5,0.5
146.34130954742432,0.5,0.5
146.34825110435486,0.5,0.5
146.35619807243347,0.5,0.5
146.36367917060852,0.5,0.5
146.36840534210205,0.5,0.5
146.37331104278564,0.5,0.5
146.3822889328003,0.5,0.5
146.38325119018555,0.5,0.5
146.38723993301392,0.5,0.5
146.39267921447754,0.5,0.5
146.39618635177612,0.5,0.5
146.39640522003174,0.5,0.5
146.40970969200134,0.5,0.5
146.41225123405457,0.5,0.5
146.42208456993103,0.5,0.5
146.426677942276,0.5,0.5
146.4322485923767,0.5,0.5
146.43242502212524,0.5,0.5
146.43840527534485,0.5,0.5
146.4531238079071,0.5,0.5
146.46267795562744,0.5,0.5
146.4674026966095,0.5,0.5
146.46832370758057,0.5,0.5
146.47424840927124,0.5,0.5
146.49101734161377,0.5,0.5
146.49640274047852,0.5,0.5
146.49767780303955,0.5,0.5
146.5020821094513,0.5,0.5
146.5042486190796,0.5,0.5
146.51253294944763,0.5,0.5
146.51484298706055,0.5,0.5
146.52567791938782,0.5,0.5
146.53031992912292,0.5,0.5
146.534250497818,0.5,0.5
146.53840279579163,0.5,0.5
146.54168701171875,0.5,0.5
146.55006980895996,0.5,0.5
146.5536777973175,0.5,0.5
146.55546855926514,0.5,0.5
146.56640100479126,0.5,0.5
146.57603120803833,0.5,0.5
146.5822503566742,0.5,0.5
146.59567761421204,0.5,0.5
146.59640097618103,0.5,0.5
146.60071086883545,0.5,0.5
146.6022503376007,0.5,0.5
146.6122875213623,0.5,0.5
146.62367630004883,0.5,0.5
146.62445616722107,0.5,0.5
146.63285946846008,0.5,0.5
146.63840079307556,0.5,0.5
146.64525294303894,0.5,0.5
146.6551969051361,0.5,0.5
146.66567635536194,0.5,0.5
146.66698336601257,0.5,0.5
146.66740083694458,0.5,0.5
146.67225289344788,0.5,0.5
146.67681193351746,0.5,0.5
146.69319486618042,0.5,0.5
146.69367599487305,0.5,0.5
146.69540095329285,0.5,0.5
146.69906640052795,0.5,0.5
146.70725297927856,0.5,0.5
146.71279573440552,0.5,0.5
146.7236750125885,0.5,0.5
146.7268705368042,0.5,0.5
146.7369577884674,0.5,0.5
146.7384009361267,0.5,0.5
146.74325251579285,0.5,0.5
146.74994349479675,0.5,0.5
146.7566750049591,0.5,0.5
146.75817561149597,0.5,0.5
146.76640009880066,0.5,0.5
146.7722525596619,0.5,0.5
146.7797601222992,0.5,0.5
146.79007244110107,0.5,0.5
146.79540014266968,0.5,0.5
146.79867482185364,0.5,0.5
146.7992820739746,0.5,0.5
146.80725240707395,0.5,0.5
146.80839705467224,0.5,0.5
146.8185122013092,0.5,0.5
146.82667231559753,0.5,0.5
146.8342719078064,0.5,0.5
146.83640003204346,0.5,0.5
146.84226298332214,0.5,0.5
146.8460783958435,0.5,0.5
146.85467219352722,0.5,0.5
146.85485005378723,0.5,0.5
146.86484241485596,0.5,0.5
146.86739802360535,0.5,0.5
146.8749041557312,0.5,0.5
146.87926292419434,0.5,0.5
146.88373231887817,0.5,0.5
146.89667201042175,0.5,0.5
146.90526294708252,0.5,0.5
146.90739822387695,0.5,0.5
146.90817761421204,0.5,0.5
146.90922260284424,0.5,0.5
146.92467212677002,0.5,0.5
146.92711305618286,0.5,0.5
146.93892288208008,0.5,0.5
146.93939805030823,0.5,0.5
146.9472632408142,0.5,0.5
146.94899821281433,0.5,0.5
146.95891857147217,0.5,0.5
146.96639728546145,0.5,0.5
146.96683049201965,0.5,0.5
146.96767210960388,0.5,0.5
146.97626328468323,0.5,0.5
146.97787022590637,0.5,0.5
146.98980164527893,0.5,0.5
146.9946722984314,0.5,0.5
146.99493408203125,0.5,0.5
146.9963972568512,0.5,0.5
147.00262880325317,0.5,0.5
147.00426316261292,0.5,0.5
147.01012921333313,0.5,0.5
147.0246706008911,0.5,0.5
147.0310719013214,0.5,0.5
147.03326177597046,0.5,0.5
147.03771710395813,0.5,0.5
147.0383973121643,0.5,0.5
147.04822707176208,0.5,0.5
147.05367040634155,0.5,0.5
147.05746626853943,0.5,0.5
147.06739401817322,0.5,0.5
147.06781268119812,0.5,0.5
147.07326126098633,0.5,0.5
147.082261800766,0.5,0.5
147.09285616874695,0.5,0.5
147.09639406204224,0.5,0.5
147.096670627594,0.5,0.5
147.10326170921326,0.5,0.5
147.10437536239624,0.5,0.5
147.1100881099701,0.5,0.5
147.123028755188,0.5,0.5
147.12467050552368,0.5,0.5
147.13049125671387,0.5,0.5
147.13426780700684,0.5,0.5
147.1353600025177,0.5,0.5
147.13839387893677,0.5,0.5
147.14706802368164,0.5,0.5
147.15367031097412,0.5,0.5
147.1592516899109,0.5,0.5
147.16639375686646,0.5,0.5
147.17259240150452,0.5,0.5
147.17626786231995,0.5,0.5
147.17831683158877,0.5,0.5
147.192125082016,0.5,0.5
147.19639372825625,0.5,0.5
147.19667053222656,0.5,0.5
147.20326781272888,0.5,0.5
147.20714688301086,0.5,0.5
147.22335481643677,0.5,0.5
147.224671125412,0.5,0.5
147.2309911251068,0.5,0.5
147.23594427108765,0.5,0.5
147.23839378356934,0.5,0.5
147.2434492111206,0.5,0.5
147.24727153778076,0.5,0.5
147.25635719299316,0.5,0.5
147.2582859992981,0.5,0.5
147.26354479789734,0.5,0.5
147.26567125320437,0.5,0.5
147.2673921585083,0.5,0.5
147.27527141571045,0.5,0.5
147.27548336982727,0.5,0.5
147.28467106819153,0.5,0.5
147.288893699646,0.5,0.5
147.29639220237732,0.5,0.5
147.29896306991577,0.5,0.5
147.30844068527222,0.5,0.5
147.31227135658264,0.5,0.5
147.32249402999878,0.5,0.5
147.32667112350464,0.5,0.5
147.33839201927185,0.5,0.5
147.34023261070251,0.5,0.5
147.34431648254397,0.5,0.5
147.34826493263245,0.5,0.5
147.35447120666504,0.5,0.5
147.36267113685608,0.5,0.5
147.36639142036438,0.5,0.5
147.36984872817993,0.5,0.5
147.37415552139282,0.5,0.5
147.37426495552063,0.5,0.5
147.38776755332947,0.5,0.5
147.39767122268677,0.5,0.5
147.39850091934204,0.5,0.5
147.40239119529724,0.5,0.5
147.40326499938965,0.5,0.5
147.425794839859,0.5,0.5
147.43267250061035,0.5,0.5
147.43606615066528,0.5,0.5
147.4373915195465,0.5,0.5
147.44426774978638,0.5,0.5
147.45103883743286,0.5,0.5
147.45367240905762,0.5,0.5
147.46151900291443,0.5,0.5
147.46638917922974,0.5,0.5
147.4732677936554,0.5,0.5
147.47424507141113,0.5,0.5
147.4861159324646,0.5,0.5
147.49567246437073,0.5,0.5
147.50226759910583,0.5,0.5
147.50738906860352,0.5,0.5
147.51631927490234,0.5,0.5
147.52367043495178,0.5,0.5
147.523766040802,0.5,0.5
147.52838921546936,0.5,0.5
147.53005027770996,0.5,0.5
147.54247498512268,0.5,0.5
147.54526901245117,0.5,0.5
147.55171394348145,0.5,0.5
147.5656704902649,0.5,0.5
147.57038831710815,0.5,0.5
147.57326889038086,0.5,0.5
147.58847880363464,0.5,0.5
147.59367060661316,0.5,0.5
147.595281124115,0.5,0.5
147.59838843345642,0.5,0.5
147.60426902770996,0.5,0.5
147.60716462135315,0.5,0.5
147.61945962905884,0.5,0.5
147.62367296218872,0.5,0.5
147.62738847732544,0.5,0.5
147.6428508758545,0.5,0.5
147.6442666053772,0.5,0.5
147.6549572944641,0.5,0.5
147.65862226486206,0.5,0.5
147.66367292404175,0.5,0.5
147.670387506485,0.5,0.5
147.67560172080994,0.5,0.5
147.6772665977478,0.5,0.5
147.68798780441284,0.5,0.5
147.6956729888916,0.5,0.5
147.69849967956543,0.5,0.5
147.70426630973816,0.5,0.5
147.70738768577576,0.5,0.5
147.71150469779968,0.5,0.5
147.71555304527283,0.5,0.5
147.72266912460327,0.5,0.5
147.72638750076294,0.5,0.5
147.73086524009705,0.5,0.5
147.73264813423157,0.5,0.5
147.7462649345398,0.5,0.5
147.75706243515015,0.5,0.5
147.76466917991638,0.5,0.5
147.76541686058044,0.5,0.5
147.76838755607605,0.5,0.5
147.77426505088806,0.5,0.5
147.77728271484375,0.5,0.5
147.78460812568665,0.5,0.5
147.7936692237854,0.5,0.5
147.79638767242432,0.5,0.5
147.79707312583923,0.5,0.5
147.80038952827454,0.5,0.5
147.812264919281,0.5,0.5
147.82047939300537,0.5,0.5
147.8246684074402,0.5,0.5
147.82968592643738,0.5,0.5
147.83226442337036,0.5,0.5
147.83642601966858,0.5,0.5
147.83838748931885,0.5,0.5
147.844562292099,0.5,0.5
147.85529589653015,0.5,0.5
147.8576683998108,0.5,0.5
147.8652729988098,0.5,0.5
147.86738562583923,0.5,0.5
147.8767693042755,0.5,0.5
147.8772644996643,0.5,0.5
147.8784317970276,0.5,0.5
147.89266872406006,0.5,0.5
147.89607000350952,0.5,0.5
147.8963851928711,0.5,0.5
147.90426445007324,0.5,0.5
147.9057059288025,0.5,0.5
147.91556549072266,0.5,0.5
147.91873741149902,0.5,0.5
147.92766761779785,0.5,0.5
147.93326497077942,0.5,0.5
147.93351006507874,0.5,0.5
147.93938565254211,0.5,0.5
147.95310854911804,0.5,0.5
147.95881032943726,0.5,0.5
147.96266770362854,0.5,0.5
147.9654769897461,0.5,0.5
147.96638560295105,0.5,0.5
147.9696023464203,0.5,0.5
147.98226499557495,0.5,0.5
147.98466753959656,0.5,0.5
147.99538564682007,0.5,0.5
147.99981474876404,0.5,0.5
148.00226497650146,0.5,0.5
148.01033091545105,0.5,0.5
148.02566719055176,0.5,0.5
148.0312557220459,0.5,0.5
148.03638553619385,0.5,0.5
148.0442671775818,0.5,0.5
148.0459499359131,0.5,0.5
148.05241012573242,0.5,0.5
148.06466698646545,0.5,0.5
148.066383600235,0.5,0.5
148.07226705551147,0.5,0.5
148.07248854637146,0.5,0.5
148.08427906036377,0.5,0.5
148.08466696739197,0.5,0.5
148.10726714134216,0.5,0.5
148.10738348960876,0.5,0.5
148.1226670742035,0.5,0.5
148.12595653533936,0.5,0.5
148.13538360595703,0.5,0.5
148.13732767105105,0.5,0.5
148.14226841926575,0.5,0.5
148.1495702266693,0.5,0.5
148.1646671295166,0.5,0.5
148.1702537536621,0.5,0.5
148.17138242721558,0.5,0.5
148.176038980484,0.5,0.5
148.18426871299744,0.5,0.5
148.19152975082395,0.5,0.5
148.19466710090637,0.5,0.5
148.20638251304626,0.5,0.5
148.20819759368896,0.5,0.5
148.21126866340637,0.5,0.5
148.21326851844788,0.5,0.5
148.22216296195984,0.5,0.5
148.2276668548584,0.5,0.5
148.22843980789185,0.6,0.4
148.23326683044434,0.6,0.4
148.23538255691528,0.6,0.4
148.23916029930115,0.6,0.4
148.2531599998474,0.6,0.4
148.2626669406891,0.6,0.4
148.2693817615509,0.6,0.4
148.26948952674866,0.6,0.4
148.27526688575745,0.6,0.4
148.28007006645203,0.6,0.4
148.2892553806305,0.6,0.4
148.29766702651978,0.6,0.4
148.3032670021057,0.6,0.4
148.30487966537476,0.6,0.4
148.30738162994385,0.6,0.4
148.3256664276123,0.6,0.4
148.3263816833496,0.6,0.4
148.33193922042847,0.6,0.4
148.33341360092163,0.6,0.4
148.3449740409851,0.6,0.4
148.34526920318604,0.6,0.4
148.3539915084839,0.6,0.4
148.36266660690308,0.6,0.4
148.3671510219574,0.6,0.4
148.37137937545776,0.6,0.4
148.37526941299438,0.6,0.4
148.37835240364075,0.6,0.4
148.38507628440857,0.6,0.4
148.39737939834595,0.6,0.4
148.3976662158966,0.6,0.4
148.3980062007904,0.6,0.4
148.408269405365,0.6,0.4
148.41245245933533,0.6,0.4
148.4204204082489,0.6,0.4
148.4266641139984,0.6,0.4
148.42859649658203,0.6,0.4
148.43937921524048,0.6,0.4
148.44326829910278,0.6,0.4
148.4476547241211,0.6,0.4
148.4575583934784,0.6,0.4
148.4636640548706,0.6,0.4
148.46737718582153,0.6,0.4
148.46908950805664,0.6,0.4
148.4762682914734,0.6,0.4
148.48710012435913,0.6,0.4
148.49498748779297,0.6,0.4
148.4966640472412,0.6,0.4
148.50226831436157,0.6,0.4
148.50237703323364,0.6,0.4
148.5105423927307,0.6,0.4
148.5209355354309,0.7,0.3
148.52466440200806,0.7,0.3
148.53390955924988,0.7,0.3
148.5393772125244,0.7,0.3
148.5442612171173,0.7,0.3
148.54862904548645,0.7,0.3
148.55242204666138,0.7,0.3
148.55952835083008,0.7,0.3
148.56637692451477,0.7,0.3
148.56666445732117,0.7,0.3
148.57326126098633,0.7,0.3
148.59466457366943,0.7,0.3
148.6023769378662,0.7,0.3
148.6032612323761,0.7,0.3
148.62466430664062,0.7,0.3
148.6373770236969,0.7,0.3
148.64326167106628,0.7,0.3
148.6434462070465,0.7,0.3
148.65766429901123,0.7,0.3
148.66394066810608,0.8,0.2
148.66637468338013,0.8,0.2
148.6722617149353,0.8,0.2
148.67500615119934,0.8,0.2
148.68897581100464,0.8,0.2
148.6926646232605,0.8,0.2
148.7012677192688,0.8,0.2
148.70737481117249,0.8,0.2
148.70747780799866,0.8,0.2
148.70826172828674,0.8,0.2
148.7276632785797,0.8,0.2
148.72837471961975,0.8,0.2
148.73084449768066,0.8,0.2
148.74226093292236,0.8,0.2
148.75996446609497,0.8,0.2
148.76366329193115,0.8,0.2
148.77037405967712,0.8,0.2
148.77247381210327,0.8,0.2
148.77930521965027,0.8,0.2
148.7802610397339,0.8,0.2
148.79366326332092,0.8,0.2
148.79717421531677,0.8,0.2
148.7983739376068,0.8,0.2
148.80226469039917,0.8,0.2
148.80726099014282,0.8,0.2
148.81159496307373,0.8,0.2
148.8194854259491,0.8,0.2
148.82666420936584,0.8,0.2
148.82837414741516,0.8,0.2
148.8404610157013,0.9,0.1
148.8412582874298,0.9,0.1
148.86266422271729,0.9,0.1
148.86309361457825,0.9,0.1
148.8678514957428,0.9,0.1
148.87037253379822,0.9,0.1
148.87160420417786,0.9,0.1
148.87725830078125,0.9,0.1
148.8850290775299,0.9,0.1
148.89302802085876,0.9,0.1
148.8976640701294,0.9,0.1
148.90425848960876,0.9,0.1
148.9073724746704,0.9,0.1
148.9156756401062,0.9,0.1
148.91776061058044,0.9,0.1
148.92566418647766,0.9,0.1
148.9273271560669,0.9,0.1
148.93576860427856,0.9,0.1
148.94037175178528,0.9,0.1
148.94696378707886,0.9,0.1
148.9472532272339,0.9,0.1
148.95366430282593,0.9,0.1
148.9590299129486,1.0,0.0
148.96837162971497,1.0,0.0
148.9762532711029,1.0,0.0
148.9787621498108,1.0,0.0
148.98957920074463,1.0,0.0
148.99566435813904,1.0,0.0
148.99737167358398,1.0,0.0
149.00798726081848,1.0,0.0
149.0132532119751,1.0,0.0
149.01346802711487,1.0,0.0
149.02366375923157,1.0,0.0
149.02574801445007,1.0,0.0
149.03225016593933,1.0,0.0
149.03299641609192,1.0,0.0
149.0393717288971,1.0,0.0
149.04305505752563,1.0,0.0
149.05441641807556,1.0,0.0
149.05866360664368,1.0,0.0
149.06446433067322,1.0,0.0
149.06736969947815,1.0,0.0
149.07160902023315,1.0,0.0
149.0772500038147,1.0,0.0
149.0881588459015,1.0,0.0
149.09366369247437,1.0,0.0
149.09536981582642,1.0,0.0
149.09609007835388,1.0,0.0
149.10325026512146,1.0,0.0
149.10532474517822,1.0,0.0
149.1163411140442,1.0,0.0
149.12366247177124,1.0,0.0
149.13836979866028,1.0,0.0
149.1439561843872,1.0,0.0
149.14524841308594,1.0,0.0
149.15493965148926,1.0,0.0
149.16366243362427,1.0,0.0
149.1663691997528,1.0,0.0
149.16662788391113,1.0,0.0
149.17324829101562,1.0,0.0
149.17605090141296,1.0,0.0
149.18317532539368,1.0,0.0
149.18666243553162,1.0,0.0
149.19481801986694,1.0,0.0
149.1953694820404,1.0,0.0
149.20524835586548,1.0,0.0
149.2114818096161,1.0,0.0
149.2192497253418,1.0,0.0
149.2200164794922,1.0,0.0
149.22666239738464,1.0,0.0
149.23272609710693,1.0,0.0
149.23736953735352,1.0,0.0
149.24152255058289,1.0,0.0
149.24654150009155,1.0,0.0
149.24724793434143,1.0,0.0
149.26098108291626,1.0,0.0
149.26266241073608,1.0,0.0
149.2663688659668,1.0,0.0
149.27095913887024,1.0,0.0
149.2772479057312,1.0,0.0
149.28406620025635,1.0,0.0
149.291606426239,1.0,0.0
149.29636883735657,1.0,0.0
149.29666256904602,1.0,0.0
149.30129861831665,1.0,0.0
149.3122479915619,1.0,0.0
149.3206067085266,1.0,0.0
149.32465982437134,1.0,0.0
149.3349540233612,1.0,0.0
149.33836889266968,1.0,0.0
149.33963298797607,1.0,0.0
149.3405351638794,1.0,0.0
149.34824633598328,1.0,0.0
149.3488793373108,1.0,0.0
149.3623068332672,1.0,0.0
149.36636805534363,1.0,0.0
149.3676598072052,1.0,0.0
149.37552046775818,1.0,0.0
149.38224601745603,1.0,0.0
149.38723969459534,1.0,0.0
149.39465975761414,1.0,0.0
149.39536809921265,1.0,0.0
149.39793419837952,1.0,0.0
149.40324640274048,1.0,0.0
149.41172862052915,1.0,0.0
149.42032098770142,1.0,0.0
149.42465949058533,1.0,0.0
149.434091091156,1.0,0.0
149.436368227005,1.0,0.0
149.44524502754211,1.0,0.0
149.44655442237854,1.0,0.0
149.44793939590454,1.0,0.0
149.45717668533325,1.0,0.0
149.45765948295593,1.0,0.0
149.4657609462738,1.0,0.0
149.46636629104614,1.0,0.0
149.47324514389038,1.0,0.0
149.47444868087769,1.0,0.0
149.48511934280396,1.0,0.0
149.49265933036804,1.0,0.0
149.49718832969666,1.0,0.0
149.5022451877594,1.0,0.0
149.50672841072085,1.0,0.0
149.5073664188385,1.0,0.0
149.51965260505676,1.0,0.0
149.52865862846377,1.0,0.0
149.5298867225647,1.0,0.0
149.5353662967682,1.0,0.0
149.53824710845947,1.0,0.0
149.54424381256104,1.0,0.0
149.54589653015137,1.0,0.0
149.56265830993652,1.0,0.0
149.5698754787445,1.0,0.0
149.5713655948639,1.0,0.0
149.57424354553223,1.0,0.0
149.58206868171692,1.0,0.0
149.5846586227417,1.0,0.0
149.59936547279358,1.0,0.0
149.60312128067017,1.0,0.0
149.60724353790283,1.0,0.0
149.61310982704163,1.0,0.0
149.62267422676086,1.0,0.0
149.62565779685974,1.0,0.0
149.6342256069183,1.0,0.0
149.63536548614502,1.0,0.0
149.6432445049286,1.0,0.0
149.6442301273346,1.0,0.0
149.65326762199402,1.0,0.0
149.653657913208,1.0,0.0
149.66753554344177,1.0,0.0
149.67036318778992,1.0,0.0
149.6722445487976,1.0,0.0
149.6745617389679,1.0,0.0
149.69501781463623,1.0,0.0
149.6956582069397,1.0,0.0
149.69739413261414,1.0,0.0
149.70724439620972,1.0,0.0
149.7073633670807,1.0,0.0
149.710125207901,1.0,0.0
149.71926140785217,1.0,0.0
149.72365713119507,1.0,0.0
149.72636318206787,1.0,0.0
149.73305702209473,1.0,0.0
149.73983812332153,1.0,0.0
149.7432506084442,1.0,0.0
149.75257420539856,1.0,0.0
149.75865721702576,1.0,0.0
149.76579427719116,1.0,0.0
149.76836323738098,1.0,0.0
149.77725100517273,1.0,0.0
149.77767539024353,1.0,0.0
149.78474354743958,1.0,0.0
149.79465699195862,1.0,0.0
149.79636335372925,1.0,0.0
149.8007869720459,1.0,0.0
149.81225061416626,1.0,0.0
149.81687951087952,1.0,0.0
149.82683420181274,1.0,0.0
149.82865571975708,1.0,0.0
149.8332486152649,1.0,0.0
149.83327221870422,1.0,0.0
149.83836317062378,1.0,0.0
149.84177780151367,1.0,0.0
149.84895014762878,1.0,0.0
149.86365580558777,1.0,0.0
149.86736226081848,1.0,0.0
149.86773371696472,1.0,0.0
149.86809015274048,1.0,0.0
149.875248670578,1.0,0.0
149.88465571403503,1.0,0.0
149.89199686050415,1.0,0.0
149.89429640769958,1.0,0.0
149.8963623046875,1.0,0.0
149.9122486114502,1.0,0.0
149.91501450538635,1.0,0.0
149.9266550540924,1.0,0.0
149.93424892425537,1.0,0.0
149.93530750274658,1.0,0.0
149.9383625984192,1.0,0.0
149.94343519210815,1.0,0.0
149.95301127433777,1.0,0.0
149.96265506744385,1.0,0.0
149.96636199951172,1.0,0.0
149.96821427345276,1.0,0.0
149.9759476184845,1.0,0.0
149.97624897956848,1.0,0.0
149.98465514183044,1.0,0.0
150.00236201286316,1.0,0.0
150.00295209884644,1.0,0.0
150.00324892997742,1.0,0.0
150.00492906570437,1.0,0.0
150.01660752296448,1.0,0.0
150.0276038646698,1.0,0.0
150.02765107154846,1.0,0.0
150.03736209869385,1.0,0.0
150.0373854637146,1.0,0.0
150.04724788665771,1.0,0.0
150.04983472824097,1.0,0.0
150.05809950828552,1.0,0.0
150.06265091896057,1.0,0.0
150.06635999679563,1.0,0.0
150.06850361824036,1.0,0.0
150.0732479095459,1.0,0.0
150.0740578174591,1.0,0.0
150.082528591156,1.0,0.0
150.09172296524048,1.0,0.0
150.098650932312,1.0,0.0
150.10324788093567,1.0,0.0
150.10341334342957,1.0,0.0
150.10735988616943,1.0,0.0
150.11480021476746,1.0,0.0
150.1177909374237,1.0,0.0
150.12565112113953,1.0,0.0
150.12836003303528,1.0,0.0
150.1298508644104,1.0,0.0
150.14066195487976,1.0,0.0
150.1442518234253,1.0,0.0
150.1503438949585,1.0,0.0
150.1536512374878,1.0,0.0
150.15800094604492,1.0,0.0
150.17128467559814,1.0,0.0
150.17136073112488,1.0,0.0
150.17625164985657,1.0,0.0
150.1863842010498,1.0,0.0
150.19558119773865,1.0,0.0
150.19665122032166,1.0,0.0
150.1983606815338,1.0,0.0
150.20225167274475,1.0,0.0
150.2036099433899,1.0,0.0
150.2236511707306,1.0,0.0
150.22726130485535,1.0,0.0
150.228360414505,1.0,0.0
150.23279285430908,1.0,0.0
150.24725365638733,1.0,0.0
150.26065111160278,1.0,0.0
150.2642412185669,1.0,0.0
150.2693257331848,1.0,0.0
150.27035856246948,1.0,0.0
150.27625370025635,1.0,0.0
150.27669644355774,1.0,0.0
150.28658151626587,1.0,0.0
150.2936511039734,1.0,0.0
150.30325388908386,1.0,0.0
150.30735874176025,1.0,0.0
150.31177949905396,1.0,0.0
150.31808304786682,1.0,0.0
150.32265162467957,1.0,0.0
150.32635855674744,1.0,0.0
150.3307785987854,1.0,0.0
150.33902764320374,1.0,0.0
150.34725308418274,1.0,0.0
150.35187554359436,1.0,0.0
150.36465167999268,1.0,0.0
150.3683578968048,1.0,0.0
150.37396788597107,1.0,0.0
150.37525296211243,1.0,0.0
150.3907346725464,1.0,0.0
150.3936517238617,1.0,0.0
150.39635801315308,1.0,0.0
150.39695572853088,1.0,0.0
150.40200901031494,1.0,0.0
150.4032530784607,1.0,0.0
150.4127631187439,1.0,0.0
150.4276511669159,1.0,0.0
150.42965936660767,1.0,0.0
150.4358139038086,1.0,0.0
150.43835759162903,1.0,0.0
150.44425010681152,1.0,0.0
150.45103240013125,1.0,0.0
150.46061968803406,1.0,0.0
150.46665120124817,1.0,0.0
150.46735501289368,1.0,0.0
150.47224259376526,1.0,0.0
150.47325015068054,1.0,0.0
150.48412346839905,1.0,0.0
150.49265122413635,1.0,0.0
150.4963550567627,1.0,0.0
150.49973011016846,1.0,0.0
150.50824999809265,1.0,0.0
150.5109806060791,1.0,0.0
150.51807856559753,1.0,0.0
150.52865052223206,1.0,0.0
150.53469347953796,1.0,0.0
150.5383551120758,1.0,0.0
150.54325199127197,1.0,0.0
150.5465476512909,1.0,0.0
150.54895162582395,1.0,0.0
150.5584270954132,1.0,0.0
150.5646505355835,1.0,0.0
150.56635403633118,1.0,0.0
150.572252035141,1.0,0.0
150.57402729988098,1.0,0.0
150.59265041351318,1.0,0.0
150.5941355228424,1.0,0.0
150.5953540802002,1.0,0.0
150.59858512878418,1.0,0.0
150.6072518825531,1.0,0.0
150.61138820648193,1.0,0.0
150.6133782863617,1.0,0.0
150.62264919281006,1.0,0.0
150.62691020965576,1.0,0.0
150.63635420799255,1.0,0.0
150.63941931724548,1.0,0.0
150.64224910736084,1.0,0.0
150.64931869506836,1.0,0.0
150.65664935112,1.0,0.0
150.66493844985962,1.0,0.0
150.67135310173035,1.0,0.0
150.67401885986328,1.0,0.0
150.67724919319153,1.0,0.0
150.6830952167511,1.0,0.0
150.69464921951294,1.0,0.0
150.69474124908447,1.0,0.0
150.70564675331116,1.0,0.0
150.7073531150818,1.0,0.0
150.70924925804138,1.0,0.0
150.71435856819153,1.0,0.0
150.71956253051758,1.0,0.0
150.7273530960083,1.0,0.0
150.72764682769775,1.0,0.0
150.72905087471008,1.0,0.0
150.74325251579285,1.0,0.0
150.75755429267883,1.0,0.0
150.76180911064148,1.0,0.0
150.76264691352844,1.0,0.0
150.76672101020813,1.0,0.0
150.770352602005,1.0,0.0
150.77325248718262,1.0,0.0
150.7866985797882,1.0,0.0
150.7926468849182,1.0,0.0
150.79594373703003,1.0,0.0
150.79735231399536,1.0,0.0
150.80518579483032,1.0,0.0
150.8082525730133,1.0,0.0
150.82308912277222,1.0,0.0
150.82557559013367,1.0,0.0
150.827645778656,1.0,0.0
150.83935260772705,1.0,0.0
150.83994460105896,1.0,0.0
150.84425520896912,1.0,0.0
150.84479928016663,1.0,0.0
150.8530490398407,1.0,0.0
150.86364579200745,1.0,0.0
150.86734914779663,1.0,0.0
150.87825536727905,1.0,0.0
150.88445901870728,1.0,0.0
150.8953492641449,1.0,0.0
150.8986458778381,1.0,0.0
150.90461111068726,1.0,0.0
150.91325521469116,1.0,0.0
150.92764592170715,1.0,0.0
150.9342544078827,1.0,0.0
150.93834924697876,1.0,0.0
150.9636459350586,1.0,0.0
150.96634888648987,1.0,0.0
150.97432827949524,1.0,0.0
150.97725439071655,1.0,0.0
150.98405981063843,1.0,0.0
150.9913194179535,1.0,0.0
150.9953489303589,1.0,0.0
150.99764561653137,1.0,0.0
151.01247334480286,1.0,0.0
151.013254404068,1.0,0.0
151.0256450176239,1.0,0.0
151.03325510025024,1.0,0.0
151.03634905815125,1.0,0.0
151.03968381881714,1.0,0.0
151.04447555541992,1.0,0.0
151.0518593788147,1.0,0.0
151.056645154953,1.0,0.0
151.06508135795593,1.0,0.0
151.06634736061096,1.0,0.0
151.07531261444092,1.0,0.0
151.0782549381256,1.0,0.0
151.07991862297058,1.0,0.0
151.08364510536194,1.0,0.0
151.08930563926697,1.0,0.0
151.09827041625977,1.0,0.0
151.1003475189209,1.0,0.0
151.1042549610138,1.0,0.0
151.11532068252563,1.0,0.0
151.1268880367279,1.0,0.0
151.12864518165588,1.0,0.0
151.13414454460144,1.0,0.0
151.135347366333,1.0,0.0
151.14432001113892,1.0,0.0
151.14625787734985,1.0,0.0
151.15094470977783,1.0,0.0
151.15564513206482,1.0,0.0
151.16330218315125,1.0,0.0
151.17034721374512,1.0,0.0
151.1718511581421,1.0,0.0
151.17525792121887,1.0,0.0
151.18401861190796,1.0,0.0
151.19764518737793,1.0,0.0
151.20034098625183,1.0,0.0
151.20525789260864,1.0,0.0
151.20634746551514,1.0,0.0
151.21354293823242,1.0,0.0
151.2266445159912,1.0,0.0
151.22786355018616,1.0,0.0
151.2332570552826,1.0,0.0
151.23534750938416,1.0,0.0
151.239191532135,1.0,0.0
151.24516415596008,1.0,0.0
151.25364446640015,1.0,0.0
151.26436114311218,1.0,0.0
151.2703459262848,1.0,0.0
151.2752571105957,1.0,0.0
151.28585243225098,1.0,0.0
151.295996427536,1.0,0.0
151.29764461517334,1.0,0.0
151.30425715446472,1.0,0.0
151.30734586715698,1.0,0.0
151.31239914894104,1.0,0.0
151.3174238204956,1.0,0.0
151.3243465423584,1.0,0.0
151.32464361190796,1.0,0.0
151.33534622192383,1.0,0.0
151.34225726127625,1.0,0.0
151.34442138671875,1.0,0.0
151.36340618133545,1.0,0.0
151.36564350128174,1.0,0.0
151.37034606933594,1.0,0.0
151.37415862083435,1.0,0.0
151.37625741958618,1.0,0.0
151.3838391304016,1.0,0.0
151.38783240318298,1.0,0.0
151.3956434726715,1.0,0.0
151.39934611320496,1.0,0.0
151.40795135498047,1.0,0.0
151.41225719451904,1.0,0.0
151.42016792297363,1.0,0.0
151.42263960838318,1.0,0.0
151.42871570587158,1.0,0.0
151.4342555999756,1.0,0.0
151.4353461265564,1.0,0.0
151.44463205337524,1.0,0.0
151.44950127601624,1.0,0.0
151.45763969421387,1.0,0.0
151.46577286720276,1.0,0.0
151.46934866905212,1.0,0.0
151.4762556552887,1.0,0.0
151.48655152320862,1.0,0.0
151.4936397075653,1.0,0.0
151.49529886245728,1.0,0.0
151.49834871292114,1.0,0.0
151.50325560569763,1.0,0.0
151.50374293327332,1.0,0.0
151.50917720794678,1.0,0.0
151.520352602005,1.0,0.0
151.52363967895508,1.0,0.0
151.52881336212158,1.0,0.0
151.53425335884094,1.0,0.0
151.54034781455994,1.0,0.0
151.54173851013184,1.0,0.0
151.5547091960907,1.0,0.0
151.5636396408081,1.0,0.0
151.56831550598145,1.0,0.0
151.5703480243683,1.0,0.0
151.57525324821472,1.0,0.0
151.58239459991455,1.0,0.0
151.58463978767395,1.0,0.0
151.60154795646667,1.0,0.0
151.603253364563,1.0,0.0
151.6053478717804,1.0,0.0
151.61849880218506,1.0,0.0
151.627347946167,1.0,0.0
151.62763786315918,1.0,0.0
151.62805271148682,1.0,0.0
151.63551306724548,0.6,0.4
151.64306378364563,0.6,0.4
151.6472554206848,0.6,0.4
151.65099239349365,0.4,0.6
151.65463781356812,0.4,0.6
151.6598517894745,0.4,0.6
151.6683475971222,0.4,0.6
151.6752552986145,0.4,0.6
151.67867255210876,0.4,0.6
151.6794958114624,0.5,0.5
151.69663786888125,0.5,0.5
151.69834780693054,0.5,0.5
151.70010113716123,0.5,0.5
151.70425534248352,0.5,0.5
151.70892882347107,0.5,0.5
151.7173273563385,0.5,0.5
151.72463870048523,0.5,0.5
151.72603917121887,0.5,0.5
151.7263479232788,0.5,0.5
151.74058055877686,0.5,0.5
151.74525380134585,0.5,0.5
151.75363874435425,0.5,0.5
151.76916480064392,0.6,0.4
151.76934719085693,0.6,0.4
151.77625346183777,0.6,0.4
151.79018640518188,0.6,0.4
151.7966387271881,0.6,0.4
151.79734706878662,0.6,0.4
151.7982840538025,0.6,0.4
151.8042538166046,0.6,0.4
151.80745363235474,0.6,0.4
151.8174376487732,0.6,0.4
151.82363891601562,0.6,0.4
151.8298819065094,0.6,0.4
151.83857107162476,0.6,0.4
151.83934712409973,0.6,0.4
151.8482530117035,0.6,0.4
151.8590316772461,0.6,0.4
151.86563897132874,0.6,0.4
151.8673484325409,0.6,0.4
151.86789679527283,0.6,0.4
151.87525296211243,0.6,0.4
151.88487696647644,0.6,0.4
151.8941400051117,0.6,0.4
151.89463901519775,0.6,0.4
151.8963484764099,0.6,0.4
151.90347146987915,0.6,0.4
151.90425300598145,0.6,0.4
151.91621470451355,0.6,0.4
151.92716217041016,0.6,0.4
151.92963814735413,0.6,0.4
151.93834853172302,0.6,0.4
151.93963170051575,0.6,0.4
151.94725227355957,0.6,0.4
151.95298600196838,0.6,0.4
151.9576382637024,0.6,0.4
151.9634304046631,0.6,0.4
151.96634936332703,0.6,0.4
151.97569060325625,0.6,0.4
151.97725200653076,0.6,0.4
151.9935371875763,0.6,0.4
151.99363803863525,0.6,0.4
152.00234937667847,0.6,0.4
152.00325226783752,0.6,0.4
152.0048508644104,0.6,0.4
152.0202271938324,0.6,0.4
152.0276379585266,0.6,0.4
152.03250670433044,0.6,0.4
152.0363495349884,0.6,0.4
152.04120326042175,0.6,0.4
152.045250415802,0.6,0.4
152.06263780593872,0.7,0.3
152.06913542747498,0.7,0.3
152.06946730613708,0.6,0.4
152.0713472366333,0.6,0.4
152.07425045967102,0.6,0.4
152.0842628479004,0.6,0.4
152.0976378917694,0.6,0.4
152.10525035858154,0.6,0.4
152.10734724998474,0.6,0.4
152.11007642745972,0.6,0.4
152.1122968196869,0.6,0.4
152.1256365776062,0.6,0.4
152.13174986839294,0.6,0.4
152.13598608970642,0.6,0.4
152.13934707641602,0.6,0.4
152.1452465057373,0.6,0.4
152.1481773853302,0.6,0.4
152.15528106689453,0.6,0.4
152.1626365184784,0.6,0.4
152.16634821891785,0.6,0.4
152.17424654960632,0.6,0.4
152.17908000946045,0.6,0.4
152.1912181377411,0.6,0.4
152.19634795188904,0.6,0.4
152.19763660430908,0.6,0.4
152.20768213272095,0.6,0.4
152.20924639701843,0.6,0.4
152.2119746208191,0.6,0.4
152.22763347625732,0.6,0.4
152.23234462738037,0.5,0.5
152.23834800720215,0.5,0.5
152.24289631843567,0.5,0.5
152.24424481391907,0.5,0.5
152.25463366508484,0.5,0.5
152.2620780467987,0.5,0.5
152.26734614372253,0.5,0.5
152.2766933441162,0.6,0.4
152.2822449207306,0.6,0.4
152.28787875175476,0.6,0.4
152.29634618759155,0.6,0.4
152.29863381385803,0.6,0.4
152.30524492263794,0.6,0.4
152.3109712600708,0.6,0.4
152.3207688331604,0.6,0.4
152.3246328830719,0.6,0.4
152.33771300315857,0.6,0.4
152.33834600448608,0.6,0.4
152.34312295913696,0.5,0.5
152.3452432155609,0.5,0.5
152.35263299942017,0.5,0.5
152.36595702171326,0.5,0.5
152.3663456439972,0.5,0.5
152.36848163604736,0.5,0.5
152.37424325942993,0.5,0.5
152.39019632339478,0.5,0.5
152.3966326713562,0.5,0.5
152.40125703811646,0.5,0.5
152.40234565734863,0.5,0.5
152.40324330329895,0.5,0.5
152.41116786003113,0.5,0.5
152.4187717437744,0.5,0.5
152.42962980270386,0.5,0.5
152.4314625263214,0.5,0.5
152.43734550476074,0.5,0.5
152.43890929222107,0.5,0.5
152.4452419281006,0.5,0.5
152.44840502738953,0.5,0.5
152.4646294116974,0.5,0.5
152.46634316444397,0.5,0.5
152.46691179275513,0.6,0.4
152.47324204444885,0.6,0.4
152.47531843185425,0.6,0.4
152.4837954044342,0.6,0.4
152.49362921714783,0.6,0.4
152.49837613105774,0.6,0.4
152.50224208831787,0.6,0.4
152.50730061531067,0.6,0.4
152.50734305381775,0.6,0.4
152.5113492012024,0.6,0.4
152.5286283493042,0.5,0.5
152.53634309768677,0.5,0.5
152.54306721687317,0.5,0.5
152.54423999786377,0.5,0.5
152.5466639995575,0.5,0.5
152.5526089668274,0.5,0.5
152.55862832069397,0.5,0.5
152.56534242630005,0.5,0.5
152.57424020767212,0.5,0.5
152.5754678249359,0.5,0.5
152.5857584476471,0.5,0.5
152.58991980552673,0.5,0.5
152.5946283340454,0.5,0.5
152.59534239768982,0.5,0.5
152.6000256538391,0.5,0.5
152.61423993110657,0.5,0.5
152.617693901062,0.5,0.5
152.62862706184387,0.5,0.5
152.63071060180664,0.5,0.5
152.63523840904236,0.5,0.5
152.63634252548218,0.5,0.5
152.63937616348267,0.6,0.4
152.64748740196228,0.7,0.3
152.66562724113464,0.7,0.3
152.66734075546265,0.7,0.3
152.6680600643158,0.7,0.3
152.670095205307,0.7,0.3
152.67923831939697,0.7,0.3
152.68093919754028,0.7,0.3
152.69462704658508,0.7,0.3
152.69534039497375,0.7,0.3
152.69652271270752,0.7,0.3
152.70523834228516,0.7,0.3
152.71273493766785,0.7,0.3
152.724205493927,0.7,0.3
152.72962737083435,0.7,0.3
152.73323774337769,0.7,0.3
152.73449778556824,0.7,0.3
152.73834085464478,0.7,0.3
152.7440619468689,0.7,0.3
152.75073170661926,0.7,0.3
152.75762748718262,0.7,0.3
152.76280903816223,0.7,0.3
152.7653410434723,0.7,0.3
152.7727415561676,0.7,0.3
152.7752377986908,0.7,0.3
152.78939247131348,1.0,0.0
152.79092359542847,1.0,0.0
152.79362750053406,1.0,0.0
152.80623769760132,1.0,0.0
152.80653285980225,1.0,0.0
152.8073410987854,1.0,0.0
152.8153862953186,1.0,0.0
152.82562732696533,1.0,0.0
152.83035826683044,1.0,0.0
152.8353409767151,1.0,0.0
152.84156799316406,1.0,0.0
152.84723734855652,1.0,0.0
152.85418152809143,1.0,0.0
152.85971426963806,1.0,0.0
152.8666272163391,1.0,0.0
152.86870312690735,0.9,0.1
152.87033820152283,0.9,0.1
152.87423729896545,0.9,0.1
152.87908387184143,0.9,0.1
152.89367961883545,0.9,0.1
152.89462733268738,0.9,0.1
152.90270829200745,0.9,0.1
152.90733814239502,0.9,0.1
152.91223740577698,0.9,0.1
152.91595816612244,0.9,0.1
152.92462682724,0.9,0.1
152.92633819580078,0.9,0.1
152.93193697929382,0.9,0.1
152.93561482429504,0.9,0.1
152.94423532485962,0.9,0.1
152.95116782188416,0.8,0.2
152.96350646018982,0.8,0.2
152.96562695503235,0.8,0.2
152.96623539924622,0.8,0.2
152.96833753585815,0.8,0.2
152.969575881958,0.8,0.2
152.98182201385498,0.8,0.2
152.988600730896,0.8,0.2
152.99562692642212,0.8,0.2
152.99633741378784,0.8,0.2
153.00181555747986,0.8,0.2
153.00723528862,0.8,0.2
153.0236256122589,0.8,0.2
153.02430653572085,0.8,0.2
153.03833746910095,0.8,0.2
153.04174733161926,0.8,0.2
153.04523491859436,0.8,0.2
153.04870128631592,0.7,0.3
153.05802869796753,0.7,0.3
153.05962562561035,0.7,0.3
153.06633591651917,0.7,0.3
153.07323479652405,0.7,0.3
153.07763147354126,0.7,0.3
153.09320831298828,0.7,0.3
153.0936255455017,0.7,0.3
153.09633588790894,0.7,0.3
153.10423493385315,0.7,0.3
153.10606455802915,0.7,0.3
153.10907411575317,0.7,0.3
153.12071633338928,0.7,0.3
153.1236252784729,0.7,0.3
153.12533593177795,0.7,0.3
153.1330122947693,0.6,0.4
153.14115834236145,0.6,0.4
153.1472361087799,0.6,0.4
153.1592173576355,0.6,0.4
153.165625333786,0.6,0.4
153.16733503341675,0.6,0.4
153.16940331459045,0.6,0.4
153.17623615264893,0.6,0.4
153.18066000938416,0.6,0.4
153.19348859786987,0.7,0.3
153.19462537765503,0.7,0.3
153.19633507728577,0.7,0.3
153.2042360305786,0.7,0.3
153.20843982696533,0.6,0.4
153.21539330482483,0.6,0.4
153.22362279891968,0.6,0.4
153.22733521461487,0.6,0.4
153.24141335487366,0.6,0.4
153.24723720550537,0.6,0.4
153.25862288475037,0.6,0.4
153.26378655433655,0.5,0.5
153.26733326911926,0.5,0.5
153.27523732185364,0.5,0.5
153.28136920928955,0.5,0.5
153.29430627822876,0.5,0.5
153.29562282562256,0.5,0.5
153.29733324050903,0.5,0.5
153.30323719978333,0.5,0.5
153.30517768859863,0.5,0.5
153.31763553619385,0.5,0.5
153.3236222267151,0.5,0.5
153.3253333568573,0.5,0.5
153.32690620422363,0.5,0.5
153.33523297309875,0.5,0.5
153.33834409713745,0.5,0.5
153.35866570472717,0.5,0.5
153.35962200164795,0.5,0.5
153.3703327178955,0.5,0.5
153.37250208854675,0.6,0.4
153.3772330284119,0.6,0.4
153.3825240135193,0.6,0.4
153.39462208747864,0.6,0.4
153.3960475921631,0.6,0.4
153.39694333076477,0.6,0.4
153.40523314476013,0.6,0.4
153.4053328037262,0.6,0.4
153.40726041793823,0.6,0.4
153.41779804229736,0.6,0.4
153.4246211051941,0.6,0.4
153.4279432296753,0.6,0.4
153.4342381954193,0.6,0.4
153.43503761291504,0.6,0.4
153.43633270263672,0.6,0.4
153.44681906700134,0.6,0.4
153.45862102508545,0.6,0.4
153.45949125289917,0.6,0.4
153.47130703926086,0.6,0.4
153.471333026886,0.6,0.4
153.47723817825317,0.6,0.4
153.4901032447815,0.6,0.4
153.49362111091614,0.6,0.4
153.5024914741516,0.6,0.4
153.5042381286621,0.6,0.4
153.50733304023743,0.6,0.4
153.5259506702423,0.6,0.4
153.52862000465393,0.6,0.4
153.5340600013733,1.0,0.0
153.5353331565857,1.0,0.0
153.54473519325256,1.0,0.0
153.5448830127716,1.0,0.0
153.5482361316681,1.0,0.0
153.55896019935608,1.0,0.0
153.56362009048462,1.0,0.0
153.57033252716064,1.0,0.0
153.57081508636475,1.0,0.0
153.57523608207703,1.0,0.0
153.58461999893188,1.0,0.0
153.5886709690094,1.0,0.0
153.59866380691528,1.0,0.0
153.60138034820557,1.0,0.0
153.6052360534668,1.0,0.0
153.60533261299133,1.0,0.0
153.61053895950317,1.0,0.0
153.62661862373352,1.0,0.0
153.63492107391355,1.0,0.0
153.6353325843811,1.0,0.0
153.64523267745972,1.0,0.0
153.65231108665466,1.0,0.0
153.6546187400818,1.0,0.0
153.667222738266,1.0,0.0
153.6703314781189,1.0,0.0
153.67723274230957,1.0,0.0
153.68794322013855,1.0,0.0
153.6966187953949,1.0,0.0
153.69880628585815,1.0,0.0
153.7042326927185,1.0,0.0
153.7073314189911,1.0,0.0
153.71022868156433,1.0,0.0
153.7266170978546,1.0,0.0
153.72724056243896,1.0,0.0
153.73533153533936,1.0,0.0
153.73833799362183,1.0,0.0
153.74823093414307,1.0,0.0
153.75152921676636,1.0,0.0
153.75361704826355,1.0,0.0
153.76660418510437,1.0,0.0
153.77133083343506,1.0,0.0
153.77498388290405,1.0,0.0
153.775230884552,1.0,0.0
153.78380489349365,1.0,0.0
153.79561710357666,1.0,0.0
153.80099487304688,1.0,0.0
153.80633068084717,1.0,0.0
153.80846858024597,1.0,0.0
153.81323099136353,1.0,0.0
153.8246169090271,1.0,0.0
153.83096766471863,1.0,0.0
153.83322978019714,1.0,0.0
153.8353307247162,1.0,0.0
153.84222841262817,1.0,0.0
153.85361695289612,1.0,0.0
153.86087727546692,1.0,0.0
153.87032961845398,1.0,0.0
153.87101578712463,1.0,0.0
153.87522959709167,1.0,0.0
153.881085395813,0.9,0.1
153.88948106765747,0.9,0.1
153.89561700820923,0.9,0.1
153.89946031570437,0.7,0.3
153.90732979774475,0.7,0.3
153.9172296524048,0.7,0.3
153.9246141910553,0.7,0.3
153.92521452903748,0.5,0.5
153.9274296760559,0.5,0.5
153.9320526123047,0.7,0.3
153.93532967567444,0.7,0.3
153.94334840774536,0.7,0.3
153.945228099823,0.7,0.3
153.94887781143188,0.7,0.3
153.956298828125,0.5,0.5
153.9686141014099,0.5,0.5
153.9703288078308,0.5,0.5
153.9724838733673,0.5,0.5
153.97422814369202,0.5,0.5
153.98367285728455,0.5,0.5
153.9946141242981,0.5,0.5
153.99932861328125,0.5,0.5
154.00922799110413,0.5,0.5
154.01283168792725,0.5,0.5
154.01513576507568,0.3,0.7
154.0246136188507,0.3,0.7
154.03447651863098,0.3,0.7
154.0353286266327,0.3,0.7
154.04622673988342,0.3,0.7
154.04678988456726,0.3,0.7
154.0586135387421,0.3,0.7
154.0637245178223,0.3,0.7
154.07032704353333,0.3,0.7
154.07322669029236,0.3,0.7
154.0805253982544,0.3,0.7
154.08893394470215,0.3,0.7
154.0966136455536,0.3,0.7
154.09932684898376,0.3,0.7
154.1046600341797,0.3,0.7
154.1112265586853,0.3,0.7
154.11262011528015,0.3,0.7
154.12361240386963,0.3,0.7
154.13002753257751,0.3,0.7
154.1373269557953,0.3,0.7
154.13749361038208,0.5,0.5
154.14522552490234,0.5,0.5
154.1521077156067,0.5,0.5
154.15961241722107,0.5,0.5
154.16532611846924,0.5,0.5
154.1732256412506,0.5,0.5
154.195326089859,0.5,0.5
154.1956126689911,0.5,0.5
154.20722579956055,0.5,0.5
154.22461128234863,0.4,0.6
154.23532605171204,0.4,0.6
154.24422645568848,0.4,0.6
154.2471616268158,0.6,0.4
154.25823593139648,0.6,0.4
154.2656111717224,0.6,0.4
154.27132534980774,0.6,0.4
154.2743844985962,0.6,0.4
154.2792263031006,0.6,0.4
154.29361128807068,0.6,0.4
154.29517316818237,0.6,0.4
154.29904913902283,0.6,0.4
154.30722641944885,0.6,0.4
154.30732536315918,0.6,0.4
154.31839990615845,0.6,0.4
154.3286120891571,0.6,0.4
154.3363254070282,0.6,0.4
154.3394808769226,0.6,0.4
154.34422612190247,0.6,0.4
154.35294127464294,0.6,0.4
154.3576521873474,0.6,0.4
154.36461210250854,0.6,0.4
154.36522603034973,0.6,0.4
154.36532354354858,0.6,0.4
154.37714862823486,0.6,0.4
154.38615775108337,0.6,0.4
154.39361214637756,0.6,0.4
154.39497017860413,1.0,0.0
154.39532351493835,1.0,0.0
154.4082260131836,1.0,0.0
154.41725301742554,1.0,0.0
154.42828965187073,1.0,0.0
154.42861008644104,1.0,0.0
154.43732380867004,1.0,0.0
154.44402980804443,1.0,0.0
154.44422602653503,1.0,0.0
154.45327353477478,1.0,0.0
154.46660995483398,1.0,0.0
154.46732187271118,1.0,0.0
154.46887922286987,1.0,0.0
154.4802167415619,1.0,0.0
154.48197674751282,1.0,0.0
154.49166202545166,1.0,0.0
154.49360990524292,1.0,0.0
154.5003218650818,1.0,0.0
154.50551009178162,1.0,0.0
154.50721669197085,1.0,0.0
154.52113914489746,1.0,0.0
154.52960896492004,1.0,0.0
154.53658199310303,1.0,0.0
154.53832173347473,1.0,0.0
154.5432150363922,1.0,0.0
154.5451340675354,1.0,0.0
154.55636382102966,1.0,0.0
154.5636088848114,1.0,0.0
154.56421518325806,1.0,0.0
154.56732201576233,1.0,0.0
154.5676212310791,1.0,0.0
154.5798683166504,1.0,0.0
154.58760905265808,1.0,0.0
154.5959448814392,1.0,0.0
154.59807062149048,1.0,0.0
154.6026816368103,1.0,0.0
154.60332202911377,1.0,0.0
154.60721516609192,1.0,0.0
154.61311149597168,1.0,0.0
154.61906671524048,1.0,0.0
154.6276068687439,1.0,0.0
154.62960720062256,1.0,0.0
154.63732194900513,1.0,0.0
154.64284682273865,1.0,0.0
154.64321279525757,1.0,0.0
154.65098881721497,0.8,0.2
154.65581059455872,0.8,0.2
154.6646068096161,0.8,0.2
154.6653106212616,0.8,0.2
154.667320728302,0.8,0.2
154.67721271514893,0.8,0.2
154.6801257133484,0.8,0.2
154.68912553787231,0.8,0.2
154.6936068534851,0.8,0.2
154.69532084465027,0.8,0.2
154.6986916065216,0.7,0.3
154.7052128314972,0.7,0.3
154.7079803943634,0.7,0.3
154.71599960327148,0.3,0.7
154.72360563278198,0.3,0.7
154.73521280288696,0.3,0.7
154.73642468452454,0.3,0.7
154.73832082748413,0.3,0.7
154.74795007705688,0.4,0.6
154.75209379196167,0.3,0.7
154.75860571861267,0.3,0.7
154.76143622398376,0.3,0.7
154.76631951332092,0.3,0.7
154.7802128791809,0.3,0.7
154.78565216064453,0.3,0.7
154.79360580444336,0.3,0.7
154.79531955718994,0.3,0.7
154.80389380455017,0.3,0.7
154.8062129020691,0.3,0.7
154.81416606903076,0.3,0.7
154.8286054134369,0.3,0.7
154.8322172164917,0.3,0.7
154.8383195400238,0.3,0.7
154.8432116508484,0.3,0.7
154.8505928516388,0.2,0.8
154.8550727367401,0.2,0.8
154.85660529136658,0.2,0.8
154.86731672286987,0.2,0.8
154.87100386619568,0.2,0.8
154.87921142578125,0.2,0.8
154.88641500473022,0.2,0.8
154.89070582389832,0.2,0.8
154.89531660079956,0.2,0.8
154.9006052017212,0.2,0.8
154.9057743549347,0.2,0.8
154.90721154212952,0.2,0.8
154.91487216949463,0.2,0.8
154.92760491371155,0.1,0.9
154.932270526886,0.1,0.9
154.93831658363342,0.1,0.9
154.94203186035156,0.5,0.5
154.94821000099182,0.5,0.5
154.95446920394895,0.5,0.5
154.96560502052307,0.5,0.5
154.96561765670776,0.5,0.5
154.9673159122467,0.5,0.5
154.97621035575867,0.5,0.5
154.98460483551025,0.5,0.5
154.9860541820526,0.5,0.5
154.99631595611572,0.5,0.5
154.99798321723938,0.5,0.5
155.0052101612091,0.5,0.5
155.00794529914856,0.5,0.5
155.01892280578613,0.5,0.5
155.02415442466736,0.5,0.5
155.02860689163208,0.5,0.5
155.03321027755737,0.5,0.5
155.03831601142883,0.5,0.5
155.03985047340393,0.5,0.5
155.05429887771606,0.5,0.5
155.05560684204102,0.5,0.5
155.06731367111206,0.5,0.5
155.07618260383606,0.5,0.5
155.07720518112183,0.5,0.5
155.08142614364624,0.5,0.5
155.08744287490845,0.5,0.5
155.09531354904175,0.5,0.5
155.09760689735413,0.5,0.5
155.0978434085846,0.5,0.5
155.10320520401,0.5,0.5
155.10845160484314,0.5,0.5
155.12034726142883,0.5,0.5
155.1256070137024,0.5,0.5
155.12600302696228,0.5,0.5
155.13931369781494,0.5,0.5
155.14234471321106,0.5,0.5
155.14520812034607,0.5,0.5
155.15460658073425,0.5,0.5
155.15931701660156,0.5,0.5
155.16631293296814,0.5,0.5
155.1716227531433,0.5,0.5
155.17320799827576,0.5,0.5
155.18004727363586,0.5,0.5
155.1814351081848,0.5,0.5
155.19531273841858,0.5,0.5
155.19660639762878,0.5,0.5
155.2073495388031,0.5,0.5
155.20820832252502,0.5,0.5
155.2157323360443,0.5,0.5
155.22560667991638,0.5,0.5
155.22729754447937,0.5,0.5
155.23631286621094,0.5,0.5
155.24007201194763,0.5,0.5
155.24520754814148,0.5,0.5
155.25360655784607,0.5,0.5
155.25673961639404,0.5,0.5
155.26435542106628,0.5,0.5
155.26631045341492,0.5,0.5
155.27320742607117,0.5,0.5
155.2755115032196,0.5,0.5
155.28887486457825,0.5,0.5
155.29125142097473,0.5,0.5
155.29560661315918,0.5,0.5
155.29962921142578,0.5,0.5
155.30031061172485,0.5,0.5
155.31520748138428,0.5,0.5
155.3189582824707,0.5,0.5
155.3236060142517,0.5,0.5
155.33017301559448,0.5,0.5
155.33531045913696,0.5,0.5
155.3407323360443,0.5,0.5
155.34420609474182,0.5,0.5
155.35214924812317,0.5,0.5
155.3586061000824,0.5,0.5
155.36589288711548,0.5,0.5
155.3703095912933,0.5,0.5
155.37370085716248,0.5,0.5
155.3742060661316,0.5,0.5
155.38631749153137,0.5,0.5
155.39460611343384,0.5,0.5
155.39701581001282,0.5,0.5
155.39930987358093,0.5,0.5
155.40820622444153,0.5,0.5
155.42320895195007,0.5,0.5
155.42360401153564,0.5,0.5
155.42423176765442,0.5,0.5
155.42730975151062,0.5,0.5
155.43709301948547,0.5,0.5
155.43720388412476,0.5,0.5
155.4442903995514,0.5,0.5
155.45598244667053,0.5,0.5
155.4586043357849,0.5,0.5
155.46181988716123,0.5,0.5
155.46930742263794,0.5,0.5
155.47820377349854,0.5,0.5
155.48480319976807,0.5,0.5
155.49460434913635,0.5,0.5
155.49830746650696,0.5,0.5
155.49957370758057,0.5,0.5
155.51320385932922,0.5,0.5
155.5172562599182,0.5,0.5
155.52200531959534,0.5,0.5
155.5236041545868,0.5,0.5
155.5263078212738,0.5,0.5
155.5335338115692,0.5,0.5
155.53420209884644,0.5,0.5
155.54434204101562,0.5,0.5
155.55032658576965,0.5,0.5
155.5586040019989,0.5,0.5
155.5683057308197,0.5,0.5
155.57620215415955,0.5,0.5
155.58878993988037,0.5,0.5
155.5920820236206,0.5,0.5
155.59560418128967,0.5,0.5
155.59830570220947,0.5,0.5
155.60102319717407,0.5,0.5
155.60620212554932,0.5,0.5
155.6093466281891,0.5,0.5
155.62211632728577,0.5,0.5
155.62360095977783,0.5,0.5
155.63515186309814,0.5,0.5
155.63930559158325,0.5,0.5
155.64517974853516,0.5,0.5
155.6472041606903,0.5,0.5
155.65960097312927,0.5,0.5
155.6660132408142,0.5,0.5
155.66730332374573,0.5,0.5
155.67520403862,0.5,0.5
155.68549966812134,0.5,0.5
155.69460105895996,0.5,0.5
155.69930338859558,0.5,0.5
155.70320415496826,0.5,0.5
155.70602750778198,0.6,0.4
155.70776200294495,0.6,0.4
155.72359895706177,0.6,0.4
155.72630333900452,0.6,0.4
155.72901844978333,0.6,0.4
155.73503017425537,0.6,0.4
155.7462010383606,0.6,0.4
155.7489676475525,0.6,0.4
155.7618055343628,0.6,0.4
155.76559901237488,0.6,0.4
155.76830339431763,0.6,0.4
155.7752010822296,0.6,0.4
155.78883266448975,0.6,0.4
155.7945990562439,0.6,0.4
155.79730319976807,0.6,0.4
155.79772639274597,0.6,0.4
155.80220103263855,0.6,0.4
155.8120036125183,0.6,0.4
155.82305121421814,0.6,0.4
155.82730340957642,0.6,0.4
155.82959914207458,0.6,0.4
155.84720015525818,0.6,0.4
155.85759925842285,0.6,0.4
155.86727380752563,0.6,0.4
155.8673014640808,0.6,0.4
155.87520027160645,0.6,0.4
155.8811101913452,0.6,0.4
155.89093589782715,0.6,0.4
155.8935992717743,0.6,0.4
155.89982271194458,0.6,0.4
155.9023015499115,0.6,0.4
155.91220021247864,0.6,0.4
155.92859768867493,0.6,0.4
155.93830180168152,0.6,0.4
155.94419622421265,0.6,0.4
155.9663007259369,0.5,0.5
155.96659779548645,0.5,0.5
155.9761962890625,0.5,0.5
155.98459768295288,0.5,0.5
155.99242401123047,0.5,0.5
156.00230073928833,0.5,0.5
156.00441002845764,0.5,0.5
156.00719451904297,0.5,0.5
156.00819611549375,0.5,0.5
156.02296686172485,0.5,0.5
156.0265986919403,0.5,0.5
156.03374981880188,0.5,0.5
156.03630089759827,0.5,0.5
156.04142045974731,0.5,0.5
156.04519820213318,0.5,0.5
156.05459880828855,0.5,0.5
156.05853533744812,0.5,0.5
156.06729936599731,0.5,0.5
156.06755542755127,0.5,0.5
156.07319831848145,0.5,0.5
156.0807809829712,0.5,0.5
156.09373807907104,0.5,0.5
156.09759879112244,0.5,0.5
156.10129928588867,0.5,0.5
156.10418033599854,0.5,0.5
156.11461091041565,0.5,0.5
156.11519813537598,0.5,0.5
156.12459588050842,0.5,0.5
156.12952041625977,0.5,0.5
156.13529920578003,0.5,0.5
156.14419603347778,0.5,0.5
156.145161151886,0.5,0.5
156.1545956134796,0.5,0.5
156.16402220726013,0.5,0.5
156.17129826545715,0.5,0.5
156.17219591140747,0.5,0.5
156.17294096946716,0.5,0.5
156.1878161430359,0.5,0.5
156.19459581375122,0.5,0.5
156.19501042366028,0.5,0.5
156.19929814338684,0.5,0.5
156.20573019981384,0.5,0.5
156.2081959247589,0.5,0.5
156.2171754837036,0.5,0.5
156.22359561920166,0.5,0.5
156.22596740722656,0.5,0.5
156.23529815673828,0.5,0.5
156.23896551132202,0.5,0.5
156.24419331550598,0.5,0.5
156.25859570503235,0.5,0.5
156.26320457458496,0.5,0.5
156.26929759979248,0.5,0.5
156.273193359375,0.5,0.5
156.27410912513733,0.5,0.5
156.2881200313568,0.5,0.5
156.29559564590454,0.5,0.5
156.29929280281067,0.5,0.5
156.3070433139801,0.5,0.5
156.30729746818542,0.5,0.5
156.3151934146881,0.5,0.5
156.32304739952087,0.5,0.5
156.32459378242493,0.5,0.5
156.3262975215912,0.5,0.5
156.32999897003174,0.5,0.5
156.34319233894348,0.5,0.5
156.34496355056763,0.5,0.5
156.35859394073486,0.5,0.5
156.36009883880615,0.5,0.5
156.36757373809814,0.5,0.5
156.37029695510864,0.5,0.5
156.37819242477417,0.5,0.5
156.38142919540405,0.5,0.5
156.39499187469482,0.5,0.5
156.39559388160706,0.5,0.5
156.40239644050598,0.5,0.5
156.40529704093933,0.5,0.5
156.41319227218628,0.5,0.5
156.423593044281,0.5,0.5
156.42833256721497,0.4,0.6
156.43419241905212,0.4,0.6
156.43517780303955,0.4,0.6
156.4352970123291,0.4,0.6
156.4430058002472,0.4,0.6
156.45759320259094,0.4,0.6
156.46929621696472,0.4,0.6
156.4745593070984,0.4,0.6
156.4761824607849,0.4,0.6
156.4791452884674,0.4,0.6
156.4884512424469,0.4,0.6
156.49359321594238,0.4,0.6
156.49829626083374,0.4,0.6
156.4987051486969,0.4,0.6
156.5131824016571,0.4,0.6
156.5224461555481,0.4,0.6
156.52529311180115,0.4,0.6
156.52629613876343,0.4,0.6
156.5285952091217,0.4,0.6
156.53218245506287,0.4,0.6
156.5356047153473,0.4,0.6
156.54389691352844,0.4,0.6
156.5611560344696,0.4,0.6
156.5635950565338,0.4,0.6
156.56829404830933,0.4,0.6
156.57220458984375,0.6,0.4
156.57718062400818,0.6,0.4
156.5798044204712,0.6,0.4
156.59542775154114,0.6,0.4
156.5962941646576,0.6,0.4
156.5985951423645,0.6,0.4
156.60002160072327,0.6,0.4
156.6094732284546,0.6,0.4
156.6121804714203,0.6,0.4
156.6233856678009,0.6,0.4
156.62759351730347,0.6,0.4
156.63548684120178,0.6,0.4
156.6382942199707,0.6,0.4
156.64594340324402,0.6,0.4
156.64817929267883,0.6,0.4
156.64896321296692,0.6,0.4
156.65783405303955,0.6,0.4
156.66459369659424,0.6,0.4
156.6672923564911,0.6,0.4
156.67617917060852,0.6,0.4
156.6787974834442,0.6,0.4
156.69511032104492,0.6,0.4
156.6985936164856,0.6,0.4
156.69865560531616,0.6,0.4
156.70229244232178,0.6,0.4
156.7057921886444,0.6,0.4
156.7131793498993,0.6,0.4
156.7255871295929,0.6,0.4
156.7321789264679,0.6,0.4
156.7368471622467,0.6,0.4
156.73829245567322,0.6,0.4
156.74492359161377,0.6,0.4
156.7545871734619,0.6,0.4
156.7570838928223,0.6,0.4
156.76629209518433,0.6,0.4
156.774178981781,0.6,0.4
156.7804934978485,0.6,0.4
156.78539967536926,0.6,0.4
156.7921838760376,0.6,0.4
156.79658722877502,0.6,0.4
156.80217909812927,0.6,0.4
156.80229210853577,0.6,0.4
156.80347204208374,0.6,0.4
156.81015419960022,0.6,0.4
156.82558679580688,0.6,0.4
156.8320508003235,0.6,0.4
156.83729219436646,0.6,0.4
156.83913373947144,0.5,0.5
156.84417819976807,0.5,0.5
156.8443284034729,0.5,0.5
156.85558700561523,0.5,0.5
156.8647928237915,0.5,0.5
156.86728978157043,0.5,0.5
156.8731780052185,0.5,0.5
156.87683701515198,0.5,0.5
156.88593363761902,0.5,0.5
156.89958667755127,0.5,0.5
156.90053534507751,0.5,0.5
156.90728974342346,0.5,0.5
156.9081780910492,0.5,0.5
156.91015124320984,0.5,0.5
156.91964888572693,0.5,0.5
156.92658591270447,0.5,0.5
156.9281520843506,0.5,0.5
156.9282898902893,0.5,0.5
156.94002294540405,0.5,0.5
156.94218111038208,0.5,0.5
156.9506812095642,0.5,0.5
156.9555859565735,0.5,0.5
156.95658898353577,0.5,0.5
156.96446681022644,0.5,0.5
156.97028875350952,0.5,0.5
156.97918105125427,0.5,0.5
156.98756670951843,0.5,0.5
156.9982888698578,0.5,0.5
156.99858593940735,0.5,0.5
156.9988055229187,0.5,0.5
157.0038824081421,0.5,0.5
157.00518107414246,0.5,0.5
157.01207327842712,0.5,0.5
157.02249765396118,0.5,0.5
157.02658486366272,0.5,0.5
157.02728867530823,0.5,0.5
157.03281712532043,0.5,0.5
157.04064440727234,0.5,0.5
157.0421760082245,0.5,0.5
157.05464720726013,0.5,0.5
157.05558490753174,0.5,0.5
157.06928658485413,0.5,0.5
157.0751760005951,0.5,0.5
157.08150839805603,0.5,0.5
157.09205508232117,0.5,0.5
157.09828639030457,0.5,0.5
157.0985848903656,0.5,0.5
157.10317611694336,0.5,0.5
157.11045241355896,0.5,0.5
157.11437726020813,0.5,0.5
157.11623573303223,0.5,0.5
157.12558341026306,0.5,0.5
157.12628650665283,0.5,0.5
157.13860630989075,0.5,0.5
157.14716839790344,0.5,0.5
157.1477084159851,0.5,0.5
157.15558338165283,0.5,0.5
157.1583867073059,0.5,0.5
157.16828560829163,0.5,0.5
157.17316842079163,0.5,0.5
157.18608593940735,0.5,0.5
157.18973541259766,0.5,0.5
157.1962857246399,0.5,0.5
157.1965832710266,0.5,0.5
157.19911861419678,0.5,0.5
157.2031683921814,0.5,0.5
157.22511434555054,0.5,0.5
157.22558283805847,0.5,0.5
157.22728562355042,0.5,0.5
157.22836136817932,0.5,0.5
157.23911380767822,0.5,0.5
157.24516701698303,0.5,0.5
157.2487711906433,0.5,0.5
157.25558280944824,0.5,0.5
157.26401376724243,0.5,0.5
157.26728630065918,0.5,0.5
157.27206110954285,0.5,0.5
157.2751669883728,0.5,0.5
157.29613947868347,0.5,0.5
157.29628610610962,0.5,0.5
157.2965829372406,0.5,0.5
157.29996490478516,0.5,0.5
157.3073856830597,0.5,0.5
157.3081669807434,0.5,0.5
157.32032752037048,0.5,0.5
157.32457971572876,0.5,0.5
157.32795119285583,0.6,0.4
157.33928632736206,0.6,0.4
157.3407256603241,0.6,0.4
157.34309554100037,0.6,0.4
157.34716701507568,0.6,0.4
157.35296750068665,0.6,0.4
157.35357975959778,0.6,0.4
157.3624939918518,0.6,0.4
157.37128520011902,0.6,0.4
157.3751664161682,0.6,0.4
157.37817072868347,0.6,0.4
157.39161729812622,0.6,0.4
157.3955798149109,0.6,0.4
157.40309715270996,0.6,0.4
157.40528512001038,0.6,0.4
157.41216683387756,0.6,0.4
157.41719889640808,0.6,0.4
157.41948127746582,0.6,0.4
157.424578666687,0.6,0.4
157.43416666984558,0.6,0.4
157.43808722496033,0.6,0.4
157.44028401374817,0.6,0.4
157.4537320137024,0.6,0.4
157.45857882499695,0.6,0.4
157.46828413009644,0.6,0.4
157.46910524368286,0.6,0.4
157.4761667251587,0.6,0.4
157.47682857513428,0.6,0.4
157.48879766464233,0.6,0.4
157.49357867240906,0.6,0.4
157.49628400802612,0.6,0.4
157.4986491203308,0.6,0.4
157.50416684150696,0.6,0.4
157.50821661949158,0.6,0.4
157.52213215827942,0.6,0.4
157.52957820892334,0.6,0.4
157.53928399086,0.6,0.4
157.5393750667572,0.6,0.4
157.54619193077087,0.6,0.4
157.54816937446594,0.6,0.4
157.5593376159668,0.6,0.4
157.56357789039612,0.6,0.4
157.56696367263794,0.5,0.5
157.57028341293335,0.5,0.5
157.57296776771545,0.5,0.5
157.57716917991638,0.5,0.5
157.5961046218872,0.5,0.5
157.59728336334229,0.5,0.5
157.5985782146454,0.5,0.5
157.60316920280457,0.5,0.5
157.60695147514343,0.5,0.5
157.62193655967712,0.5,0.5
157.62757802009585,0.5,0.5
157.6392834186554,0.5,0.5
157.6461157798767,0.5,0.5
157.64816117286682,0.5,0.5
157.6555778980255,0.5,0.5
157.66728734970093,0.5,0.5
157.67516112327576,0.5,0.5
157.69757795333862,0.5,0.5
157.70228719711304,0.5,0.5
157.70416116714478,0.5,0.5
157.7255780696869,0.5,0.5
157.7331600189209,0.5,0.5
157.73828721046448,0.5,0.5
157.73889660835266,0.5,0.5
157.75055313110352,0.5,0.5
157.75557804107666,0.5,0.5
157.76628923416138,0.5,0.5
157.76904821395874,0.5,0.5
157.76982498168945,0.5,0.5
157.77616000175476,0.5,0.5
157.7768793106079,0.5,0.5
157.78357791900635,0.5,0.5
157.78923559188843,0.5,0.5
157.79257369041443,0.5,0.5
157.80025386810303,0.5,0.5
157.80316042900083,0.5,0.5
157.80328917503357,0.5,0.5
157.82657432556152,0.5,0.5
157.8280816078186,0.5,0.5
157.83080005645752,0.5,0.5
157.8372893333435,0.5,0.5
157.84290885925293,0.5,0.5
157.84815907478333,0.5,0.5
157.8545744419098,0.5,0.5
157.85902190208435,0.5,0.5
157.8662874698639,0.5,0.5
157.879985332489,0.5,0.5
157.883159160614,0.5,0.5
157.89598894119263,0.5,0.5
157.8965744972229,0.5,0.5
157.90497279167175,0.5,0.5
157.90728759765625,0.5,0.5
157.91161060333252,0.5,0.5
157.91315913200378,0.5,0.5
157.91980361938477,0.5,0.5
157.9245731830597,0.5,0.5
157.93182849884033,0.5,0.5
157.93215608596802,0.5,0.5
157.9362874031067,0.5,0.5
157.9437072277069,0.5,0.5
157.95077443122864,0.5,0.5
157.9535732269287,0.5,0.5
157.96320247650146,0.5,0.5
157.9722864627838,0.5,0.5
157.97630548477173,0.5,0.5
157.97715592384338,0.5,0.5
157.9878797531128,0.6,0.4
157.99657320976257,0.6,0.4
157.9973921775818,0.6,0.4
157.99928641319275,0.6,0.4
158.00315594673157,0.6,0.4
158.00900626182556,0.6,0.4
158.02357292175293,0.6,0.4
158.027281999588,0.6,0.4
158.03215503692627,0.6,0.4
158.04228496551514,0.6,0.4
158.04282641410828,0.6,0.4
158.05957293510437,0.6,0.4
158.0625298023224,0.6,0.4
158.07028484344482,0.6,0.4
158.07035732269287,0.6,0.4
158.07315492630005,0.6,0.4
158.08216857910156,0.6,0.4
158.09457302093506,0.6,0.4
158.0962073802948,0.6,0.4
158.10122108459473,0.6,0.4
158.1051549911499,0.6,0.4
158.1072850227356,0.6,0.4
158.1158411502838,0.6,0.4
158.12628483772278,0.6,0.4
158.12957191467285,0.6,0.4
158.13347005844116,0.6,0.4
158.13883137702942,0.6,0.4
158.14515018463135,0.6,0.4
158.15292048454285,0.6,0.4
158.15757179260254,0.6,0.4
158.1628041267395,0.6,0.4
158.16828441619873,0.6,0.4
158.17315006256104,0.6,0.4
158.1743927001953,0.6,0.4
158.1860589981079,0.6,0.4
158.19357180595398,0.6,0.4
158.196284532547,0.6,0.4
158.20195746421814,0.6,0.4
158.20913887023926,0.6,0.4
158.20915007591248,0.6,0.4
158.22009348869324,0.6,0.4
158.22857117652893,0.6,0.4
158.23254489898682,0.6,0.4
158.236492395401,0.6,0.4
158.23828434944153,0.6,0.4
158.24415016174316,0.6,0.4
158.24686932563782,0.6,0.4
158.26357102394104,0.6,0.4
158.2672815322876,0.6,0.4
158.26873087882996,0.6,0.4
158.27314281463623,0.6,0.4
158.27659440040588,0.6,0.4
158.28457117080688,0.6,0.4
158.2853934764862,0.6,0.4
158.29732489585876,0.6,0.4
158.3022816181183,0.6,0.4
158.30552506446838,0.6,0.4
158.31314301490784,0.6,0.4
158.31787586212158,0.6,0.4
158.32656908035278,0.6,0.4
158.3281970024109,0.6,0.4
158.33414244651794,0.6,0.4
158.33619952201843,0.6,0.4
158.33828163146973,0.6,0.4
158.341135263443,0.6,0.4
158.35190868377686,0.5,0.5
158.35456895828247,0.5,0.5
158.36628222465515,0.5,0.5
158.37152814865112,0.5,0.5
158.3779101371765,0.5,0.5
158.37814235687256,0.5,0.5
158.39656901359558,0.5,0.5
158.402281999588,0.5,0.5
158.4034504890442,0.5,0.5
158.4121425151825,0.5,0.5
158.4139494895935,0.5,0.5
158.42429852485657,0.5,0.5
158.42656660079956,0.5,0.5
158.43400955200195,0.5,0.5
158.43628215789795,0.5,0.5
158.44291734695437,0.3,0.7
158.44614124298096,0.3,0.7
158.4535665512085,0.3,0.7
158.46032857894895,0.3,0.7
158.46441674232483,0.3,0.7
158.47128009796145,0.3,0.7
158.47814106941223,0.3,0.7
158.4834487438202,0.4,0.6
158.49346780776978,0.4,0.6
158.4955666065216,0.4,0.6
158.50146007537842,0.4,0.6
158.50728011131287,0.4,0.6
158.51314115524292,0.4,0.6
158.51505279541016,0.4,0.6
158.52456712722778,0.4,0.6
158.52828001976013,0.4,0.6
158.53028082847595,0.4,0.6
158.54313492774963,0.4,0.6
158.5500009059906,0.3,0.7
158.55456733703613,0.3,0.7
158.56517553329468,0.4,0.6
158.57027959823608,0.4,0.6
158.57713508605957,0.4,0.6
158.577552318573,0.4,0.6
158.5955672264099,0.4,0.6
158.59827971458435,0.4,0.6
158.60613489151,0.3,0.7
158.61541652679443,0.3,0.7
158.6245663166046,0.3,0.7
158.6282799243927,0.3,0.7
158.6286656856537,0.3,0.7
158.63469052314758,0.2,0.8
158.64033269882202,0.2,0.8
158.64713501930237,0.2,0.8
158.64785766601562,0.1,0.9
158.6525661945343,0.1,0.9
158.65888738632202,0.1,0.9
158.6692771911621,0.1,0.9
158.6751356124878,0.1,0.9
158.6883625984192,0.1,0.9
158.69556617736816,0.1,0.9
158.69619011878967,0.1,0.9
158.6982774734497,0.1,0.9
158.69995188713074,0.1,0.9
158.70313549041748,0.1,0.9
158.70745301246643,0.1,0.9
158.72029900550842,0.0,1.0
158.72256588935852,0.0,1.0
158.72627782821655,0.0,1.0
158.73413634300232,0.0,1.0
158.7376492023468,0.0,1.0
158.74238061904907,0.0,1.0
158.75174021720886,0.0,1.0
158.7525658607483,0.0,1.0
158.76827573776245,0.0,1.0
158.76866745948792,0.0,1.0
158.77613615989685,0.0,1.0
158.7778079509735,0.0,1.0
158.79356622695923,0.0,1.0
158.79727578163147,0.0,1.0
158.79802942276,0.0,1.0
158.79994320869446,0.0,1.0
158.80413627624512,0.0,1.0
158.8157675266266,0.0,1.0
158.82356643676758,0.0,1.0
158.828275680542,0.0,1.0
158.83592987060547,0.0,1.0
158.8471384048462,0.0,1.0
158.84842538833618,0.0,1.0
158.86456656455994,0.0,1.0
158.86727499961853,0.0,1.0
158.87037873268127,0.0,1.0
158.8717324733734,0.1,0.9
158.8761386871338,0.1,0.9
158.89256644248962,0.1,0.9
158.89578199386597,0.2,0.8
158.8972556591034,0.2,0.8
158.90227460861206,0.2,0.8
158.90845942497253,0.2,0.8
158.91213846206665,0.2,0.8
158.9211242198944,0.2,0.8
158.92856621742249,0.2,0.8
158.9382746219635,0.2,0.8
158.9440460205078,0.2,0.8
158.94588899612427,0.2,0.8
158.94713926315308,0.2,0.8
158.96039533615112,0.2,0.8
158.9635660648346,0.2,0.8
158.96627402305603,0.2,0.8
158.9755244255066,0.2,0.8
158.9761393070221,0.2,0.8
158.98221254348755,0.2,0.8
158.98697924613953,0.2,0.8
158.9945662021637,0.2,0.8
158.99833416938782,0.2,0.8
159.00227403640747,0.2,0.8
159.00313925743103,0.2,0.8
159.00684452056885,0.2,0.8
159.02891564369202,0.3,0.7
159.02956914901733,0.3,0.7
159.03186917304993,0.3,0.7
159.03727388381958,0.3,0.7
159.0422785282135,0.3,0.7
159.0441393852234,0.3,0.7
159.0531086921692,0.3,0.7
159.05756902694702,0.3,0.7
159.06627202033997,0.3,0.7
159.06811332702637,0.3,0.7
159.07213401794434,0.3,0.7
159.07402968406677,0.3,0.7
159.0855691432953,0.3,0.7
159.08613538742063,0.3,0.7
159.09633779525757,0.3,0.7
159.1002721786499,0.3,0.7
159.10313177108765,0.3,0.7
159.10813403129578,0.3,0.7
159.11409163475037,0.3,0.7
159.12756848335266,0.3,0.7
159.1343138217926,0.3,0.7
159.13827204704285,0.3,0.7
159.14313220977783,0.3,0.7
159.14342212677002,0.3,0.7
159.15471363067627,0.3,0.7
159.15556859970093,0.3,0.7
159.15927171707153,0.3,0.7
159.16627168655396,0.3,0.7
159.17158603668213,0.3,0.7
159.17313194274902,0.3,0.7
159.177960395813,0.3,0.7
159.18295001983645,0.3,0.7
159.18923139572144,0.3,0.7
159.1985685825348,0.3,0.7
159.2022716999054,0.3,0.7
159.2081320285797,0.3,0.7
159.225567817688,0.3,0.7
159.2292094230652,0.3,0.7
159.23627161979675,0.3,0.7
159.24301433563232,0.3,0.7
159.24412775039673,0.3,0.7
159.25456738471985,0.3,0.7
159.25633239746094,0.3,0.7
159.27126932144165,0.3,0.7
159.272127866745,0.3,0.7
159.28656721115112,0.3,0.7
159.3072693347931,0.3,0.7
159.3091278076172,0.3,0.7
159.32756567001343,0.3,0.7
159.33445572853088,0.3,0.7
159.3362693786621,0.3,0.7
159.3431282043457,0.3,0.7
159.3477590084076,0.4,0.6
159.3555657863617,0.4,0.6
159.36553239822388,0.4,0.6
159.37226843833923,0.4,0.6
159.37312817573547,0.4,0.6
159.37656497955322,0.4,0.6
159.38926601409912,0.4,0.6
159.3971552848816,0.4,0.6
159.39856576919556,0.4,0.6
159.40612816810608,0.4,0.6
159.40726852416992,0.4,0.6
159.40934705734253,0.4,0.6
159.4110312461853,0.5,0.5
159.42647051811218,0.5,0.5
159.42756462097168,0.5,0.5
159.42826867103577,0.5,0.5
159.440327167511,0.5,0.5
159.4421260356903,0.5,0.5
159.45002913475037,0.5,0.5
159.46356439590454,0.5,0.5
159.4681580066681,0.5,0.5
159.4702661037445,0.5,0.5
159.477126121521,0.5,0.5
159.490971326828,0.5,0.5
159.4961929321289,0.5,0.5
159.49856448173523,0.5,0.5
159.50626587867737,0.5,0.5
159.5110468864441,0.5,0.5
159.51212620735168,0.5,0.5
159.52392268180847,0.5,0.5
159.52626609802246,0.5,0.5
159.5275650024414,0.5,0.5
159.5295603275299,0.5,0.5
159.53312969207764,0.5,0.5
159.54756712913513,0.5,0.5
159.5555648803711,0.5,0.5
159.55606627464294,0.5,0.5
159.56312370300293,0.5,0.5
159.56826519966123,0.5,0.5
159.57512950897217,0.5,0.5
159.5769305229187,0.5,0.5
159.5833442211151,0.5,0.5
159.59726524353027,0.5,0.5
159.59797883033752,0.5,0.5
159.5995650291443,0.5,0.5
159.60312962532043,0.5,0.5
159.61867380142212,0.5,0.5
159.62695288658142,0.5,0.5
159.62756419181824,0.5,0.5
159.6343207359314,0.5,0.5
159.63867092132568,0.5,0.5
159.63926529884338,0.5,0.5
159.6451280117035,0.5,0.5
159.65656399726868,0.5,0.5
159.66269826889038,0.5,0.5
159.66826367378235,0.5,0.5
159.67312812805176,0.5,0.5
159.68638920783997,0.5,0.5
159.69488620758057,0.5,0.5
159.69626379013062,0.5,0.5
159.69756412506104,0.5,0.5
159.70212817192078,0.5,0.5
159.7099208831787,0.5,0.5
159.71932220458984,0.5,0.5
159.72556400299072,0.5,0.5
159.7317922115326,0.5,0.5
159.73226380348206,0.5,0.5
159.74312806129456,0.5,0.5
159.74360418319702,0.5,0.5
159.75156116485596,0.5,0.5
159.75456380844116,0.5,0.5
159.76512813568115,0.5,0.5
159.767263174057,0.5,0.5
159.77230215072632,0.5,0.5
159.78840374946594,0.5,0.5
159.79634261131287,0.5,0.5
159.79656386375427,0.5,0.5
159.8022632598877,0.5,0.5
159.80352902412417,0.5,0.5
159.81312799453735,0.5,0.5
159.8140664100647,0.5,0.5
159.82419800758362,0.5,0.5
159.82556319236755,0.5,0.5
159.83358883857727,0.5,0.5
159.83412647247314,0.5,0.5
159.8372631072998,0.5,0.5
159.84833574295044,0.5,0.5
159.85433316230774,0.5,0.5
159.85456347465515,0.5,0.5
159.8606357574463,0.4,0.6
159.86726140975952,0.4,0.6
159.8791265487671,0.4,0.6
159.87924599647522,0.4,0.6
159.88460683822632,0.4,0.6
159.89756321907043,0.4,0.6
159.90026140213013,0.4,0.6
159.90412640571594,0.4,0.6
159.9052324295044,0.4,0.6
159.91304993629456,0.4,0.6
159.92556309700012,0.4,0.6
159.92586159706116,0.4,0.6
159.93543362617493,0.4,0.6
159.93626141548157,0.4,0.6
159.9461281299591,0.4,0.6
159.95456314086914,0.4,0.6
159.9588804244995,0.4,0.6
159.96963047981262,0.4,0.6
159.97226095199585,0.4,0.6
159.97411608695984,0.4,0.6
159.97512817382812,0.4,0.6
159.98483180999756,0.4,0.6
159.99198627471924,0.4,0.6
159.997563123703,0.4,0.6
160.00212812423706,0.4,0.6
160.00257563591003,0.4,0.6
160.00726079940796,0.4,0.6
160.020103931427,0.4,0.6
160.02656364440918,0.4,0.6
160.0282609462738,0.4,0.6
160.03488683700562,0.4,0.6
160.04540371894836,0.4,0.6
160.04613137245178,0.4,0.6
160.05356359481812,0.4,0.6
160.05467462539673,0.4,0.6
160.07025861740112,0.4,0.6
160.07079982757568,0.4,0.6
160.07213139533997,0.4,0.6
160.08506631851196,0.4,0.6
160.09556365013125,0.4,0.6
160.09893941879272,0.4,0.6
160.1031312942505,0.4,0.6
160.10344409942627,0.4,0.6
160.10625839233398,0.4,0.6
160.10669541358948,0.4,0.6
160.1245632171631,0.4,0.6
160.12577629089355,0.4,0.6
160.12625861167908,0.4,0.6
160.127525806427,0.4,0.6
160.13986206054688,0.4,0.6
160.14512848854065,0.4,0.6
160.14782524108887,0.4,0.6
160.16113376617432,0.4,0.6
160.16756319999695,0.4,0.6
160.16825699806213,0.4,0.6
160.16874814033508,0.4,0.6
160.175128698349,0.4,0.6
160.1810827255249,0.4,0.6
160.19342970848083,0.4,0.6
160.19556307792664,0.4,0.6
160.19725680351257,0.4,0.6
160.19835662841797,0.4,0.6
160.2031285762787,0.4,0.6
160.20741868019104,0.4,0.6
160.21548748016355,0.4,0.6
160.22456240653992,0.4,0.6
160.22725701332092,0.4,0.6
160.2358536720276,0.4,0.6
160.24813103675842,0.4,0.6
160.24925088882446,0.4,0.6
160.2525622844696,0.4,0.6
160.2595055103302,0.4,0.6
160.26825428009033,0.4,0.6
160.27113270759585,0.4,0.6
160.27513122558594,0.4,0.6
160.2902634143829,0.4,0.6
160.2965624332428,0.4,0.6
160.29725432395935,0.4,0.6
160.30313110351562,0.4,0.6
160.3039116859436,0.4,0.6
160.31357502937317,0.5,0.5
160.3225615024567,0.5,0.5
160.3281557559967,0.5,0.5
160.3341302871704,0.5,0.5
160.33925414085388,0.5,0.5
160.3429388999939,0.5,0.5
160.35756182670593,0.5,0.5
160.3614628314972,0.5,0.5
160.3672535419464,0.5,0.5
160.37176728248596,0.5,0.5
160.37613034248352,0.5,0.5
160.38066267967224,0.5,0.5
160.39871191978455,0.5,0.5
160.39956164360046,0.5,0.5
160.40225338935852,0.5,0.5
160.40313029289246,0.5,0.5
160.41053581237793,0.5,0.5
160.4232439994812,0.5,0.5
160.4275608062744,0.5,0.5
160.43825340270996,0.5,0.5
160.43885040283203,0.5,0.5
160.44713473320007,0.5,0.5
160.4513771533966,0.5,0.5
160.45656085014343,0.5,0.5
160.4634461402893,0.5,0.5
160.4672520160675,0.5,0.5
160.4741485118866,0.5,0.5
160.47613501548767,0.5,0.5
160.48801946640015,0.5,0.5
160.48999500274658,0.5,0.5
160.4975607395172,0.5,0.5
160.5016188621521,0.5,0.5
160.5041344165802,0.5,0.5
160.50825214385986,0.5,0.5
160.5164225101471,0.5,0.5
160.52210426330566,0.5,0.5
160.5285620689392,0.5,0.5
160.5321328639984,0.5,0.5
160.53625226020813,0.5,0.5
160.54360961914062,0.5,0.5
160.54890155792236,0.5,0.5
160.55556201934814,0.5,0.5
160.5560381412506,0.5,0.5
160.5687472820282,0.4,0.6
160.57225131988525,0.4,0.6
160.57463884353638,0.4,0.6
160.57513284683228,0.4,0.6
160.59136414527893,0.4,0.6
160.59756207466123,0.4,0.6
160.60230541229248,0.4,0.6
160.60725140571594,0.4,0.6
160.6131329536438,0.4,0.6
160.6229383945465,0.4,0.6
160.62556195259094,0.4,0.6
160.6282513141632,0.4,0.6
160.63513493537903,0.4,0.6
160.64033579826355,0.4,0.6
160.65356159210205,0.4,0.6
160.67124962806702,0.4,0.6
160.6761350631714,0.4,0.6
160.69556188583374,0.4,0.6
160.70373034477234,0.4,0.6
160.70413494110107,0.4,0.6
160.70724964141846,0.4,0.6
160.71223759651184,0.4,0.6
160.72356247901917,0.4,0.6
160.72724962234497,0.4,0.6
160.72775292396545,0.4,0.6
160.74387979507446,0.4,0.6
160.7456624507904,0.4,0.6
160.74813389778137,0.4,0.6
160.76060104370117,0.4,0.6
160.76534724235535,0.4,0.6
160.7655622959137,0.4,0.6
160.7682490348816,0.4,0.6
160.7712242603302,0.4,0.6
160.77413392066956,0.4,0.6
160.7840495109558,0.4,0.6
160.79456186294556,0.4,0.6
160.79556226730347,0.4,0.6
160.7972490787506,0.4,0.6
160.80284547805786,0.4,0.6
160.80913400650024,0.4,0.6
160.82356095314026,0.4,0.6
160.8282492160797,0.4,0.6
160.83430457115173,0.4,0.6
160.84513139724731,0.4,0.6
160.8474473953247,0.4,0.6
160.86756086349487,0.4,0.6
160.86824822425842,0.4,0.6
160.87203288078308,0.4,0.6
160.87713146209717,0.4,0.6
160.8851990699768,0.4,0.6
160.8962481021881,0.4,0.6
160.89756083488464,0.4,0.6
160.8976058959961,0.4,0.6
160.90076613426208,0.4,0.6
160.9041314125061,0.4,0.6
160.92456102371216,0.4,0.6
160.92508220672607,0.4,0.6
160.9301404953003,0.4,0.6
160.9377520084381,0.4,0.6
160.93824815750122,0.4,0.6
160.94812989234924,0.4,0.6
160.94961285591123,0.4,0.6
160.95456075668335,0.4,0.6
160.95828080177307,0.4,0.6
160.96624732017517,0.4,0.6
160.9665331840515,0.4,0.6
160.9751296043396,0.4,0.6
160.98807454109192,0.4,0.6
160.98862028121948,0.4,0.6
160.99624729156494,0.4,0.6
160.99656081199646,0.4,0.6
160.9985888004303,0.4,0.6
161.00376772880554,0.4,0.6
161.00512981414795,0.4,0.6
161.01850128173828,0.4,0.6
161.02355885505676,0.4,0.6
161.0266411304474,0.4,0.6
161.03812789916992,0.4,0.6
161.0392472743988,0.4,0.6
161.0415472984314,0.4,0.6
161.05705499649048,0.4,0.6
161.05855870246887,0.4,0.6
161.06724548339844,0.4,0.6
161.06818008422852,0.4,0.6
161.07412791252136,0.4,0.6
161.08583569526672,0.4,0.6
161.09624552726746,0.4,0.6
161.0965588092804,0.4,0.6
161.10412788391113,0.4,0.6
161.10675501823425,0.4,0.6
161.123557806015,0.4,0.6
161.125262260437,0.4,0.6
161.13244915008545,0.4,0.6
161.13924551010132,0.4,0.6
161.14512658119202,0.4,0.6
161.14668154716492,0.5,0.5
161.15983200073242,0.5,0.5
161.1605577468872,0.5,0.5
161.16724467277527,0.5,0.5
161.17412662506104,0.5,0.5
161.17608547210693,0.5,0.5
161.18331003189087,0.5,0.5
161.19555759429932,0.5,0.5
161.19800519943237,0.5,0.5
161.20224475860596,0.5,0.5
161.20976781845093,0.5,0.5
161.2131266593933,0.5,0.5
161.22011709213257,0.5,0.5
161.2255573272705,0.5,0.5
161.2320201396942,0.5,0.5
161.23724484443665,0.5,0.5
161.24427914619446,0.5,0.5
161.24612522125244,0.5,0.5
161.25574660301208,0.5,0.5
161.26555728912354,0.5,0.5
161.26624274253845,0.5,0.5
161.26744627952576,0.5,0.5
161.2741253376007,0.5,0.5
161.27567982673645,0.5,0.5
161.29194283485413,0.5,0.5
161.29455733299255,0.5,0.5
161.30724239349365,0.5,0.5
161.30729746818542,0.5,0.5
161.30912518501282,0.5,0.5
161.3180649280548,0.5,0.5
161.32255601882937,0.5,0.5
161.3348891735077,0.5,0.5
161.33624267578125,0.5,0.5
161.34404349327087,0.5,0.5
161.3441252708435,0.5,0.5
161.34595441818237,0.5,0.5
161.35486769676208,0.4,0.6
161.3575563430786,0.4,0.6
161.36061072349548,0.4,0.6
161.37124252319336,0.4,0.6
161.37398290634155,0.4,0.6
161.374121427536,0.4,0.6
161.38445591926575,0.4,0.6
161.39355635643005,0.4,0.6
161.39471650123596,0.4,0.6
161.4002423286438,0.4,0.6
161.40712141990662,0.4,0.6
161.4090461730957,0.4,0.6
161.42755579948425,0.4,0.6
161.42939949035645,0.4,0.6
161.43337440490723,0.4,0.6
161.43512415885925,0.4,0.6
161.4352424144745,0.4,0.6
161.44022226333618,0.3,0.7
161.45419812202454,0.3,0.7
161.46255564689636,0.3,0.7
161.46447801589966,0.3,0.7
161.47024035453796,0.3,0.7
161.47912430763245,0.3,0.7
161.48091506958008,0.4,0.6
161.48339128494263,0.4,0.6
161.49738240242004,0.4,0.6
161.4985556602478,0.4,0.6
161.50512433052063,0.4,0.6
161.50724029541016,0.4,0.6
161.51187658309937,0.4,0.6
161.5248622894287,0.4,0.6
161.52555441856384,0.4,0.6
161.52624034881592,0.4,0.6
161.53312730789185,0.4,0.6
161.53694462776184,0.4,0.6
161.54882550239563,0.4,0.6
161.55181670188904,0.4,0.6
161.5625545978546,0.4,0.6
161.5689160823822,0.4,0.6
161.57023859024048,0.4,0.6
161.57512736320496,0.4,0.6
161.5787320137024,0.4,0.6
161.58355450630188,0.4,0.6
161.58919763565063,0.4,0.6
161.5972385406494,0.4,0.6
161.59862661361694,0.4,0.6
161.60312724113464,0.4,0.6
161.6105477809906,0.4,0.6
161.61699843406677,0.4,0.6
161.62527799606323,0.4,0.6
161.62655472755432,0.4,0.6
161.63923859596252,0.4,0.6
161.6466155052185,0.4,0.6
161.64712953567505,0.4,0.6
161.6635546684265,0.4,0.6
161.66723704338074,0.4,0.6
161.67312955856323,0.4,0.6
161.6763212680817,0.4,0.6
161.68110942840576,0.4,0.6
161.69123435020447,0.4,0.6
161.69623708724976,0.4,0.6
161.6985547542572,0.4,0.6
161.7035391330719,0.4,0.6
161.70412969589233,0.4,0.6
161.7218053340912,0.4,0.6
161.72655320167542,0.4,0.6
161.7302758693695,0.4,0.6
161.73823714256287,0.4,0.6
161.74612879753113,0.4,0.6
161.74833369255066,0.4,0.6
161.75555324554443,0.4,0.6
161.76058053970337,0.4,0.6
161.7662365436554,0.4,0.6
161.77247667312622,0.4,0.6
161.77512884140015,0.4,0.6
161.77990579605105,0.4,0.6
161.79063200950625,0.4,0.6
161.79623651504517,0.4,0.6
161.7965531349182,0.4,0.6
161.80097222328186,0.4,0.6
161.80912899971008,0.4,0.6
161.8221836090088,0.4,0.6
161.82455015182495,0.4,0.6
161.83409762382507,0.4,0.6
161.83823657035828,0.4,0.6
161.84613013267517,0.4,0.6
161.84638285636902,0.5,0.5
161.85355019569397,0.5,0.5
161.85520339012146,0.5,0.5
161.86723470687866,0.5,0.5
161.8731300830841,0.5,0.5
161.87495875358582,0.5,0.5
161.88501834869385,0.5,0.5
161.89623475074768,0.5,0.5
161.89655017852783,0.5,0.5
161.90313005447388,0.5,0.5
161.90402245521545,0.5,0.5
161.921537399292,0.5,0.5
161.92554903030396,0.5,0.5
161.92642760276794,0.5,0.5
161.93923473358154,0.5,0.5
161.94158053398132,0.5,0.5
161.94412875175476,0.5,0.5
161.95454907417297,0.5,0.5
161.96145296096802,0.5,0.5
161.96723294258118,0.5,0.5
161.9687819480896,0.5,0.5
161.9770896434784,0.5,0.5
161.97912883758545,0.5,0.5
161.99182176589966,0.5,0.5
161.99554896354675,0.5,0.5
161.9962329864502,0.5,0.5
162.00719022750854,0.5,0.5
162.00812888145447,0.5,0.5
162.01801657676697,0.5,0.5
162.0245497226715,0.5,0.5
162.03013920783997,0.5,0.5
162.03238654136658,0.5,0.5
162.0382330417633,0.5,0.5
162.04313445091248,0.5,0.5
162.0445053577423,0.5,0.5
162.05454993247986,0.5,0.5
162.0573947429657,0.5,0.5
162.0672309398651,0.5,0.5
162.0712366104126,0.5,0.5
162.07313442230225,0.5,0.5
162.07471752166748,0.5,0.5
162.08666515350342,0.5,0.5
162.09623098373413,0.5,0.5
162.09683179855347,0.5,0.5
162.09754991531372,0.5,0.5
162.10155487060547,0.5,0.5
162.1081345081329,0.5,0.5
162.1197588443756,0.5,0.5
162.1245470046997,0.5,0.5
162.12523102760315,0.5,0.5
162.1336305141449,0.5,0.5
162.14233446121216,0.5,0.5
162.14413261413574,0.5,0.5
162.15354704856873,0.5,0.5
162.1646490097046,0.5,0.5
162.16723012924194,0.5,0.5
162.17713260650635,0.5,0.5
162.18116235733032,0.4,0.6
162.1903076171875,0.4,0.6
162.19623017311096,0.4,0.6
162.1965470314026,0.4,0.6
162.1988968849182,0.4,0.6
162.20313239097595,0.4,0.6
162.2080521583557,0.4,0.6
162.22438883781433,0.4,0.6
162.2255470752716,0.4,0.6
162.22723007202148,0.4,0.6
162.23344922065735,0.4,0.6
162.24713253974917,0.4,0.6
162.25490307807922,0.4,0.6
162.2665469646454,0.4,0.6
162.26822662353516,0.4,0.6
162.27139806747437,0.4,0.6
162.2745110988617,0.4,0.6
162.27613234519958,0.4,0.6
162.29454708099365,0.4,0.6
162.29622650146484,0.4,0.6
162.29804801940918,0.4,0.6
162.3031325340271,0.4,0.6
162.3112325668335,0.4,0.6
162.32454633712769,0.4,0.6
162.32522654533386,0.4,0.6
162.33313012123108,0.4,0.6
162.33335399627686,0.4,0.6
162.34229350090027,0.4,0.6
162.35862851142883,0.4,0.6
162.36654615402222,0.4,0.6
162.3672261238098,0.4,0.6
162.368901014328,0.4,0.6
162.3731300830841,0.4,0.6
162.39507508277893,0.4,0.6
162.39554619789124,0.4,0.6
162.39722609519958,0.4,0.6
162.40513014793396,0.4,0.6
162.40606999397278,0.4,0.6
162.42067861557007,0.4,0.6
162.42954444885254,0.4,0.6
162.43812727928162,0.4,0.6
162.4392261505127,0.4,0.6
162.44258332252502,0.4,0.6
162.44847178459167,0.4,0.6
162.45854449272156,0.4,0.6
162.46398258209229,0.4,0.6
162.4682240486145,0.4,0.6
162.4731273651123,0.4,0.6
162.4771146774292,0.4,0.6
162.48417735099792,0.4,0.6
162.49554443359375,0.4,0.6
162.49562978744507,0.4,0.6
162.49722409248352,0.4,0.6
162.5045189857483,0.4,0.6
162.5081272125244,0.4,0.6
162.51945447921753,0.4,0.6
162.52854132652283,0.4,0.6
162.5309398174286,0.4,0.6
162.53922390937805,0.4,0.6
162.54003739356995,0.4,0.6
162.54412651062012,0.4,0.6
162.55229806900024,0.4,0.6
162.55917382240295,0.4,0.6
162.56354141235352,0.4,0.6
162.56722402572632,0.4,0.6
162.5741264820099,0.4,0.6
162.5773730278015,0.4,0.6
162.59591364860535,0.4,0.6
162.59954142570496,0.4,0.6
162.60322403907776,0.4,0.6
162.61312651634216,0.4,0.6
162.61548900604248,0.4,0.6
162.61555171012878,0.4,0.6
162.6255989074707,0.4,0.6
162.62754082679749,0.4,0.6
162.63412475585938,0.4,0.6
162.63722395896912,0.4,0.6
162.64204716682434,0.4,0.6
162.6470913887024,0.4,0.6
162.65531635284424,0.4,0.6
162.66454100608826,0.4,0.6
162.66622281074524,0.4,0.6
162.6679928302765,0.4,0.6
162.67789936065674,0.4,0.6
162.678124666214,0.4,0.6
162.68354082107544,0.4,0.6
162.7002227306366,0.4,0.6
162.70412468910217,0.4,0.6
162.7125265598297,0.4,0.6
162.71454167366028,0.4,0.6
162.72492146492004,0.4,0.6
162.7255403995514,0.4,0.6
162.7331235408783,0.4,0.6
162.73622274398804,0.4,0.6
162.74068641662598,0.4,0.6
162.7489058971405,0.5,0.5
162.75354027748108,0.5,0.5
162.770112991333,0.5,0.5
162.77222323417664,0.5,0.5
162.77512788772583,0.5,0.5
162.77612352371216,0.5,0.5
162.7891125679016,0.5,0.5
162.7955403327942,0.5,0.5
162.79922318458557,0.5,0.5
162.80514812469482,0.5,0.5
162.81312346458435,0.5,0.5
162.8163080215454,0.5,0.5
162.82454013824463,0.5,0.5
162.82722330093384,0.5,0.5
162.82831501960754,0.5,0.5
162.83312559127808,0.5,0.5
162.83382964134216,0.5,0.5
162.8447344303131,0.5,0.5
162.85354018211365,0.5,0.5
162.861634016037,0.5,0.5
162.87021899223328,0.5,0.5
162.87342405319214,0.5,0.5
162.8751254081726,0.5,0.5
162.88256001472473,0.5,0.5
162.89754009246826,0.5,0.5
162.90472555160522,0.5,0.5
162.90512561798096,0.5,0.5
162.90721893310547,0.5,0.5
162.9176082611084,0.5,0.5
162.92353987693787,0.5,0.5
162.92621898651123,0.5,0.5
162.92903542518616,0.4,0.6
162.94240522384644,0.4,0.6
162.94712495803833,0.4,0.6
162.94798803329468,0.4,0.6
162.9545397758484,0.4,0.6
162.96743607521057,0.4,0.6
162.9682171344757,0.4,0.6
162.9751250743866,0.4,0.6
162.9781002998352,0.4,0.6
162.98985242843628,0.4,0.6
162.99653959274292,0.4,0.6
162.99721717834473,0.4,0.6
162.9978597164154,0.4,0.6
163.00612497329712,0.4,0.6
163.0255389213562,0.4,0.6
163.02560019493103,0.4,0.6
163.0272171497345,0.4,0.6
163.02935647964478,0.4,0.6
163.033123254776,0.4,0.6
163.03905630111694,0.4,0.6
163.06621980667114,0.5,0.5
163.06653881072998,0.5,0.5
163.06821632385254,0.5,0.5
163.07493710517883,0.5,0.5
163.0751233100891,0.5,0.5
163.08343601226807,0.5,0.5
163.09040546417236,0.4,0.6
163.09453892707825,0.4,0.6
163.0962164402008,0.4,0.6
163.09918451309204,0.4,0.6
163.10512328147888,0.4,0.6
163.11416602134705,0.4,0.6
163.1235387325287,0.4,0.6
163.12512135505676,0.5,0.5
163.13512182235718,0.5,0.5
163.13821601867676,0.5,0.5
163.15060591697693,0.5,0.5
163.16407799720764,0.5,0.5
163.16453886032104,0.5,0.5
163.16620922088623,0.5,0.5
163.17612171173096,0.5,0.5
163.1769142150879,0.5,0.5
163.18749046325684,0.5,0.5
163.19522786140442,0.5,0.5
163.19553875923157,0.5,0.5
163.20220947265625,0.5,0.5
163.20412182807922,0.5,0.5
163.20896553993225,0.5,0.5
163.21852493286133,0.5,0.5
163.22753620147705,0.5,0.5
163.23356246948242,0.5,0.5
163.23720932006836,0.5,0.5
163.24712347984314,0.5,0.5
163.24789381027222,0.5,0.5
163.2598602771759,0.5,0.5
163.26253628730774,0.5,0.5
163.26620769500732,0.5,0.5
163.2676248550415,0.5,0.5
163.27415323257446,0.5,0.5
163.27512335777283,0.5,0.5
163.2883791923523,0.5,0.5
163.29953622817993,0.5,0.5
163.30020761489868,0.5,0.5
163.300922870636,0.5,0.5
163.30412340164185,0.5,0.5
163.31131601333618,0.5,0.5
163.32646250724792,0.5,0.5
163.3265347480774,0.5,0.5
163.32877922058103,0.5,0.5
163.33520770072937,0.5,0.5
163.33712339401245,0.5,0.5
163.34138703346252,0.5,0.5
163.3492398262024,0.5,0.5
163.36254453659058,0.5,0.5
163.36353468894958,0.5,0.5
163.36612582206726,0.5,0.5
163.37120604515076,0.5,0.5
163.3740050792694,0.5,0.5
163.38221168518066,0.5,0.5
163.3835346698761,0.5,0.5
163.39153861999512,0.5,0.5
163.39920616149902,0.5,0.5
163.40492153167725,0.5,0.5
163.40712571144104,0.5,0.5
163.41584873199463,0.5,0.5
163.42453360557556,0.5,0.5
163.42820620536804,0.5,0.5
163.43087458610535,0.5,0.5
163.43862199783325,0.5,0.5
163.44412302970886,0.5,0.5
163.44864892959595,0.5,0.5
163.45353364944458,0.5,0.5
163.46252179145813,0.5,0.5
163.46920371055603,0.5,0.5
163.4720630645752,0.5,0.5
163.47512292861938,0.5,0.5
163.47874689102173,0.5,0.5
163.4860692024231,0.5,0.5
163.49653363227844,0.5,0.5
163.49820375442505,0.5,0.5
163.49910736083984,0.5,0.5
163.5041229724884,0.5,0.5
163.50880527496338,0.5,0.5
163.52286982536316,0.5,0.5
163.52753257751465,0.5,0.5
163.53796696662903,0.5,0.5
163.5391948223114,0.5,0.5
163.54020380973816,0.5,0.5
163.54864382743835,0.5,0.5
163.54912614822388,0.5,0.5
163.5635325908661,0.5,0.5
163.56631422042847,0.5,0.5
163.57020235061646,0.5,0.5
163.57512593269348,0.5,0.5
163.58393502235413,0.5,0.5
163.59253239631653,0.5,0.5
163.5934658050537,0.5,0.5
163.60412621498108,0.5,0.5
163.60450220108032,0.5,0.5
163.60520219802856,0.5,0.5
163.61644005775452,0.5,0.5
163.62753319740295,0.5,0.5
163.6282021999359,0.5,0.5
163.62972331047058,0.5,0.5
163.6380741596222,0.5,0.5
163.6451244354248,0.5,0.5
163.64633703231812,0.5,0.5
163.65559434890747,0.5,0.5
163.66553354263306,0.5,0.5
163.66820001602173,0.5,0.5
163.67312455177307,0.5,0.5
163.67483949661255,0.5,0.5
163.67833805084229,0.5,0.5
163.69753336906433,0.5,0.5
163.69820022583008,0.5,0.5
163.69830322265625,0.5,0.5
163.70812439918518,0.5,0.5
163.71052861213684,0.5,0.5
163.71660900115967,0.5,0.5
163.72553205490112,0.5,0.5
163.72620010375977,0.5,0.5
163.72689509391785,0.5,0.5
163.74312496185303,0.5,0.5
163.7535321712494,0.5,0.5
163.76819920539856,0.5,0.5
163.76833510398865,0.5,0.5
163.77812504768372,0.5,0.5
163.79653215408325,0.5,0.5
163.79719948768616,0.5,0.5
163.80397701263428,0.5,0.5
163.8061249256134,0.5,0.5
163.81531381607056,0.5,0.5
163.8232810497284,0.5,0.5
163.8265302181244,0.5,0.5
163.82819938659668,0.5,0.5
163.8301136493683,0.5,0.5
163.8341269493103,0.5,0.5
163.8429696559906,0.5,0.5
163.84885239601135,0.5,0.5
163.85252976417542,0.5,0.5
163.85758590698242,0.5,0.5
163.86507320404053,0.5,0.5
163.86819767951965,0.5,0.5
163.8761270046234,0.5,0.5
163.8762571811676,0.5,0.5
163.8921811580658,0.5,0.5
163.89452981948853,0.5,0.5
163.89619755744934,0.5,0.5
163.90412712097168,0.5,0.5
163.9050121307373,0.5,0.5
163.91546297073364,0.5,0.5
163.92352890968323,0.5,0.5
163.92451786994934,0.5,0.5
163.9353301525116,0.5,0.5
163.9391975402832,0.5,0.5
163.94462060928345,0.5,0.5
163.94612526893616,0.5,0.5
163.96290493011475,0.5,0.5
163.96619820594788,0.5,0.5
163.96752882003784,0.5,0.5
163.97412514686584,0.5,0.5
163.97817754745483,0.5,0.5
163.9794716835022,0.5,0.5
163.9920573234558,0.5,0.5
163.99352884292605,0.5,0.5
164.00219821929932,0.5,0.5
164.00282526016235,0.5,0.5
164.00912523269653,0.5,0.5
164.01873564720154,0.5,0.5
164.02352738380432,0.5,0.5
164.03719782829285,0.5,0.5
164.04440832138062,0.5,0.5
164.0451238155365,0.5,0.5
164.04954934120178,0.5,0.5
164.05652737617493,0.5,0.5
164.06513953208923,0.5,0.5
164.06719994544983,0.5,0.5
164.06981229782104,0.5,0.5
164.07312321662903,0.5,0.5
164.09275007247925,0.5,0.5
164.0955274105072,0.5,0.5
164.09620022773743,0.5,0.5
164.10428643226624,0.5,0.5
164.10912346839905,0.5,0.5
164.1104474067688,0.5,0.5
164.11919856071472,0.5,0.5
164.12352395057678,0.5,0.5
164.13820004463196,0.5,0.5
164.13980340957642,0.5,0.5
164.144122838974,0.5,0.5
164.15354871749878,0.5,0.5
164.1595242023468,0.5,0.5
164.1647355556488,0.5,0.5
164.16561770439148,0.5,0.5
164.1661992073059,0.5,0.5
164.17412304878235,0.5,0.5
164.17640566825867,0.5,0.5
164.1945240497589,0.5,0.5
164.19619941711426,0.5,0.5
164.19651126861572,0.5,0.5
164.19885230064392,0.5,0.5
164.21312284469604,0.5,0.5
164.21656012535095,0.5,0.5
164.22190952301025,0.5,0.5
164.2235291004181,0.5,0.5
164.2282702922821,0.5,0.5
164.23412108421326,0.5,0.5
164.23819947242737,0.5,0.5
164.23893809318542,0.5,0.5
164.2489001750946,0.5,0.5
164.25841450691223,0.4,0.6
164.26352906227112,0.4,0.6
164.26719737052915,0.4,0.6
164.2705101966858,0.4,0.6
164.27812123298645,0.4,0.6
164.28353571891785,0.4,0.6
164.29012870788574,0.4,0.6
164.29252910614014,0.4,0.6
164.2961974143982,0.4,0.6
164.30412125587463,0.4,0.6
164.30413246154785,0.4,0.6
164.3150725364685,0.4,0.6
164.32752799987793,0.4,0.6
164.33084964752197,0.4,0.6
164.33497858047485,0.4,0.6
164.3381974697113,0.4,0.6
164.34477186203003,0.4,0.6
164.34612011909485,0.4,0.6
164.35005283355713,0.4,0.6
164.3616988658905,0.4,0.6
164.36352801322937,0.4,0.6
164.3661961555481,0.4,0.6
164.37411999702454,0.4,0.6
164.3768756389618,0.4,0.6
164.3875994682312,0.4,0.6
164.39234161376953,0.4,0.6
164.39252829551697,0.4,0.6
164.39619612693787,0.4,0.6
164.4019811153412,0.4,0.6
164.40512013435364,0.4,0.6
164.41033363342285,0.4,0.6
164.42356753349304,0.4,0.6
164.4265296459198,0.4,0.6
164.43412113189697,0.4,0.6
164.43719601631165,0.4,0.6
164.43926692008972,0.4,0.6
164.44807243347168,0.4,0.6
164.4545295238495,0.4,0.6
164.45701336860657,0.4,0.6
164.46719551086426,0.4,0.6
164.46983313560486,0.4,0.6
164.47543001174927,0.4,0.6
164.47612118721008,0.4,0.6
164.48712515830994,0.4,0.6
164.49148058891296,0.4,0.6
164.49652981758118,0.4,0.6
164.5011956691742,0.4,0.6
164.50182962417605,0.4,0.6
164.5051212310791,0.4,0.6
164.5234978199005,0.4,0.6
164.52452874183655,0.4,0.6
164.52821731567383,0.4,0.6
164.5381956100464,0.4,0.6
164.54629707336426,0.4,0.6
164.54712200164795,0.4,0.6
164.55352902412417,0.4,0.6
164.55930829048157,0.4,0.6
164.57119727134705,0.4,0.6
164.57219219207764,0.4,0.6
164.57512187957764,0.4,0.6
164.57688522338867,0.4,0.6
164.5859730243683,0.4,0.6
164.596529006958,0.4,0.6
164.59869408607483,0.4,0.6
164.6001923084259,0.4,0.6
164.60412192344666,0.4,0.6
164.63252639770508,0.4,0.6
164.63619232177734,0.4,0.6
164.63912057876587,0.4,0.6
164.64197707176208,0.4,0.6
164.66069531440735,0.4,0.6
164.6650586128235,0.4,0.6
164.66619062423706,0.4,0.6
164.66752648353577,0.4,0.6
164.6751205921173,0.4,0.6
164.67561292648315,0.4,0.6
164.69618201255798,0.4,0.6
164.69852662086487,0.4,0.6
164.70412039756775,0.4,0.6
164.70719075202942,0.4,0.6
164.72052001953125,0.4,0.6
164.72452521324158,0.4,0.6
164.7371907234192,0.4,0.6
164.74057006835938,0.4,0.6
164.7441189289093,0.4,0.6
164.74531292915344,0.4,0.6
164.75352549552915,0.4,0.6
164.75706911087036,0.4,0.6
164.75767374038696,0.4,0.6
164.76518893241882,0.4,0.6
164.77411890029907,0.4,0.6
164.78610968589783,0.4,0.6
164.79397106170654,0.4,0.6
164.79552555084229,0.4,0.6
164.79618883132937,0.4,0.6
164.8056252002716,0.4,0.6
164.80811882019043,0.4,0.6
164.81191849708557,0.4,0.6
164.82452273368835,0.4,0.6
164.82643961906433,0.4,0.6
164.8371889591217,0.4,0.6
164.841717004776,0.4,0.6
164.8441174030304,0.4,0.6
164.85252261161804,0.4,0.6
164.85634779930115,0.4,0.6
164.86166715621948,0.4,0.6
164.86718559265137,0.4,0.6
164.86900568008423,0.4,0.6
164.87311720848083,0.4,0.6
164.88931274414062,0.4,0.6
164.89452266693115,0.4,0.6
164.89618587493896,0.4,0.6
164.90497708320618,0.4,0.6
164.90811729431152,0.4,0.6
164.91859602928162,0.4,0.6
164.92352271080017,0.4,0.6
164.92450952529907,0.4,0.6
164.92518591880798,0.4,0.6
164.9339370727539,0.4,0.6
164.9431140422821,0.4,0.6
164.9525227546692,0.4,0.6
164.95410776138306,0.4,0.6
164.97018432617188,0.4,0.6
164.9781138896942,0.4,0.6
164.98187565803528,0.4,0.6
164.9943141937256,0.4,0.6
164.99552273750305,0.4,0.6
165.00179052352905,0.4,0.6
165.00518441200256,0.4,0.6
165.00811409950256,0.4,0.6
165.0140416622162,0.4,0.6
165.02945351600647,0.4,0.6
165.03252387046814,0.4,0.6
165.0361843109131,0.4,0.6
165.04236960411072,0.4,0.6
165.048113822937,0.4,0.6
165.05252408981323,0.4,0.6
165.05559301376343,0.4,0.6
165.06938886642456,0.4,0.6
165.07118248939514,0.4,0.6
165.08111381530762,0.4,0.6
165.08254671096802,0.4,0.6
165.0943624973297,0.4,0.6
165.09652400016785,0.4,0.6
165.1061131954193,0.4,0.6
165.10718250274658,0.4,0.6
165.1099672317505,0.4,0.6
165.12352299690247,0.4,0.6
165.1271824836731,0.4,0.6
165.12878370285034,0.4,0.6
165.144113779068,0.4,0.6
165.1444954872131,0.4,0.6
165.1459379196167,0.4,0.6
165.15252304077148,0.4,0.6
165.15744948387146,0.4,0.6
165.1680817604065,0.4,0.6
165.1691825389862,0.4,0.6
165.17611360549927,0.4,0.6
165.18063712120056,0.4,0.6
165.19552302360535,0.4,0.6
165.19818258285522,0.4,0.6
165.19875764846802,0.4,0.6
165.20327520370483,0.4,0.6
165.20411372184753,0.4,0.6
165.2109055519104,0.4,0.6
165.22028946876526,0.4,0.6
165.2245237827301,0.4,0.6
165.24018239974976,0.4,0.6
165.24574661254883,0.4,0.6
165.2461130619049,0.4,0.6
165.2542061805725,0.4,0.6
165.25452375411987,0.4,0.6
165.26775240898132,0.4,0.6
165.2681806087494,0.4,0.6
165.2741129398346,0.4,0.6
165.27445220947266,0.4,0.6
165.29533648490906,0.4,0.6
165.29618048667908,0.4,0.6
165.29752373695374,0.4,0.6
165.3051130771637,0.4,0.6
165.32452368736267,0.4,0.6
165.33218050003052,0.4,0.6
165.34510922431946,0.4,0.6
165.35452365875244,0.4,0.6
165.36718106269836,0.4,0.6
165.37310910224917,0.4,0.6
165.3825237751007,0.4,0.6
165.3873426914215,0.4,0.6
165.40218091011047,0.4,0.6
165.40810918807983,0.4,0.6
165.4180064201355,0.4,0.6
165.4265215396881,0.4,0.6
165.42673587799072,0.4,0.6
165.4331076145172,0.4,0.6
165.43718099594116,0.4,0.6
165.44410920143127,0.4,0.6
165.4484360218048,0.4,0.6
165.4545214176178,0.4,0.6
165.4637644290924,0.4,0.6
165.46618151664734,0.4,0.6
165.47174715995789,0.4,0.6
165.4731149673462,0.4,0.6
165.48533821105957,0.4,0.6
165.49380588531494,0.4,0.6
165.49552130699158,0.4,0.6
165.50394940376282,0.4,0.6
165.50718140602112,0.4,0.6
165.50911498069763,0.4,0.6
165.51503777503967,0.4,0.6
165.5235207080841,0.4,0.6
165.53178691864014,0.4,0.6
165.53618121147156,0.4,0.6
165.5407691001892,0.4,0.6
165.54411435127258,0.4,0.6
165.54668831825256,0.4,0.6
165.55452060699463,0.4,0.6
165.55594301223755,0.4,0.6
165.56811451911926,0.4,0.6
165.57118153572085,0.4,0.6
165.57411432266235,0.4,0.6
165.5808744430542,0.4,0.6
165.59209752082825,0.5,0.5
165.59452056884766,0.5,0.5
165.60395288467407,0.5,0.5
165.6062388420105,0.5,0.5
165.6071815490723,0.5,0.5
165.60911417007446,0.5,0.5
165.6234951019287,0.5,0.5
165.6245198249817,0.5,0.5
165.62818121910095,0.5,0.5
165.64511060714722,0.5,0.5
165.64846420288086,0.5,0.5
165.65251970291138,0.5,0.5
165.66240787506104,0.5,0.5
165.66917967796326,0.5,0.5
165.6738634109497,0.5,0.5
165.67411041259766,0.5,0.5
165.68057942390442,0.5,0.5
165.69002175331116,0.5,0.5
165.69551968574524,0.5,0.5
165.7004075050354,0.5,0.5
165.70617961883545,0.5,0.5
165.70911049842834,0.5,0.5
165.71444439888,0.5,0.5
165.71935868263245,0.5,0.5
165.72251629829407,0.5,0.5
165.72617959976196,0.5,0.5
165.73810839653015,0.5,0.5
165.73872709274292,0.5,0.5
165.7472574710846,0.5,0.5
165.7541651725769,0.7,0.3
165.7575166225433,0.7,0.3
165.7656455039978,0.8,0.2
165.76817989349365,0.8,0.2
165.7741084098816,0.8,0.2
165.78065180778503,0.8,0.2
165.7827136516571,0.8,0.2
165.78913497924805,0.8,0.2
165.7935163974762,0.8,0.2
165.79618000984192,0.8,0.2
165.80748772621155,0.8,0.2
165.80810856819153,0.8,0.2
165.81331610679626,0.8,0.2
165.82351779937744,0.8,0.2
165.82412934303284,0.4,0.6
165.83479070663452,0.4,0.6
165.83817839622498,0.4,0.6
165.8405828475952,0.4,0.6
165.8441081047058,0.4,0.6
165.85751748085022,0.4,0.6
165.85834455490112,0.4,0.6
165.867178440094,0.4,0.6
165.87021660804749,0.4,0.6
165.8791081905365,0.4,0.6
165.88146233558655,0.4,0.6
165.88853096961975,0.4,0.6
165.8925178050995,0.5,0.5
165.8977665901184,0.5,0.5
165.90117859840393,0.5,0.5
165.9071080684662,0.5,0.5
165.91073298454285,0.5,0.5
165.9172911643982,0.5,0.5
165.92665719985962,1.0,0.0
165.92851614952087,1.0,0.0
165.9338138103485,1.0,0.0
165.93617844581604,1.0,0.0
165.95110630989075,1.0,0.0
165.96251606941223,1.0,0.0
165.9632408618927,1.0,0.0
165.97217869758606,1.0,0.0
165.97292280197144,1.0,0.0
165.97810626029968,1.0,0.0
165.9840269088745,1.0,0.0
165.98451614379883,1.0,0.0
165.99633860588074,1.0,0.0
166.00017881393433,1.0,0.0
166.00407814979553,1.0,0.0
166.00510621070862,1.0,0.0
166.02806901931763,1.0,0.0
166.0325152873993,1.0,0.0
166.0361785888672,1.0,0.0
166.04166626930237,1.0,0.0
166.04410648345947,1.0,0.0
166.05351519584656,1.0,0.0
166.05803608894348,1.0,0.0
166.0595645904541,1.0,0.0
166.0690038204193,1.0,0.0
166.07117819786072,1.0,0.0
166.07510662078855,1.0,0.0
166.09429097175598,1.0,0.0
166.09551525115967,1.0,0.0
166.09818768501282,1.0,0.0
166.1041066646576,1.0,0.0
166.10717821121216,1.0,0.0
166.11664366722107,1.0,0.0
166.12351512908936,1.0,0.0
166.13130927085876,1.0,0.0
166.1361780166626,1.0,0.0
166.14369177818298,1.0,0.0
166.14610481262207,1.0,0.0
166.15515780448914,1.0,0.0
166.15851497650146,1.0,0.0
166.16204190254211,1.0,0.0
166.17117643356323,1.0,0.0
166.1751048564911,1.0,0.0
166.17677330970764,1.0,0.0
166.19214034080505,1.0,0.0
166.19351506233215,1.0,0.0
166.20237159729004,1.0,0.0
166.20310473442078,1.0,0.0
166.20717644691467,1.0,0.0
166.21052527427673,1.0,0.0
166.21868109703064,1.0,0.0
166.22817635536194,1.0,0.0
166.22851395606995,1.0,0.0
166.22932028770447,1.0,0.0
166.23820066452026,1.0,0.0
166.24410319328308,1.0,0.0
166.2542860507965,1.0,0.0
166.26351404190063,1.0,0.0
166.2659330368042,1.0,0.0
166.27017521858215,1.0,0.0
166.274836063385,1.0,0.0
166.27510333061218,1.0,0.0
166.28162670135498,1.0,0.0
166.2989466190338,1.0,0.0
166.29951405525208,1.0,0.0
166.30617547035217,1.0,0.0
166.3081033229828,1.0,0.0
166.31010031700134,1.0,0.0
166.32464981079102,1.0,0.0
166.3261752128601,1.0,0.0
166.3265130519867,1.0,0.0
166.33397674560547,1.0,0.0
166.34611582756042,1.0,0.0
166.34810090065002,1.0,0.0
166.3605077266693,1.0,0.0
166.3625130653381,1.0,0.0
166.3681764602661,1.0,0.0
166.37446928024292,1.0,0.0
166.37510085105896,1.0,0.0
166.38971161842346,1.0,0.0
166.39502215385437,1.0,0.0
166.39717650413513,1.0,0.0
166.39851307868958,1.0,0.0
166.3995771408081,1.0,0.0
166.40410089492798,1.0,0.0
166.42454266548157,1.0,0.0
166.42551255226135,1.0,0.0
166.43320107460022,1.0,0.0
166.43917632102966,1.0,0.0
166.4440984725952,1.0,0.0
166.44666004180908,1.0,0.0
166.4545123577118,1.0,0.0
166.46420693397522,1.0,0.0
166.46817445755005,1.0,0.0
166.47091341018677,1.0,0.0
166.47309827804563,1.0,0.0
166.47466826438904,1.0,0.0
166.4867079257965,1.0,0.0
166.49575448036194,1.0,0.0
166.49617433547974,1.0,0.0
166.4965124130249,1.0,0.0
166.50230717658997,1.0,0.0
166.50727653503418,1.0,0.0
166.50809860229492,1.0,0.0
166.52101039886475,1.0,0.0
166.5245122909546,1.0,0.0
166.5390965938568,1.0,0.0
166.5391743183136,1.0,0.0
166.53988218307495,1.0,0.0
166.55251216888428,1.0,0.0
166.56407403945923,1.0,0.0
166.56717348098755,1.0,0.0
166.57305312156677,1.0,0.0
166.5740966796875,1.0,0.0
166.58612060546875,1.0,0.0
166.59276938438416,1.0,0.0
166.5945122241974,1.0,0.0
166.59617352485657,1.0,0.0
166.6040964126587,1.0,0.0
166.60519576072693,1.0,0.0
166.60988211631775,1.0,0.0
166.61683702468872,1.0,0.0
166.62351155281067,1.0,0.0
166.62811589241028,1.0,0.0
166.63817381858826,1.0,0.0
166.64090967178345,1.0,0.0
166.64509510993958,1.0,0.0
166.6481852531433,1.0,0.0
166.66061091423035,1.0,0.0
166.66451120376587,1.0,0.0
166.6661720275879,1.0,0.0
166.67382407188416,1.0,0.0
166.6760950088501,1.0,0.0
166.67946481704712,1.0,0.0
166.68870973587036,1.0,0.0
166.69251132011414,1.0,0.0
166.6957905292511,1.0,0.0
166.70117211341858,1.0,0.0
166.70409512519836,1.0,0.0
166.72155690193176,1.0,0.0
166.72251152992249,1.0,0.0
166.73195052146912,1.0,0.0
166.73617219924927,1.0,0.0
166.74572706222534,1.0,0.0
166.74590921401978,1.0,0.0
166.74609327316284,1.0,0.0
166.7575113773346,1.0,0.0
166.76707100868225,1.0,0.0
166.7711718082428,1.0,0.0
166.77409315109253,1.0,0.0
166.77651000022888,1.0,0.0
166.79351139068604,1.0,0.0
166.80203342437744,1.0,0.0
166.80617141723633,1.0,0.0
166.8084168434143,1.0,0.0
166.80909323692322,1.0,0.0
166.818541765213,1.0,0.0
166.8225076198578,1.0,0.0
166.82817149162292,1.0,0.0
166.8285539150238,1.0,0.0
166.8450906276703,1.0,0.0
166.84572458267212,1.0,0.0
166.85251903533936,1.0,0.0
166.85750770568848,1.0,0.0
166.86408472061157,1.0,0.0
166.87016940116882,1.0,0.0
166.87268614768982,1.0,0.0
166.87309050559998,1.0,0.0
166.885591506958,1.0,0.0
166.8925075531006,1.0,0.0
166.8949677944183,1.0,0.0
166.90716981887817,1.0,0.0
166.90809035301208,1.0,0.0
166.91128301620483,1.0,0.0
166.92250847816467,1.0,0.0
166.9246702194214,1.0,0.0
166.9271697998047,1.0,0.0
166.93682146072388,1.0,0.0
166.94408869743347,1.0,0.0
166.95364427566528,1.0,0.0
166.9625084400177,1.0,0.0
166.9626796245575,1.0,0.0
166.9701693058014,1.0,0.0
166.97408866882324,1.0,0.0
166.97688150405884,1.0,0.0
166.98362040519714,1.0,0.0
166.9975082874298,1.0,0.0
166.99816918373108,1.0,0.0
166.9986696243286,1.0,0.0
167.00154209136963,1.0,0.0
167.0080885887146,1.0,0.0
167.01608300209045,1.0,0.0
167.02650570869446,1.0,0.0
167.02900862693787,1.0,0.0
167.03742241859436,1.0,0.0
167.0401692390442,1.0,0.0
167.04508709907532,1.0,0.0
167.04796767234802,1.0,0.0
167.05350589752197,1.0,0.0
167.06105518341064,1.0,0.0
167.06408715248108,1.0,0.0
167.0681664943695,1.0,0.0
167.08016681671145,1.0,0.0
167.08623242378235,1.0,0.0
167.09616661071777,1.0,0.0
167.09850573539734,1.0,0.0
167.09956002235413,1.0,0.0
167.1060872077942,1.0,0.0
167.10765600204468,1.0,0.0
167.11864709854126,1.0,0.0
167.1245050430298,1.0,0.0
167.13408660888672,1.0,0.0
167.1383397579193,1.0,0.0
167.13916635513306,1.0,0.0
167.1495702266693,1.0,0.0
167.15348601341248,1.0,0.0
167.15387964248657,1.0,0.0
167.15450501441956,1.0,0.0
167.16405081748962,1.0,0.0
167.16716742515564,1.0,0.0
167.17608642578125,1.0,0.0
167.17859268188477,1.0,0.0
167.19095516204834,1.0,0.0
167.1934404373169,1.0,0.0
167.1956787109375,1.0,0.0
167.19650506973267,1.0,0.0
167.2031672000885,1.0,0.0
167.2140862941742,1.0,0.0
167.22045826911926,1.0,0.0
167.22450280189514,1.0,0.0
167.23508548736572,1.0,0.0
167.23716735839844,1.0,0.0
167.24921441078186,1.0,0.0
167.25250267982483,1.0,0.0
167.25897407531738,1.0,0.0
167.26716661453247,1.0,0.0
167.27908563613892,1.0,0.0
167.28147411346436,1.0,0.0
167.28429579734802,1.0,0.0
167.29450273513794,1.0,0.0
167.30016660690308,1.0,0.0
167.30608582496643,1.0,0.0
167.32016611099243,1.0,0.0
167.32350301742554,1.0,0.0
167.33508491516113,1.0,0.0
167.33616662025452,1.0,0.0
167.34686493873596,1.0,0.0
167.35677003860474,1.0,0.0
167.35850310325625,1.0,0.0
167.36421132087708,1.0,0.0
167.36516571044922,1.0,0.0
167.37478494644165,1.0,0.0
167.378084897995,1.0,0.0
167.37870931625366,1.0,0.0
167.38991498947144,1.0,0.0
167.3935029506683,1.0,0.0
167.39616560935974,1.0,0.0
167.4029860496521,1.0,0.0
167.4056680202484,0.5,0.5
167.40708470344543,0.5,0.5
167.4231231212616,0.5,0.5
167.4285020828247,0.5,0.5
167.42856740951538,0.5,0.5
167.43816566467285,0.5,0.5
167.4409441947937,0.5,0.5
167.44808292388916,0.5,0.5
167.45816326141355,0.5,0.5
167.46350193023682,0.5,0.5
167.46589374542236,0.5,0.5
167.4671666622162,0.5,0.5
167.47608304023743,0.5,0.5
167.48358988761902,0.5,0.5
167.4925022125244,0.5,0.5
167.4927430152893,0.5,0.5
167.49716639518738,0.5,0.5
167.50408291816711,0.5,0.5
167.50462889671326,0.5,0.5
167.52281594276428,0.5,0.5
167.52516674995422,0.5,0.5
167.5275011062622,0.5,0.5
167.5315818786621,0.5,0.5
167.53508138656616,0.5,0.5
167.54426789283752,0.5,0.5
167.55149936676025,0.5,0.5
167.56550121307373,0.5,0.5
167.5680058002472,0.5,0.5
167.56816601753235,0.5,0.5
167.57508182525635,0.5,0.5
167.58051800727844,0.5,0.5
167.58446788787842,0.5,0.5
167.59250116348267,0.5,0.5
167.59258580207825,0.5,0.5
167.59616589546204,0.5,0.5
167.60308146476746,0.5,0.5
167.6159508228302,0.5,0.5
167.62750005722046,0.5,0.5
167.63246393203735,0.5,0.5
167.6375482082367,0.5,0.5
167.6391658782959,0.5,0.5
167.64708042144775,0.5,0.5
167.64824175834656,0.5,0.5
167.6618902683258,0.5,0.5
167.66250014305115,0.5,0.5
167.6671643257141,0.5,0.5
167.67238855361938,0.5,0.5
167.67308044433594,0.5,0.5
167.68229961395264,0.5,0.5
167.6961646080017,0.5,0.5
167.6962378025055,0.6,0.4
167.6985001564026,0.6,0.4
167.70194339752197,0.6,0.4
167.70408034324646,0.6,0.4
167.7099642753601,0.6,0.4
167.72376537322998,0.6,0.4
167.72516441345215,0.6,0.4
167.73250102996826,0.6,0.4
167.73557567596436,0.6,0.4
167.74476528167725,0.6,0.4
167.74608087539673,0.6,0.4
167.75350093841553,0.6,0.4
167.7541401386261,0.6,0.4
167.76716375350952,0.6,0.4
167.76989221572876,0.6,0.4
167.77508091926575,0.6,0.4
167.7790126800537,0.6,0.4
167.79059267044067,0.6,0.4
167.79550099372864,0.6,0.4
167.79616379737854,0.6,0.4
167.80658411979675,0.6,0.4
167.80866169929504,0.6,0.4
167.80908107757568,0.6,0.4
167.81628894805908,0.6,0.4
167.8235001564026,0.6,0.4
167.8272306919098,0.6,0.4
167.8391637802124,0.6,0.4
167.8450837135315,0.6,0.4
167.84677004814148,0.6,0.4
167.8545000553131,0.6,0.4
167.86485528945923,0.6,0.4
167.86629176139832,0.6,0.4
167.86716294288635,0.6,0.4
167.8740837574005,0.6,0.4
167.87958121299744,0.6,0.4
167.8917682170868,0.6,0.4
167.89550018310547,0.6,0.4
167.8961627483368,0.6,0.4
167.90375971794128,0.6,0.4
167.90408372879028,0.6,0.4
167.9113438129425,0.6,0.4
167.92349815368652,0.6,0.4
167.92627382278442,0.6,0.4
167.93623805046082,0.6,0.4
167.9370813369751,0.6,0.4
167.9381628036499,0.6,0.4
167.9431436061859,0.6,0.4
167.95249819755554,0.6,0.4
167.95705461502075,0.6,0.4
167.96616291999817,0.6,0.4
167.97086787223816,0.6,0.4
167.97308111190796,0.6,0.4
167.9821400642395,0.6,0.4
167.9931046962738,0.6,0.4
167.99449801445007,0.6,0.4
168.0021629333496,0.6,0.4
168.00417947769165,0.6,0.4
168.00808119773865,0.6,0.4
168.0166401863098,0.6,0.4
168.02149319648743,0.6,0.4
168.02349710464478,0.6,0.4
168.0371608734131,0.6,0.4
168.03856492042542,0.6,0.4
168.0430805683136,0.6,0.4
168.0474886894226,0.6,0.4
168.05156326293945,0.6,0.4
168.0524971485138,0.6,0.4
168.06616067886353,0.6,0.4
168.07397651672363,0.6,0.4
168.08108043670654,0.6,0.4
168.0866734981537,0.6,0.4
168.09272813796997,0.6,0.4
168.0964970588684,0.6,0.4
168.09921002388,0.6,0.4
168.10016083717346,0.6,0.4
168.10708045959473,0.6,0.4
168.10880041122437,0.6,0.4
168.1234965324402,0.6,0.4
168.12457752227783,0.6,0.4
168.1360764503479,0.6,0.4
168.1381607055664,0.6,0.4
168.14780950546265,0.6,0.4
168.1524965763092,0.6,0.4
168.16616010665894,0.6,0.4
168.17607641220093,0.6,0.4
168.19449639320374,0.6,0.4
168.20216012001038,0.6,0.4
168.20407629013062,0.6,0.4
168.22135305404663,0.6,0.4
168.22349643707275,0.6,0.4
168.23034524917605,0.6,0.4
168.23407459259033,0.6,0.4
168.23716020584106,0.6,0.4
168.24374151229858,0.6,0.4
168.2515106201172,0.5,0.5
168.25849628448486,0.5,0.5
168.26219582557678,0.5,0.5
168.26715850830078,0.5,0.5
168.27164030075073,0.5,0.5
168.27607440948486,0.5,0.5
168.2852921485901,0.5,0.5
168.29123830795288,0.5,0.5
168.29349660873413,0.5,0.5
168.3001585006714,0.5,0.5
168.30427479743958,0.5,0.5
168.30507469177246,0.5,0.5
168.31010103225708,0.5,0.5
168.32349610328674,0.5,0.5
168.32626366615295,0.5,0.5
168.3340744972229,0.5,0.5
168.33615851402283,0.5,0.5
168.3379979133606,0.4,0.6
168.34554314613342,0.4,0.6
168.35249614715576,0.4,0.6
168.36258673667908,0.4,0.6
168.36826920509338,0.4,0.6
168.37215900421145,0.4,0.6
168.37606763839722,0.4,0.6
168.376074552536,0.4,0.6
168.38823890686035,0.4,0.6
168.39549612998962,0.4,0.6
168.4015953540802,0.4,0.6
168.40407466888428,0.4,0.6
168.4061586856842,0.4,0.6
168.41220021247864,0.4,0.6
168.42235898971558,0.6,0.4
168.42549419403076,0.6,0.4
168.42658805847168,0.6,0.4
168.42815899848938,0.6,0.4
168.43307662010193,0.6,0.4
168.44655084609985,0.6,0.4
168.45249462127686,0.6,0.4
168.45615100860596,0.6,0.4
168.46373987197876,0.6,0.4
168.47015690803528,0.6,0.4
168.47427487373352,0.6,0.4
168.4760766029358,0.6,0.4
168.48661923408508,0.6,0.4
168.4944941997528,0.6,0.4
168.50265073776245,0.6,0.4
168.50507640838623,0.6,0.4
168.50541639328003,0.6,0.4
168.50615692138672,0.6,0.4
168.5150010585785,0.6,0.4
168.52449417114258,0.6,0.4
168.52615690231323,0.6,0.4
168.52887511253357,0.6,0.4
168.53807473182678,0.6,0.4
168.54106974601746,0.6,0.4
168.54769802093506,0.6,0.4
168.5534942150116,0.6,0.4
168.56305241584778,0.6,0.4
168.56815648078918,0.6,0.4
168.57307481765747,0.6,0.4
168.57833313941956,0.6,0.4
168.58553290367126,0.6,0.4
168.59105706214905,0.6,0.4
168.5954942703247,0.6,0.4
168.5971565246582,0.6,0.4
168.60537934303284,0.6,0.4
168.6090748310089,0.6,0.4
168.61115336418152,0.6,0.4
168.6224970817566,0.6,0.4
168.62257862091064,0.6,0.4
168.63394331932068,0.6,0.4
168.6391563415527,0.6,0.4
168.64407300949097,0.6,0.4
168.6443932056427,0.6,0.4
168.65152645111084,0.6,0.4
168.66349720954895,0.6,0.4
168.6642463207245,0.6,0.4
168.6681535243988,0.6,0.4
168.67407298088074,0.6,0.4
168.6924970149994,0.6,0.4
168.6971414089203,0.6,0.4
168.6971538066864,0.6,0.4
168.7040729522705,0.6,0.4
168.710590839386,0.6,0.4
168.71854305267334,0.6,0.4
168.72749495506287,0.6,0.4
168.728515625,0.6,0.4
168.73915362358093,0.6,0.4
168.74140691757202,0.6,0.4
168.74607348442078,0.6,0.4
168.75473618507385,0.5,0.5
168.76394033432007,0.5,0.5
168.76449513435364,0.5,0.5
168.76715326309204,0.5,0.5
168.7750735282898,0.5,0.5
168.77798700332642,0.5,0.5
168.78152441978455,0.5,0.5
168.79549503326416,0.5,0.5
168.80215334892273,0.5,0.5
168.8040738105774,0.5,0.5
168.8061113357544,0.5,0.5
168.8108081817627,0.5,0.5
168.82249522209167,0.5,0.5
168.8252112865448,0.5,0.5
168.83815336227417,0.5,0.5
168.84023070335388,0.5,0.5
168.84024572372437,0.5,0.5
168.84607315063477,0.5,0.5
168.86091542243958,0.5,0.5
168.8644952774048,0.5,0.5
168.86715245246887,0.5,0.5
168.87407302856445,0.5,0.5
168.88420820236206,0.5,0.5
168.8934953212738,0.5,0.5
168.89615201950073,0.5,0.5
168.8975441455841,0.5,0.5
168.90407299995422,0.5,0.5
168.90541815757751,0.5,0.5
168.91431856155396,0.5,0.5
168.92249512672424,0.5,0.5
168.92302560806274,0.5,0.5
168.92887711524963,0.5,0.5
168.93763256072998,0.5,0.5
168.93907117843628,0.5,0.5
168.9391520023346,0.5,0.5
168.94665122032166,0.5,0.5
168.95601081848145,0.5,0.5
168.95749497413635,0.5,0.5
168.96384239196777,0.5,0.5
168.96715140342712,0.5,0.5
168.97388529777527,0.5,0.5
168.97507119178772,0.5,0.5
168.9885609149933,0.5,0.5
168.9934949874878,0.5,0.5
169.00115132331848,0.5,0.5
169.0017855167389,0.5,0.5
169.00407123565674,0.5,0.5
169.01086521148682,0.5,0.5
169.0194172859192,0.5,0.5
169.0224974155426,0.5,0.5
169.03615021705627,0.5,0.5
169.0389313697815,0.5,0.5
169.04707026481628,0.5,0.5
169.05254793167114,0.5,0.5
169.0644974708557,0.5,0.5
169.0707540512085,0.5,0.5
169.07115030288696,0.5,0.5
169.07407021522522,0.5,0.5
169.08106660842896,0.5,0.5
169.09039402008057,0.5,0.5
169.0924973487854,0.5,0.5
169.104070186615,0.5,0.5
169.10570311546326,0.5,0.5
169.1071503162384,0.5,0.5
169.11681389808655,0.5,0.5
169.1224970817566,0.5,0.5
169.12815022468567,0.5,0.5
169.13092231750488,0.5,0.5
169.1420922279358,0.5,0.5
169.14606833457947,0.5,0.5
169.14673352241516,0.5,0.5
169.1539545059204,0.5,0.5
169.15749716758728,0.5,0.5
169.16977429389954,0.5,0.5
169.17114782333374,0.5,0.5
169.1740684509277,0.5,0.5
169.1842679977417,0.5,0.5
169.1888930797577,0.5,0.5
169.19349718093872,0.5,0.5
169.19770622253418,0.5,0.5
169.2001473903656,0.5,0.5
169.20906853675842,0.5,0.5
169.2091417312622,0.5,0.5
169.2192816734314,0.5,0.5
169.22749495506287,0.5,0.5
169.22943305969238,0.5,0.5
169.2340486049652,0.5,0.5
169.24014568328855,0.5,0.5
169.24707102775574,0.5,0.5
169.24948716163635,0.5,0.5
169.26370811462402,0.5,0.5
169.26649498939514,0.5,0.5
169.26814579963684,0.5,0.5
169.2714638710022,0.5,0.5
169.27307105064392,0.5,0.5
169.27627801895142,0.5,0.5
169.2827775478363,0.5,0.5
169.29033875465393,0.5,0.5
169.29249501228333,0.5,0.5
169.29614567756653,0.5,0.5
169.30423069000244,0.5,0.5
169.30807089805603,0.5,0.5
169.3189399242401,0.5,0.5
169.32249641418457,0.5,0.5
169.32680916786194,0.5,0.5
169.32906913757324,0.5,0.5
169.3391456604004,0.5,0.5
169.3419110774994,0.5,0.5
169.345073223114,0.5,0.5
169.3629665374756,0.5,0.5
169.36449599266052,0.5,0.5
169.36714124679563,0.5,0.5
169.37145566940308,0.5,0.5
169.37307333946228,0.5,0.5
169.3810088634491,0.5,0.5
169.38768100738525,0.5,0.5
169.39449644088745,0.5,0.5
169.39814710617063,0.5,0.5
169.4011414051056,0.5,0.5
169.4080731868744,0.5,0.5
169.41890382766724,0.5,0.5
169.4234938621521,0.5,0.5
169.42380499839783,0.5,0.5
169.4327473640442,0.5,0.5
169.43914127349854,0.5,0.5
169.43999576568604,0.5,0.5
169.44307041168213,0.5,0.5
169.45249366760254,0.5,0.5
169.45378494262695,0.5,0.5
169.46714091300964,0.5,0.5
169.47023844718933,0.5,0.5
169.47807049751282,0.5,0.5
169.49365639686584,0.5,0.5
169.49649381637573,0.5,0.5
169.50078868865967,0.5,0.5
169.50314092636108,0.5,0.5
169.50707054138184,0.5,0.5
169.5121991634369,0.5,0.5
169.52449297904968,0.5,0.5
169.52579855918884,0.5,0.5
169.53506922721863,0.5,0.5
169.53814101219177,0.5,0.5
169.53967332839966,0.5,0.5
169.55449295043945,0.5,0.5
169.56152987480164,0.5,0.5
169.56467819213867,0.5,0.5
169.56713771820068,0.5,0.5
169.5740692615509,0.5,0.5
169.58120346069336,0.5,0.5
169.58249306678772,0.5,0.5
169.5969476699829,0.5,0.5
169.60113763809204,0.5,0.5
169.60694646835327,0.5,0.5
169.609069108963,0.5,0.5
169.6164870262146,0.5,0.5
169.6204845905304,0.5,0.5
169.62449049949646,0.5,0.5
169.62878561019895,0.5,0.5
169.63713765144348,0.5,0.5
169.63968658447266,0.5,0.5
169.64506578445437,0.5,0.5
169.65349054336548,0.5,0.5
169.65834021568298,0.5,0.5
169.6591362953186,0.5,0.5
169.66462016105652,0.5,0.5
169.67371773719788,0.5,0.5
169.67606592178345,0.5,0.5
169.6818368434906,0.5,0.5
169.69272899627686,0.5,0.5
169.69649052619934,0.5,0.5
169.70013618469238,0.5,0.5
169.7040657997131,0.5,0.5
169.7132694721222,0.5,0.5
169.71870923042297,0.5,0.5
169.7244908809662,0.5,0.5
169.73131322860718,0.5,0.5
169.73613619804382,0.5,0.5
169.7460641860962,0.5,0.5
169.74657106399536,0.5,0.5
169.7534909248352,0.5,0.5
169.76247429847717,0.5,0.5
169.77113366127014,0.5,0.5
169.77171182632446,0.5,0.5
169.77506399154663,0.5,0.5
169.78595733642578,0.5,0.5
169.78911590576172,0.5,0.5
169.79649090766907,0.5,0.5
169.80500268936157,0.5,0.5
169.80506420135498,0.5,0.5
169.80813360214233,0.5,0.5
169.81711840629578,0.5,0.5
169.82548999786377,0.5,0.5
169.83022737503052,0.5,0.5
169.83513355255127,0.5,0.5
169.8382852077484,0.5,0.5
169.845064163208,0.5,0.5
169.84986281394958,0.5,0.5
169.85348987579346,0.5,0.5
169.87113213539124,0.5,0.5
169.8713891506195,0.5,0.5
169.8730640411377,0.5,0.5
169.88297414779663,0.5,0.5
169.89618492126465,0.5,0.5
169.89749002456665,0.5,0.5
169.90713214874268,0.5,0.5
169.90906405448914,0.5,0.5
169.91133379936218,0.5,0.5
169.92448925971985,0.5,0.5
169.92836475372314,0.5,0.5
169.9361321926117,0.5,0.5
169.94406414031982,0.5,0.5
169.9473910331726,0.5,0.5
169.9534890651703,0.5,0.5
169.9711287021637,0.5,0.5
169.97200274467468,0.5,0.5
169.97406125068665,0.5,0.5
169.97939014434814,0.5,0.5
169.99450421333313,0.5,0.5
169.99648904800415,0.5,0.5
170.00262355804443,0.5,0.5
170.00812888145447,0.5,0.5
170.00906133651733,0.5,0.5
170.0220410823822,0.5,0.5
170.02548718452454,0.5,0.5
170.03313326835632,0.5,0.5
170.04112887382507,0.5,0.5
170.04505920410156,0.5,0.5
170.04921960830688,0.5,0.5
170.05248713493347,0.5,0.5
170.0588128566742,0.5,0.5
170.0660240650177,0.5,0.5
170.06881594657898,0.5,0.5
170.0691351890564,0.5,0.5
170.07405924797058,0.5,0.5
170.08650660514832,0.5,0.5
170.09448719024658,0.5,0.5
170.09813523292542,0.5,0.5
170.09962964057922,0.5,0.5
170.1090590953827,0.5,0.5
170.11230540275574,0.5,0.5
170.1224844455719,0.5,0.5
170.12397050857544,0.5,0.5
170.1281352043152,0.5,0.5
170.13092589378357,0.5,0.5
170.1450583934784,0.5,0.5
170.1504089832306,0.5,0.5
170.15274953842163,0.5,0.5
170.1664845943451,0.5,0.5
170.1676664352417,0.5,0.5
170.16813206672668,0.5,0.5
170.174058675766,0.5,0.5
170.17674660682678,0.5,0.5
170.1883885860443,0.5,0.5
170.19252800941467,0.5,0.5
170.19348454475403,0.5,0.5
170.19613218307495,0.5,0.5
170.20174980163574,0.5,0.5
170.20805859565735,0.5,0.5
170.21408009529114,0.5,0.5
170.21955251693726,0.5,0.5
170.2224838733673,0.5,0.5
170.2329020500183,0.5,0.5
170.2391321659088,0.5,0.5
170.24276685714722,0.5,0.5
170.24505639076233,0.5,0.5
170.25500869750977,0.5,0.5
170.25748372077942,0.5,0.5
170.2637951374054,0.5,0.5
170.2671308517456,0.5,0.5
170.27405667304993,0.5,0.5
170.27918457984924,0.5,0.5
170.28328895568848,0.5,0.5
170.28888821601868,0.5,0.5
170.29548382759094,0.5,0.5
170.30113101005554,0.5,0.5
170.30175137519836,0.4,0.6
170.30405640602112,0.4,0.6
170.32257866859436,0.4,0.6
170.32279896736145,0.4,0.6
170.32348132133484,0.4,0.6
170.33479261398315,0.5,0.5
170.33713102340698,0.5,0.5
170.33905482292175,0.5,0.5
170.35100054740906,0.5,0.5
170.35248112678528,0.5,0.5
170.37213015556335,0.5,0.5
170.3750548362732,0.5,0.5
170.3781599998474,0.4,0.6
170.3789472579956,0.4,0.6
170.3923466205597,0.4,0.6
170.3944811820984,0.4,0.6
170.40321516990662,0.5,0.5
170.40705490112305,0.5,0.5
170.4081301689148,0.5,0.5
170.42139387130737,0.5,0.5
170.42348074913025,0.5,0.5
170.43177270889282,0.5,0.5
170.43613004684448,0.5,0.5
170.4454746246338,0.5,0.5
170.44674730300903,0.5,0.5
170.44704866409302,0.5,0.5
170.45848083496094,0.5,0.5
170.46115684509277,0.5,0.5
170.47046494483948,0.5,0.5
170.4721291065216,0.5,0.5
170.47504901885986,0.5,0.5
170.48834466934204,0.5,0.5
170.49348068237305,0.5,0.5
170.5001289844513,0.5,0.5
170.5030484199524,0.5,0.5
170.50343322753906,0.5,0.5
170.51032161712646,0.5,0.5
170.52848052978516,0.5,0.5
170.5371289253235,0.5,0.5
170.54504799842834,0.5,0.5
170.54881644248962,0.5,0.5
170.55648040771484,0.5,0.5
170.56512641906738,0.5,0.5
170.5750482082367,0.5,0.5
170.59248042106628,0.5,0.5
170.60503816604614,0.5,0.5
170.6080482006073,0.5,0.5
170.60812640190125,0.5,0.5
170.61380100250244,0.5,0.5
170.62380504608154,0.5,0.5
170.62647986412048,0.5,0.5
170.63512682914734,0.5,0.5
170.6450479030609,0.5,0.5
170.64549469947815,0.5,0.5
170.65448021888733,0.5,0.5
170.66358160972595,0.5,0.5
170.6711254119873,0.5,0.5
170.67304801940918,0.5,0.5
170.67863416671753,0.5,0.5
170.69191122055054,0.5,0.5
170.6974802017212,0.5,0.5
170.7040479183197,0.5,0.5
170.7043216228485,0.5,0.5
170.70512580871582,0.5,0.5
170.71667432785034,0.5,0.5
170.72447991371155,0.5,0.5
170.72712540626526,0.5,0.5
170.72930073738098,0.5,0.5
170.7442910671234,0.5,0.5
170.7460458278656,0.5,0.5
170.7469344139099,0.5,0.5
170.75347995758057,0.5,0.5
170.7654209136963,0.5,0.5
170.76894760131836,0.5,0.5
170.7701244354248,0.5,0.5
170.77636003494263,0.6,0.4
170.77704620361328,0.6,0.4
170.7901771068573,0.6,0.4
170.79447960853577,0.6,0.4
170.79912447929382,0.6,0.4
170.8063418865204,0.6,0.4
170.80904579162598,0.6,0.4
170.82154083251953,0.6,0.4
170.8271243572235,0.6,0.4
170.82947874069214,0.6,0.4
170.8300712108612,0.5,0.5
170.8388900756836,0.5,0.5
170.8428385257721,0.5,0.5
170.8440456390381,0.5,0.5
170.85885381698608,0.5,0.5
170.86647868156433,0.5,0.5
170.8680408000946,0.5,0.5
170.87112259864807,0.5,0.5
170.87904572486875,0.5,0.5
170.8853056430817,0.5,0.5
170.8934783935547,0.5,0.5
170.89541339874268,0.5,0.5
170.9043824672699,0.5,0.5
170.90612268447876,0.5,0.5
170.91042971611023,0.5,0.5
170.9150457382202,0.5,0.5
170.92519807815552,0.5,0.5
170.92947840690613,0.5,0.5
170.93612241744995,0.5,0.5
170.94304275512695,0.5,0.5
170.94474959373474,0.5,0.5
170.94527006149292,0.5,0.5
170.95460748672485,0.5,0.5
170.9624381065369,0.5,0.5
170.96347856521606,0.5,0.5
170.9711184501648,0.5,0.5
170.97762393951416,0.5,0.5
170.97804284095764,0.5,0.5
170.9864785671234,0.5,0.5
170.98864841461182,0.5,0.5
171.0080428123474,0.5,0.5
171.00807166099548,0.5,0.5
171.008118391037,0.5,0.5
171.01524710655212,0.5,0.5
171.02332043647766,0.5,0.5
171.02711844444275,0.5,0.5
171.02747654914856,0.5,0.5
171.03504133224487,0.5,0.5
171.04063940048218,0.5,0.5
171.05547666549683,0.5,0.5
171.06457567214966,0.5,0.5
171.07111811637878,0.5,0.5
171.0726022720337,0.5,0.5
171.07604122161865,0.5,0.5
171.086608171463,0.5,0.5
171.08747673034668,0.5,0.5
171.09372401237488,0.5,0.5
171.09811806678772,0.5,0.5
171.10504126548767,0.5,0.5
171.10561394691467,0.4,0.6
171.10769248008728,0.4,0.6
171.12111592292786,0.4,0.6
171.12747406959534,0.4,0.6
171.12795495986938,0.4,0.6
171.1281180381775,0.4,0.6
171.13903856277466,0.4,0.6
171.14167714118958,0.4,0.6
171.14848685264587,0.4,0.6
171.15547394752502,0.4,0.6
171.1631236076355,0.4,0.6
171.1681146621704,0.4,0.6
171.1710422039032,0.4,0.6
171.17603850364685,0.4,0.6
171.18926739692688,0.4,0.6
171.19711470603943,0.4,0.6
171.20047402381897,0.4,0.6
171.20403861999512,0.4,0.6
171.20607662200928,0.4,0.6
171.2226951122284,0.4,0.6
171.22647500038147,0.4,0.6
171.23900604248047,0.4,0.6
171.2401146888733,0.4,0.6
171.24598360061646,0.4,0.6
171.24803829193115,0.4,0.6
171.25283932685852,0.4,0.6
171.2554748058319,0.4,0.6
171.26711297035217,0.4,0.6
171.2723491191864,0.4,0.6
171.27603816986084,0.4,0.6
171.28447484970093,0.4,0.6
171.29357028007507,0.4,0.6
171.3031129837036,0.4,0.6
171.30324840545654,0.4,0.6
171.30503821372986,0.4,0.6
171.31420946121216,0.5,0.5
171.32196617126465,0.8,0.2
171.32747411727905,0.8,0.2
171.33476209640503,0.8,0.2
171.33711290359497,0.8,0.2
171.3386971950531,1.0,0.0
171.33903741836548,1.0,0.0
171.3478844165802,1.0,0.0
171.35547399520874,1.0,0.0
171.35769295692444,1.0,0.0
171.37188267707825,1.0,0.0
171.3721101284027,1.0,0.0
171.37503719329834,1.0,0.0
171.3964741230011,1.0,0.0
171.4050374031067,1.0,0.0
171.4071102142334,1.0,0.0
171.41053295135498,1.0,0.0
171.41839051246643,1.0,0.0
171.42547488212583,1.0,0.0
171.42712426185608,1.0,0.0
171.4351100921631,1.0,0.0
171.439035654068,1.0,0.0
171.44796180725098,1.0,0.0
171.4533336162567,1.0,0.0
171.45347499847412,1.0,0.0
171.46232199668884,1.0,0.0
171.47110867500305,1.0,0.0
171.47403573989868,1.0,0.0
171.47463536262512,1.0,0.0
171.48656749725342,1.0,0.0
171.49667978286743,1.0,0.0
171.49747490882874,1.0,0.0
171.5059494972229,1.0,0.0
171.5071084499359,1.0,0.0
171.50903582572937,1.0,0.0
171.52447366714478,1.0,0.0
171.5300419330597,1.0,0.0
171.53610849380493,1.0,0.0
171.54358005523682,1.0,0.0
171.54503440856934,1.0,0.0
171.55195093154907,1.0,0.0
171.55247354507446,1.0,0.0
171.5564103126526,1.0,0.0
171.571106672287,1.0,0.0
171.57403469085693,1.0,0.0
171.5775864124298,1.0,0.0
171.58059573173523,1.0,0.0
171.58979058265686,1.0,0.0
171.59347319602966,1.0,0.0
171.60611963272095,1.0,0.0
171.60710668563843,1.0,0.0
171.60903453826904,1.0,0.0
171.61462831497192,1.0,0.0
171.62422275543213,1.0,0.0
171.62847328186035,1.0,0.0
171.62874841690063,1.0,0.0
171.63610672950745,1.0,0.0
171.64119911193848,1.0,0.0
171.64503717422485,1.0,0.0
171.64849734306335,1.0,0.0
171.6554982662201,1.0,0.0
171.66647338867188,1.0,0.0
171.67110514640808,1.0,0.0
171.67325568199158,1.0,0.0
171.67340683937073,1.0,0.0
171.67503714561462,1.0,0.0
171.68900799751282,1.0,0.0
171.69947338104248,1.0,0.0
171.70416688919067,1.0,0.0
171.7050371170044,1.0,0.0
171.70710515975952,1.0,0.0
171.7172634601593,1.0,0.0
171.72316646575928,1.0,0.0
171.72647261619568,1.0,0.0
171.72818779945374,1.0,0.0
171.73403549194336,1.0,0.0
171.7371051311493,1.0,0.0
171.7456510066986,1.0,0.0
171.75751399993896,1.0,0.0
171.76247215270996,1.0,0.0
171.7651026248932,1.0,0.0
171.76877427101135,1.0,0.0
171.77161192893982,1.0,0.0
171.77903532981873,1.0,0.0
171.7846245765686,1.0,0.0
171.7959885597229,1.0,0.0
171.79747200012207,1.0,0.0
171.80010271072388,1.0,0.0
171.8050353527069,1.0,0.0
171.81139016151428,1.0,0.0
171.81284928321838,1.0,0.0
171.82335805892944,1.0,0.0
171.82547092437744,1.0,0.0
171.83506989479065,1.0,0.0
171.835102558136,1.0,0.0
171.84703540802002,1.0,0.0
171.85099244117737,1.0,0.0
171.85447096824646,1.0,0.0
171.86482167243958,1.0,0.0
171.8711016178131,1.0,0.0
171.8750355243683,1.0,0.0
171.8760495185852,1.0,0.0
171.87741112709045,1.0,0.0
171.8856906890869,1.0,0.0
171.89647102355957,1.0,0.0
171.90503549575806,1.0,0.0
171.90510201454163,1.0,0.0
171.9232954978943,1.0,0.0
171.92647314071655,1.0,0.0
171.92810201644895,1.0,0.0
171.93403434753418,1.0,0.0
171.93612480163574,1.0,0.0
171.9414038658142,1.0,0.0
171.94646382331848,1.0,0.0
171.9583456516266,1.0,0.0
171.962473154068,1.0,0.0
171.9690990447998,1.0,0.0
171.97132754325867,1.0,0.0
171.9760344028473,1.0,0.0
171.98444604873657,1.0,0.0
171.99247312545776,1.0,0.0
171.99536561965942,1.0,0.0
172.00403428077698,1.0,0.0
172.00509905815125,1.0,0.0
172.00682306289673,1.0,0.0
172.01927375793457,1.0,0.0
172.0260989665985,1.0,0.0
172.02747201919556,1.0,0.0
172.0294063091278,1.0,0.0
172.0470335483551,1.0,0.0
172.0553069114685,1.0,0.0
172.06366801261902,1.0,0.0
172.06447219848633,1.0,0.0
172.07109832763672,1.0,0.0
172.07369804382324,1.0,0.0
172.07503366470337,1.0,0.0
172.0924723148346,1.0,0.0
172.1032781600952,1.0,0.0
172.1040337085724,1.0,0.0
172.1050980091095,1.0,0.0
172.1189420223236,1.0,0.0
172.12809801101685,1.0,0.0
172.12847113609314,1.0,0.0
172.12848782539368,1.0,0.0
172.13903188705444,1.0,0.0
172.1503610610962,1.0,0.0
172.1548240184784,1.0,0.0
172.1622931957245,1.0,0.0
172.16347122192383,1.0,0.0
172.17403173446655,1.0,0.0
172.1750967502594,1.0,0.0
172.18099904060364,1.0,0.0
172.18547129631042,1.0,0.0
172.1870503425598,1.0,0.0
172.19609689712524,1.0,0.0
172.19718313217163,1.0,0.0
172.20303177833557,1.0,0.0
172.20991730690002,1.0,0.0
172.2168412208557,1.0,0.0
172.22747015953064,1.0,0.0
172.22784948349,1.0,0.0
172.2390968799591,1.0,0.0
172.24403548240662,1.0,0.0
172.24943661689758,1.0,0.0
172.25647020339966,1.0,0.0
172.26205039024353,1.0,0.0
172.26709604263306,1.0,0.0
172.26731991767883,1.0,0.0
172.27224349975586,1.0,0.0
172.27503538131714,1.0,0.0
172.29126834869385,1.0,0.0
172.29509592056274,1.0,0.0
172.2984700202942,1.0,0.0
172.30403542518616,1.0,0.0
172.3156385421753,1.0,0.0
172.3239951133728,1.0,0.0
172.32547092437744,1.0,0.0
172.33709621429443,1.0,0.0
172.3450345993042,1.0,0.0
172.34573793411255,1.0,0.0
172.35447096824646,1.0,0.0
172.3670928478241,1.0,0.0
172.37503457069397,1.0,0.0
172.39609289169312,1.0,0.0
172.39647102355957,1.0,0.0
172.404034614563,1.0,0.0
172.4203040599823,1.0,0.0
172.4254686832428,1.0,0.0
172.4299898147583,1.0,0.0
172.43909287452698,1.0,0.0
172.44392895698547,1.0,0.0
172.4440324306488,1.0,0.0
172.44734621047974,1.0,0.0
172.4531102180481,1.0,0.0
172.45446872711182,1.0,0.0
172.46465182304382,1.0,0.0
172.4670913219452,1.0,0.0
172.47491788864136,1.0,0.0
172.4760320186615,1.0,0.0
172.49040961265564,1.0,0.0
172.4960913658142,1.0,0.0
172.49918961524963,1.0,0.0
172.49946880340576,1.0,0.0
172.50403261184692,1.0,0.0
172.51572275161743,0.6,0.4
172.51891779899597,0.6,0.4
172.5254681110382,0.6,0.4
172.52816081047058,0.6,0.4
172.53609132766724,0.6,0.4
172.54002976417542,0.6,0.4
172.55546808242798,0.6,0.4
172.5561683177948,0.6,0.4
172.56508994102478,0.6,0.4
172.56939101219177,0.6,0.4
172.57502961158752,0.6,0.4
172.57941842079163,0.5,0.5
172.58346819877625,0.5,0.5
172.58715057373047,0.5,0.5
172.6030352115631,0.5,0.5
172.60402965545654,0.5,0.5
172.6070897579193,0.5,0.5
172.61153602600098,0.5,0.5
172.6196026802063,0.5,0.5
172.62646913528442,0.5,0.5
172.63508987426758,0.5,0.5
172.63892722129822,0.5,0.5
172.64402747154236,0.5,0.5
172.6634693145752,0.5,0.5
172.6666328907013,0.5,0.5
172.67108964920044,0.5,0.5
172.6720278263092,0.5,0.5
172.67547011375427,0.5,0.5
172.68612337112427,0.5,0.5
172.69746923446655,0.5,0.5
172.70336174964905,0.5,0.5
172.70508980751038,0.5,0.5
172.7080273628235,0.5,0.5
172.71346640586853,0.5,0.5
172.72646570205688,0.5,0.5
172.72651553153992,0.5,0.5
172.72808980941772,0.5,0.5
172.7340862751007,0.5,0.5
172.74302673339844,0.5,0.5
172.7484209537506,0.5,0.5
172.75446581840515,0.5,0.5
172.75895810127258,0.5,0.5
172.76571393013,0.5,0.5
172.76808643341064,0.5,0.5
172.77202701568604,0.5,0.5
172.77681231498718,0.5,0.5
172.78414940834045,0.5,0.5
172.7960865497589,0.5,0.5
172.79646563529968,0.5,0.5
172.80541443824768,0.5,0.5
172.80702662467957,0.5,0.5
172.81608533859253,0.5,0.5
172.8244652748108,0.5,0.5
172.8254911899567,0.5,0.5
172.83163285255432,0.5,0.5
172.83599519729614,0.5,0.5
172.83908653259277,0.5,0.5
172.84302520751953,0.5,0.5
172.8534653186798,0.5,0.5
172.85387587547302,0.5,0.5
172.86402535438538,0.5,0.5
172.86608600616455,0.5,0.5
172.8665931224823,0.5,0.5
172.88032126426697,0.5,0.5
172.88756704330444,0.5,0.5
172.89508628845215,0.5,0.5
172.89646530151367,0.5,0.5
172.89658308029175,0.5,0.5
172.9060254096985,0.5,0.5
172.91443753242493,0.5,0.5
172.92210054397583,0.5,0.5
172.9234642982483,0.5,0.5
172.9306640625,0.5,0.5
172.93402695655823,0.5,0.5
172.93608617782593,0.5,0.5
172.94639468193054,0.5,0.5
172.9546332359314,0.5,0.5
172.95846462249756,0.5,0.5
172.9632453918457,0.5,0.5
172.97108578681946,0.5,0.5
172.97116041183472,0.5,0.5
172.97585654258728,0.5,0.5
172.9770269393921,0.5,0.5
172.9900221824646,0.5,0.5
172.9934639930725,0.5,0.5
173.0000855922699,0.5,0.5
173.00796389579773,0.5,0.5
173.01302695274353,0.5,0.5
173.01873874664307,0.5,0.5
173.0275194644928,0.5,0.5
173.02808570861816,0.5,0.5
173.0284662246704,0.5,0.5
173.03302550315857,0.5,0.5
173.04318165779114,0.5,0.5
173.0495045185089,0.5,0.5
173.05630207061768,0.5,0.5
173.0564661026001,0.5,0.5
173.0690839290619,0.5,0.5
173.0750253200531,0.5,0.5
173.07643055915833,0.5,0.5
173.08693861961365,0.5,0.5
173.09708404541016,0.5,0.5
173.0984661579132,0.5,0.5
173.09973621368408,0.5,0.5
173.10170722007751,0.5,0.5
173.10402536392212,0.5,0.5
173.11763262748718,0.5,0.5
173.12508392333984,0.5,0.5
173.12646532058716,0.5,0.5
173.12687301635742,0.5,0.5
173.13302445411682,0.5,0.5
173.13593888282776,0.5,0.5
173.1461203098297,0.5,0.5
173.15446519851685,0.5,0.5
173.15667176246643,0.5,0.5
173.16708087921145,0.5,0.5
173.16914701461792,0.5,0.5
173.17502450942993,0.5,0.5
173.17893719673157,0.5,0.5
173.19566917419434,0.5,0.5
173.19646525382996,0.5,0.5
173.1970808506012,0.5,0.5
173.2030246257782,0.5,0.5
173.20387959480286,0.5,0.5
173.21852779388428,0.5,0.5
173.22646284103394,0.5,0.5
173.22754192352295,0.5,0.5
173.24008083343506,0.5,0.5
173.24129033088684,0.5,0.5
173.2450225353241,0.5,0.5
173.2527208328247,0.5,0.5
173.25346279144287,0.5,0.5
173.26169180870056,0.5,0.5
173.26708149909973,0.5,0.5
173.27302241325378,0.5,0.5
173.27740693092346,0.5,0.5
173.29375052452087,0.5,0.5
173.29546284675598,0.5,0.5
173.29608130455017,0.5,0.5
173.30053734779358,0.5,0.5
173.3145251274109,0.5,0.5
173.31502270698547,0.5,0.5
173.3254623413086,0.5,0.5
173.32672333717346,0.6,0.4
173.3347647190094,0.6,0.4
173.33808135986328,0.6,0.4
173.3430213928223,0.6,0.4
173.343985080719,0.6,0.4
173.3544626235962,0.6,0.4
173.35557913780212,0.6,0.4
173.36707854270935,0.6,0.4
173.36856722831726,0.6,0.4
173.37302613258362,0.6,0.4
173.37802124023438,0.6,0.4
173.38328790664673,0.6,0.4
173.3933303356171,0.6,0.4
173.39646220207214,0.6,0.4
173.39707851409912,0.6,0.4
173.40445566177368,0.6,0.4
173.40802121162417,0.6,0.4
173.4227499961853,0.6,0.4
173.42445969581604,0.6,0.4
173.4293110370636,0.6,0.4
173.4330198764801,0.6,0.4
173.44007849693298,0.6,0.4
173.44628620147705,0.6,0.4
173.44962620735168,0.6,0.4
173.45345973968506,0.6,0.4
173.46134972572327,0.6,0.4
173.46707606315613,0.6,0.4
173.47248768806458,0.6,0.4
173.47501969337463,0.6,0.4
173.48449182510376,0.6,0.4
173.49069333076477,0.6,0.4
173.49607610702515,0.6,0.4
173.49945974349976,0.6,0.4
173.5030198097229,0.6,0.4
173.50689911842346,0.6,0.4
173.52404642105105,0.6,0.4
173.52507615089417,0.6,0.4
173.52545833587646,0.6,0.4
173.5344693660736,0.6,0.4
173.5455060005188,0.6,0.4
173.54702019691467,0.6,0.4
173.55234789848328,0.6,0.4
173.5554585456848,0.6,0.4
173.56696724891663,0.6,0.4
173.5760200023651,0.6,0.4
173.57607316970825,0.6,0.4
173.5774371623993,0.6,0.4
173.5834584236145,0.6,0.4
173.58988618850708,0.6,0.4
173.59484386444092,0.6,0.4
173.5970733165741,0.6,0.4
173.60302019119263,0.6,0.4
173.60421442985535,0.6,0.4
173.61525988578796,0.6,0.4
173.6254575252533,0.6,0.4
173.62552165985107,0.6,0.4
173.64007234573364,0.6,0.4
173.64401841163635,0.6,0.4
173.6474676132202,0.6,0.4
173.64825987815857,0.6,0.4
173.65445733070374,0.6,0.4
173.65880346298218,0.6,0.4
173.66707253456116,0.5,0.5
173.67201852798462,0.5,0.5
173.67450428009033,0.5,0.5
173.6952748298645,0.5,0.5
173.69607257843018,0.5,0.5
173.69645738601685,0.5,0.5
173.70002841949463,0.5,0.5
173.7013397216797,0.5,0.5
173.7070186138153,0.5,0.5
173.71004605293274,0.5,0.5
173.723237991333,0.5,0.5
173.72545647621155,0.5,0.5
173.7364001274109,0.5,0.5
173.73707246780396,0.5,0.5
173.74301981925964,0.5,0.5
173.74841833114624,0.5,0.5
173.75345635414124,0.5,0.5
173.7605333328247,0.5,0.5
173.76575589179993,0.5,0.5
173.7670681476593,0.5,0.5
173.77301955223083,0.5,0.5
173.779367685318,0.5,0.5
173.7900083065033,0.5,0.5
173.795068025589,0.5,0.5
173.79648351669312,0.5,0.5
173.79745650291443,0.5,0.5
173.80540657043457,0.5,0.5
173.80801963806152,0.5,0.5
173.81646728515625,0.5,0.5
173.82345604896545,0.5,0.5
173.82564330101013,0.5,0.5
173.83806800842285,0.5,0.5
173.84401726722717,0.5,0.5
173.85067582130432,0.5,0.5
173.85845613479614,0.5,0.5
173.8670711517334,0.5,0.5
173.87100887298584,0.5,0.5
173.8730173110962,0.5,0.5
173.89445614814758,0.5,0.5
173.8950712680817,0.5,0.5
173.9080171585083,0.5,0.5
173.92445588111875,0.5,0.5
173.93607115745544,0.5,0.5
173.9430160522461,0.5,0.5
173.9534559249878,0.5,0.5
173.96353101730347,0.5,0.5
173.97201561927795,0.5,0.5
173.97206854820251,0.5,0.5
173.98276782035828,0.6,0.4
173.99545621871948,0.6,0.4
174.00126361846924,0.6,0.4
174.00701594352722,0.6,0.4
174.00706839561462,0.6,0.4
174.0134620666504,0.6,0.4
174.0264551639557,0.6,0.4
174.0350685119629,0.6,0.4
174.03701281547546,0.6,0.4
174.05345511436462,0.5,0.5
174.07106852531433,0.5,0.5
174.07701301574707,0.5,0.5
174.08966302871704,0.5,0.5
174.0954551696777,0.5,0.5
174.09656715393066,0.5,0.5
174.10506868362427,0.5,0.5
174.10901284217834,0.5,0.5
174.11245894432068,0.5,0.5
174.12427163124084,0.5,0.5
174.12445402145386,0.5,0.5
174.12806868553162,0.5,0.5
174.1311206817627,0.5,0.5
174.14301133155823,0.5,0.5
174.14769315719604,0.5,0.5
174.15445399284363,0.5,0.5
174.16183614730835,0.5,0.5
174.16906547546387,0.5,0.5
174.17201137542725,0.5,0.5
174.17600989341736,0.5,0.5
174.19493651390076,0.5,0.5
174.19584703445437,0.5,0.5
174.19845414161682,0.5,0.5
174.2050654888153,0.5,0.5
174.20604372024536,0.5,0.5
174.20701122283936,0.5,0.5
174.21841979026794,0.5,0.5
174.2264528274536,0.5,0.5
174.22706580162048,0.5,0.5
174.24400854110718,0.5,0.5
174.24746370315552,0.5,0.5
174.25545287132263,0.5,0.5
174.25818800926208,0.5,0.5
174.27106308937073,0.5,0.5
174.27800846099854,0.5,0.5
174.2826874256134,0.5,0.5
174.28345274925232,0.5,0.5
174.29467606544495,0.5,0.5
174.30606293678284,0.5,0.5
174.30971574783325,0.5,0.5
174.31200861930847,0.5,0.5
174.3217568397522,0.5,0.5
174.32545161247253,0.5,0.5
174.33400774002075,0.5,0.5
174.33506298065186,0.5,0.5
174.33806681632996,0.6,0.4
174.34196090698242,0.6,0.4
174.35305905342102,0.6,0.4
174.35445189476013,0.6,0.4
174.35940217971802,0.5,0.5
174.3700613975525,0.5,0.5
174.37210035324097,0.5,0.5
174.37600779533386,0.5,0.5
174.40045189857483,0.5,0.5
174.40290641784668,0.5,0.5
174.4050076007843,0.5,0.5
174.40506148338318,0.5,0.5
174.40931391716003,0.5,0.5
174.42098546028137,0.5,0.5
174.42645072937012,0.5,0.5
174.42706155776978,0.5,0.5
174.43146657943726,0.5,0.5
174.43300652503967,0.5,0.5
174.44251799583435,0.5,0.5
174.4564507007599,0.5,0.5
174.46083116531372,0.5,0.5
174.46906399726868,0.5,0.5
174.46986722946167,0.5,0.5
174.4770064353943,0.5,0.5
174.48445081710815,0.5,0.5
174.4876413345337,0.5,0.5
174.4952573776245,0.5,0.5
174.49706411361694,0.5,0.5
174.5040066242218,0.5,0.5
174.52188229560852,0.5,0.5
174.52506399154663,0.5,0.5
174.5277442932129,0.5,0.5
174.5284504890442,0.5,0.5
174.5380609035492,0.5,0.5
174.5460066795349,0.5,0.5
174.55207061767578,0.5,0.5
174.56345057487488,0.5,0.5
174.56706190109253,0.5,0.5
174.5684552192688,0.5,0.5
174.57202005386353,0.5,0.5
174.57400679588318,0.5,0.5
174.5787637233734,0.5,0.5
174.58577251434326,0.5,0.5
174.59345054626465,0.5,0.5
174.59695482254028,0.5,0.5
174.5970618724823,0.5,0.5
174.6030068397522,0.5,0.5
174.61645364761353,0.5,0.5
174.62606191635132,0.5,0.5
174.6274495124817,0.5,0.5
174.62866401672363,0.5,0.5
174.64439034461975,0.5,0.5
174.644877910614,0.5,0.5
174.64700937271118,0.5,0.5
174.66569328308103,0.5,0.5
174.66644954681396,0.5,0.5
174.67106199264526,0.5,0.5
174.67400932312012,0.5,0.5
174.67935848236084,0.5,0.5
174.68430399894714,0.5,0.5
174.68444919586182,0.5,0.5
174.68785047531128,0.5,0.5
174.6905426979065,0.5,0.5
174.70165848731995,0.5,0.5
174.70300936698914,0.5,0.5
174.70606207847595,0.5,0.5
174.71561431884766,0.5,0.5
174.7251899242401,0.5,0.5
174.72644925117493,0.5,0.5
174.7304768562317,0.5,0.5
174.73606204986572,0.5,0.5
174.74371218681335,0.5,0.5
174.74400734901428,0.5,0.5
174.7527449131012,0.5,0.5
174.7544491291046,0.5,0.5
174.7709023952484,0.5,0.5
174.77105855941772,0.5,0.5
174.7790071964264,0.5,0.5
174.78047847747803,0.5,0.5
174.79105186462402,0.5,0.5
174.79628491401672,0.5,0.5
174.79944920539856,0.5,0.5
174.80512380599976,0.5,0.5
174.80700731277466,0.5,0.5
174.8080587387085,0.5,0.5
174.81417059898376,0.5,0.5
174.82612562179563,0.5,0.5
174.82644820213318,0.5,0.5
174.83505868911743,0.5,0.5
174.8368785381317,0.5,0.5
174.84300994873047,0.5,0.5
174.85143303871155,0.5,0.5
174.85544800758362,0.5,0.5
174.86174988746643,0.5,0.5
174.87105703353882,0.5,0.5
174.87859082221985,0.5,0.5
174.88001012802124,0.5,0.5
174.88544821739197,0.5,0.5
174.88633847236633,0.5,0.5
174.90666341781616,0.5,0.5
174.90701007843018,0.5,0.5
174.90705704689026,0.5,0.5
174.9200325012207,0.6,0.4
174.92744612693787,0.6,0.4
174.93451499938965,0.6,0.4
174.93505716323853,0.6,0.4
174.94300842285156,0.6,0.4
174.95012164115906,0.6,0.4
174.95631670951843,0.6,0.4
174.95844626426697,0.6,0.4
174.969055891037,0.6,0.4
174.97126460075378,0.6,0.4
174.97500848770142,0.6,0.4
174.9843192100525,0.6,0.4
174.99344611167908,0.6,0.4
174.99352645874023,0.6,0.4
174.99705576896667,0.6,0.4
175.00300860404968,0.6,0.4
175.00599241256714,0.6,0.4
175.0154390335083,0.6,0.4
175.02266550064087,0.6,0.4
175.02844524383545,0.6,0.4
175.03453874588013,0.6,0.4
175.03598856925964,0.6,0.4
175.04005575180054,0.6,0.4
175.04700708389282,0.6,0.4
175.04702186584473,0.6,0.4
175.05644512176514,0.6,0.4
175.05695867538452,0.6,0.4
175.0670564174652,0.6,0.4
175.0702531337738,0.6,0.4
175.0721607208252,0.6,0.4
175.0750069618225,0.6,0.4
175.0857675075531,0.6,0.4
175.09244513511658,0.6,0.4
175.09605622291565,0.6,0.4
175.0984404087067,0.6,0.4
175.10400700569153,0.6,0.4
175.10987210273743,0.6,0.4
175.11477661132812,0.6,0.4
175.1274449825287,0.6,0.4
175.1295928955078,0.6,0.4
175.1390564441681,0.6,0.4
175.1412901878357,0.6,0.4
175.14700508117676,0.6,0.4
175.14841032028198,0.6,0.4
175.16095113754272,0.6,0.4
175.1624448299408,0.6,0.4
175.1668393611908,0.6,0.4
175.167053937912,0.6,0.4
175.17343139648438,0.6,0.4
175.17500519752502,0.6,0.4
175.1876266002655,0.6,0.4
175.19505405426025,0.6,0.4
175.19744491577148,0.6,0.4
175.20023274421692,0.6,0.4
175.20400524139404,0.6,0.4
175.20991683006287,0.6,0.4
175.2218632698059,0.6,0.4
175.22518968582153,0.5,0.5
175.2264494895935,0.5,0.5
175.2317280769348,0.5,0.5
175.233003616333,0.5,0.5
175.23705410957336,0.5,0.5
175.2449131011963,0.5,0.5
175.25370121002197,0.5,0.5
175.2544493675232,0.5,0.5
175.2670521736145,0.5,0.5
175.27291417121887,0.5,0.5
175.2750039100647,0.5,0.5
175.27970099449158,0.5,0.5
175.29605221748352,0.5,0.5
175.29730105400083,0.5,0.5
175.2974498271942,0.5,0.5
175.30300402641296,0.5,0.5
175.30515241622925,0.5,0.5
175.3109109401703,0.5,0.5
175.32339906692505,0.5,0.5
175.32445001602173,0.5,0.5
175.33249044418335,0.5,0.5
175.3330020904541,0.5,0.5
175.33605217933655,0.5,0.5
175.34491181373596,0.5,0.5
175.35251808166504,0.5,0.5
175.35345029830933,0.5,0.5
175.36704754829407,0.5,0.5
175.36941194534302,0.5,0.5
175.37300205230713,0.5,0.5
175.37700653076172,0.5,0.5
175.38126516342163,0.5,0.5
175.39545035362244,0.5,0.5
175.39561986923218,0.5,0.5
175.3960475921631,0.5,0.5
175.40800213813782,0.5,0.5
175.4122030735016,0.5,0.5
175.42544794082642,0.5,0.5
175.4298644065857,0.5,0.5
175.43704771995544,0.5,0.5
175.4372215270996,0.5,0.5
175.44400215148926,0.5,0.5
175.45021843910217,0.5,0.5
175.45344805717468,0.5,0.5
175.46003365516663,0.5,0.5
175.46360301971436,0.5,0.5
175.46704721450806,0.5,0.5
175.4706993103027,0.5,0.5
175.4730098247528,0.5,0.5
175.48606491088867,0.5,0.5
175.49444794654846,0.5,0.5
175.49590611457825,0.5,0.5
175.4960470199585,0.5,0.5
175.50523853302002,0.5,0.5
175.51371884346008,0.5,0.5
175.51600980758667,0.5,0.5
175.5244472026825,0.5,0.5
175.53134846687317,0.5,0.5
175.53705191612244,0.5,0.5
175.53904700279236,0.5,0.5
175.54300832748413,0.5,0.5
175.54947900772095,0.6,0.4
175.55663347244263,0.6,0.4
175.55944752693176,0.6,0.4
175.5680446624756,0.6,0.4
175.57345390319824,0.6,0.4
175.57400822639465,0.6,0.4
175.5758662223816,0.6,0.4
175.58392715454102,0.6,0.4
175.5954475402832,0.6,0.4
175.59604454040527,0.6,0.4
175.59751057624817,0.6,0.4
175.6056809425354,0.6,0.4
175.61200833320618,0.6,0.4
175.61499285697937,0.6,0.4
175.62344646453855,0.6,0.4
175.62548780441284,0.6,0.4
175.62892484664917,0.6,0.4
175.6330053806305,0.6,0.4
175.63621044158936,0.6,0.4
175.63904452323914,0.6,0.4
175.65001726150513,0.6,0.4
175.66704320907593,0.6,0.4
175.66744661331177,0.6,0.4
175.6743519306183,0.6,0.4
175.67600536346436,0.6,0.4
175.68567895889282,0.6,0.4
175.69444632530212,0.6,0.4
175.70300555229187,0.6,0.4
175.70304346084595,0.6,0.4
175.70867729187012,0.6,0.4
175.71885180473328,0.6,0.4
175.72444462776184,0.6,0.4
175.72896695137024,0.6,0.4
175.733003616333,0.6,0.4
175.73704361915588,0.6,0.4
175.74082231521606,0.6,0.4
175.75844430923462,0.6,0.4
175.76374459266663,0.6,0.4
175.7644281387329,0.6,0.4
175.77203941345215,0.6,0.4
175.7730038166046,0.6,0.4
175.77686095237732,0.6,0.4
175.79183721542358,0.6,0.4
175.79544401168823,0.6,0.4
175.80022621154785,0.6,0.4
175.8010392189026,0.6,0.4
175.80800366401672,0.6,0.4
175.82104516029358,0.6,0.4
175.8226397037506,0.6,0.4
175.82444429397583,0.6,0.4
175.83404350280762,0.6,0.4
175.83603954315186,0.6,0.4
175.84396171569824,0.6,0.4
175.84400177001953,0.6,0.4
175.86006903648376,0.5,0.5
175.8654444217682,0.5,0.5
175.87103962898254,0.5,0.5
175.87300181388855,0.5,0.5
175.87363719940186,0.6,0.4
175.87562346458435,0.6,0.4
175.8944444656372,0.6,0.4
175.89981508255005,0.6,0.4
175.90300178527832,0.6,0.4
175.90683364868164,0.6,0.4
175.90703964233398,0.6,0.4
175.92217135429382,0.6,0.4
175.9244441986084,0.6,0.4
175.9319384098053,0.6,0.4
175.936039686203,0.6,0.4
175.94500207901,0.6,0.4
175.95398569107056,0.6,0.4
175.9547300338745,0.6,0.4
175.96444392204285,0.5,0.5
175.97062182426453,0.6,0.4
175.97103810310364,0.6,0.4
175.97400212287903,0.6,0.4
175.98254346847534,0.6,0.4
175.99200534820557,0.6,0.4
175.99344420433044,0.6,0.4
176.00516080856323,0.6,0.4
176.00600218772888,0.6,0.4
176.00803804397583,0.6,0.4
176.02596020698547,0.6,0.4
176.02844309806824,0.6,0.4
176.03260898590088,0.6,0.4
176.0360381603241,0.6,0.4
176.04699683189392,0.6,0.4
176.05283856391907,0.6,0.4
176.06344318389893,0.6,0.4
176.0699338912964,0.6,0.4
176.0710370540619,0.6,0.4
176.0769510269165,0.6,0.4
176.07799673080444,0.6,0.4
176.08116006851196,0.6,0.4
176.0910005569458,0.6,0.4
176.09844303131104,0.6,0.4
176.09903717041016,0.6,0.4
176.1039698123932,0.6,0.4
176.11199641227722,0.6,0.4
176.11269521713257,0.6,0.4
176.11934208869934,0.6,0.4
176.12644171714783,0.6,0.4
176.12903714179993,0.6,0.4
176.12945890426636,0.6,0.4
176.14252948760986,0.6,0.4
176.14299631118774,0.6,0.4
176.15444159507751,0.6,0.4
176.16402339935303,0.6,0.4
176.1668210029602,0.6,0.4
176.17003536224365,0.6,0.4
176.17799615859985,0.6,0.4
176.18353748321533,0.6,0.4
176.1936855316162,0.6,0.4
176.19744181632996,0.6,0.4
176.19903540611267,0.6,0.4
176.20129561424255,0.6,0.4
176.20699620246887,0.6,0.4
176.22444200515747,0.6,0.4
176.2246675491333,0.6,0.4
176.22703528404236,0.6,0.4
176.23180961608887,0.6,0.4
176.24305319786072,0.6,0.4
176.24399662017822,0.6,0.4
176.25409388542175,0.6,0.4
176.25444221496582,0.6,0.4
176.2690351009369,0.6,0.4
176.2702898979187,0.6,0.4
176.27299642562866,0.6,0.4
176.28331351280212,0.6,0.4
176.29489088058472,0.6,0.4
176.29644227027893,0.6,0.4
176.29703497886658,0.6,0.4
176.30799651145935,0.6,0.4
176.31188821792605,0.6,0.4
176.31329488754272,0.6,0.4
176.32522130012512,0.6,0.4
176.32544088363647,0.6,0.4
176.3320350646973,0.6,0.4
176.3346393108368,0.6,0.4
176.34399485588074,0.6,0.4
176.35113501548767,0.6,0.4
176.3544406890869,0.6,0.4
