t,nis
0.3503751754760742,0.445980385972473
0.4982657432556152,0.15125645924774292
0.7125406265258789,0.4889860387921008
0.9698386192321776,2.5427220163189133
1.0683097839355469,0.33191337349033223
1.2613885402679443,0.612996251006361
1.2710094451904297,0.19595759791556813
1.2912132740020752,0.5264003808645866
1.4236254692077637,0.5454072474726004
1.45048189163208,0.1494346373386852
1.6472361087799072,0.801311548035178
1.7511849403381348,0.11426486231660803
1.8798527717590328,0.15496917871265228
2.081324577331543,0.22122443756251528
2.091620683670044,0.0001630196622358498
2.1006319522857666,0.3925603221277893
2.235121726989746,0.06442959529194184
2.2637946605682373,0.04422140996520964
2.427430868148804,0.22937483387436333
2.492992401123047,0.0008324473850979841
2.5671844482421875,0.059257798885583884
2.7761716842651367,0.00308405549951791
2.7772085666656494,0.05666285235061957
2.798250436782837,0.026314565207659207
2.931126356124878,0.011500344177779455
2.9493930339813232,0.05801795544156052
3.128087043762207,0.06377144380694803
3.2015888690948486,0.0028349529661000576
3.275610446929932,0.049447025795884975
3.446737289428711,0.011147126513313056
3.452458381652832,0.09372651338324482
3.472156286239624,0.02775172408419135
3.596189498901367,0.01865524223232324
3.621960878372192,0.06951829605889481
3.832648992538452,0.11303954195807622
3.900781631469727,0.0002960265135545769
3.984384298324585,0.028492960639504232
4.139311790466309,3.900703248217716e-06
4.155627965927124,0.006057385091853066
4.170644760131836,0.024849774858958455
4.3069748878479,0.015884696104816833
4.322221755981445,0.0004881147778194168
4.512933969497681,0.015096885732843894
4.611441135406494,0.006882996018432036
4.718738079071045,0.00011837556241972733
4.893465757369995,0.11524177047721879
4.90649938583374,0.005852468888483714
4.921217679977417,0.0021956028902863998
5.062073230743408,0.031002067347881735
5.069717884063721,0.0388389627380625
5.256548881530762,0.09353394783224443
5.348311424255371,0.028015914013121892
5.443886756896973,0.019909609852245366
5.72564435005188,0.027919007808333073
5.733227968215942,0.0013321352144455856
5.750820636749268,0.008122050469503683
5.881100177764893,0.044583526699585506
5.89003849029541,0.0003088978035068848
6.111047029495239,0.0490008785824018
6.201472997665405,0.011794752873283906
6.294115304946899,0.0015451531252705457
6.57157301902771,0.026864773160459904
6.572055339813232,0.00027223656648139546
6.599911212921143,9.319511090095386e-05
6.720933198928833,0.0014817281423913976
6.731119394302368,0.00995747489730643
6.9089674949646,0.0038458446089211984
6.996532917022705,0.002095132582946123
7.0748350620269775,0.01087686557878048
7.279354810714722,6.467979871545484e-05
7.289105176925659,0.006535677277063708
7.3050315380096436,0.0017745575719089394
7.447721719741821,0.002424014946664744
7.45954418182373,0.00027420845400350717
7.619811773300171,0.009185176231117878
7.683944463729858,0.0002681492421926673
7.764947891235352,0.0005548728623269394
7.936783075332642,0.0028790605470081243
7.944842576980591,0.005776862574456281
7.955580234527588,4.613961274383893e-06
8.098501682281494,4.4172216717970673e-05
8.107009172439575,0.002805907147616082
8.288851499557495,0.003883533835898734
8.372855186462402,0.03594830991063441
8.46407699584961,0.0026290476344944377
8.658297300338745,0.06381954010978644
8.663246393203735,0.001517009376803194
8.686495065689087,0.00021530970015823343
8.82112979888916,0.0012310703698278557
8.837705135345459,0.012498962331755554
9.012124300003052,0.010803193207955218
9.081712245941162,0.01140051311051994
9.177004098892212,0.017363910003009547
9.366562604904177,0.05719299663367241
9.37877631187439,0.14127911150699354
9.398603439331056,0.00041238203510659464
9.541759729385376,0.14519001326751807
9.54194402694702,0.059333153802006884
9.705994367599487,0.22366682737408441
9.774887800216677,0.0484428784079344
9.865545272827148,0.16994439673234488
10.021490097045898,1.3725117024250337
10.031056880950928,3.0917736702295787e-07
10.045485019683838,0.8415112535003163
10.195169687271118,1.2099808340565623
10.211616277694702,0.6248826325241041
10.400827884674072,0.6839536633541303
10.472589015960692,0.35679487546252564
10.552252531051636,0.19777038501570926
10.707992792129517,2.7602813425235544
10.722308874130247,0.7310128191207675
10.740935564041138,0.16850047773327378
10.867446184158323,4.440530636646321
10.874513149261476,0.4630731214759546
11.0702965259552,0.76535181832478
11.14520025253296,0.32664820937825756
11.217618465423584,0.16873252621558982
11.36869215965271,2.1506734821883904
11.375830888748167,0.015554811911051602
11.390620470046995,1.2797631181636155
11.50059938430786,1.032336688175471
11.518620252609251,1.3007610440626185
11.722487688064575,0.44500667738165445
11.794343948364258,0.140428940453879
11.87745451927185,0.00013418356266713395
12.03495168685913,0.11061194228126713
12.04155969619751,0.10920447624930078
12.058472871780396,0.05168464775246073
12.174588441848757,0.05821529003514329
12.17821717262268,0.10801716505853426
12.359369277954102,0.009949749659566893
12.43572735786438,0.025014133064848055
12.525996446609495,0.060737245104695
12.676398515701294,0.09657368354644189
12.686237812042236,0.015661621256030506
12.703079462051392,0.13089424131270944
12.823917150497437,0.023847054493253295
12.842756271362305,0.003685210149599843
13.026163578033447,0.1503258365084006
13.11101222038269,0.013654722282009625
13.221250772476196,0.03998074192748661
13.392305612564089,0.3199524312668133
13.398088932037354,3.683441173004265
13.438477993011476,0.9494174411773083
13.576173067092896,0.023216456832414054
13.58045768737793,1.22410873052544
13.748908281326294,1.6007336180539056
13.809990167617798,0.447872711827736
13.883336067199709,0.07013852759621142
14.05279803276062,0.004265942403448683
14.060389280319214,0.2155184213417853
14.076924800872805,0.039617722207670104
14.194758892059326,0.014779099162404673
14.204729557037354,0.16745944597087284
14.383516550064089,0.014469432075120742
14.450619220733644,0.06716204834595009
14.545749425888062,0.026072073254271282
14.5570809841156,0.031994609226807164
14.714020490646362,0.10896991868490068
14.717081069946287,2.959349568392688
14.739128589630129,0.29644916997901694
14.871465682983398,0.0028364429465494462
14.876978397369385,0.012152626228247369
15.04127550125122,0.3970112192233596
15.15457010269165,0.06283404150787932
15.25328278541565,0.06795315077631305
15.428239345550535,0.20328408527481787
15.430318355560305,0.013430745096540854
15.451544284820557,0.0014898517288284452
15.560590744018556,0.06863667862124116
15.592593669891356,0.004603249703415708
15.737905740737917,0.043545599571793686
15.803274393081663,0.11081222270511061
15.893445491790771,0.008957512738449832
16.0305438041687,0.07193792613490312
16.039869785308838,0.0020425870639072933
16.059894323349,0.0018597443189935063
16.200668334960938,0.0006268739874240249
16.214339017868042,0.025350862009951063
16.39845585823059,0.38954388094565756
16.461854934692383,0.17133092332389832
16.54778289794922,0.008565632362972064
16.73780608177185,0.03317288793978056
16.743797063827515,0.002744608607569702
16.763628244400024,0.00914740576271763
16.881362199783325,0.008429384710941798
16.896223783493042,0.011516936930028808
17.106248378753662,0.015454158076910569
17.196248292922974,0.009003400157622465
17.276691675186157,0.11528749939762746
17.43702244758606,0.0512061445933027
17.440000772476196,0.432116239159375
17.46043848991394,0.08243860245165714
17.57658863067627,0.0706545921330195
17.589466094970703,0.2680312973670306
17.77362036705017,0.00132133672366417
17.851881742477417,0.00045375384181492825
17.926591873168945,0.0022601421589104487
18.07213306427002,0.0009986818578744216
18.080860137939453,0.027146446323758757
18.095564603805546,0.0032994800120990687
18.214786529541016,0.10677375730866469
18.219247102737427,0.19890473805715428
18.38997530937195,0.00653393252998828
18.463812351226807,0.0023919033788334333
18.53354501724243,0.0009910872258481458
18.701334476470947,0.04041214395822855
18.711063623428345,0.04938430478949637
18.7235689163208,0.008210548812551835
18.86646032333374,0.11528976783886333
18.87423348426819,0.06133757755440768
19.025693893432617,0.18654768143814607
19.099957704544067,0.046923413837550464
19.17520356178284,0.004198078085196211
19.326316833496094,1.3792172243602794
19.336796283721924,0.5261272109890426
19.36307501792908,0.2735093320356097
19.50285267829895,0.4174003736761783
19.51003098487854,0.7989127149493742
19.70221781730652,0.03534208627112881
19.77149200439453,0.02661406251932492
19.86271715164185,0.17176595675251285
20.022823810577396,0.016555157280281313
20.023935556411743,0.09863456517970001
20.04350852966309,0.06551280148395783
20.164366483688354,0.1700737041547907
20.168757677078247,0.005846066488559766
20.35267281532288,0.17361377830673466
20.4209725856781,0.01737820666220846
20.524065494537357,0.2410490618250537
20.659024477005005,0.15090545244579978
20.664042472839355,0.04368711066319582
20.684844493865967,0.026230580988522174
20.79590749740601,0.040259183973857866
20.817280530929565,0.08749032832178016
20.991119623184204,0.5042740690442264
21.066696405410767,0.15716052461503502
21.15270185470581,0.009844044769001333
21.31594395637512,0.29372760244810464
21.32175350189209,0.3905509330464186
21.3318030834198,0.02965225579919127
21.46081829071045,0.002798443414055255
21.473689317703247,0.008520948144263577
21.64615225791931,0.25117919742076406
21.734744548797607,0.22947086332514643
21.81899762153625,0.0848100108182962
21.971214771270752,0.0018627422717159615
21.97373867034912,0.005245817819638938
21.999367475509644,0.0009051658085565015
22.106287479400635,0.013960884184650885
22.118351697921756,0.00999260947880095
22.29652237892151,0.37702959950657833
22.37768864631653,0.19652333452713563
22.45947861671448,2.6930096902640135
22.63649868965149,0.9720526815589455
22.64574360847473,0.8890038147058912
22.65897536277771,0.005219695911199394
22.789002418518063,0.3413059536046534
22.801506280899048,0.22732213496105494
23.014359712600708,0.034577623846268134
23.09536027908325,0.013264774687871387
23.185110330581665,0.0009243227562098935
23.344923973083496,0.0751323822922929
23.354707956314087,0.07742821402169277
23.36968421936035,0.18211740678793178
23.50678777694702,0.1461808752825762
23.51051068305969,0.33472482849050933
23.709659814834595,1.665726591162647
23.7958722114563,0.0001463003036413222
23.912264347076416,1.2244456447513445
24.094300746917725,1.456933914144473
24.102516412734985,0.753023057001891
24.12293767929077,0.5582692725951619
24.280866622924805,0.0026251492085807822
24.28893256187439,0.0009211840448871941
24.496865272521973,0.034850953996834584
24.556541204452515,0.14648420258759023
24.661323308944706,2.012419053993634
24.82219886779785,0.011721816149866787
24.828643798828125,0.01833259815838803
24.85030508041382,0.48400905614243084
24.96599507331848,0.00817474388090314
24.976550817489624,0.0350848447240422
25.1696674823761,0.004063401254932947
25.23982048034668,0.010577902622335572
25.33654308319092,0.03187211858621002
25.49694418907165,0.3421165539588469
25.50089979171753,0.021536648855216552
25.52777099609375,0.021016998775063647
25.65705680847168,0.568360362250847
25.663105487823486,0.16958098550641693
25.87672209739685,0.4399573861432651
25.960268259048465,0.035116862875956126
26.04018235206604,0.15500980397911612
26.21139478683472,0.16811253987473945
26.218416213989254,0.07840937011559039
26.235655307769772,0.004629345145698534
26.34597396850586,0.13667963507354894
26.35876989364624,0.024495356582899763
26.55408787727356,0.2612200959816335
26.632386445999146,0.019059318589318724
26.72924780845642,0.018082315758680072
26.88355302810669,0.6284591253755855
26.890676259994507,0.37090296102025205
26.90949940681457,0.008750024352681242
27.049067735672,0.16615117456623624
27.066036462783813,0.4896576283198852
27.244373083114624,0.13234049481209526
27.32642102241516,0.07206930807493163
27.399089336395264,0.13860934667587202
27.614595413208008,0.2292920841203993
27.614779710769653,0.99220555037173
27.639684915542603,0.12066516433067435
27.77672863006592,0.08220795635816164
27.79171347618103,0.07956246806904581
27.95586371421814,0.5474489315036603
28.04108953475952,0.08922916047369325
28.143850564956665,0.008954050415092132
28.415457487106323,0.0005581293520279618
28.41723322868347,0.034893155154113
28.437211275100708,0.20597118266171188
28.604017734527588,0.011356170337677319
28.60853171348572,0.0329098127242285
28.8130316734314,0.0013693903889297446
28.88150787353516,0.0483055326547824
28.956729888916016,0.026814713410113128
29.131394386291504,0.0038578881883891266
29.138610363006592,4.180143593748595
29.159231424331665,0.4681784480069279
29.263038873672485,1.1018427587824564
29.27688956260681,0.0036971219557377422
29.44764614105225,0.7768403770254748
29.537774801254272,0.20424402033350283
29.61315989494324,0.0038698453865266087
29.796964645385746,3.3029453487678446
29.81592059135437,0.5414822555711328
29.84318280220032,0.4052590666075655
29.99756526947021,2.288265458724259
30.01198101043701,0.8782381540979687
30.191351413726807,3.3099317883001937
30.27389669418335,1.102650533813221
30.36316967010498,0.13687810499438033
30.527072191238403,0.036499073048981145
30.535205602645878,0.22373040344021095
30.560280799865723,0.014337756227249886
30.690261363983154,0.031038273796427172
30.702025890350345,0.004949272187544969
30.857771396636963,0.07396523151486316
30.933268785476685,0.0006410615008687411
31.04540061950684,0.014251067497890095
31.223933458328247,0.0010298071362867488
31.22892928123474,0.0024831098118599355
31.246018648147583,0.03553210353344167
31.389965295791622,0.0005690216550376504
31.39371013641357,0.00826995492197578
31.602150917053223,0.00822533202091263
31.67396211624145,0.0023293409830398635
31.759209871292114,0.025466769825506858
31.936851501464844,6.473133058809026e-05
31.948549032211304,7.572370574663294e-06
32.082274436950684,0.01152519742376852
32.089595317840576,0.00394440180651009
32.29273557662964,0.0004915871383832685
32.368534088134766,0.03387964142319226
32.451319456100464,0.034644386339682136
32.62215709686279,0.02315264093857708
32.62226128578186,0.0011671246993405816
32.6404664516449,0.005335392152699856
32.79314422607422,0.06929591096197453
32.80473232269287,0.000913605214995818
32.981008529663086,0.0017112865440607624
33.06401586532593,0.002410263685928148
33.16272020339966,0.04383953005916383
33.32182288169861,0.13719851342244208
33.32742643356323,0.006240952231673768
33.3502311706543,0.00020459816698477657
33.476311445236206,0.0563585232557877
33.49356412887573,0.0024216271086748924
33.687723875045776,0.07238155703630006
33.75517821311951,6.587101602295174e-06
33.841153144836426,0.02006005328294388
34.02324175834656,0.012395121036035794
34.031455993652344,0.18095940884606412
34.066195487976074,0.015843362576281383
34.19596028327942,0.06964105364851984
34.20323920249939,0.005631725215684721
34.39571475982666,0.037625897554304455
34.4656982421875,0.08668078581511174
34.54372358322144,0.0022600102858233643
34.710336685180664,0.727493732754575
34.71862030029297,0.0003998230661450588
34.734333753585815,0.09268736833224694
34.862157583236694,0.6448754657925677
34.8760678768158,1.6997413796166363
35.02621269226074,0.7372980636943476
35.098703145980835,0.3234851928489309
35.18202996253967,0.0007912209826855187
35.34700345993042,1.513142774175148
35.354410886764526,0.3520959597774741
35.37539601325989,0.038620516858240965
35.50941252708435,1.188113761039595
35.522045850753784,1.0217705380855522
35.734790563583374,0.006301958515774153
35.81478142738342,0.06060163089509662
35.90872550010681,0.37777222632906526
36.0684928894043,0.0606775374929124
36.08393836021423,0.02031768462913887
36.100701570510864,0.9012464853004887
36.238112688064575,0.439656867416732
36.24485087394714,0.8845524542067005
36.397289752960205,0.8141290283896232
36.48098874092102,0.22891624716039036
36.56877160072327,0.140257033708482
36.75667333602905,0.04350095909982156
36.75762844085693,0.1494986519898076
36.7748703956604,0.022865625406309324
36.99255108833313,0.14765037131785058
37.00239896774292,1.349980794557928
37.20769691467285,2.188777153327307e-05
37.29507613182068,0.01582655926416767
37.37830328941345,0.8691693570232973
37.53470706939697,0.0004732894836320928
37.54267930984497,0.22342528826742183
37.56982088088989,0.2087243658504562
37.72065091133118,0.020691826572524007
37.72708201408386,0.11768953966815486
37.912288427352905,0.353063815340211
37.9797158241272,0.0009152214486758681
38.05436182022095,0.3641828731322985
38.21374797821045,0.30524636894941953
38.22039532661438,0.00651484427360175
38.2428994178772,0.4903451813402957
38.42355108261109,0.004397224215533489
38.439720153808594,0.003335396434601479
38.61111235618591,0.046849680755794265
38.69526529312134,0.003001187095953533
38.78264760971069,0.12255494237304376
38.95996427536011,0.0014517508970578554
38.9856858253479,6.559779868625636e-05
39.10088396072388,0.00025351146407140434
39.10846638679504,0.02462734211847631
39.29101061820984,0.044845957433898166
39.40581274032593,0.001892848870326894
39.50374054908752,0.29947075979474197
39.657390832901,0.12354721832439618
39.66296815872192,0.06710775561545454
39.68620538711548,0.004370625756311949
39.81194877624512,0.08086852332936965
39.82512927055359,0.04744323558214882
40.28636169433594,0.01940273445279325
40.366506814956665,3.4878386212316568
40.46737098693848,0.34574814984276375
40.62803769111633,0.035500282361536836
40.64190173149109,0.8604580781860649
40.65529775619507,0.37619964782283444
40.80248641967773,0.11542334695221441
40.83272457122803,0.13952222385051596
41.03536486625672,5.033147160281176
41.09628748893738,2.742613149607452
41.171435832977295,0.9388921733650641
41.31908988952637,0.3739317381316308
41.32627749443054,0.11777229874938824
41.35034680366516,0.09261047352968794
41.46074175834656,0.025144178829532477
41.47017168998718,0.028568500326172516
41.73725700378418,0.004917873062470213
41.81925320625305,0.06599789246229863
41.90405535697937,0.03180062325117676
42.06609749794006,0.023495574240860493
42.07629036903381,0.02753329711338792
42.10154700279236,0.012285349288374945
42.266401052474976,0.08477648323769713
42.2751054763794,0.03968740785200256
42.49115490913391,0.6590149669261587
42.57325458526611,0.001220444459372558
42.65184116363525,0.24739091441690933
42.83545970916748,0.5164953140430527
42.85106444358826,0.19955545898057522
42.86653280258179,0.007376581552122731
42.99366760253906,0.07766188235832383
43.00049018859863,0.007506582853302476
43.17222213745117,0.287573499798867
43.24072289466858,0.03709600424196028
43.32897567749024,0.4825483260428891
43.49791955947876,0.00016447609665204196
43.50748229026794,0.09106633516708451
43.52635502815247,0.11793128518872796
43.65069699287415,0.17371157942654347
43.662675619125366,0.001885996875239346
43.836687088012695,0.04912426975279807
43.9210889339447,0.46500740762518805
43.99707055091858,0.001274962490409168
44.16000533103943,0.1457776450954314
44.16372680664063,0.08089512695894922
44.20117115974426,0.019008268934371526
44.326114654541016,0.0027661734383110457
44.33320665359497,0.000755250457976788
44.53207087516785,0.5249542214703665
44.60553169250488,0.07982681178329178
44.71410942077637,0.49099125790428755
44.88896989822388,0.8762013929495124
44.89458012580872,0.0052160509676121404
44.91911506652832,0.032570197694121776
45.05109357833862,0.3851315573936135
45.06405663490296,0.0060033877889096214
45.25931715965271,0.19039695504173898
45.327308893203735,0.07518394051435728
45.426743030548096,0.012851102043857024
45.60722327232361,4.744544548165238e-05
45.60979509353638,0.25579954773270525
45.62308597564697,0.07197565858014282
45.77121686935425,0.02915952264828486
45.7838568687439,0.1713839244165808
45.928035736083984,0.005116840931713951
46.00784850120544,0.03879141185940457
46.11049675941467,0.027529554201530533
46.270187854766846,0.02406217386524748
46.27606463432312,0.4141121769308217
46.29843068122864,0.00019083196901636186
46.43023109436035,0.04890961130911972
46.43639016151428,0.34135082103910974
46.5941436290741,0.04397154160516773
46.68556880950928,0.00032718680882194966
46.777745962142944,0.13801937561783395
46.944735050201416,0.03498679580944682
46.95097494125366,0.019150485899615037
46.96644687652588,0.12521494941056843
47.0952250957489,1.4522096273658893e-05
47.10431981086731,0.33774992908932
47.30092430114746,0.029011379450045238
47.38780570030213,0.014101029271994811
47.49217414855957,0.0302317928454314
47.67512345314026,0.5703972821325047
47.68074870109558,0.004646355360079759
47.70931172370911,0.3975908341129718
47.87370538711548,1.0665407355267036
47.88848376274109,0.36095156462515104
48.083191871643066,1.941187167315101
48.15457582473755,1.5086869952586828
48.2346932888031,2.2365010985425386
48.40068483352661,0.00512447493166636
48.40696024894714,0.04183221049887549
48.42726397514343,0.3612730663748155
48.55426836013794,0.07734672343869137
48.5700273513794,0.06003181072319201
48.75802421569824,0.035444455073602485
48.850348472595215,1.2421628125357596e-05
48.93618988990784,0.09284671477347184
49.137855768203735,0.16895335558441185
49.14614987373352,0.03315291674617588
49.157188177108765,0.0317919733350913
49.29518938064575,0.1194824657316779
49.304192304611206,0.015683321773027375
49.483261823654175,0.7608848174437755
49.56427502632141,0.15919494865703523
49.63701128959656,0.36305044565227235
49.8042356967926,0.0643562948085291
49.82631421089173,0.12072545423076085
49.83963251113892,0.20192614183193508
49.95086812973023,0.0014701219137884444
49.96072840690613,0.05815355408807045
50.11304926872253,0.04923872045145037
50.19344449043274,0.02854534797393649
50.29545855522156,0.14204572521047562
50.47355675697327,0.017569514896051804
50.48154759407044,0.06400707296970826
50.51268696784973,5.532734282678576e-05
50.63730978965759,0.0007126228451296101
50.64568185806274,0.0961005186298012
50.82641625404358,0.006372845880976702
50.90912866592407,0.09620834854453428
50.99807643890381,0.19600770744413457
51.14699149131775,0.02882141265121547
51.1565043926239,0.1533346367725127
51.17579698562622,0.003362742470653449
51.28356146812439,0.10124527704432466
51.29702162742615,0.12166814618339705
51.4898042678833,0.1482269820875625
51.56641936302185,0.12884753396808357
51.66548538208008,0.06557079939762023
51.83252429962158,0.020509042094130667
51.84694910049439,0.05930573469328745
51.85719966888428,0.011996585093324668
51.979357957839966,0.14105466581753892
51.983715772628784,0.06628539715718719
52.15532779693604,0.015947274930363232
52.213782787323,0.0076575765187698805
52.289578914642334,0.9261214427967195
52.450927734375,0.007085842803095056
52.46250939369202,0.025885288660518417
52.49139451980591,0.2680252826614708
52.62407183647156,0.6062540483199029
52.63365817070007,0.07231497909487788
52.79905581474304,0.2501946371522934
52.88490867614746,0.019483595044103477
52.9576358795166,0.15381687868537786
53.1405041217804,1.5630650893821938
53.14587664604187,2.854599738054522
53.16734433174133,0.2265848198407205
53.288745164871216,0.1781444178965523
53.31753849983215,2.0305948075235523
53.501429319381714,0.8736205034544843
53.5888614654541,0.0006118319523353361
53.67137694358826,1.192970928977819
53.83849167823792,1.1872099048015683
53.85021686553955,0.5548690524941156
53.86723446846008,0.2893882355976409
53.991108417510986,0.013134919143636488
53.999836444854736,1.3831003022927875e-06
54.19102168083191,0.2811415623553013
54.262518882751465,0.12086718279705094
54.36357021331787,0.015796806008915944
54.542160511016846,5.061938085575849e-07
54.54724478721619,0.03391019138269924
54.558170795440674,3.004514422555299e-06
54.69867515563965,0.031360141401262684
54.71013450622559,0.12061461983240404
54.89939737319946,0.0013633412393977244
54.975834131240845,0.10031927864321578
55.09463143348694,0.036575033177872
55.25783443450928,0.01755837317352442
55.27767038345337,0.008909628732298544
55.30439496040344,0.13445772270615866
55.43493127822876,0.03368936684980638
55.45133876800537,0.1365886594317975
55.65962600708008,0.5545628189030859
55.81478047370911,0.03499108594196896
55.90478420257568,0.36121523183802245
56.07563304901123,1.3358987323148632
56.08778476715088,0.28474701838861727
56.09986209869385,0.012528832153161031
56.24148321151733,0.00553993024590568
56.25799369812012,0.03356787089704773
56.41174650192261,0.6852104717194637
56.49070477485657,0.2319868425660616
56.57259464263916,0.052109456040327067
56.73786497116089,0.24548197859815918
56.74597215652466,0.026559366107612566
56.7640643119812,0.0024899981509778997
56.90519857406616,0.29735682967017546
56.910778760910034,0.000706223819085605
57.10019588470459,0.8752166045957145
57.17217040061951,0.9539641499408741
57.25724720954895,0.23966801892887882
57.395910024642944,0.11677701410201223
57.4083194732666,0.3923942142177919
57.42632699012756,0.4102345121919984
57.55193567276001,0.07288333022458203
57.55359745025635,0.25451585928729037
57.73201107978821,0.41140998193409384
57.82168221473694,0.08973280812952895
57.90470266342163,0.10702000465244842
58.03962922096253,2.1500521071032557
58.05055046081543,0.19357295654077705
58.0635826587677,0.7191815840997983
58.20028567314148,0.05882309873436797
58.2101354598999,0.011210277184278684
58.378502368927,0.5252744596762575
58.44183039665222,0.21092193021731376
58.53210115432739,0.0011299160688351218
58.72364568710327,1.3471303088819646
58.727822065353394,0.21798364003636755
58.74601054191589,0.706060143077345
58.87708640098572,0.008921191035955785
58.89232015609741,0.48387703054528225
59.07626104354858,0.17069201755766616
59.16068601608277,0.009533784855552266
59.25166916847229,0.1334827444982821
59.263853311538696,0.008968541799489346
59.43844532966614,0.5723730784076295
59.44468903541565,0.7984583596392584
59.458852767944336,8.151327820853488e-05
59.590094804763794,0.3785089868826958
59.60949683189392,0.5407552184230794
59.8117241859436,0.002380557711881488
59.88679647445679,0.0038365928908995154
59.98209309577942,0.004846818210167174
60.13928031921387,0.29547603830371844
60.14997982978821,0.060568125099406823
60.1686897277832,0.8011522046503479
60.301936864852905,0.0676275001214909
60.32813382148743,3.457956602958873
60.46576380729675,0.09453866630352808
60.5426812171936,0.12294332107873132
60.65368461608887,0.3319622707197353
60.842552185058594,0.8062198478581256
60.85024309158325,0.6516907519494477
60.86770439147949,0.5026151523161645
60.98506188392639,0.12766578572616716
60.99564337730408,1.723763719731825
61.19259428977966,1.8912390378722284
61.27770495414734,0.7338455131940611
61.37209749221802,0.2082796875204083
61.52970361709595,2.8160581910946116
61.5566782951355,0.8149690085338275
61.57702279090881,0.6154870944092977
61.69777011871338,0.04439749848272416
61.72087168693543,0.12631495071854387
61.88547348976135,0.04038845702209793
61.95503568649292,0.014041895961681808
62.0622832775116,0.0011913436618149326
62.22173237800598,0.009081756396542608
62.23113799095154,0.004101115076513392
62.24702501296997,0.08189265780034446
62.37103891372681,0.0031760060544309605
62.389240741729736,0.0011219542041700481
62.55108880996704,0.004293329357857594
62.61966133117676,0.014083282986768494
62.74421715736389,0.00952105693701485
62.92663931846619,0.0014745468595090464
62.93240809440613,0.03547903429850465
62.95421838760376,0.07004636832535724
63.09735989570618,0.43064419400670667
63.12546372413635,0.08884475536006017
63.286892890930176,1.6135956008495316
63.353351354599,1.2397294476097984
63.45553493499756,0.4959897499013901
63.62064146995544,0.0016167963676054246
63.62480187416077,0.04691696013149882
63.64269781112671,0.2505431265166714
63.7671422958374,0.0005925791315649421
63.77997136116028,0.0384339316568131
63.96221709251404,0.10250880438875054
64.07116913795471,0.013549472271684704
64.16927409172058,7.5022209428757455e-06
64.32995533943176,0.1033941425606403
64.3392596244812,0.00018957570526988187
64.36200189590454,0.00860442993193658
64.47953867912292,0.11945789844733738
64.48930144309998,0.05670807013343356
64.66230320930481,0.4194281422557103
64.74869108200073,0.2438002838236115
64.84167718887329,0.0003740985983066477
65.01476168632507,0.009942003952605544
65.02580761909485,0.00047597981569619995
65.04928421974182,0.0017640752396666172
65.18064570426941,0.030266833043989368
65.19015789031982,0.009308703455076861
65.4023597240448,0.05024782133514729
65.4795913696289,0.04662277148674263
65.56685090065002,0.0016302180632001531
65.72333455085754,0.0171271598554702
65.7463583946228,0.011734953859375858
65.76108956336975,0.015967852742850733
65.8927264213562,0.021244733530026937
65.90058970451355,0.0068492061848650886
66.08732175827026,0.01922161467255691
66.15060138702393,0.012713210989328805
66.22652387619019,0.028610724715888717
66.41691970825195,0.007021260516729469
66.42907047271729,0.0003572162081623769
66.4485354423523,0.006553127452339571
66.5739803314209,0.001592007260913542
66.58221888542175,0.0014862236486509661
66.74026226997375,0.028071058109808585
66.81394147872925,0.010517494763725448
66.88766407966614,0.03127987304756398
67.04669785499573,0.07316904321180462
67.05258893966675,1.6441668245862012e-06
67.06989288330078,0.005729520218050182
67.19323253631592,0.0535111056645158
67.2008786201477,0.008586541578810404
67.40024018287659,0.0014977623520161007
67.4654610157013,0.14070912251556128
67.5794734954834,0.04145107388704349
67.76322388648987,0.06022747530515515
67.76755142211914,0.041781276581516424
67.79165148735046,0.08383870343500235
67.91475749015808,0.2601365311947994
67.92600178718567,0.141751902114536
68.10062336921692,0.03929116781578147
68.17165994644165,0.015671704701434218
68.28250288963318,0.0595038175782649
68.45466589927673,0.03391083673093542
68.47017860412598,0.03423364105444231
68.49016809463501,0.21522838512736184
68.64192867279053,0.6051301322287562
68.65015172958374,0.016944137527391864
68.84528398513794,0.01908623675646558
68.92885756492615,0.003565680870807086
69.0297384262085,0.10294075635226728
69.18915510177612,0.03865702207985546
69.1951310634613,5.72439246868696e-06
69.2391049861908,0.1806404463888837
69.37611293792725,0.010797827099801876
69.38531374931335,0.01869031241586165
69.57858490943909,0.00610636477249651
69.67850065231323,0.031343376084682247
69.7652645111084,0.004641267175622199
69.93740844726562,0.15946385539807986
69.94427847862244,0.034834071406426775
69.9642243385315,0.07157989552058434
70.18305969238281,0.10057325664785656
70.19396567344666,0.03094747144718191
70.3856315612793,0.013948109565817244
70.46415686607361,0.021561037614803467
70.56799030303955,0.19247649232529418
70.72621941566467,0.09073235709852816
70.75540828704834,0.014241071105554655
70.77404022216797,0.025202237496358533
70.89644956588745,0.02126569273735919
70.90144610404968,0.018193789564580887
71.09658479690552,0.0011134997222306657
71.1775074005127,0.02864674363346649
71.2438805103302,0.04744612178215714
71.2571210861206,0.01750155028886973
71.40873408317566,0.038129274752509
71.42296719551086,0.07537702893273862
71.43712091445923,0.0976164618287596
71.5702154636383,0.01624119466384904
71.59457159042358,0.07799828866798533
71.78883147239685,0.009393811049679316
71.84599328041077,0.006259702882975338
71.92949676513672,0.12403864839079376
72.12878942489624,0.0007302914833361944
72.13932394981384,0.025553347981425584
72.16294169425964,0.17123411297544047
72.31190347671509,0.037522367688648924
72.3194477558136,0.012714173166067056
72.47298789024353,0.0001437650295194505
72.54995846748352,0.04042174567971632
72.65075135231018,0.26293783308680924
72.80871367454529,0.00019190897373403413
72.82528853416443,0.03425079399913311
72.8385579586029,0.012347578548250393
72.97524499893188,0.009726680092070781
72.99201989173889,0.0029636400406837103
73.16705298423767,0.00047500106488712645
73.24758648872375,0.007116248801240217
73.36032366752625,0.0022734640568320757
73.54407238960266,0.031245382920099662
73.55201292037964,0.09401450290765455
73.56675505638123,0.0005369790861023607
73.70870232582092,0.07412992207459823
73.71834206581116,0.01070622302965795
73.91372728347778,0.008474277484773933
74.01311922073364,0.1375288346130361
74.09708333015442,0.0003457188888306778
74.24459147453308,0.007634802391027116
74.25050115585327,0.00030349678950814316
74.28350639343262,0.0003683969966843594
74.41152286529541,0.00033733507611264914
74.41921544075012,0.07567155852581617
74.60536599159241,0.41653212405549855
74.7104184627533,0.12959133801234116
74.78314971923828,0.0007025298491360058
74.9507257938385,0.27983973416603325
74.95418000221252,0.08226397006833555
74.97170972824097,0.6913788491409991
75.11205887794495,0.7723941651524486
75.12443590164185,0.3419241207948162
75.33088779449463,0.390023427950656
75.4162962436676,0.06111012091602966
75.50441718101501,1.624598217328593
75.67282462120056,1.0231075523416249
75.69553709030151,0.1708750317356518
75.71358966827393,1.7135561743215073
75.83333420753479,3.652968623244243
75.85192108154297,1.8157236566721568
76.02569556236267,0.802631134377253
76.10248136520386,0.08492592467594558
76.18609118461609,1.026200015493544
76.36843371391296,0.14479963340101284
76.37945675849915,0.025787840862974615
76.39947080612183,1.2678147076878492
76.54603457450867,0.0767447778621372
76.55335903167725,0.028332772445465827
76.70977997779846,0.0035476730128323627
76.79777646064758,0.025648018570898403
76.88210320472717,1.7396555696147353
77.05194163322449,0.043078772089286996
77.05830693244934,0.04706297819126572
77.07933139801025,1.4235562988450017
77.23462843894958,0.28672432907979634
77.24569034576416,0.2071851875040542
77.41418266296387,0.13264962519762744
77.49071049690247,0.007316398258408612
77.58329820632935,1.4677803704887502
77.75733852386475,0.2103261326077614
77.76000428199768,0.26818567088928935
77.78991222381592,0.7528747818806977
77.91815567016602,0.3741581572274397
77.93352103233337,0.31130981796617346
78.11787104606628,0.04941838756802318
78.20030927658081,4.727642313494944e-05
78.28273868560791,1.7955893545066937
78.42622828483582,0.23135014917213376
78.44010877609253,0.16380945715290074
78.4764142036438,1.6020443086344494
78.59763383865356,0.23032195699106875
78.60552716255188,0.3141932326438045
78.80663537979126,0.23584118645292546
78.86906862258911,0.012136905290214103
78.94516611099243,1.2467757855016575
79.7115228176117,0.08052591681382354
80.30894637107849,2.761362220758871e-05
81.33451509475708,0.008725039277066093
81.60202050209045,0.0001399303138840157
81.61076021194458,0.011273696612678208
81.63263010978699,1.06841077690972
0.3503751754760742,0.445980385972473
0.4982657432556152,0.15125645924774292
0.7125406265258789,0.4889860387921008
0.9698386192321776,2.5427220163189133
1.0683097839355469,0.33191337349033223
1.2613885402679443,0.612996251006361
1.2710094451904297,0.19595759791556813
1.2912132740020752,0.5264003808645866
1.4236254692077637,0.5454072474726004
1.45048189163208,0.1494346373386852
1.6472361087799072,0.801311548035178
1.7511849403381348,0.11426486231660803
1.8798527717590328,0.15496917871265228
2.081324577331543,0.22122443756251528
2.091620683670044,0.0001630196622358498
2.1006319522857666,0.3925603221277893
2.235121726989746,0.06442959529194184
2.2637946605682373,0.04422140996520964
2.427430868148804,0.22937483387436333
2.492992401123047,0.0008324473850979841
2.5671844482421875,0.059257798885583884
2.7761716842651367,0.00308405549951791
2.7772085666656494,0.05666285235061957
2.798250436782837,0.026314565207659207
2.931126356124878,0.011500344177779455
2.9493930339813232,0.05801795544156052
3.128087043762207,0.06377144380694803
3.2015888690948486,0.0028349529661000576
3.275610446929932,0.049447025795884975
3.446737289428711,0.011147126513313056
3.452458381652832,0.09372651338324482
3.472156286239624,0.02775172408419135
3.596189498901367,0.01865524223232324
3.621960878372192,0.06951829605889481
3.832648992538452,0.11303954195807622
3.900781631469727,0.0002960265135545769
3.984384298324585,0.028492960639504232
4.139311790466309,3.900703248217716e-06
4.155627965927124,0.006057385091853066
4.170644760131836,0.024849774858958455
4.3069748878479,0.015884696104816833
4.322221755981445,0.0004881147778194168
4.512933969497681,0.015096885732843894
4.611441135406494,0.006882996018432036
4.718738079071045,0.00011837556241972733
4.893465757369995,0.11524177047721879
4.90649938583374,0.005852468888483714
4.921217679977417,0.0021956028902863998
5.062073230743408,0.031002067347881735
5.069717884063721,0.0388389627380625
5.256548881530762,0.09353394783224443
5.348311424255371,0.028015914013121892
5.443886756896973,0.019909609852245366
5.72564435005188,0.027919007808333073
5.733227968215942,0.0013321352144455856
5.750820636749268,0.008122050469503683
5.881100177764893,0.044583526699585506
5.89003849029541,0.0003088978035068848
6.111047029495239,0.0490008785824018
6.201472997665405,0.011794752873283906
6.294115304946899,0.0015451531252705457
6.57157301902771,0.026864773160459904
6.572055339813232,0.00027223656648139546
6.599911212921143,9.319511090095386e-05
6.720933198928833,0.0014817281423913976
6.731119394302368,0.00995747489730643
6.9089674949646,0.0038458446089211984
6.996532917022705,0.002095132582946123
7.0748350620269775,0.01087686557878048
7.279354810714722,6.467979871545484e-05
7.289105176925659,0.006535677277063708
7.3050315380096436,0.0017745575719089394
7.447721719741821,0.002424014946664744
7.45954418182373,0.00027420845400350717
7.619811773300171,0.009185176231117878
7.683944463729858,0.0002681492421926673
7.764947891235352,0.0005548728623269394
7.936783075332642,0.0028790605470081243
7.944842576980591,0.005776862574456281
7.955580234527588,4.613961274383893e-06
8.098501682281494,4.4172216717970673e-05
8.107009172439575,0.002805907147616082
8.288851499557495,0.003883533835898734
8.372855186462402,0.03594830991063441
8.46407699584961,0.0026290476344944377
8.658297300338745,0.06381954010978644
8.663246393203735,0.001517009376803194
8.686495065689087,0.00021530970015823343
8.82112979888916,0.0012310703698278557
8.837705135345459,0.012498962331755554
9.012124300003052,0.010803193207955218
9.081712245941162,0.01140051311051994
9.177004098892212,0.017363910003009547
9.366562604904177,0.05719299663367241
9.37877631187439,0.14127911150699354
9.398603439331056,0.00041238203510659464
9.541759729385376,0.14519001326751807
9.54194402694702,0.059333153802006884
9.705994367599487,0.22366682737408441
9.774887800216677,0.0484428784079344
9.865545272827148,0.16994439673234488
10.021490097045898,1.3725117024250337
10.031056880950928,3.0917736702295787e-07
10.045485019683838,0.8415112535003163
10.195169687271118,1.2099808340565623
10.211616277694702,0.6248826325241041
10.400827884674072,0.6839536633541303
10.472589015960692,0.35679487546252564
10.552252531051636,0.19777038501570926
10.707992792129517,2.7602813425235544
10.722308874130247,0.7310128191207675
10.740935564041138,0.16850047773327378
10.867446184158323,4.440530636646321
10.874513149261476,0.4630731214759546
11.0702965259552,0.76535181832478
11.14520025253296,0.32664820937825756
11.217618465423584,0.16873252621558982
11.36869215965271,2.1506734821883904
11.375830888748167,0.015554811911051602
11.390620470046995,1.2797631181636155
11.50059938430786,1.032336688175471
11.518620252609251,1.3007610440626185
11.722487688064575,0.44500667738165445
11.794343948364258,0.140428940453879
11.87745451927185,0.00013418356266713395
12.03495168685913,0.11061194228126713
12.04155969619751,0.10920447624930078
12.058472871780396,0.05168464775246073
12.174588441848757,0.05821529003514329
12.17821717262268,0.10801716505853426
12.359369277954102,0.009949749659566893
12.43572735786438,0.025014133064848055
12.525996446609495,0.060737245104695
12.676398515701294,0.09657368354644189
12.686237812042236,0.015661621256030506
12.703079462051392,0.13089424131270944
12.823917150497437,0.023847054493253295
12.842756271362305,0.003685210149599843
13.026163578033447,0.1503258365084006
13.11101222038269,0.013654722282009625
13.221250772476196,0.03998074192748661
13.392305612564089,0.3199524312668133
13.398088932037354,3.683441173004265
13.438477993011476,0.9494174411773083
13.576173067092896,0.023216456832414054
13.58045768737793,1.22410873052544
13.748908281326294,1.6007336180539056
13.809990167617798,0.447872711827736
13.883336067199709,0.07013852759621142
14.05279803276062,0.004265942403448683
14.060389280319214,0.2155184213417853
14.076924800872805,0.039617722207670104
14.194758892059326,0.014779099162404673
14.204729557037354,0.16745944597087284
14.383516550064089,0.014469432075120742
14.450619220733644,0.06716204834595009
14.545749425888062,0.026072073254271282
14.5570809841156,0.031994609226807164
14.714020490646362,0.10896991868490068
14.717081069946287,2.959349568392688
14.739128589630129,0.29644916997901694
14.871465682983398,0.0028364429465494462
14.876978397369385,0.012152626228247369
15.04127550125122,0.3970112192233596
15.15457010269165,0.06283404150787932
15.25328278541565,0.06795315077631305
15.428239345550535,0.20328408527481787
15.430318355560305,0.013430745096540854
15.451544284820557,0.0014898517288284452
15.560590744018556,0.06863667862124116
15.592593669891356,0.004603249703415708
15.737905740737917,0.043545599571793686
15.803274393081663,0.11081222270511061
15.893445491790771,0.008957512738449832
16.0305438041687,0.07193792613490312
16.039869785308838,0.0020425870639072933
16.059894323349,0.0018597443189935063
16.200668334960938,0.0006268739874240249
16.214339017868042,0.025350862009951063
16.39845585823059,0.38954388094565756
16.461854934692383,0.17133092332389832
16.54778289794922,0.008565632362972064
16.73780608177185,0.03317288793978056
16.743797063827515,0.002744608607569702
16.763628244400024,0.00914740576271763
16.881362199783325,0.008429384710941798
16.896223783493042,0.011516936930028808
17.106248378753662,0.015454158076910569
17.196248292922974,0.009003400157622465
17.276691675186157,0.11528749939762746
17.43702244758606,0.0512061445933027
17.440000772476196,0.432116239159375
17.46043848991394,0.08243860245165714
17.57658863067627,0.0706545921330195
17.589466094970703,0.2680312973670306
17.77362036705017,0.00132133672366417
17.851881742477417,0.00045375384181492825
17.926591873168945,0.0022601421589104487
18.07213306427002,0.0009986818578744216
18.080860137939453,0.027146446323758757
18.095564603805546,0.0032994800120990687
18.214786529541016,0.10677375730866469
18.219247102737427,0.19890473805715428
18.38997530937195,0.00653393252998828
18.463812351226807,0.0023919033788334333
18.53354501724243,0.0009910872258481458
18.701334476470947,0.04041214395822855
18.711063623428345,0.04938430478949637
18.7235689163208,0.008210548812551835
18.86646032333374,0.11528976783886333
18.87423348426819,0.06133757755440768
19.025693893432617,0.18654768143814607
19.099957704544067,0.046923413837550464
19.17520356178284,0.004198078085196211
19.326316833496094,1.3792172243602794
19.336796283721924,0.5261272109890426
19.36307501792908,0.2735093320356097
19.50285267829895,0.4174003736761783
19.51003098487854,0.7989127149493742
19.70221781730652,0.03534208627112881
19.77149200439453,0.02661406251932492
19.86271715164185,0.17176595675251285
20.022823810577396,0.016555157280281313
20.023935556411743,0.09863456517970001
20.04350852966309,0.06551280148395783
20.164366483688354,0.1700737041547907
20.168757677078247,0.005846066488559766
20.35267281532288,0.17361377830673466
20.4209725856781,0.01737820666220846
20.524065494537357,0.2410490618250537
20.659024477005005,0.15090545244579978
20.664042472839355,0.04368711066319582
20.684844493865967,0.026230580988522174
20.79590749740601,0.040259183973857866
20.817280530929565,0.08749032832178016
20.991119623184204,0.5042740690442264
21.066696405410767,0.15716052461503502
21.15270185470581,0.009844044769001333
21.31594395637512,0.29372760244810464
21.32175350189209,0.3905509330464186
21.3318030834198,0.02965225579919127
21.46081829071045,0.002798443414055255
21.473689317703247,0.008520948144263577
21.64615225791931,0.25117919742076406
21.734744548797607,0.22947086332514643
21.81899762153625,0.0848100108182962
21.971214771270752,0.0018627422717159615
21.97373867034912,0.005245817819638938
21.999367475509644,0.0009051658085565015
22.106287479400635,0.013960884184650885
22.118351697921756,0.00999260947880095
22.29652237892151,0.37702959950657833
22.37768864631653,0.19652333452713563
22.45947861671448,2.6930096902640135
22.63649868965149,0.9720526815589455
22.64574360847473,0.8890038147058912
22.65897536277771,0.005219695911199394
22.789002418518063,0.3413059536046534
22.801506280899048,0.22732213496105494
23.014359712600708,0.03499434280520325
23.09536027908325,0.013754695351636127
23.185110330581665,0.0009592983741991138
23.344923973083496,0.07538810844368012
23.354707956314087,0.07751079981793516
23.36968421936035,0.18280078129314797
23.50678777694702,0.14764492818631345
23.51051068305969,0.3347140231106026
23.709659814834595,1.6898997212563867
23.7958722114563,0.0006556859695308336
23.912264347076416,1.2709004821614953
24.094300746917725,1.496685105694603
24.102516412734985,0.7597109692733794
24.12293767929077,0.5708351151025085
24.280866622924805,0.003299589822259343
24.28893256187439,0.0012044529022549018
24.496865272521973,0.037867593857509554
24.556541204452515,0.15327825187331315
24.661323308944706,2.0692587108459826
24.82219886779785,0.011950541110779388
24.828643798828125,0.018487165064702264
24.85030508041382,0.4920714207824273
24.96599507331848,0.008678583117326801
24.976550817489624,0.0360892022745553
25.1696674823761,0.0037163859245083804
25.23982048034668,0.01038629989261072
25.33654308319092,0.03172186812520731
25.49694418907165,0.3505160960665243
25.50089979171753,0.023059377625395398
25.52777099609375,0.022730615336129772
25.65705680847168,0.5792962859903936
25.663105487823486,0.17663585395629858
25.87672209739685,0.4605343590086185
25.960268259048465,0.03600993190886158
26.04018235206604,0.1568748364020475
26.21139478683472,0.17424932596615048
26.218416213989254,0.08025417734886477
26.235655307769772,0.004788270140004493
26.34597396850586,0.1402165518607281
26.35876989364624,0.025522595943531998
26.55408787727356,0.2682269033361512
26.632386445999146,0.018953234688515067
26.72924780845642,0.017563218219060928
26.88355302810669,0.6466587981497662
26.890676259994507,0.3821903893385568
26.90949940681457,0.009319388857075804
27.049067735672,0.16824252578704893
27.066036462783813,0.506593613592533
27.244373083114624,0.13748180338476665
27.32642102241516,0.07405750209543756
27.399089336395264,0.14254756194844795
27.614595413208008,0.23470668686419052
27.614779710769653,1.0190778841981143
27.639684915542603,0.12534370433648728
27.77672863006592,0.08858159173691617
27.79171347618103,0.07920715483469891
27.95586371421814,0.5617304801218186
28.04108953475952,0.0919591874250028
28.143850564956665,0.009604673266521459
28.415457487106323,0.0006424604631992063
28.41723322868347,0.034907812721315615
28.437211275100708,0.2129163158913596
28.604017734527588,0.011161619093554166
28.60853171348572,0.03335915033431337
28.8130316734314,0.0013930866612530068
28.88150787353516,0.049007639472489005
28.956729888916016,0.02796720682186339
29.131394386291504,0.0040637424124346675
29.138610363006592,4.279540156640253
29.159231424331665,0.48226922714455817
29.263038873672485,1.147795416044191
29.27688956260681,0.0036914754597215643
29.44764614105225,0.7926246087264612
29.537774801254272,0.20631749522350085
29.61315989494324,0.00342415259387341
29.796964645385746,3.3866704832734444
29.81592059135437,0.5684978140236999
29.84318280220032,0.4188277130272989
29.99756526947021,2.3413442871140187
30.01198101043701,0.9210488529457468
30.191351413726807,3.422811594174083
30.27389669418335,1.12855940666643
30.36316967010498,0.13833885300555304
30.527072191238403,0.03612550579309104
30.535205602645878,0.23844351743955633
30.560280799865723,0.014041084572258156
30.690261363983154,0.03180759780668447
30.702025890350345,0.0057534877818212395
30.857771396636963,0.07499049076928284
30.933268785476685,0.0007089570811259533
31.04540061950684,0.015472431029595465
31.223933458328247,0.000990829205794859
31.22892928123474,0.0027886119855341836
31.246018648147583,0.036771889310463685
31.389965295791622,0.0005733370268999423
31.39371013641357,0.008375453196632738
31.602150917053223,0.00826121847818512
31.67396211624145,0.0023685096737321907
31.759209871292114,0.02583195810241581
31.936851501464844,7.477411379926831e-05
31.948549032211304,9.475015895141689e-06
32.082274436950684,0.011834041368573344
32.089595317840576,0.003958455593863365
32.29273557662964,0.0005647681878187485
32.368534088134766,0.034468782124727
32.451319456100464,0.035528636757176914
32.62215709686279,0.02334008758437724
32.62226128578186,0.0012991552896379744
32.6404664516449,0.005242297611695835
32.79314422607422,0.06928420678927064
32.80473232269287,0.0009040022572460077
32.981008529663086,0.0018379037306600332
33.06401586532593,0.002305494708874467
33.16272020339966,0.043616977217701976
33.32182288169861,0.13967719929366595
33.32742643356323,0.006316663939039156
33.3502311706543,0.0002175053338062645
33.476311445236206,0.0573230017211396
33.49356412887573,0.0024375422540465334
33.687723875045776,0.07275580290196113
33.75517821311951,9.041777953029628e-06
33.841153144836426,0.020258924733093795
34.02324175834656,0.012643992492873575
34.031455993652344,0.1845776606961866
34.066195487976074,0.015597457804252354
34.19596028327942,0.07235582183384717
34.20323920249939,0.005904993491740145
34.39571475982666,0.03796638266107944
34.4656982421875,0.08813463200895567
34.54372358322144,0.0024235286878023783
34.710336685180664,0.7549071138321612
34.71862030029297,0.0006670919917534169
34.734333753585815,0.09750885765072173
34.862157583236694,0.6740487748386339
34.8760678768158,1.7310435101180244
35.02621269226074,0.7692121048803976
35.098703145980835,0.33543801728030626
35.18202996253967,0.0007228730177071249
35.34700345993042,1.580173885263017
35.354410886764526,0.3781290752070619
35.37539601325989,0.037391848907452466
35.50941252708435,1.229208389326085
35.522045850753784,1.0813726701630588
35.734790563583374,0.006113893435573865
35.81478142738342,0.06421051732946575
35.90872550010681,0.39475094338408995
36.0684928894043,0.06050711757716462
36.08393836021423,0.019488117889405823
36.100701570510864,0.9309932515368514
36.238112688064575,0.45698035024896144
36.24485087394714,0.9086018223180446
36.397289752960205,0.8290520471674316
36.48098874092102,0.22863947493627118
36.56877160072327,0.1467025068054886
36.75667333602905,0.04678970741785782
36.75762844085693,0.1587222161098123
36.7748703956604,0.02264685866584497
36.99255108833313,0.15410070051161917
37.00239896774292,1.3771206765975714
37.20769691467285,0.00011421184362681991
37.29507613182068,0.017140468449479276
37.37830328941345,0.8957534969104008
37.53470706939697,0.0004098388802421913
37.54267930984497,0.23334360105117471
37.56982088088989,0.21570354906580205
37.72065091133118,0.02132122392273224
37.72708201408386,0.12229754521863129
37.912288427352905,0.3639995838894229
37.9797158241272,0.0010487653162049937
38.05436182022095,0.3721216264659921
38.21374797821045,0.30962061873624686
38.22039532661438,0.007520382660192332
38.2428994178772,0.5027429169245632
38.42355108261109,0.005601956293341781
38.439720153808594,0.0033012943279274844
38.61111235618591,0.04903676546740911
38.69526529312134,0.0031439635652569624
38.78264760971069,0.1237730007484313
38.95996427536011,0.0012334407821493036
38.9856858253479,0.00019419364471864555
39.10088396072388,0.00034614633570989497
39.10846638679504,0.025130042802651943
39.29101061820984,0.045630828943123786
39.40581274032593,0.0021896857694640565
39.50374054908752,0.313186791223844
39.657390832901,0.1303415953159662
39.66296815872192,0.06765484963020844
39.68620538711548,0.005149235718946523
39.81194877624512,0.08378315929938394
39.82512927055359,0.04748734236882982
40.28636169433594,0.020833549968967618
40.366506814956665,3.56659540953958
40.46737098693848,0.352295390800237
40.62803769111633,0.03716047284126811
40.64190173149109,0.8773372809228245
40.65529775619507,0.38200008090393656
40.80248641967773,0.11964189461122801
40.83272457122803,0.14198685116561835
41.03536486625672,5.054544769528201
41.09628748893738,2.7616316291284035
41.171435832977295,0.9422528200623904
41.31908988952637,0.3768352065467207
41.32627749443054,0.11812234799913583
41.35034680366516,0.09336904840896126
41.46074175834656,0.025068733497493088
41.47017168998718,0.028542743241165763
41.73725700378418,0.004930920145045398
41.81925320625305,0.06604069163814798
41.90405535697937,0.031643785220996715
42.06609749794006,0.023680446602405293
42.07629036903381,0.02772306639393153
42.10154700279236,0.012440993062990012
42.266401052474976,0.08506737613942705
42.2751054763794,0.03950072263751202
42.49115490913391,0.6589310202206885
42.57325458526611,0.0012186204865453092
42.65184116363525,0.247827356134785
42.83545970916748,0.5165022300648907
42.85106444358826,0.19986836706715505
42.86653280258179,0.007420616427757459
42.99366760253906,0.07756772940938872
43.00049018859863,0.0075290883216637015
43.17222213745117,0.2877312376920943
43.24072289466858,0.03713880202569404
43.32897567749024,0.4825794307478492
43.49791955947876,0.00016961603894124133
43.50748229026794,0.09107544122601138
43.52635502815247,0.11796953849162858
43.65069699287415,0.17360638823129862
43.662675619125366,0.0018849302182098906
43.836687088012695,0.04907931863283708
43.9210889339447,0.46509842589827133
43.99707055091858,0.0012741685790125293
44.16000533103943,0.14575606878083314
44.16372680664063,0.0809039621463902
44.20117115974426,0.01901066858526118
44.326114654541016,0.002761434237411112
44.33320665359497,0.0007556845338200057
44.53207087516785,0.5250046885979835
44.60553169250488,0.07983203107823407
44.71410942077637,0.49099794377074024
44.88896989822388,0.8761555784438445
44.89458012580872,0.005215846621047489
44.91911506652832,0.032568913752012686
45.05109357833862,0.38511773537085037
45.06405663490296,0.006002793686513954
45.25931715965271,0.1904095017199579
45.327308893203735,0.07518788314770097
45.426743030548096,0.012851475940101277
45.60722327232361,4.726721772262429e-05
45.60979509353638,0.25580556013454403
45.62308597564697,0.0719722634328965
45.77121686935425,0.02915936934973696
45.7838568687439,0.17138237058680564
45.928035736083984,0.005117076880333194
46.00784850120544,0.038791381437124926
46.11049675941467,0.027528600810085124
46.270187854766846,0.024065163802517487
46.27606463432312,0.41412257855764684
46.29843068122864,0.00019097469992366238
46.43023109436035,0.04891006172548512
46.43639016151428,0.34135450584605137
46.5941436290741,0.043971924345191295
46.68556880950928,0.00032714907745341585
46.777745962142944,0.1380160110758353
46.944735050201416,0.034983720872093026
46.95097494125366,0.019151916785760472
46.96644687652588,0.12521847784673754
47.0952250957489,1.452357923318146e-05
47.10431981086731,0.3377517561683622
47.30092430114746,0.02901093056195335
47.38780570030213,0.0141126250511574
47.49217414855957,0.03024964838426572
47.67512345314026,0.5743184626560183
47.68074870109558,0.005017054190055532
47.70931172370911,0.4006968149700122
47.87370538711548,1.0735035467595953
47.88848376274109,0.3587119849353487
48.083191871643066,1.965771689242688
48.15457582473755,1.5241672452836175
48.2346932888031,2.257243339561693
48.40068483352661,0.005001170671206892
48.40696024894714,0.04280333631648412
48.42726397514343,0.36296572543353833
48.55426836013794,0.07797652063268491
48.5700273513794,0.061137999477348416
48.75802421569824,0.03599522980861381
48.850348472595215,2.368410628824951e-05
48.93618988990784,0.09281415262764553
49.137855768203735,0.17196125339787677
49.14614987373352,0.03360828873631755
49.157188177108765,0.032238996377716204
49.29518938064575,0.1204822903414224
49.304192304611206,0.01607946767145202
49.483261823654175,0.7606184384490086
49.56427502632141,0.16001618297291073
49.63701128959656,0.3650526579339122
49.8042356967926,0.06406308441569443
49.82631421089173,0.12131683769992281
49.83963251113892,0.2030118751108121
49.95086812973023,0.0016138840330030464
49.96072840690613,0.05865781380430768
50.11304926872253,0.04943418250353165
50.19344449043274,0.02865930693733916
50.29545855522156,0.14346134345849285
50.47355675697327,0.01772051578661082
50.48154759407044,0.06495132257757343
50.51268696784973,4.449659557484762e-05
50.63730978965759,0.0006772355426186302
50.64568185806274,0.097284912397069
50.82641625404358,0.0065172144505144455
50.90912866592407,0.09664353563469558
50.99807643890381,0.19680257056568903
51.14699149131775,0.02936316809396926
51.1565043926239,0.15550295567952427
51.17579698562622,0.003284956354300889
51.28356146812439,0.10253081711806923
51.29702162742615,0.12238777781508274
51.4898042678833,0.1484316223491695
51.56641936302185,0.12912227470294718
51.66548538208008,0.06591539095530384
51.83252429962158,0.020845024773020585
51.84694910049439,0.059668035730894645
51.85719966888428,0.012196316145012716
51.979357957839966,0.14250488623095153
51.983715772628784,0.06592136778879434
52.15532779693604,0.01578911495532588
52.213782787323,0.007559665420876263
52.289578914642334,0.9302424083964779
52.450927734375,0.007246614125448649
52.46250939369202,0.0261897528600223
52.49139451980591,0.2689843760664464
52.62407183647156,0.6095036761307152
52.63365817070007,0.07190527332445455
52.79905581474304,0.25305794966847867
52.88490867614746,0.01972901969140124
52.9576358795166,0.15517524119994977
53.1405041217804,1.5729774801068754
53.14587664604187,2.8623175041841
53.16734433174133,0.22625540631503765
53.288745164871216,0.18169054737548518
53.31753849983215,2.037763454509311
53.501429319381714,0.8811052633306449
53.5888614654541,0.0009145184517036602
53.67137694358826,1.2143767598704525
53.83849167823792,1.2013936625329213
53.85021686553955,0.5620316166323591
53.86723446846008,0.2938598494127381
53.991108417510986,0.012463868194376755
53.999836444854736,8.461591891281802e-06
54.19102168083191,0.28390238019312725
54.262518882751465,0.12090916299731011
54.36357021331787,0.015587137746702518
54.542160511016846,1.1777529857795452e-07
54.54724478721619,0.03389950022849366
54.558170795440674,3.2602536714483126e-06
54.69867515563965,0.031592883074446416
54.71013450622559,0.120785483940157
54.89939737319946,0.0013924038136888246
54.975834131240845,0.10202779502716128
55.09463143348694,0.036305564862102624
55.25783443450928,0.017851861941869347
55.27767038345337,0.009082028556241508
55.30439496040344,0.13498342818126682
55.43493127822876,0.03424627734530729
55.45133876800537,0.13733830599910357
55.65962600708008,0.5637465288535868
55.81478047370911,0.032649441155999104
55.90478420257568,0.3768455550033609
56.07563304901123,1.3739576212983287
56.08778476715088,0.28713246493190875
56.09986209869385,0.012976939306080694
56.24148321151733,0.006017561701402283
56.25799369812012,0.03335023193474901
56.41174650192261,0.7101622915793869
56.49070477485657,0.23129622315057757
56.57259464263916,0.05739168355738277
56.73786497116089,0.2535634962965244
56.74597215652466,0.028283131017401944
56.7640643119812,0.0022117118075451773
56.90519857406616,0.30227079741346474
56.910778760910034,0.0007536598527617942
57.10019588470459,0.9081548412141665
57.17217040061951,1.0089412133675482
57.25724720954895,0.2489050161872702
57.395910024642944,0.1236257353350574
57.4083194732666,0.39960966659649777
57.42632699012756,0.42697640999579967
57.55193567276001,0.07310169015784856
57.55359745025635,0.262893415737016
57.73201107978821,0.4250425517425831
57.82168221473694,0.08951301661697526
57.90470266342163,0.10594330082161464
58.03962922096253,2.2245242725623586
58.05055046081543,0.19832867862749234
58.0635826587677,0.7382917250755381
58.20028567314148,0.05993300804076788
58.2101354598999,0.011561833662726916
58.378502368927,0.5391298007127635
58.44183039665222,0.2127155407134807
58.53210115432739,0.0015848428034799956
58.72364568710327,1.3806905445643285
58.727822065353394,0.21615884774204028
58.74601054191589,0.720588918969813
58.87708640098572,0.008640304798370543
58.89232015609741,0.4965067077306849
59.07626104354858,0.176636557831517
59.16068601608277,0.0098832884703672
59.25166916847229,0.13778352047734813
59.263853311538696,0.009548310781079804
59.43844532966614,0.5836243642536367
59.44468903541565,0.8232919938674653
59.458852767944336,3.599690039081906e-05
59.590094804763794,0.383502575673324
59.60949683189392,0.5596453877733621
59.8117241859436,0.002782414532598183
59.88679647445679,0.004228551573642975
59.98209309577942,0.005404231805666244
60.13928031921387,0.3029613018936336
60.14997982978821,0.06428283168399564
60.1686897277832,0.8230575980542397
60.301936864852905,0.06896837309450757
60.32813382148743,3.556322442788856
60.46576380729675,0.09769052810566926
60.5426812171936,0.12587592277019322
60.65368461608887,0.336157628369791
60.842552185058594,0.8330632485364263
60.85024309158325,0.6814167246675323
60.86770439147949,0.4916161277637579
60.98506188392639,0.12927992164326074
60.99564337730408,1.7604507743342575
61.19259428977966,1.9113727962025855
61.27770495414734,0.7413746291809271
61.37209749221802,0.20817798023159986
61.52970361709595,2.864657834823464
61.5566782951355,0.8359556973032803
61.57702279090881,0.6189384540375682
61.69777011871338,0.04674598610367907
61.72087168693543,0.12829228998655112
61.88547348976135,0.039512268057116016
61.95503568649292,0.013856376175239344
62.0622832775116,0.0012304824666654007
62.22173237800598,0.009608193345147585
62.23113799095154,0.004409084862127635
62.24702501296997,0.08173983366227727
62.37103891372681,0.003350979562172788
62.389240741729736,0.0010201700052923197
62.55108880996704,0.004169975895423272
62.61966133117676,0.014129146281103564
62.74421715736389,0.00955256352309517
62.92663931846619,0.001701756874551204
62.93240809440613,0.03581867360915445
62.95421838760376,0.07086759472049813
63.09735989570618,0.43246507616757524
63.12546372413635,0.08910701382918662
63.286892890930176,1.6152878214948192
63.353351354599,1.2400717799213863
63.45553493499756,0.49680185112801506
63.62064146995544,0.0015283438628066958
63.62480187416077,0.0467523253018049
63.64269781112671,0.25120762059675383
63.7671422958374,0.0006263762850889293
63.77997136116028,0.03830740613559858
63.96221709251404,0.10233039016849363
64.07116913795471,0.013471881554011855
64.16927409172058,7.068585843405453e-06
64.32995533943176,0.10392134736710858
64.3392596244812,0.00018075102596362214
64.36200189590454,0.008611714185773237
64.47953867912292,0.11967302280240225
64.48930144309998,0.05673914101929287
64.66230320930481,0.4194612405814477
64.74869108200073,0.2437248757553049
64.84167718887329,0.00037002967274807704
65.01476168632507,0.010073114027536037
65.02580761909485,0.0004919292219714442
65.04928421974182,0.001808157046458343
65.18064570426941,0.030364945026642953
65.19015789031982,0.009348216963643038
65.4023597240448,0.050440970006372696
65.4795913696289,0.0467383687259828
65.56685090065002,0.0016299329683843945
65.72333455085754,0.017330131384419117
65.7463583946228,0.0115569147492827
65.76108956336975,0.016069923833824433
65.8927264213562,0.021233426902450593
65.90058970451355,0.00694789758183227
66.08732175827026,0.019053522237794912
66.15060138702393,0.01261936075837102
66.22652387619019,0.028628604568078742
66.41691970825195,0.0069603373023410815
66.42907047271729,0.00037881430210833097
66.4485354423523,0.006587128464695332
66.5739803314209,0.0015897727890187938
66.58221888542175,0.0015139012002756893
66.74026226997375,0.028175976806998987
66.81394147872925,0.010547033245723036
66.88766407966614,0.03125924960420511
67.04669785499573,0.07325644042577362
67.05258893966675,9.976933944326502e-07
67.06989288330078,0.005732512237537076
67.19323253631592,0.05349641890173914
67.2008786201477,0.008565399149293997
67.40024018287659,0.0015136847276252293
67.4654610157013,0.1407943777376432
67.5794734954834,0.04146974173090755
67.76322388648987,0.06020212917983795
67.76755142211914,0.04181324722970181
67.79165148735046,0.08386055446405326
67.91475749015808,0.2601269282086409
67.92600178718567,0.14172338516160954
68.10062336921692,0.039291400344825284
68.17165994644165,0.01567476169433157
68.28250288963318,0.059527017092004426
68.45466589927673,0.03391568430039584
68.47017860412598,0.034268389068342946
68.49016809463501,0.21520763381773722
0.3503751754760742,0.445980385972473
0.4982657432556152,0.15125645924774292
0.7125406265258789,0.4889860387921008
0.9698386192321776,2.5427220163189133
1.0683097839355469,0.33191337349033223
1.2613885402679443,0.612996251006361
1.2710094451904297,0.19595759791556813
1.2912132740020752,0.5264003808645866
1.4236254692077637,0.5454072474726004
1.45048189163208,0.1494346373386852
1.6472361087799072,0.801311548035178
1.7511849403381348,0.11426486231660803
1.8798527717590328,0.15496917871265228
2.081324577331543,0.22122443756251528
2.091620683670044,0.0001630196622358498
2.1006319522857666,0.3925603221277893
2.235121726989746,0.06442959529194184
2.2637946605682373,0.04422140996520964
2.427430868148804,0.22937483387436333
2.492992401123047,0.0008324473850979841
2.5671844482421875,0.059257798885583884
2.7761716842651367,0.00308405549951791
2.7772085666656494,0.05666285235061957
2.798250436782837,0.026314565207659207
2.931126356124878,0.011500344177779455
2.9493930339813232,0.05801795544156052
3.128087043762207,0.06377144380694803
3.2015888690948486,0.0028349529661000576
3.275610446929932,0.049447025795884975
3.446737289428711,0.011147126513313056
3.452458381652832,0.09372651338324482
3.472156286239624,0.02775172408419135
3.596189498901367,0.01865524223232324
3.621960878372192,0.06951829605889481
3.832648992538452,0.11303954195807622
3.900781631469727,0.0002960265135545769
3.984384298324585,0.026528828014214967
4.139311790466309,1.9658544251589286e-05
4.155627965927124,0.005992288063230993
4.170644760131836,0.02317370860595759
4.3069748878479,0.014730515586438453
4.322221755981445,0.000633054726904098
4.512933969497681,0.013970253216719462
4.611441135406494,0.005648576413769593
4.718738079071045,0.0001688977469199015
4.893465757369995,0.10358833367510742
4.90649938583374,0.004793111365413032
4.921217679977417,0.001906377564538593
5.062073230743408,0.028804837292126205
5.069717884063721,0.03379771536318695
5.256548881530762,0.08721236508580399
5.348311424255371,0.028044070541360554
5.443886756896973,0.016519976834815386
5.72564435005188,0.022155564306252908
5.733227968215942,0.0014244231811844283
5.750820636749268,0.007516811306604446
5.881100177764893,0.041659771340170126
5.89003849029541,0.000368761433394661
6.111047029495239,0.04704233558401835
6.201472997665405,0.009011299112036778
6.294115304946899,0.0017620539371892123
6.57157301902771,0.024944360549779856
6.572055339813232,0.000385701200566436
6.599911212921143,1.4372514480719568e-05
6.720933198928833,0.0015779159418361525
6.731119394302368,0.007890589147672352
6.9089674949646,0.003997519548752015
6.996532917022705,0.0016444340567066814
7.0748350620269775,0.011126491978757924
7.279354810714722,4.9495803147640014e-05
7.289105176925659,0.00491478784716206
7.3050315380096436,0.0018774837415140263
7.447721719741821,0.0024263720108883323
7.45954418182373,0.0003537314576604523
7.619811773300171,0.008919668398415828
7.683944463729858,0.0001550758471752744
7.764947891235352,0.00034751391278011183
7.936783075332642,0.002308361039401061
7.944842576980591,0.0055097669877976945
7.955580234527588,1.8286180624278756e-05
8.098501682281494,2.5149051474825713e-05
8.107009172439575,0.002717516727720427
8.288851499557495,0.0035701555521986546
8.372855186462402,0.03186520604451233
8.46407699584961,0.0018699914908157007
8.658297300338745,0.055770910603591795
8.663246393203735,0.0016156717851792046
8.686495065689087,0.00021472164825965567
8.82112979888916,0.001394101397577104
8.837705135345459,0.011480961793033439
9.012124300003052,0.010782810679915206
9.081712245941162,0.009632916766362114
9.177004098892212,0.015302089653623912
9.366562604904177,0.05360155971027624
9.37877631187439,0.1286925684822378
9.398603439331056,0.00032317006965852115
9.541759729385376,0.13579102777515267
9.54194402694702,0.05567384068017642
9.705994367599487,0.20499398482968922
9.774887800216677,0.04443293116653762
9.865545272827148,0.15793459851233885
10.021490097045898,1.2798124118157854
10.031056880950928,6.316981442961755e-05
10.045485019683838,0.767322423921074
10.195169687271118,1.1385125014672808
10.211616277694702,0.5640699863350751
10.400827884674072,0.6332701266755268
10.472589015960692,0.33651229076442507
10.552252531051636,0.18883929728241233
10.707992792129517,2.5509070688195483
10.722308874130247,0.6740102311399362
10.740935564041138,0.15584167866037404
10.867446184158323,4.143805791154926
10.874513149261476,0.412677467769597
11.0702965259552,0.7007273950430086
11.14520025253296,0.299727006301114
11.217618465423584,0.15800096023311772
11.36869215965271,2.001948903735319
11.375830888748167,0.017840225294935903
11.390620470046995,1.160710760708504
11.50059938430786,0.9447073881719145
11.518620252609251,1.1874855691992654
11.722487688064575,0.4017340232480186
11.794343948364258,0.12370512062355947
11.87745451927185,0.00027445774574112183
12.03495168685913,0.1021300265921714
12.04155969619751,0.09046068607345976
12.058472871780396,0.047884367690134245
12.174588441848757,0.04936355522013611
12.17821717262268,0.09322541417688046
12.359369277954102,0.009157502707789561
12.43572735786438,0.02262313348241477
12.525996446609495,0.05673977890863379
12.676398515701294,0.08666784357636846
12.686237812042236,0.014419014220927173
12.703079462051392,0.1155849890248024
12.823917150497437,0.021412834593879288
12.842756271362305,0.003397137260232879
13.026163578033447,0.1381762865289274
13.11101222038269,0.013624845829344782
13.221250772476196,0.0383723903903635
13.392305612564089,0.288754808827251
13.398088932037354,3.361080676239935
13.438477993011476,0.8438568466645981
13.576173067092896,0.018082726693180118
13.58045768737793,1.1689836238338587
13.748908281326294,1.4839621521205435
13.809990167617798,0.40607926372626596
13.883336067199709,0.05820365634665141
14.05279803276062,0.004387572571531316
14.060389280319214,0.20056926355732657
14.076924800872805,0.03484245041146986
14.194758892059326,0.014129611856042381
14.204729557037354,0.1561799349645084
14.383516550064089,0.013357831861541141
14.450619220733644,0.06340897476668912
14.545749425888062,0.02452275948817515
14.5570809841156,0.030289242561256983
14.714020490646362,0.09995595795107518
14.717081069946287,2.7515574566156085
14.739128589630129,0.26858125027078794
14.871465682983398,0.003773455247573118
14.876978397369385,0.009769814191021324
15.04127550125122,0.3639966587381209
15.15457010269165,0.05770361775139811
15.25328278541565,0.06464567256743392
15.428239345550535,0.1949100277174025
15.430318355560305,0.013971868688682243
15.451544284820557,0.0010887531291748774
15.560590744018556,0.06793971150382008
15.592593669891356,0.0036285960635422105
15.737905740737917,0.04424563070096313
15.803274393081663,0.10879954426308205
15.893445491790771,0.009471206305875186
16.0305438041687,0.0727496079997044
16.039869785308838,0.001404235109729489
16.059894323349,0.0015819456437626167
16.200668334960938,0.00022239911906241254
16.214339017868042,0.02315691181707684
16.39845585823059,0.3613364826335286
16.461854934692383,0.1620208511532971
16.54778289794922,0.011766750345654883
16.73780608177185,0.03243203269420943
16.743797063827515,0.004011619466171476
16.763628244400024,0.011808410502814429
16.881362199783325,0.008032968478490965
16.896223783493042,0.011585916025155876
17.106248378753662,0.015781405212755964
17.196248292922974,0.007615751650607757
17.276691675186157,0.10632323111467608
17.43702244758606,0.048295859172794324
17.440000772476196,0.40408339111279906
17.46043848991394,0.07637267859099832
17.57658863067627,0.06537662546168663
17.589466094970703,0.25217057727030195
17.77362036705017,0.0014369204799855888
17.851881742477417,0.0005440225296114519
17.926591873168945,0.0024433344349122795
18.07213306427002,0.0010687639853089951
18.080860137939453,0.026478879378536394
18.095564603805546,0.0028412044841715682
18.214786529541016,0.10154035470629807
18.219247102737427,0.19228767656713938
18.38997530937195,0.005320489408191967
18.463812351226807,0.0019249554040932375
18.53354501724243,0.0008035839148133324
18.701334476470947,0.03950406232908965
18.711063623428345,0.04839033326471551
18.7235689163208,0.0075933788592148135
18.86646032333374,0.1074709715421408
18.87423348426819,0.05852331738090692
19.025693893432617,0.17844029487944735
19.099957704544067,0.0466111188260515
19.17520356178284,0.0034344644110515096
19.326316833496094,1.3318079453438294
19.336796283721924,0.48997852146077336
19.36307501792908,0.25444952549082717
19.50285267829895,0.409631235986791
19.51003098487854,0.7485465299297759
19.70221781730652,0.030520356685958323
19.77149200439453,0.024000014288845378
19.86271715164185,0.1645072343365231
20.022823810577396,0.01616762597352653
20.023935556411743,0.09497014843846256
20.04350852966309,0.06323534650994417
20.164366483688354,0.15862413092750186
20.168757677078247,0.00589918621920203
20.35267281532288,0.15954358205749974
20.4209725856781,0.016921039009111922
20.524065494537357,0.225050802817884
20.659024477005005,0.14216817227993434
20.664042472839355,0.04235675259846728
20.684844493865967,0.025290446657270493
20.79590749740601,0.03925086918818814
20.817280530929565,0.08493960524589081
20.991119623184204,0.46616884364864125
21.066696405410767,0.14944503622733685
21.15270185470581,0.00797922513535085
21.31594395637512,0.26999497414696316
21.32175350189209,0.3663337181513202
21.3318030834198,0.026759329176131823
21.46081829071045,0.00303084159915652
21.473689317703247,0.008536816124628052
21.64615225791931,0.22672444623186658
21.734744548797607,0.21446702601008746
21.81899762153625,0.08493996252169064
21.971214771270752,0.0008187820384513085
21.97373867034912,0.0037727939405791094
21.999367475509644,0.0011876137583102862
22.106287479400635,0.01374410874018041
22.118351697921756,0.008383012478415941
22.29652237892151,0.34785591532173116
22.37768864631653,0.18813184035262373
22.45947861671448,2.4684015335202494
22.63649868965149,0.8585083058661521
22.64574360847473,0.8173451017457719
22.65897536277771,0.007187214362457964
22.789002418518063,0.2983488818005747
22.801506280899048,0.20289517564139717
23.014359712600708,0.033227747872578324
23.09536027908325,0.010913125737539154
23.185110330581665,0.0005088204695412603
23.344923973083496,0.07269499976386316
23.354707956314087,0.07489178772427268
23.36968421936035,0.15947049097399524
23.50678777694702,0.13755696801592798
23.51051068305969,0.31062679830538453
23.709659814834595,1.5217632483651156
23.7958722114563,0.00012557128336082452
23.912264347076416,1.1316614701254961
24.094300746917725,1.3888389341548741
24.102516412734985,0.7229717594014616
24.12293767929077,0.5359501992392366
24.280866622924805,0.0007952088813094565
24.28893256187439,0.00017867640497702054
24.496865272521973,0.029335587723296697
24.556541204452515,0.13270257928514134
24.661323308944706,1.857857971197393
24.82219886779785,0.009390518769393107
24.828643798828125,0.016071373099496588
24.85030508041382,0.4697442216753808
24.96599507331848,0.00612679440994184
24.976550817489624,0.03000789372250248
25.1696674823761,0.0062046712260758604
25.23982048034668,0.011900241226506023
25.33654308319092,0.03252283031016625
25.49694418907165,0.3150936101520692
25.50089979171753,0.017903934392405552
25.52777099609375,0.015243078340123277
25.65705680847168,0.5324365184669705
25.663105487823486,0.1525900719051466
25.87672209739685,0.3958170727278129
25.960268259048465,0.03157059353333244
26.04018235206604,0.1417946689323667
26.21139478683472,0.14398352083962274
26.218416213989254,0.07393566999918981
26.235655307769772,0.0038513349690612424
26.34597396850586,0.12207513721613102
26.35876989364624,0.023247592241528774
26.55408787727356,0.24680562169058323
26.632386445999146,0.019441202893221553
26.72924780845642,0.017759484757213614
26.88355302810669,0.5725953673203964
26.890676259994507,0.34353359248456794
26.90949940681457,0.007738222405724596
27.049067735672,0.15203003071548687
27.066036462783813,0.4526557866022414
27.244373083114624,0.12538983546329127
27.32642102241516,0.06969728136626292
27.399089336395264,0.12557519586703503
27.614595413208008,0.2124476174144247
27.614779710769653,0.9314999754426383
27.639684915542603,0.10622069019377936
27.77672863006592,0.07453279544526782
27.79171347618103,0.07573160561672992
27.95586371421814,0.5026673246682807
28.04108953475952,0.08307960552620003
28.143850564956665,0.007902609782539378
28.415457487106323,0.0007116103103117568
28.41723322868347,0.03288422895860443
28.437211275100708,0.18715927829650772
28.604017734527588,0.010371306618997664
28.60853171348572,0.03013543439525682
28.8130316734314,0.001223123846711445
28.88150787353516,0.04454404740210512
28.956729888916016,0.02517141737304383
29.131394386291504,0.003031845073830813
29.138610363006592,3.8685960072745
29.159231424331665,0.41810037309039416
29.263038873672485,0.9811845727694665
29.27688956260681,0.0022174560517107113
29.44764614105225,0.7073180845224624
29.537774801254272,0.1924699114485076
29.61315989494324,0.004559220297223804
29.796964645385746,3.0466543225986675
29.81592059135437,0.4991764957070973
29.84318280220032,0.3737872278801756
29.99756526947021,2.1339311361932514
30.01198101043701,0.8087656303288773
30.191351413726807,3.0862369813672728
30.27389669418335,1.0571696403162276
30.36316967010498,0.1405518127806337
30.527072191238403,0.041375050513264254
30.535205602645878,0.19701555101852108
30.560280799865723,0.015550141440405911
30.690261363983154,0.032267382947827064
30.702025890350345,0.003733374240428508
30.857771396636963,0.07281448863198353
30.933268785476685,0.0002896705613595534
31.04540061950684,0.012164162539792469
31.223933458328247,0.0011583275661026496
31.22892928123474,0.0022342456163829466
31.246018648147583,0.03309440922870058
31.389965295791622,0.0005440223686116075
31.39371013641357,0.007388347196633518
31.602150917053223,0.0077146751065822645
31.67396211624145,0.002343307833765281
31.759209871292114,0.02460588406422537
31.936851501464844,9.75869020097892e-06
31.948549032211304,2.516285491680038e-08
32.082274436950684,0.010232175044993326
32.089595317840576,0.0037594689860936804
32.29273557662964,0.0004381709655397169
32.368534088134766,0.031026125026061512
32.451319456100464,0.03256184820670314
32.62215709686279,0.020333975501755547
32.62226128578186,0.0011270030632922847
32.6404664516449,0.004669299429672606
32.79314422607422,0.06392757426659802
32.80473232269287,0.0010615710106075804
32.981008529663086,0.0010926491942746261
33.06401586532593,0.0024244760029740416
33.16272020339966,0.040163575635766564
33.32182288169861,0.12071081965156634
33.32742643356323,0.005680116816667827
33.3502311706543,0.00016101743258448395
33.476311445236206,0.051169876820136816
33.49356412887573,0.0020704076924826305
33.687723875045776,0.06881925856044747
33.75517821311951,3.8381519597825016e-05
33.841153144836426,0.016882310518557903
34.02324175834656,0.009733709199480613
34.031455993652344,0.16575123511156895
34.066195487976074,0.014761722723807399
34.19596028327942,0.06549106917693655
34.20323920249939,0.004405825463665426
34.39571475982666,0.03883751558535241
34.4656982421875,0.08501114802649339
34.54372358322144,0.0018751633816503712
34.710336685180664,0.6613669448105007
34.71862030029297,0.00016500688132232253
34.734333753585815,0.08314205223143689
34.862157583236694,0.602813087667339
34.8760678768158,1.5895853573311827
35.02621269226074,0.686854670625925
35.098703145980835,0.30545637229550227
35.18202996253967,0.001416131780436752
35.34700345993042,1.4214133885051496
35.354410886764526,0.3121139883551458
35.37539601325989,0.038848618687943336
35.50941252708435,1.1117609856904522
35.522045850753784,0.9217056110255338
35.734790563583374,0.004181535035782431
35.81478142738342,0.05929301488789219
35.90872550010681,0.3401585513154028
36.0684928894043,0.06020241113812614
36.08393836021423,0.02209510877799683
36.100701570510864,0.8340969915621255
36.238112688064575,0.42321368347392774
36.24485087394714,0.8310815675178901
36.397289752960205,0.7939757279761156
36.48098874092102,0.23046560572477706
36.56877160072327,0.12850975249710794
36.75667333602905,0.038867815461599856
36.75762844085693,0.13228910136547928
36.7748703956604,0.02300682067660897
36.99255108833313,0.1348150634099582
37.00239896774292,1.2834049309676083
37.20769691467285,1.9017050582493653e-05
37.29507613182068,0.013637465796633705
37.37830328941345,0.8031366762250747
37.53470706939697,0.0007641211302289401
37.54267930984497,0.2096591968120295
37.56982088088989,0.1972760315258273
37.72065091133118,0.018890736344670103
37.72708201408386,0.11345484506416245
37.912288427352905,0.32451587916866526
37.9797158241272,0.0008538909625708442
38.05436182022095,0.34635172295255146
38.21374797821045,0.30169674746850145
38.22039532661438,0.0060639920643379185
38.2428994178772,0.4654271314010032
38.42355108261109,0.0030733018799920433
38.439720153808594,0.0023193373647663537
38.61111235618591,0.04529572688209311
38.69526529312134,0.0029147292730254785
38.78264760971069,0.12382018430279045
38.95996427536011,0.002556569341978566
38.9856858253479,8.5830458589893e-05
39.10088396072388,5.3448084828588436e-05
39.10846638679504,0.02365453960764471
39.29101061820984,0.04331223984036623
39.40581274032593,0.0013977990467865173
39.50374054908752,0.26594926637396443
39.657390832901,0.10661257969481147
39.66296815872192,0.06038848018889589
39.68620538711548,0.0035560111396283896
39.81194877624512,0.07321161118317085
39.82512927055359,0.04408956616773869
40.28636169433594,0.017177714197201634
40.366506814956665,3.267111952188295
40.46737098693848,0.3140779424330331
40.62803769111633,0.028574048312570332
40.64190173149109,0.802737104510696
40.65529775619507,0.34829689040017087
40.80248641967773,0.11046217434443967
40.83272457122803,0.134832377447192
41.03536486625672,4.7712705873087975
41.09628748893738,2.560895568590603
41.171435832977295,0.8883859857741317
41.31908988952637,0.35603648714159336
41.32627749443054,0.11378088048585312
41.35034680366516,0.0881912059584958
41.46074175834656,0.024735075558384036
41.47017168998718,0.027437313958564295
41.73725700378418,0.004187456392250492
41.81925320625305,0.06280145030031622
41.90405535697937,0.03212551535185499
42.06609749794006,0.022561625034149813
42.07629036903381,0.02636714444612704
42.10154700279236,0.011384711380686696
42.266401052474976,0.08267058517434907
42.2751054763794,0.03965723019844821
42.49115490913391,0.64812040280302
42.57325458526611,0.0017914433466373774
42.65184116363525,0.23672124037196648
42.83545970916748,0.49962646461246546
42.85106444358826,0.19506740930138264
42.86653280258179,0.006667624579024139
42.99366760253906,0.07583459304234126
43.00049018859863,0.007320569817640664
43.17222213745117,0.2732865918983656
43.24072289466858,0.036315137269784144
43.32897567749024,0.47321316483129927
43.49791955947876,0.00025794272351648917
43.50748229026794,0.09276885184276919
43.52635502815247,0.1145489141483526
43.65069699287415,0.16962594309011314
43.662675619125366,0.002025349009563777
43.836687088012695,0.04792996648346709
43.9210889339447,0.4493977405009994
43.99707055091858,0.001415960567090998
44.16000533103943,0.1425261088253313
44.16372680664063,0.07962073035932209
44.20117115974426,0.018233620280832884
44.326114654541016,0.0027100725069269757
44.33320665359497,0.0007586996514706444
44.53207087516785,0.5113761952263355
44.60553169250488,0.08062893426920509
44.71410942077637,0.47151437911114064
44.88896989822388,0.8518663131468234
44.89458012580872,0.005214933489792676
44.91911506652832,0.03184752433997846
45.05109357833862,0.37413914632113776
45.06405663490296,0.005407389274194263
45.25931715965271,0.1796423495070167
45.327308893203735,0.07275115417005032
45.426743030548096,0.012924534820103816
45.60722327232361,1.5552683212681738e-05
45.60979509353638,0.24817311720587396
45.62308597564697,0.07038488828012755
45.77121686935425,0.029376236995156197
45.7838568687439,0.1695553170768156
45.928035736083984,0.004696170702390666
46.00784850120544,0.03660523652300884
46.11049675941467,0.026165799663096654
46.270187854766846,0.022108806289925308
46.27606463432312,0.3937901426710283
46.29843068122864,0.0001535923834409955
46.43023109436035,0.04624929199703348
46.43639016151428,0.3291952532447666
46.5941436290741,0.04184033894352019
46.68556880950928,0.0003596736558774055
46.777745962142944,0.1264411548479714
46.944735050201416,0.032659646130746595
46.95097494125366,0.01889307215066015
46.96644687652588,0.11820881012843752
0.3503751754760742,0.445980385972473
0.4982657432556152,0.15197931534686715
0.7125406265258789,0.49473927441559973
0.9698386192321776,2.6195314098603135
1.0683097839355469,0.3423222612777509
1.2613885402679443,0.6091314824050468
1.2710094451904297,0.18788412976905444
1.2912132740020752,0.5407355712638847
1.4236254692077637,0.5709384161725174
1.45048189163208,0.14705522565230356
1.6472361087799072,0.825871294761621
1.7511849403381348,0.1085412913765444
1.8798527717590328,0.16095642136545374
2.081324577331543,0.23385137282170576
2.091620683670044,0.0006189011462772391
2.1006319522857666,0.42751620969342524
2.235121726989746,0.06747630298558709
2.2637946605682373,0.05415880412076002
2.427430868148804,0.24418061484854806
2.492992401123047,6.998030587701006e-05
2.5671844482421875,0.06211377454242386
2.7761716842651367,0.002632965304780686
2.7772085666656494,0.05856440893123703
2.798250436782837,0.023425329377029847
2.931126356124878,0.010242835656921731
2.9493930339813232,0.06332139053013783
3.128087043762207,0.06827160999801132
3.2015888690948486,0.003984540588636101
3.275610446929932,0.05131471596949691
3.446737289428711,0.0098339268323316
3.452458381652832,0.10729313003764429
3.472156286239624,0.02784828622863911
3.596189498901367,0.024769030132569515
3.621960878372192,0.07774558344347211
3.832648992538452,0.128094176700692
3.900781631469727,4.373804810049973e-06
3.984384298324585,0.025989595500948204
4.139311790466309,1.585777992206273e-05
4.155627965927124,0.004502600707247662
4.170644760131836,0.02660220937588012
4.3069748878479,0.020402059747826676
4.322221755981445,3.8862084959499615e-05
4.512933969497681,0.019000101481907096
4.611441135406494,0.010209631469152977
4.718738079071045,4.156626537003746e-05
4.893465757369995,0.14411569261042684
4.90649938583374,0.011166043527542824
4.921217679977417,0.003459427101727421
5.062073230743408,0.03717229898520673
5.069717884063721,0.05411994679213761
5.256548881530762,0.10952644526880317
5.348311424255371,0.026939109960315434
5.443886756896973,0.031031017683636537
5.72564435005188,0.045528056718224935
5.733227968215942,0.0009124325981741999
5.750820636749268,0.009154840972876594
5.881100177764893,0.050301517115796404
5.89003849029541,0.00015164527396747192
6.111047029495239,0.051613178231378155
6.201472997665405,0.020612872779606235
6.294115304946899,0.0007918993183378262
6.57157301902771,0.030914945325708557
6.572055339813232,2.1422525141780514e-05
6.599911212921143,0.0007087860920702967
6.720933198928833,0.001066574420399749
6.731119394302368,0.016477931787106045
6.9089674949646,0.0032387272872440656
6.996532917022705,0.003473485386059042
7.0748350620269775,0.00919076011041751
7.279354810714722,0.00015021945947428907
7.289105176925659,0.012030969092278465
7.3050315380096436,0.0013473784208398063
7.447721719741821,0.0021363576118497807
7.45954418182373,8.57066918944243e-05
7.619811773300171,0.0093806682031326
7.683944463729858,0.0007416383651151774
7.764947891235352,0.001421065780881669
7.936783075332642,0.004683059899753341
7.944842576980591,0.00622586888934124
7.955580234527588,1.4683501998070999e-05
8.098501682281494,0.00012415936301909744
8.107009172439575,0.0029269701362032783
8.288851499557495,0.004652605625302132
8.372855186462402,0.046817964896079464
8.46407699584961,0.005150473835403657
8.658297300338745,0.08482109290371799
8.663246393203735,0.0011829324156763462
8.686495065689087,0.00021245631994553033
8.82112979888916,0.0008099828007944012
8.837705135345459,0.01496187633622223
9.012124300003052,0.0110025310758459
9.081712245941162,0.017875750637704992
9.177004098892212,0.023536660094182416
9.366562604904177,0.07372741767009601
9.37877631187439,0.18845888419146103
9.398603439331056,0.001323170418409817
9.541759729385376,0.18744781791990378
9.54194402694702,0.07207353726922411
9.705994367599487,0.31697246133250895
9.774887800216677,0.0648228430984222
9.865545272827148,0.21669205829791874
10.021490097045898,1.8302116098755365
10.031056880950928,0.001016631367165068
10.045485019683838,1.1775936463713126
10.195169687271118,1.5367734575794108
10.211616277694702,0.8934328001440971
10.400827884674072,0.9258729693409673
10.472589015960692,0.43813980090676746
10.552252531051636,0.2234794433023467
10.707992792129517,3.4426081196498703
10.722308874130247,0.834927489962493
10.740935564041138,0.20279996282836604
10.867446184158323,4.643791495984495
10.874513149261476,0.44668549138050684
11.0702965259552,0.8101505696542209
11.14520025253296,0.3654464831789683
11.217618465423584,0.19403497564416275
11.36869215965271,1.9672737065915895
11.375830888748167,0.01284927769364088
11.390620470046995,1.2126671610291029
11.50059938430786,0.9305586340793741
11.518620252609251,1.1580154165117644
11.722487688064575,0.3804329922396622
11.794343948364258,0.12606223479406925
11.87745451927185,0.0003521642382344502
12.03495168685913,0.10539821640959084
12.04155969619751,0.10445865927148103
12.058472871780396,0.05508883766581595
12.174588441848757,0.060817131372577875
12.17821717262268,0.10879252938087067
12.359369277954102,0.011840702679537629
12.43572735786438,0.026045179448010842
12.525996446609495,0.06970269077815976
12.676398515701294,0.09835022660487816
12.686237812042236,0.014898096604273832
12.703079462051392,0.15859198781821804
12.823917150497437,0.0298860198496625
12.842756271362305,0.004075226468548917
13.026163578033447,0.1768902946094678
13.11101222038269,0.01299345338210195
13.221250772476196,0.03698443971190459
13.392305612564089,0.4049624605959368
13.398088932037354,4.54198135200557
13.438477993011476,1.0975001301722225
13.576173067092896,0.05275011837957
13.58045768737793,1.1682584618388547
13.748908281326294,1.8128223166982282
13.809990167617798,0.5141591760120688
13.883336067199709,0.08147501203311902
14.05279803276062,0.0019586650689068594
14.060389280319214,0.2191119729820794
14.076924800872805,0.04340505217852472
14.194758892059326,0.013515254770992753
14.204729557037354,0.18509853320653763
14.383516550064089,0.017626076245346047
14.450619220733644,0.07570657048979634
14.545749425888062,0.027120310155077543
14.5570809841156,0.03427996373105109
14.714020490646362,0.12611407694992016
14.717081069946287,3.554385765318017
14.739128589630129,0.3471338478855319
14.871465682983398,0.00022008427690418215
14.876978397369385,0.017304183137699165
15.04127550125122,0.4733235680977902
15.15457010269165,0.07985821347287025
15.25328278541565,0.075016706570449
15.428239345550535,0.21972924466582536
15.430318355560305,0.012016873533042413
15.451544284820557,0.0028886009419476777
15.560590744018556,0.07267741322303943
15.592593669891356,0.00753249136744242
15.737905740737917,0.04442362039938739
15.803274393081663,0.12017812403826081
15.893445491790771,0.007676752547500238
16.0305438041687,0.06998176948020655
16.039869785308838,0.004683625856248063
16.059894323349,0.0027939563279805544
16.200668334960938,0.0030496571089828352
16.214339017868042,0.03379845239818821
16.39845585823059,0.5095175037263214
16.461854934692383,0.1974234154173805
16.54778289794922,0.0008500514607623074
16.73780608177185,0.028617973587125863
16.743797063827515,0.00015350048818372027
16.763628244400024,0.004787049787814891
16.881362199783325,0.007067207533848255
16.896223783493042,0.010915402556918863
17.106248378753662,0.014360825903860387
17.196248292922974,0.01647198969250788
17.276691675186157,0.1605227681401419
17.43702244758606,0.06350026611302009
17.440000772476196,0.5885364251120699
17.46043848991394,0.1042748670867571
17.57658863067627,0.09306600342668658
17.589466094970703,0.3525260545034983
17.77362036705017,5.852866604443212e-05
17.851881742477417,4.363759934728551e-07
17.926591873168945,0.001019067505504306
18.07213306427002,0.0006583086554435285
18.080860137939453,0.032432270881507894
18.095564603805546,0.006956403007011922
18.214786529541016,0.1354374888633306
18.219247102737427,0.2525616244233487
18.38997530937195,0.014892532740980792
18.463812351226807,0.005482837251179169
18.53354501724243,0.002125194039548909
18.701334476470947,0.04519574459687354
18.711063623428345,0.059416286498278736
18.7235689163208,0.011862158117792745
18.86646032333374,0.1661875272972994
18.87423348426819,0.08265566432569968
19.025693893432617,0.2381346140613452
19.099957704544067,0.05044853925389233
19.17520356178284,0.010482699848965939
19.326316833496094,1.6841232950011948
19.336796283721924,0.8117863758666337
19.36307501792908,0.42138540960261106
19.50285267829895,0.5037060254458842
19.51003098487854,1.1546428114447622
19.70221781730652,0.0548575948775693
19.77149200439453,0.03692868119637779
19.86271715164185,0.22016282620940547
20.022823810577396,0.02478685594681773
20.023935556411743,0.13233196452249735
20.04350852966309,0.082265333703317
20.164366483688354,0.23066916045327687
20.168757677078247,0.006723455215035938
20.35267281532288,0.24551295150058552
20.4209725856781,0.02065271085363748
20.524065494537357,0.3205788042081231
20.659024477005005,0.19402493773660767
20.664042472839355,0.05167779158685302
20.684844493865967,0.027620124970474
20.79590749740601,0.04429483361755373
20.817280530929565,0.10174815643675167
20.991119623184204,0.7076729272874467
21.066696405410767,0.1956990835400131
21.15270185470581,0.018638440834580706
21.31594395637512,0.4005538642711327
21.32175350189209,0.5076944646523484
21.3318030834198,0.04512506184929016
21.46081829071045,0.0017770693982247445
21.473689317703247,0.008357772281909485
21.64615225791931,0.3454694067156771
21.734744548797607,0.28726575660315423
21.81899762153625,0.09219203626652378
21.971214771270752,0.006905814350100742
21.97373867034912,0.010522584896265893
21.999367475509644,0.0003862296973948067
22.106287479400635,0.014186622130724092
22.118351697921756,0.016540200266038772
22.29652237892151,0.46015137399846684
22.37768864631653,0.2167056613135933
22.45947861671448,3.338644680337762
22.63649868965149,1.3259819045106185
22.64574360847473,1.152118468011003
22.65897536277771,8.005861836841824e-05
22.789002418518063,0.4674579247275359
22.801506280899048,0.300542855088963
23.014359712600708,0.044336255256865284
23.09536027908325,0.016814422303931927
23.185110330581665,0.0018490119247050645
23.344923973083496,0.07871880201114684
23.354707956314087,0.08210190072290753
23.36968421936035,0.24105057587315795
23.50678777694702,0.166770437096114
23.51051068305969,0.38807305485642085
23.709659814834595,2.11275839595949
23.7958722114563,0.002914357122272369
23.912264347076416,1.5298393127969978
24.094300746917725,1.6614916567777023
24.102516412734985,0.8058705105294214
24.12293767929077,0.6188321491863314
24.280866622924805,0.004264435589824984
24.28893256187439,0.0018987262237448604
24.496865272521973,0.04204279081976286
24.556541204452515,0.17004833538632838
24.661323308944706,2.300684665237351
24.82219886779785,0.013358785464085822
24.828643798828125,0.020043143729743782
24.85030508041382,0.4895580032570504
24.96599507331848,0.0099911182903426
24.976550817489624,0.04114689632156652
25.1696674823761,0.0017718680726656767
25.23982048034668,0.009296686163946249
25.33654308319092,0.03133052466103077
25.49694418907165,0.42378203388822927
25.50089979171753,0.0332146917628589
25.52777099609375,0.041260985977527254
25.65705680847168,0.6816426766676217
25.663105487823486,0.23047584056956807
25.87672209739685,0.59958338433058
25.960268259048465,0.04410914696937228
26.04018235206604,0.18629365894800523
26.21139478683472,0.24467595043764823
26.218416213989254,0.09476428086831905
26.235655307769772,0.006915229844720982
26.34597396850586,0.18530145472594067
26.35876989364624,0.03240215433613358
26.55408787727356,0.32601487833669457
26.632386445999146,0.016588790852539195
26.72924780845642,0.0158459944162571
26.88355302810669,0.8529217882132366
26.890676259994507,0.4895796795481513
26.90949940681457,0.015578578852673625
27.049067735672,0.20146445188545276
27.066036462783813,0.6679627520361128
27.244373083114624,0.17131296414769764
27.32642102241516,0.08590032396372901
27.399089336395264,0.1916807653405844
27.614595413208008,0.2909989532810261
27.614779710769653,1.2435373816224211
27.639684915542603,0.17618652924076755
27.77672863006592,0.13059972562266844
27.79171347618103,0.08306616264412316
27.95586371421814,0.7179784873753295
28.04108953475952,0.11127749356691431
28.143850564956665,0.015266139146976105
28.415457487106323,0.00044580294154596074
28.41723322868347,0.03914997980323444
28.437211275100708,0.29014073674159724
28.604017734527588,0.014062421513871014
28.60853171348572,0.04125124517451049
28.8130316734314,0.002152702352859779
28.88150787353516,0.06179669679865177
28.956729888916016,0.03596978834833906
29.131394386291504,0.007893388036971184
29.138610363006592,5.428910722429884
29.159231424331665,0.6869931096154972
29.263038873672485,1.490602847406443
29.27688956260681,0.021808603032899422
29.44764614105225,1.0000903705296185
29.537774801254272,0.26784451068962684
29.61315989494324,0.007610028155517993
29.796964645385746,3.5669105759751094
29.81592059135437,0.5893876789886384
29.84318280220032,0.44831124278781215
29.99756526947021,2.22311298145972
30.01198101043701,0.8672240655402212
30.191351413726807,3.2798475956923285
30.27389669418335,1.0844665286765152
30.36316967010498,0.1567362700685704
30.527072191238403,0.05154784650986445
30.535205602645878,0.1752969947765507
30.560280799865723,0.018171131366750342
30.690261363983154,0.034808118754460236
30.702025890350345,0.004290539120577012
30.857771396636963,0.07311720646585501
30.933268785476685,0.0007774223312230266
31.04540061950684,0.016701264220681366
31.223933458328247,0.0006439368938675637
31.22892928123474,0.0032625973458918606
31.246018648147583,0.038414213860981566
31.389965295791622,0.0006845764161017039
31.39371013641357,0.009264746003935754
31.602150917053223,0.009785292225519639
31.67396211624145,0.0026922391896200856
31.759209871292114,0.02881323618610869
31.936851501464844,0.00017252714124522283
31.948549032211304,2.8515126266804887e-05
32.082274436950684,0.014240706151630433
32.089595317840576,0.004901818333650568
32.29273557662964,0.000642792047394141
32.368534088134766,0.04154838167164601
32.451319456100464,0.04116877886467138
32.62215709686279,0.03316407161761049
32.62226128578186,0.0016683442548822774
32.6404664516449,0.007149272132981714
32.79314422607422,0.08321768123957268
32.80473232269287,0.0004533190586171698
32.981008529663086,0.004855833209597723
33.06401586532593,0.0018811631099329745
33.16272020339966,0.05155534203608816
33.32182288169861,0.19233465344273176
33.32742643356323,0.009039647328337359
33.3502311706543,0.0002907642112598576
33.476311445236206,0.07219635357772858
33.49356412887573,0.0038922348469260532
33.687723875045776,0.08047120293002509
33.75517821311951,0.0009072657044407655
33.841153144836426,0.0310677502220743
34.02324175834656,0.021881791538545844
34.031455993652344,0.2303838885508428
34.066195487976074,0.017332488819530076
34.19596028327942,0.08868491352916993
34.20323920249939,0.010572119666826266
34.39571475982666,0.03409676123970953
34.4656982421875,0.0941049977509962
34.54372358322144,0.003896483885990408
34.710336685180664,1.0017657736991388
34.71862030029297,0.003906826993077017
34.734333753585815,0.13850013692925586
34.862157583236694,0.854523197531257
34.8760678768158,2.055680234174127
35.02621269226074,0.9888262051735948
35.098703145980835,0.41220518199612843
35.18202996253967,0.00013932589069454613
35.34700345993042,1.9471212133857725
35.354410886764526,0.547728112008053
35.37539601325989,0.02475842738484176
35.50941252708435,1.4401013516676802
35.522045850753784,1.381423231683671
35.734790563583374,0.008006754103890228
35.81478142738342,0.0729040024529262
35.90872550010681,0.5164459048518812
36.0684928894043,0.05835841426104715
36.08393836021423,0.012031414998892024
36.100701570510864,1.1227866554680497
36.238112688064575,0.4839490202731324
36.24485087394714,1.0411412582460262
36.397289752960205,0.8585975205073149
36.48098874092102,0.2104508950459752
36.56877160072327,0.16476799477716036
36.75667333602905,0.06025908801115701
36.75762844085693,0.20747766502761406
36.7748703956604,0.021143587704704068
36.99255108833313,0.1914903865442153
37.00239896774292,1.5690573383974826
37.20769691467285,0.0016727045456407868
37.29507613182068,0.023751280791426323
37.37830328941345,1.045683115409375
37.53470706939697,4.1713955202103e-05
37.54267930984497,0.26411636236748903
37.56982088088989,0.23699739466541583
37.72065091133118,0.0265618127955822
37.72708201408386,0.13223563490399948
37.912288427352905,0.4486536457747299
37.9797158241272,0.0011347818558411318
38.05436182022095,0.4015606346594255
38.21374797821045,0.31269811824050087
38.22039532661438,0.008839531956327721
38.2428994178772,0.5508783248071902
38.42355108261109,0.012923416469045924
38.439720153808594,0.006512814578201435
38.61111235618591,0.05730275409330743
38.69526529312134,0.003503537537130163
38.78264760971069,0.12552787354301273
38.95996427536011,1.9028136069169746e-06
38.9856858253479,0.004931332099430296
39.10088396072388,0.00194254883850852
39.10846638679504,0.029636066857957895
39.29101061820984,0.05158992376401169
39.40581274032593,0.005205894955613124
39.50374054908752,0.44359135072505496
39.657390832901,0.20333063149196487
39.66296815872192,0.09277399510766819
39.68620538711548,0.009296265412255924
39.81194877624512,0.11097380792921564
39.82512927055359,0.058635507209581
40.28636169433594,0.03466142568277343
40.366506814956665,4.602309394106411
40.46737098693848,0.49287358415611116
40.62803769111633,0.07380136827230643
40.64190173149109,1.1487013729634583
40.65529775619507,0.49996338775096316
40.80248641967773,0.13969062660122916
40.83272457122803,0.17029202259035173
41.03536486625672,5.876732193281524
41.09628748893738,3.101644056172545
41.171435832977295,1.0925532463916696
41.31908988952637,0.465462601048029
41.32627749443054,0.1714662088460464
41.35034680366516,0.13630096461202598
41.46074175834656,0.04028834056764136
41.47017168998718,0.01793899621891357
41.73725700378418,0.002496822910025631
41.81925320625305,0.06455881371827912
41.90405535697937,0.033077597386028175
42.06609749794006,0.028287182898292535
42.07629036903381,0.030252452900457447
42.10154700279236,0.013362413694319508
42.266401052474976,0.09107455974551944
42.2751054763794,0.03952170231275356
42.49115490913391,0.7872135515512416
42.57325458526611,0.000754718567712463
42.65184116363525,0.29346338083841417
42.83545970916748,0.5916909153231514
42.85106444358826,0.22267581251214724
42.86653280258179,0.00585080900474216
42.99366760253906,0.0797728705767811
43.00049018859863,0.0055147951875903845
43.17222213745117,0.37371930087041777
43.24072289466858,0.04583186673480702
43.32897567749024,0.5908503061529785
43.49791955947876,0.0002757762617424196
43.50748229026794,0.10539925450005817
43.52635502815247,0.13280705388739616
43.65069699287415,0.24403720317146121
43.662675619125366,0.002601057837335294
43.836687088012695,0.06822590417970957
43.9210889339447,0.593293437770822
43.99707055091858,0.0006318203466255259
44.16000533103943,0.20137148249312128
44.16372680664063,0.0954118988467832
44.20117115974426,0.024482093308299854
44.326114654541016,0.003366241933366863
44.33320665359497,0.00015717297417425344
44.53207087516785,0.684777736610477
44.60553169250488,0.08248905771367562
44.71410942077637,0.6852368872025368
44.88896989822388,1.1342665771928162
44.89458012580872,0.001938862805513013
44.91911506652832,0.051458119376057286
