timestamp,tracker,nis,S,R_eff
0.4275853633880615,ifo001,1.1108265565876083,1.363815616052674,0.0121
0.7642710208892822,ifo002,1.2173156445971314,4.379153788033135,0.0121
0.7749209403991699,ifo001,1.3194475360022992,0.2647711370291832,0.012103343710764089
0.8093702793121338,ifo002,0.6571673314858026,0.06010504463992332,0.012106540106983796
0.8368966579437256,ifo002,0.27527776962027434,0.20130102963971225,0.012102071889883003
0.8713059425354004,ifo001,0.18141252921204196,0.45867568499942574,0.012115900165616743
0.9026200771331788,ifo002,0.354708395672907,0.026584168074563735,0.012075582496360886
1.4373207092285156,ifo002,0.14250931198227293,0.2552402425816347,0.01203121848556047
1.462533950805664,ifo001,2.958427656574704,0.15511919644906552,0.012102406833682506
1.491427659988403,ifo002,0.05194288979273702,0.026182556756677442,0.011963333303003488
1.512155055999756,ifo002,0.23781159887777767,0.020953625029070222,0.011870543316451501
1.5417494773864746,ifo001,0.22522161214331632,0.03229008063142085,0.01214793577163492
1.5805995464324951,ifo002,0.809371988056284,0.017925382206672422,0.011761510943531018
1.6071510314941406,ifo002,0.015829065363694567,0.01611596230104683,0.011658631445932975
1.6869049072265625,ifo001,0.018759083574539658,0.3043218539374491,0.012166769994397779
1.6912903785705566,ifo001,1.2420286589494001e-05,0.02190963522231242,0.012154059054119891
1.7166106700897217,ifo001,1.340514559096487,0.017172723935991632,0.012110896112388447
1.867071866989136,ifo001,0.0033810059235176502,0.02788911162200821,0.012082965700383384
1.8727011680603027,ifo001,0.18899685183691675,0.017855004121392244,0.012025722175567553
1.9377760887146,ifo002,3.3863891771561634,0.04724718343906296,0.011532704457065166
2.0173797607421875,ifo002,1.1181465909458255,0.10018064149123304,0.011503484312259657
2.093153715133667,ifo002,0.13830205723018257,0.021547634600848527,0.01148247594549249
2.14763617515564,ifo002,0.0011249590222715414,0.017099686453402783,0.01143771645084867
2.170276165008545,ifo002,0.03636993220237388,0.016716498580479515,0.011366207062919605
2.1788172721862797,ifo002,0.1727646934402181,0.014972286356920618,0.011271039253783675
2.2348763942718506,ifo002,0.6552867989479871,0.014922148817498208,0.01117579008516434
2.272791862487793,ifo002,0.9671594371251152,0.014195398077852391,0.011121169083633491
2.6324234008789062,ifo002,0.0959596106409813,0.024793627905008185,0.011073536768183798
2.7203917503356934,ifo002,0.2628096728174922,0.02619474127611061,0.011016528124963815
2.805884599685669,ifo002,2.436309180544092,0.02138013847316474,0.010954169979904067
2.850284576416016,ifo002,2.0116233787732156,0.017595592880113965,0.010926034541411611
2.875053644180298,ifo002,0.22512171957213856,0.021633515993269205,0.010918947130765144
2.8874168395996094,ifo002,0.017211864571681883,0.017907431686390213,0.010902244688214581
2.937339782714844,ifo002,0.02206490883728212,0.014406433025339992,0.01087316490492811
2.9643867015838623,ifo002,0.3401391905702627,0.014013628820875257,0.010832627613680106
3.0863616466522217,ifo001,4.636773210720776,0.3107217359151864,0.01194743433092151
3.094388246536255,ifo001,0.4936467166030517,0.04741982853407698,0.011990117999603494
3.1107945442199707,ifo001,0.540419085334241,0.031034498983047294,0.012014525892777607
3.2735583782196045,ifo001,0.20751772981494607,0.030490465807153533,0.012023258757383883
3.286770820617676,ifo001,0.02387560756998593,0.016848775881008773,0.012007215211417102
3.3548946380615234,ifo002,0.036771458732256776,0.025489189654346163,0.01078722989233807
3.425629138946533,ifo002,0.0958741163886972,0.021343376638501978,0.010731962595889624
3.45749306678772,ifo001,1.4756078607731973,0.01954988131082303,0.011962053956151542
3.604898691177368,ifo002,1.0381756208701338,0.023286586200159436,0.010668823005893679
3.618603467941284,ifo001,0.5577710307533387,0.021620067895411252,0.0119370359659283
3.661647319793701,ifo002,1.195278711853377,0.01758051133315246,0.01061656334147887
3.684007406234741,ifo002,0.0017993483733235566,0.0172941331288328,0.010576618226439276
3.691554069519043,ifo002,0.0022443065651623142,0.014614613825004598,0.01052633763672967
3.729237079620361,ifo001,0.9770166812991875,0.02456689320131443,0.011900934934365372
3.766090869903565,ifo002,0.028154677135098474,0.014457081785618577,0.010466577461646864
3.798715353012085,ifo002,0.08835139341754306,0.013544600428976967,0.01039870192020537
3.88335633277893,ifo001,1.5472290253213405,0.035108152748555645,0.011868286850655151
3.895562648773194,ifo001,0.01206784244033749,0.020128606790138046,0.011856642177806388
3.910499811172485,ifo001,0.4754243044506152,0.01679791422358718,0.011815639288452919
4.044720649719238,ifo001,0.03128449544009035,0.023410030155082077,0.011762521736279086
4.056097745895386,ifo001,0.2870437158338715,0.0158781798680121,0.011683358524062356
4.106446504592896,ifo002,0.5465452064532091,0.021964483175488658,0.010324759574470894
4.20717978477478,ifo002,0.0067166616292398205,0.023353850493990008,0.010254858257213208
4.231744050979614,ifo001,0.6921579033611172,0.018307955062823116,0.011589125298550352
4.290638208389282,ifo002,0.016211103076854114,0.01831419990430499,0.0101777840792577
4.308536052703857,ifo001,0.2150985760620543,0.017525545303449682,0.01149577344651799
4.339799880981445,ifo002,0.42257828026751054,0.01487943248691314,0.01013375
4.363653182983398,ifo002,0.1637661951384315,0.01439652114062272,0.01013375
4.372629165649414,ifo002,2.4163893206882812e-05,0.012941442245020477,0.01013375
4.390876054763794,ifo001,0.0031424359455860607,0.019646018739260803,0.011386419841422243
4.438670873641968,ifo002,0.14881456996842207,0.014310585000228592,0.01013375
4.472631454467773,ifo002,0.0752053127318698,0.013043804655613582,0.01013375
4.57365083694458,ifo001,0.04749289114211297,0.03033189521412983,0.011254714855360991
4.641649961471558,ifo001,0.2652025765465032,0.0176904429298024,0.011148426824201769
4.662253141403198,ifo001,0.4461658047231662,0.019080874174532872,0.011069214367237803
4.779486656188965,ifo001,0.50749485190998,0.018428115533176952,0.010990219015585967
4.791723251342773,ifo001,0.2047186073157044,0.015194238787377084,0.010912889242169443
4.86461877822876,ifo002,0.10425831150461091,0.024648793196960016,0.01013375
4.959932804107666,ifo002,0.21380316859104184,0.02307344583788125,0.01013375
5.002118110656738,ifo001,0.0021107620551258323,0.018347540362709726,0.01083120770336464
5.055575847625732,ifo002,0.3599967196959539,0.020964648747847387,0.01013375
5.071317195892334,ifo001,0.03384432143639694,0.016573513384338996,0.010741604287544481
5.104771375656128,ifo002,0.051705205536715655,0.01507617534066228,0.01013375
5.13856315612793,ifo002,0.05575675521315206,0.014088981231468248,0.01013375
5.145660638809204,ifo002,8.44989743776947e-06,0.012957748983687154,0.01013375
5.158156871795654,ifo001,0.7822377127879768,0.02003944757330093,0.010645670178888528
5.2008056640625,ifo002,0.1897644089031419,0.014870387081062563,0.01013375
5.23087739944458,ifo002,0.0780902733443234,0.012857919301489835,0.01013375
5.335798740386963,ifo001,0.3899766420200778,0.02322866125245656,0.010560374191238439
5.339994668960571,ifo001,0.004894240050025642,0.01592220126919325,0.010476454390693748
5.351776123046875,ifo001,0.000550765664823981,0.021215882715074814,0.010385851501515223
5.5103864669799805,ifo001,0.014532807324031678,0.01796798054839307,0.010289298021538544
5.524627685546875,ifo001,0.4967045884266682,0.013850639456357951,0.010187918427804199
5.578334093093872,ifo002,0.011831874272038143,0.021127563785664726,0.01013375
5.663984060287476,ifo002,0.31848208026078184,0.020878073459516942,0.01013375
5.712170839309692,ifo001,0.026061229891769087,0.01617969338173264,0.01013375
5.73747181892395,ifo001,0.04044505998191037,0.014310154445059396,0.01013375
5.7820188999176025,ifo002,0.0482018256996301,0.020924235973162668,0.01013375
5.800643682479858,ifo001,0.32389780215210934,0.013966029491186705,0.01013375
5.825469970703125,ifo002,0.045820328195395915,0.014605305603839353,0.01013375
5.840035438537598,ifo002,3.611675726099592e-05,0.013421778398354477,0.01013375
5.854432821273804,ifo002,0.25991473183376973,0.013021322072670226,0.01013375
5.86216139793396,ifo002,0.05835332155706483,0.01240186654057409,0.01013375
5.887075662612915,ifo001,0.2873254691307636,0.018639087375309206,0.01013375
5.918440341949463,ifo002,0.001047941758688871,0.013798550093254177,0.01013375
5.949809789657593,ifo002,0.05535257251250831,0.012294938887852257,0.01013375
6.07718825340271,ifo001,0.013294530285608484,0.021748531500377283,0.01013375
6.083080768585205,ifo001,0.5488564799227759,0.014182126938565163,0.01013375
6.106951475143433,ifo001,0.2377990302905578,0.017565569278069876,0.01013375
6.25010871887207,ifo001,0.006113155489118737,0.016929245236709578,0.01013375
6.261826515197754,ifo001,0.16315067137537786,0.013438790856824302,0.01013375
6.40961766242981,ifo002,0.12990154359687836,0.02219080672335623,0.01013375
6.499953269958496,ifo002,0.05569937567111768,0.025181639100699288,0.01013375
6.530480861663818,ifo001,0.044906440647673934,0.01745962553040847,0.01013375
6.588896751403809,ifo002,0.007204191586893917,0.019054839818810915,0.01013375
6.6162214279174805,ifo001,0.2046826035859998,0.01593607171325815,0.01013375
6.662572860717773,ifo002,0.32526412569228075,0.017226494886833803,0.01013375
6.705374002456665,ifo002,0.15407460572004397,0.036064220141695205,0.01013375
6.718016624450684,ifo002,9.188791347031943e-06,0.013275696335597643,0.01013375
6.731150150299072,ifo001,0.00010614592993012273,0.02132179094181317,0.01013375
6.771404504776001,ifo002,0.18709474400129655,0.014425891759065276,0.01013375
6.808063745498657,ifo002,0.035752078891106494,0.013083899805022725,0.01013375
6.894071340560913,ifo001,0.011354442504690348,0.024767432526127106,0.01013375
6.908714532852173,ifo001,0.0643863526644384,0.014284822251573438,0.01013375
6.923620223999023,ifo001,0.006037245479243666,0.0168188816932667,0.01013375
7.043284893035889,ifo001,0.1871892302133589,0.016946784309439526,0.01013375
7.051980972290039,ifo001,0.17904380773532458,0.013029868519842778,0.01013375
7.114514827728272,ifo002,0.0007840407540844667,0.019337542230054836,0.01013375
7.185251712799072,ifo002,0.24896047810652655,0.017831893732780234,0.01013375
7.220884323120117,ifo001,0.1231085908917347,0.014542119418681006,0.01013375
7.274623394012451,ifo002,0.06247095762374811,0.01771362052519168,0.01013375
7.290296792984009,ifo001,0.46890968947263384,0.014181009699438881,0.01013375
7.322660207748413,ifo002,0.41868056282781757,0.014222016321471478,0.01013375
7.345646858215332,ifo002,7.339403816668648e-05,0.014124068561570679,0.01013375
7.361474990844727,ifo002,0.13388614971432208,0.013169819701900473,0.01013375
7.389771461486816,ifo001,0.0002098111053823761,0.019979017831365603,0.01013375
7.4290406703948975,ifo002,0.35647824860033905,0.014003379444555873,0.01013375
7.461324453353882,ifo002,0.005195176936514336,0.013291625994936499,0.01013375
7.556514978408813,ifo001,0.11342796923498698,0.019254093678070062,0.01013375
7.571158170700073,ifo001,0.249306733446249,0.014021508124229013,0.01013375
7.59081506729126,ifo001,0.0566741565549287,0.017087306912056503,0.01013375
7.765296459197998,ifo001,0.22080527156875204,0.016776820389618627,0.01013375
7.7710347175598145,ifo001,0.8602526171654211,0.013291018723416429,0.01013375
7.827645778656006,ifo002,0.6893061933600758,0.01973402568278611,0.01013375
7.906526565551758,ifo002,0.35563837460402425,0.023053679935533537,0.01013375
7.936499834060669,ifo001,0.0042988066726527534,0.014743898601067094,0.01013375
7.982075691223144,ifo002,0.12195285094810045,0.016736306366943614,0.01013375
8.003207683563232,ifo001,0.0003991114167114821,0.014178533397447294,0.01013375
8.030625343322754,ifo002,1.0162376303235299,0.013910413518508172,0.01013375
8.068910598754883,ifo002,0.0006370842295591521,0.013402748102135155,0.01013375
8.071122169494629,ifo002,0.04049704364764695,0.012612414443546788,0.01013375
8.09883451461792,ifo001,0.06430366953540796,0.018705348360002833,0.01013375
8.128796577453613,ifo002,0.3171637718845188,0.014291783743387852,0.01013375
8.163708925247192,ifo002,0.2245719283369232,0.012651910890745873,0.01013375
8.251604080200195,ifo001,0.29573699409975907,0.02044367611089088,0.01013375
8.258878469467163,ifo001,0.010438339379248105,0.013845317149648246,0.01013375
8.278356552124023,ifo001,0.15097907943697064,0.014656781077455334,0.01013375
8.409335136413574,ifo001,0.08752560032389911,0.016647792298210333,0.01013375
8.418237447738647,ifo001,0.9127056532308637,0.012932909249235765,0.01013375
8.475101470947266,ifo002,0.10103031358079687,0.018588021418951776,0.01013375
8.551873922348022,ifo002,0.06093388746279847,0.016781385050225906,0.01013375
8.581221342086792,ifo001,0.04593077952560918,0.014225469671798479,0.01013375
8.640853881835938,ifo002,0.0051489998364615715,0.01714230724566294,0.01013375
8.659857988357544,ifo001,0.2991133921398779,0.014068356917866523,0.01013375
8.695638656616211,ifo002,0.01411640185836054,0.014705498011224538,0.01013375
8.711136817932129,ifo002,0.27867998199359467,0.014588085721823518,0.01013375
8.72853684425354,ifo002,0.18475822875200884,0.013402821736255255,0.01013375
8.751708745956421,ifo001,0.13378201630818443,0.01758272266364018,0.01013375
8.789223670959473,ifo002,0.7239956577210519,0.014384676801801626,0.01013375
8.81522536277771,ifo002,0.1812884726903626,0.01542970258230831,0.01013375
8.933776140213013,ifo001,0.08076099656718344,0.02053793756252947,0.01013375
8.936602354049683,ifo001,0.11238442949736525,0.013828708475742576,0.01013375
8.962238550186157,ifo001,0.21772194890200178,0.01602833340988835,0.01013375
9.087007761001589,ifo001,0.21731387210109807,0.01559607770088072,0.01013375
9.099795579910278,ifo001,0.24640637223722034,0.012964830737276334,0.01013375
9.10412049293518,ifo001,0.07568110213907354,0.01352233597458268,0.01013375
9.118191003799438,ifo001,0.0052319211508717175,0.012092223334140704,0.01013375
9.174662828445436,ifo002,0.0006396907815082386,0.027277652199739693,0.01013375
9.266310453414915,ifo002,0.03698172902636547,0.019924020526615453,0.01013375
9.293141603469849,ifo001,0.009925260506837034,0.013677611577889192,0.01013375
9.36905598640442,ifo002,0.0005070394122607775,0.01732195084476755,0.01013375
9.382954359054564,ifo001,0.4977082567703709,0.013908885207243649,0.01013375
9.416963338851929,ifo002,0.0018764540405035674,0.014289854821868836,0.01013375
9.440984725952148,ifo002,0.0002725919961824673,0.013729263007502077,0.01013375
9.450956344604492,ifo002,0.17271787665942462,0.012924773895254824,0.01013375
9.476660251617432,ifo001,8.51024204343731e-07,0.018269242523876586,0.01013375
9.52001404762268,ifo002,0.0003689105362987358,0.014194245511430921,0.01013375
9.558276653289797,ifo002,0.15652394309798157,0.01249476986437964,0.01013375
9.6851966381073,ifo001,0.05385497580005331,0.019534523629135013,0.01013375
9.69220495223999,ifo001,0.1753197235190828,0.014116659594866278,0.01013375
9.728240251541138,ifo001,0.07786563694286017,0.01681832717294724,0.01013375
9.852178812026978,ifo001,0.07371417072204205,0.015938722910255852,0.01013375
9.86588191986084,ifo001,0.10790657072829216,0.013091803752866511,0.01013375
9.931418657302856,ifo002,0.6134239041446812,0.01890393042486815,0.01013375
10.018096208572388,ifo002,0.013309842428002603,0.018768990890373795,0.01013375
10.033065557479858,ifo001,0.2386397568022248,0.014594438504017045,0.01013375
10.092037677764893,ifo002,0.0003186077194635938,0.017459501363492877,0.01013375
10.112998247146606,ifo001,0.018020162360264227,0.014227441233905076,0.01013375
10.151493787765505,ifo002,0.09725530480240784,0.014403466037147436,0.01013375
10.17175555229187,ifo002,0.4964610182938651,0.014628523825943776,0.01013375
10.177401065826416,ifo002,0.0011217982417854099,0.013580061295440697,0.01013375
10.20073103904724,ifo001,0.18142898862454485,0.01763370703770616,0.01013375
10.238163471221924,ifo002,0.026288546889315,0.014581152117477767,0.01013375
10.273050785064695,ifo002,0.7375694948448184,0.012909915473643849,0.01013375
10.356558322906494,ifo001,0.11213476067691328,0.01824600082458598,0.01013375
10.373615264892578,ifo001,0.0005473207057409465,0.013846230885781763,0.01013375
10.400216579437256,ifo001,0.15839072620654876,0.017443222241900515,0.01013375
10.52887725830078,ifo001,0.018247290059920394,0.015374811573887042,0.01013375
10.53858757019043,ifo001,0.05241855820877021,0.013067019890699789,0.01013375
10.594711542129517,ifo002,0.3485656516793424,0.022193072394235742,0.01013375
10.65693187713623,ifo002,0.034627895680438385,0.01892250622002559,0.01013375
10.6768958568573,ifo001,0.0046126415458014975,0.01424408568951385,0.01013375
10.729712009429932,ifo002,0.002457165711905461,0.016376873746245506,0.01013375
10.749011039733888,ifo001,0.0026026798019782174,0.013947964627810146,0.01013375
10.780874729156494,ifo002,0.3792706090817521,0.013834351421715041,0.01013375
10.806015729904177,ifo002,0.08434074131077812,0.014483797702223218,0.01013375
10.818474054336548,ifo002,0.2465362246299333,0.012584836626158481,0.01013375
10.830355644226074,ifo001,0.10345941269639329,0.018317088857752958,0.01013375
10.86305570602417,ifo002,0.2444018442225842,0.013844777988070885,0.01013375
10.890150547027588,ifo002,0.178781318760852,0.012508008932325806,0.01013375
11.013601303100586,ifo001,0.01568906535216533,0.01829923697982906,0.01013375
11.025126218795776,ifo001,0.02133963510938056,0.013844057437145044,0.01013375
11.044025421142578,ifo001,0.041698929710041854,0.01683713585683702,0.01013375
11.18093752861023,ifo001,0.41486425678317723,0.016074506925812044,0.01013375
11.19351577758789,ifo001,0.11334106234661556,0.013053018184360238,0.01013375
11.254139184951782,ifo002,0.1068997093455822,0.01999726022656451,0.01013375
11.343196630477903,ifo002,0.015355778124973737,0.01824075002317612,0.01013375
11.363194704055786,ifo001,0.2987570537650279,0.01457921590648071,0.01013375
11.418337345123293,ifo002,0.002991824692587295,0.016062020728617604,0.01013375
11.444358348846436,ifo001,0.08300896929419811,0.014283541570643507,0.01013375
11.482208490371704,ifo002,0.08116571426719298,0.014216117158549726,0.01013375
11.516636848449709,ifo002,0.18247160001132023,0.014445650603436874,0.01013375
11.538249969482422,ifo002,0.17581927464730418,0.012917875267563559,0.01013375
11.544832229614258,ifo001,0.0065758334257564706,0.018341530576212295,0.01013375
11.59335970878601,ifo002,0.07323903011356965,0.014045278264645996,0.01013375
11.625141859054564,ifo002,0.01582319287815914,0.012772288960797176,0.01013375
11.725154638290403,ifo001,0.023210638119672784,0.02019454764145643,0.01013375
11.735231876373293,ifo001,0.007251492508273223,0.01400385988250314,0.01013375
11.764220714569092,ifo001,0.6422448131358012,0.017046369945987003,0.01013375
11.905681133270264,ifo001,0.18844249274846822,0.01830776731329936,0.01013375
11.919171571731567,ifo001,0.016079635477987506,0.013408870288238964,0.01013375
11.927251815795898,ifo001,0.008048994235900886,0.014338596458959851,0.01013375
11.94353437423706,ifo001,0.3817273905696876,0.012219074457095393,0.01013375
12.077330589294434,ifo002,0.023044139407358572,0.02302532339380055,0.01013375
12.178821325302124,ifo002,0.06981384829971608,0.020484005402513245,0.01013375
12.201461553573608,ifo001,0.0027716860603857045,0.015202339387635249,0.01013375
12.249080657958984,ifo002,0.041963569399394926,0.016752094597406394,0.01013375
12.26581645011902,ifo001,0.01495093639660897,0.014432647737053904,0.01013375
12.306687355041504,ifo002,1.0231565819677917,0.015040775410828197,0.01013375
12.323754072189333,ifo002,0.24500525890289884,0.03262156838941305,0.01013375
12.341850757598875,ifo002,0.0035694398215679345,0.013484193154985967,0.01013375
12.362977266311646,ifo001,0.5406382220256084,0.018232131403672025,0.01013375
12.409116506576538,ifo002,0.10651898523742825,0.015977715244982798,0.01013375
12.43851900100708,ifo002,0.01787015851939551,0.013013190604671241,0.01013375
12.52860426902771,ifo001,0.373155369058064,0.01790924139983626,0.01013375
12.540940523147585,ifo001,0.007747711808152265,0.013872707996513245,0.01013375
12.563656568527222,ifo001,0.0011713414726253707,0.016244823283526298,0.01013375
12.675875663757324,ifo001,0.10019221684473764,0.016242515805343152,0.01013375
12.694175481796265,ifo001,0.012797144698391971,0.012974295294299538,0.01013375
12.7583966255188,ifo002,0.002249091191863743,0.019745107564353624,0.01013375
12.840635299682615,ifo002,0.01732099547059649,0.017125515428127062,0.01013375
12.865241050720217,ifo001,0.3145415495823557,0.014391717574738233,0.01013375
12.920150518417358,ifo002,0.009481205490724013,0.016645348360983116,0.01013375
12.931318044662476,ifo001,0.01005771361408159,0.013962431043743518,0.01013375
12.971426010131836,ifo002,0.02817819495284308,0.013881239288305588,0.01013375
13.003272533416748,ifo002,0.09052498355127245,0.01364910937047658,0.01013375
13.012896060943604,ifo002,0.19629040444314633,0.012586173731719452,0.01013375
13.031969785690308,ifo001,0.08061082255528683,0.01728581608131144,0.01013375
13.06528663635254,ifo002,0.05881099927406861,0.01371673806370729,0.01013375
13.103469848632812,ifo002,0.029711952447413436,0.012772768544019377,0.01013375
13.17969560623169,ifo001,0.01048555139805121,0.018663296777639744,0.01013375
13.192689180374146,ifo001,0.41450576998631034,0.013678427404698245,0.01013375
13.2145676612854,ifo001,0.0011049110948369992,0.01598059338699815,0.01013375
13.350861072540283,ifo001,0.05956653073441043,0.016512879571594564,0.01013375
13.355066776275637,ifo001,0.08779894886388939,0.012950815472007653,0.01013375
13.442208766937256,ifo002,3.749751256199288e-06,0.01950236202378262,0.01013375
13.546926736831663,ifo002,4.127414125910343e-05,0.018050131395197046,0.01013375
13.572098970413208,ifo001,0.1454365653051466,0.01527294224090973,0.01013375
13.646249294281006,ifo002,0.001676688011081316,0.016891320774120307,0.01013375
13.663864850997925,ifo001,0.015585413992674439,0.014860830789495516,0.01013375
13.70217752456665,ifo002,0.008986423636956654,0.014313224237676406,0.01013375
13.721641063690186,ifo002,0.41345077775258826,0.014188229443824432,0.01013375
13.747153759002686,ifo002,0.05249497689367129,0.013119978484106194,0.01013375
13.763175249099731,ifo001,0.004835175536824474,0.018204252904065563,0.01013375
13.808818817138672,ifo002,0.0035422651403143974,0.014180812341488245,0.01013375
13.842880487442017,ifo002,0.13998500219939733,0.013212671522196889,0.01013375
13.940075159072876,ifo001,0.22313323659310252,0.020518692256386035,0.01013375
13.948356866836548,ifo001,0.040624336372093034,0.014081168794823061,0.01013375
13.972120761871338,ifo001,0.8215105964738865,0.01776764056592526,0.01013375
14.111933708190918,ifo001,0.641057483048141,0.014978344561168248,0.01013375
14.12261176109314,ifo001,0.037066997843829545,0.013152799987556984,0.01013375
14.190751791000366,ifo002,0.018576238502623018,0.021780025392423998,0.01013375
14.258500337600708,ifo002,0.09825339673263561,0.01802508296453668,0.01013375
14.296759843826294,ifo001,0.06055704147329591,0.015000184735506147,0.01013375
14.35392951965332,ifo002,0.2733699392872759,0.01624866643758477,0.01013375
14.367431163787842,ifo001,0.01407074897974561,0.014310470926503949,0.01013375
14.4055016040802,ifo002,0.5605836146713586,0.014278439115625999,0.01013375
14.421587705612184,ifo002,0.3724580111105437,0.014359204414036677,0.01013375
14.43127942085266,ifo002,0.17548597713710376,0.012795984050236037,0.01013375
14.462208986282349,ifo001,0.011608852172387024,0.01863885420109622,0.01013375
14.503584146499634,ifo002,0.03143418822560427,0.014219186752688054,0.01013375
14.53286838531494,ifo002,0.0009291765819971876,0.01264574752937625,0.01013375
14.623463869094849,ifo001,0.2637443549805278,0.019962373192628294,0.01013375
14.626295804977415,ifo001,0.106857074438724,0.013851722229367388,0.01013375
14.66418719291687,ifo001,0.0775958980353855,0.015328298745139197,0.01013375
14.951910495758057,ifo001,0.04884614516299785,0.01717410981518652,0.01013375
14.954684257507324,ifo001,0.04683417174613571,0.016599180729089294,0.01013375
15.027597665786743,ifo002,0.060001870024037306,0.024347338334322337,0.01013375
15.130232334136965,ifo002,0.07749101526405136,0.019758458816477285,0.01013375
15.163517475128174,ifo001,0.37324539257389083,0.01695854795722691,0.01013375
15.222238063812256,ifo002,0.0016629514015613842,0.01991271001638214,0.01013375
15.240623950958252,ifo001,0.3450267169471113,0.01518635649979781,0.01013375
15.28018856048584,ifo002,0.3906114089566698,0.0147018658522757,0.01013375
15.30234169960022,ifo002,0.6848024030443517,0.018267254210027804,0.01013375
15.30470085144043,ifo002,0.17372715135595507,0.019265816574801378,0.01013375
15.32461166381836,ifo001,0.1350648603589131,0.01975025310277588,0.01013375
15.355054140090942,ifo002,0.12699519524039402,0.013866859277751012,0.01013375
15.383481740951538,ifo002,0.009731886602354191,0.01295164294633407,0.01013375
15.485254049301147,ifo001,0.006900090768122209,0.019043022425295784,0.01013375
15.507775783538818,ifo001,0.003665958044225496,0.014005162879992764,0.01013375
15.525100469589232,ifo001,0.06885196151381,0.017631870441018743,0.01013375
15.668551683425903,ifo001,0.06192433807420654,0.016199971430647945,0.01013375
15.67367935180664,ifo001,0.5447661958471411,0.01301739857118491,0.01013375
15.75540280342102,ifo002,0.0013438351693443357,0.021790290534561198,0.01013375
15.855299472808838,ifo002,0.030828498080440435,0.017717225938575047,0.01013375
15.882636070251465,ifo001,0.21214304622319213,0.015486152815101892,0.01013375
15.946902751922607,ifo002,0.15160739506335616,0.017549260523756292,0.01013375
15.975130081176758,ifo001,0.005244916432241498,0.014945643679577753,0.01013375
16.013060092926025,ifo002,0.17357058811869416,0.014504566215828782,0.01013375
16.028087854385376,ifo002,0.0013142853397186225,0.013660277164918935,0.01013375
16.03578805923462,ifo002,0.011783501524396996,0.012803927214695561,0.01013375
16.06154704093933,ifo001,0.016492964713634754,0.019080978472476792,0.01013375
16.093050479888916,ifo002,0.23683087235750924,0.014552045290270377,0.01013375
16.133418798446655,ifo002,0.05796890623820931,0.01289095155572428,0.01013375
16.2162926197052,ifo001,0.009210775165372042,0.02057650381770157,0.01013375
16.243982076644897,ifo001,0.0008299099052468287,0.014051982940387743,0.01013375
16.25403618812561,ifo001,0.004161701275564925,0.0161528653628743,0.01013375
16.378044366836548,ifo001,0.29825530104809794,0.016638280110099227,0.01013375
16.3918354511261,ifo001,0.4108143980749011,0.013027079608088916,0.01013375
16.45733141899109,ifo002,0.0042077080201319275,0.02015207527186712,0.01013375
16.525046348571777,ifo002,0.11918693039068896,0.016321885409786695,0.01013375
16.55479669570923,ifo001,0.4278323420433897,0.014325125341867322,0.01013375
16.62003254890442,ifo002,0.08115929922302811,0.0160197941451076,0.01013375
16.63917899131775,ifo001,0.10941108965592997,0.01419763306748695,0.01013375
16.68158531188965,ifo002,0.021238349326340184,0.01429679316324697,0.01013375
16.693991661071777,ifo002,0.11841737287909262,0.013127127067030552,0.01013375
16.721051931381226,ifo002,0.2141333437374134,0.012671609626361236,0.01013375
16.726315021514893,ifo001,0.12294458701947204,0.01784617189018109,0.01013375
16.76752805709839,ifo002,0.28468462662575933,0.013679030022292172,0.01013375
16.795299291610718,ifo002,0.15056460118520765,0.012877519200370946,0.01013375
16.88188099861145,ifo001,0.30426745144472955,0.018746923007008205,0.01013375
16.889512062072754,ifo001,0.014925502771353323,0.013714657914375487,0.01013375
16.910388469696045,ifo001,0.012308096354939077,0.015491314600356304,0.01013375
17.03236699104309,ifo001,0.015211423646201518,0.01675410657636975,0.01013375
17.05160164833069,ifo001,0.09249127015147258,0.013001918412680327,0.01013375
17.114221811294556,ifo002,0.011207532695873448,0.01945518488117561,0.01013375
17.215726852416992,ifo002,0.11733346465170258,0.01679113362579629,0.01013375
17.243505001068115,ifo001,0.06521212505715504,0.014795200161995592,0.01013375
17.290457248687744,ifo002,0.09685649623818289,0.015869600731403803,0.01013375
17.31528925895691,ifo001,0.12083265174942011,0.014297884030780444,0.01013375
17.347360134124756,ifo002,0.43062140530583914,0.01476243127133403,0.01013375
17.38238263130188,ifo002,0.5375789935398934,0.01556868804833949,0.01013375
17.387569665908813,ifo002,0.04276345125492405,0.016949019348519008,0.01013375
17.406700611114502,ifo001,0.06274410730521478,0.017566073651780544,0.01013375
17.45112133026123,ifo002,0.0645481628420997,0.013619469377164786,0.01013375
17.48447299003601,ifo002,0.08113328387556944,0.012743560420941257,0.01013375
17.582196474075317,ifo001,3.321457688410465e-07,0.01940772264408458,0.01013375
17.589038848876953,ifo001,0.25447949056922786,0.013843251929381534,0.01013375
17.60883617401123,ifo001,0.07904352735567802,0.016538378999245828,0.01013375
17.732861518859863,ifo001,0.0005790779419514434,0.015774437812749866,0.01013375
17.742923259735107,ifo001,0.042219803861261146,0.012909509010719872,0.01013375
17.79684805870056,ifo002,0.0454212998972892,0.019086898673846973,0.01013375
17.88020157814026,ifo002,0.03423874301758694,0.016915533707361156,0.01013375
17.910536527633667,ifo001,0.011673988595345944,0.014577904229890623,0.01013375
17.95800495147705,ifo002,0.03931592500043636,0.015759845247947137,0.01013375
17.98187494277954,ifo001,0.0049024048904663005,0.0141487117962199,0.01013375
18.012387990951538,ifo002,0.04649873198252041,0.014004225751840522,0.01013375
18.0408353805542,ifo002,0.10093124371765096,0.015236114803928138,0.01013375
18.044489860534668,ifo002,0.022375872883593696,0.012592869857426478,0.01013375
18.05588126182556,ifo001,0.2365542973923239,0.01794302035660545,0.01013375
18.094295263290405,ifo002,0.0043036879766934055,0.014062983160344858,0.01013375
18.12766027450561,ifo002,0.03544174194829481,0.013410059158364778,0.01013375
18.232298851013184,ifo001,0.10961223726776714,0.01810195222897073,0.01013375
18.24455165863037,ifo001,0.3467297193292969,0.013767654209008847,0.01013375
18.26434850692749,ifo001,0.0611537042935117,0.0166426248086291,0.01013375
18.391433477401733,ifo001,0.0461638615612223,0.016816390071093985,0.01013375
18.411458730697632,ifo001,0.02155172384721182,0.013034907188097647,0.01013375
18.487241983413696,ifo002,0.003468789128257521,0.021419320889536145,0.01013375
18.55100965499878,ifo002,0.6091450635848517,0.018766085960740777,0.01013375
18.570241689682007,ifo001,0.002135614750324491,0.01450852456023817,0.01013375
18.69252347946167,ifo002,0.0073911146750220025,0.018526518585820134,0.01013375
18.723950147628784,ifo001,0.05323661018577301,0.015531927398784846,0.01013375
18.749508142471317,ifo002,0.07077109694228072,0.016774706779188946,0.01013375
18.768775463104248,ifo002,0.3765539434271564,0.014146673394332822,0.01013375
18.77960705757141,ifo002,0.057242865745523626,0.012825358359506402,0.01013375
18.81174325942993,ifo001,0.010574372705629054,0.01943074938618809,0.01013375
18.847341299057007,ifo002,0.00332769753628526,0.014580977520206994,0.01013375
18.87733221054077,ifo002,0.0005583378587235702,0.013191655852483554,0.01013375
18.997180700302124,ifo001,0.1033996889981562,0.02112323551781843,0.01013375
19.0111083984375,ifo001,0.07526600000460976,0.014244873780577861,0.01013375
19.037057876586918,ifo001,0.4448745157264377,0.01648023038486506,0.01013375
19.16216325759888,ifo001,0.5499069845798277,0.01616520085123057,0.01013375
19.17480778694153,ifo001,0.02549246678652732,0.013069957637598453,0.01013375
19.2254638671875,ifo002,0.13359652920380535,0.02052297914196593,0.01013375
19.31520700454712,ifo002,0.001756301814615764,0.019744032661744883,0.01013375
19.359055280685425,ifo001,0.522930070760154,0.014756412575708394,0.01013375
19.41915965080261,ifo002,0.058151731425964935,0.01701005705082801,0.01013375
19.451396703720093,ifo001,0.0441379470231039,0.014556392444539046,0.01013375
19.483315467834476,ifo002,0.0007357994246150429,0.014779688667131741,0.01013375
19.51228976249695,ifo002,0.06669426687791725,0.014070938739512085,0.01013375
19.51355767250061,ifo002,0.006891930975366997,0.013579546719388607,0.01013375
19.540815830230716,ifo001,0.007523501687742372,0.01804397953464642,0.01013375
19.567264795303345,ifo002,0.10403705213393856,0.014603702056290864,0.01013375
19.600170373916622,ifo002,0.06283204988840142,0.012585915492302282,0.01013375
19.70569944381714,ifo001,0.0008739594534429308,0.021032300631609775,0.01013375
19.70793557167053,ifo001,0.019566557579213453,0.013777157991720166,0.01013375
19.730080604553223,ifo001,0.0022718179245966143,0.015900639939702817,0.01013375
19.85539960861206,ifo001,0.21240840806574934,0.016614429281682747,0.01013375
19.865084409713745,ifo001,0.366165066130095,0.012980511595251112,0.01013375
19.94136071205139,ifo002,0.003827280425249657,0.018405637690834524,0.01013375
20.02279233932495,ifo002,0.0026589371617012276,0.019611700245991667,0.01013375
20.050373554229736,ifo001,0.27460607579739515,0.01463102125356118,0.01013375
20.11254072189331,ifo002,0.0012324950590354364,0.01669876577746117,0.01013375
20.142855644226078,ifo001,0.0015218537067736937,0.014512615461247267,0.01013375
20.17657208442688,ifo002,0.11531002574451668,0.014338635240606247,0.01013375
20.204240798950195,ifo002,0.1554840867195271,0.013560763342524196,0.01013375
20.206947565078732,ifo002,0.007661177841098966,0.012632258339524065,0.01013375
20.22406840324402,ifo001,0.2561015101061159,0.017920282695611994,0.01013375
20.265023469924927,ifo002,0.00018786156737653589,0.015084478534780186,0.01013375
20.304840326309204,ifo002,0.026901351246326876,0.013070506213977356,0.01013375
20.432390451431274,ifo001,0.18383162478352702,0.019795508510282896,0.01013375
20.441278219223022,ifo001,0.39361471170631135,0.014140984550780559,0.01013375
20.457225799560547,ifo001,4.681540292953752e-05,0.01671452342456621,0.01013375
20.59428071975708,ifo001,0.1248713238715451,0.01700305000944279,0.01013375
20.600818872451782,ifo001,0.024285880937308837,0.013070611311709219,0.01013375
20.65174913406372,ifo002,0.002582804526064763,0.019712523657077555,0.01013375
20.726476192474365,ifo002,0.01894289801206898,0.018539039880575932,0.01013375
20.758729457855225,ifo001,0.12712992225570205,0.01427788502830742,0.01013375
20.82602882385254,ifo002,0.01190632364488303,0.016965532396044584,0.01013375
20.84317111968994,ifo001,0.0020189487570211693,0.014146577811813731,0.01013375
20.88205885887146,ifo002,0.10505661933716424,0.014348953851416227,0.01013375
20.904618740081787,ifo002,0.2465256688950664,0.013468602585842399,0.01013375
20.91856336593628,ifo002,0.015634412498692952,0.013557966999334889,0.01013375
20.940629243850708,ifo001,0.05680318034776776,0.017777118852505734,0.01013375
20.967223167419437,ifo002,0.12490381929986075,0.015108792707781923,0.01013375
21.00557374954224,ifo002,0.017328891518917387,0.012511447292237434,0.01013375
21.10434126853943,ifo001,0.014097349877557577,0.01930462350182379,0.01013375
21.123966455459595,ifo001,0.05603519753948582,0.013924930383506276,0.01013375
21.13334536552429,ifo001,0.0183985220714644,0.01614422461619154,0.01013375
21.27399063110352,ifo001,0.001796714671505319,0.016495306478476874,0.01013375
21.28635835647583,ifo001,0.08151550873434617,0.013028699413058757,0.01013375
21.351590871810917,ifo002,0.0056061628900613055,0.020207397529931843,0.01013375
21.442076683044437,ifo002,0.014865836187387307,0.018239063119296618,0.01013375
21.485461711883545,ifo001,0.15563406118408632,0.01513905129690105,0.01013375
21.542749404907227,ifo002,9.562629161611806e-07,0.018239073745974166,0.01013375
21.57656526565552,ifo001,0.2972869399105173,0.014756762828095349,0.01013375
21.608559131622314,ifo002,0.05787549705599571,0.014487148897903764,0.01013375
21.640198707580566,ifo002,0.04341579527778946,0.015172370106805378,0.01013375
21.64160466194153,ifo002,0.06982009553017153,0.012651917024755596,0.01013375
21.670222759246823,ifo001,0.05645382968326291,0.018497545509050063,0.01013375
21.700974702835083,ifo002,0.1665035543940454,0.014377737165428506,0.01013375
21.726158380508423,ifo002,0.05804284717544309,0.012545089723958746,0.01013375
21.827598571777344,ifo001,0.010546487788038763,0.019370528445867532,0.01013375
21.834532260894772,ifo001,0.1171276578334279,0.013778467201309305,0.01013375
21.857147693634037,ifo001,0.21758197712937605,0.016347172087422184,0.01013375
21.990950107574463,ifo001,0.04775645096702546,0.0175123483997235,0.01013375
21.99548625946045,ifo001,0.2212551999771324,0.013055355732237987,0.01013375
22.070111989974976,ifo002,1.0747967718210732e-07,0.019400600352064715,0.01013375
22.176610231399536,ifo002,0.08025561578655648,0.02047834964277233,0.01013375
22.21537685394287,ifo001,0.04838879039642117,0.015241340431156322,0.01013375
22.27758479118347,ifo002,0.03340090998569723,0.016671031887355817,0.01013375
22.303540229797363,ifo001,0.03710239229761391,0.014795282359787564,0.01013375
22.34351491928101,ifo002,0.18995735216584175,0.016726833246164273,0.01013375
22.365184545516968,ifo002,0.12718361522854527,0.0181016087133114,0.01013375
22.38241744041443,ifo002,0.04430273936600106,0.013347506573158262,0.01013375
22.39813494682312,ifo001,0.05850270046498322,0.018079190642977715,0.01013375
22.44736862182617,ifo002,0.05616400385551842,0.014999061804192504,0.01013375
22.62857747077942,ifo001,0.14438866847483248,0.022131184228783487,0.01013375
22.63954448699951,ifo001,0.05605950378145792,0.014578003257038332,0.01013375
22.6615571975708,ifo001,0.043182831662844194,0.01584496982941434,0.01013375
22.794125080108643,ifo001,0.024636130383955512,0.017719366248827716,0.01013375
22.804049730300903,ifo001,0.0693888535366799,0.013252808330057379,0.01013375
22.86107301712036,ifo002,0.00016788809688121867,0.02179921239905723,0.01013375
22.95612144470215,ifo002,0.21287865283243299,0.020305604200078826,0.01013375
22.982942819595337,ifo001,0.15649704163259096,0.014763318210417205,0.01013375
23.06897497177124,ifo002,0.01962801652192316,0.023085847820001247,0.01013375
23.10331606864929,ifo001,0.2175519377066364,0.015008784938559654,0.01013375
23.14320588111877,ifo002,0.013860254886978868,0.01687662172407154,0.01013375
23.158432483673096,ifo002,0.12404753050159181,0.018696840494450702,0.01013375
23.17085146903992,ifo002,0.09642022187977486,0.012876961593071985,0.01013375
23.21067595481873,ifo001,0.2774080562345574,0.017906576490611666,0.01013375
23.25366520881653,ifo002,0.34759983747762757,0.014279931124651963,0.01013375
23.28095269203186,ifo002,0.0001605126135788232,0.01293125540091642,0.01013375
23.3742892742157,ifo001,0.0006460597998219769,0.018833621134943773,0.01013375
23.37959933280945,ifo001,0.006548265798383576,0.013922273573771932,0.01013375
23.396566152572632,ifo001,0.24736467154951905,0.01661172436317969,0.01013375
23.515093564987183,ifo001,5.079307695052912e-06,0.015212240907000846,0.01013375
23.52336025238037,ifo001,0.019120575565124955,0.012855048798017136,0.01013375
23.66066074371338,ifo002,2.9927514774910633,0.07360874088745309,0.01013375
23.71500849723816,ifo001,0.017032242974459273,0.014978808920764745,0.01013375
23.8709716796875,ifo001,0.5541396957684396,0.01577582459204996,0.01013375
23.916998386383057,ifo002,1.9140931257579854,0.033175322797556625,0.01013375
23.937044382095337,ifo002,0.5010261661127886,0.016186002200335073,0.01013375
23.944087266922,ifo002,0.5657052812317868,0.013929506067563982,0.01013375
23.96446418762207,ifo001,0.021169657910188766,0.018707678312153857,0.01013375
24.002836227416992,ifo002,0.0037668878724125155,0.013780891389793437,0.01013375
24.030888080596924,ifo002,0.11347688132674978,0.012882289638281258,0.01013375
24.12801313400269,ifo001,0.07278158653025157,0.02127764087128584,0.01013375
24.13079166412353,ifo001,0.10791193937040651,0.0139483074650201,0.01013375
24.1543562412262,ifo001,0.45346352462103134,0.017201189783818186,0.01013375
24.27307605743408,ifo001,0.17328066364190697,0.015129841554971893,0.01013375
24.29460859298706,ifo001,0.46318139094550037,0.013289281703981814,0.01013375
24.34452986717224,ifo002,0.052484163447392956,0.01726825699232727,0.01013375
24.44263005256653,ifo002,0.7664764423816669,0.016809324681274537,0.01013375
24.47476100921631,ifo001,0.23267257912623487,0.015115346358104345,0.01013375
24.48915147781372,ifo001,0.0004751717783913112,0.013529584485518449,0.01013375
24.55624318122864,ifo002,0.043700231300910504,0.01585158801803952,0.01013375
24.584715604782104,ifo001,0.33847372836332046,0.013757532919013842,0.01013375
24.615874528884888,ifo002,0.5834738083284022,0.014549568604923558,0.01013375
24.64101529121399,ifo002,0.07228222635414105,0.01346893997909252,0.01013375
24.648984909057617,ifo002,0.20135019646818303,0.012716522180288351,0.01013375
24.672374963760376,ifo001,0.23239658705336258,0.018724455254220097,0.01013375
24.72135019302368,ifo002,0.5381307565754063,0.013377017100683695,0.01013375
24.76214337348938,ifo002,0.0037250195624929762,0.012790022042077426,0.01013375
24.87226152420044,ifo001,0.14717046658143423,0.01889082891493529,0.01013375
24.88385891914368,ifo001,0.06194120363215706,0.0139931983103119,0.01013375
24.90036153793335,ifo001,0.11890161884112702,0.017483099490285293,0.01013375
25.033283710479736,ifo001,0.11766519126364185,0.017817109646979384,0.01013375
25.05205488204956,ifo001,0.15240555999452776,0.013225586517965343,0.01013375
25.117863416671756,ifo002,0.10499678248395118,0.01795161457805545,0.01013375
25.18982553482056,ifo002,0.9455829645100379,0.01848889712876206,0.01013375
25.23629903793335,ifo001,0.37271111667496204,0.014778843590881153,0.01013375
25.36907768249512,ifo002,0.012765605705033455,0.016700366396939573,0.01013375
25.395601272583008,ifo001,0.03033061188090074,0.015812007649456887,0.01013375
25.44331312179565,ifo002,0.1553040437601319,0.01626915437139871,0.01013375
25.45951819419861,ifo002,0.19758738610680845,0.014034988753192592,0.01013375
25.468765258789062,ifo002,0.21855839963091261,0.013285301180877408,0.01013375
25.489275455474854,ifo001,0.0439731674557495,0.019322211144803654,0.01013375
25.52216863632202,ifo002,0.0009395268951992225,0.01728069102550784,0.01013375
25.55079412460327,ifo002,0.0009939681136628732,0.012791327490172054,0.01013375
25.661616563797,ifo001,0.01502840384803136,0.021222238069370437,0.01013375
25.66535806655884,ifo001,0.0025127580492543943,0.014036231426634488,0.01013375
25.67701196670532,ifo001,0.03755956825056598,0.016468549468274432,0.01013375
25.84833574295044,ifo001,0.004649253547271483,0.017279854889164087,0.01013375
25.848503589630127,ifo001,0.09095682873261904,0.01313803110261395,0.01013375
25.917796850204468,ifo002,0.27575568384309995,0.018015807314853548,0.01013375
25.986487865448,ifo002,0.1388342298400234,0.020525478090460975,0.01013375
26.039592266082764,ifo001,0.04310014402723963,0.015141080393373656,0.01013375
26.104235649108887,ifo002,0.009918678691356118,0.016031573537816503,0.01013375
26.134434461593628,ifo001,0.0562553383628027,0.014832024440292108,0.01013375
26.177273988723755,ifo002,0.3512692313341731,0.015014118724859766,0.01013375
26.200554609298703,ifo002,0.012096529377789872,0.01359609689294482,0.01013375
26.21065759658813,ifo002,0.12106725507250114,0.012821371580892586,0.01013375
26.22679662704468,ifo001,0.004466747797770786,0.019666551809918484,0.01013375
26.257176876068115,ifo002,0.012016310626039405,0.014948611422106486,0.01013375
26.2824022769928,ifo002,0.03952205395063426,0.012312337582198525,0.01013375
26.373292922973636,ifo001,0.23511481244836907,0.019595302805306563,0.01013375
26.377022743225098,ifo001,0.0001740568895681809,0.01373985409647787,0.01013375
26.38943290710449,ifo001,0.06847627528202795,0.015132743988843695,0.01013375
26.51719069480896,ifo001,0.38621507519586334,0.016555606257151287,0.01013375
26.53066921234131,ifo001,0.08743594967974201,0.013000644008195764,0.01013375
26.598581552505493,ifo002,0.1277888176309888,0.016808773720607524,0.01013375
26.67227077484131,ifo002,0.2188260253387209,0.021131563791620393,0.01013375
26.71991276741028,ifo001,0.1634907807155279,0.014620071656779532,0.01013375
26.77103567123413,ifo002,0.01754481866900321,0.01871018830619157,0.01013375
26.801325798034668,ifo001,0.13265240577350865,0.01434739245193774,0.01013375
26.83206057548523,ifo002,0.21357943307992272,0.014193996370726325,0.01013375
26.846043348312374,ifo002,0.04497739015756933,0.013314829759386974,0.01013375
26.865870714187626,ifo002,0.30301452417164426,0.01274947545450099,0.01013375
26.88036870956421,ifo001,0.09323666571314906,0.01712732468239217,0.01013375
26.918827295303345,ifo002,0.0023070129467438806,0.013681978255112153,0.01013375
26.9553644657135,ifo002,0.019864061871337595,0.012422763128813196,0.01013375
27.041808366775516,ifo001,0.20853951555471675,0.01878752675988387,0.01013375
27.0584614276886,ifo001,0.056655894525639815,0.01390617298201626,0.01013375
27.074570894241333,ifo001,0.014046673161611876,0.016989572001948335,0.01013375
27.22775220870972,ifo001,0.2972473042739249,0.016592452854241962,0.01013375
27.25243330001831,ifo001,0.02593780435564604,0.013308785674628017,0.01013375
27.30892324447632,ifo002,0.16055536558614933,0.01816023225203863,0.01013375
27.319252729415894,ifo002,0.01672106019407036,0.014610858536187276,0.01013375
27.396376132965088,ifo002,0.41039500168812004,0.020385848403402494,0.01013375
27.433446407318115,ifo001,0.07429086740790437,0.0150048560840225,0.01013375
27.485191583633423,ifo002,0.35610366995198367,0.017160278625838535,0.01013375
27.498517274856567,ifo001,4.305062757129591e-10,0.014281230629581535,0.01013375
27.544137954711918,ifo002,0.11126832118512264,0.013812875133233229,0.01013375
27.564926862716675,ifo002,0.17955446530295052,0.012952414992228154,0.01013375
27.574636936187744,ifo002,0.1533825337094403,0.012418932145834208,0.01013375
27.587526321411133,ifo001,0.11084133366930554,0.017604170467559244,0.01013375
27.62224316596985,ifo002,0.0489064829357001,0.014215532463647412,0.01013375
27.656190872192383,ifo002,0.09608840820647976,0.012226205263980047,0.01013375
27.750269412994385,ifo001,0.13325480415130736,0.01857375706968415,0.01013375
27.75667285919189,ifo001,0.7396640983078524,0.013710931167373265,0.01013375
27.77614569664001,ifo001,0.16232262188731914,0.015852037607915086,0.01013375
27.90822005271912,ifo001,0.02234173450663874,0.01723702839350247,0.01013375
27.91513204574585,ifo001,0.19351913433826,0.01302455791469377,0.01013375
27.973631143569943,ifo002,0.028327957303387927,0.017069659700636484,0.01013375
28.076475858688354,ifo002,0.02476541575802715,0.019159688182646184,0.01013375
28.198171138763428,ifo001,0.19182982401660656,0.016451188176790768,0.01013375
28.251176595687863,ifo002,0.02871385520801902,0.01883683314576277,0.01013375
28.27719354629517,ifo001,0.554724444931871,0.015251820683644984,0.01013375
28.32400345802307,ifo002,0.2414960843434667,0.015214413240360268,0.01013375
28.342111349105835,ifo002,0.015925899861691826,0.013789236971372954,0.01013375
28.349351167678837,ifo002,0.04646874422934267,0.012890766883424927,0.01013375
28.37576937675476,ifo001,0.24003976489217937,0.018298435250486085,0.01013375
28.431903839111328,ifo002,0.09953778743091882,0.014641000344244544,0.01013375
28.46478700637817,ifo002,0.009902659036395256,0.01269656624433105,0.01013375
28.570611476898197,ifo001,0.060309756142491344,0.01989193003335263,0.01013375
28.57344126701355,ifo001,0.013850616370053694,0.014202991638356317,0.01013375
28.59564733505249,ifo001,0.5796845360629234,0.018107671169082604,0.01013375
28.72516250610352,ifo001,0.06484412980420932,0.014925196038877835,0.01013375
28.73536491394043,ifo001,0.17549640733675687,0.013149287209187708,0.01013375
28.810426473617557,ifo002,0.013057023934555462,0.018244118351032828,0.01013375
28.8877227306366,ifo002,0.2902078573236141,0.020426806864003177,0.01013375
28.926841974258423,ifo001,0.08380652224061752,0.015400222435668673,0.01013375
28.97709822654724,ifo002,0.07291134023607353,0.018559423779272662,0.01013375
28.99212861061096,ifo001,0.013464316453029389,0.014387466555766133,0.01013375
29.020704746246334,ifo002,0.094117435448045,0.013994720521941341,0.01013375
29.0420515537262,ifo002,0.35742866829656944,0.01315831207349549,0.01013375
29.04542851448059,ifo002,0.6491421059046681,0.012509873452854831,0.01013375
29.06815218925476,ifo001,2.5271807979170866e-05,0.018588564382501817,0.01013375
29.09974765777588,ifo002,0.08939916938830844,0.013780419248330514,0.01013375
29.12845540046692,ifo002,0.0679085374308686,0.01228003902756945,0.01013375
29.221068143844604,ifo001,0.00468318977195997,0.019146816722728006,0.01013375
29.227088451385494,ifo001,0.0025695126505135787,0.013543270234777837,0.01013375
29.25102925300598,ifo001,0.10579909928204285,0.01640116645892227,0.01013375
29.370721578598022,ifo001,0.0076861477735929605,0.01580380552128014,0.01013375
29.378833055496216,ifo001,0.011237958027055664,0.012838390575048136,0.01013375
29.439377784729004,ifo002,0.10072220569396743,0.017266564679032346,0.01013375
29.53523325920105,ifo002,0.08074678106212776,0.019990136378640867,0.01013375
29.568047761917114,ifo001,0.747763512983235,0.014792321633432245,0.01013375
29.62772512435913,ifo002,0.006217884415890974,0.01712831589608027,0.01013375
29.65348792076111,ifo001,0.12248808308777538,0.014437936718954995,0.01013375
29.6851749420166,ifo002,0.002333332460290947,0.014158298132283267,0.01013375
29.704972505569454,ifo002,0.05969467782090674,0.01325404976137691,0.01013375
29.70987296104431,ifo002,0.5389589321844968,0.01256413518832496,0.01013375
29.730504751205444,ifo001,0.04107354993476669,0.018831600801865366,0.01013375
29.77090620994568,ifo002,0.009619044328413503,0.014015748411354416,0.01013375
29.79792356491089,ifo002,0.05321062638442226,0.012327035341380013,0.01013375
29.895217180252075,ifo001,0.659244728889997,0.01884844542852273,0.01013375
29.934144258499146,ifo001,0.008247124332933939,0.01640077297717195,0.01013375
30.04626441001892,ifo001,0.09401276294575818,0.018637800488147033,0.01013375
30.054418325424194,ifo001,0.5877977557447586,0.013385023471860411,0.01013375
30.118295192718502,ifo002,0.4307340482196048,0.01770021328434182,0.01013375
30.193177461624146,ifo002,0.08351078513330686,0.021019470161300534,0.01013375
30.23052930831909,ifo001,0.4261062371453209,0.014721433156826969,0.01013375
30.308250188827515,ifo002,0.2975151876482353,0.01716644929928533,0.01013375
30.325593948364254,ifo001,0.16729435745634588,0.014587441231557698,0.01013375
30.367860555648804,ifo002,0.5180460604120694,0.01429930341713672,0.01013375
30.37852692604065,ifo002,0.3700683963666024,0.013380753709283055,0.01013375
30.40747714042664,ifo002,0.13424225128975145,0.01294432428365968,0.01013375
30.43515706062317,ifo001,0.03130816160650421,0.018439424187969927,0.01013375
30.473772764205933,ifo002,0.20867564925550297,0.013534465389527982,0.01013375
30.515360832214355,ifo002,0.005165647248914282,0.012813726509088491,0.01013375
30.616071462631226,ifo001,0.09268304300008576,0.021182710220995864,0.01013375
30.641008853912357,ifo001,0.602400114833368,0.014345674158581588,0.01013375
30.65359687805176,ifo001,0.04943158364266799,0.015924246147935778,0.01013375
30.7807035446167,ifo001,0.020241217809039484,0.016586304186339093,0.01013375
30.80291056632996,ifo001,6.910615758111296e-06,0.013123052390299587,0.01013375
30.86716222763061,ifo002,0.10292660893522959,0.01963869617355383,0.01013375
30.954421043396,ifo002,0.1143942436609946,0.01936253044823097,0.01013375
30.97496199607849,ifo001,0.8406572829944956,0.01468211277136385,0.01013375
31.02564287185669,ifo002,0.0988493707502768,0.017481021944975306,0.01013375
31.05482244491577,ifo001,0.20602701418919483,0.014299700214797626,0.01013375
31.097310066223145,ifo002,0.04491006928022246,0.01431378004238479,0.01013375
31.12252426147461,ifo002,0.007595974203892491,0.013635515379911426,0.01013375
31.133426904678345,ifo002,0.17356175869305596,0.012843939237206831,0.01013375
31.152952671051025,ifo001,0.028736036410232826,0.018088265981224136,0.01013375
31.18604731559753,ifo002,0.04507490705379433,0.013181007540445343,0.01013375
31.2212598323822,ifo002,0.0009415963281040166,0.012484912424240569,0.01013375
31.33385944366455,ifo001,0.12474128693863423,0.020199596904992033,0.01013375
31.34393811225891,ifo001,0.1308559699193589,0.014020827595064584,0.01013375
31.365344047546387,ifo001,0.019976359502994152,0.015933202310880464,0.01013375
31.525362253189087,ifo001,0.03230615513502192,0.017333204232334056,0.01013375
31.53179287910461,ifo001,0.2738502865093156,0.01320694477551199,0.01013375
31.5993173122406,ifo002,0.2616682780328103,0.01892554049115793,0.01013375
31.674702405929565,ifo002,0.009673672255583597,0.019617980780193153,0.01013375
31.706804513931274,ifo001,0.07836285898144585,0.014838238637464876,0.01013375
31.76395845413208,ifo002,0.08101294398722222,0.01643663186820872,0.01013375
31.79205965995789,ifo001,0.005871433132179343,0.014544314692582817,0.01013375
31.842203855514526,ifo002,0.24162335935536816,0.014471159803641309,0.01013375
31.85554599761963,ifo002,9.806484460382364e-05,0.01343729320857936,0.01013375
31.85918378829956,ifo002,0.009255514657400436,0.012652022873942577,0.01013375
31.886404752731323,ifo001,0.23129381962316475,0.018453859954741192,0.01013375
31.92095160484314,ifo002,0.015484038004979363,0.013748259850541893,0.01013375
31.933084726333615,ifo002,0.01936786142755789,0.012721745689041119,0.01013375
31.965651273727417,ifo002,0.10294250638193016,0.01210907251738696,0.01013375
32.0558226108551,ifo001,5.6239729799676185e-05,0.01828869607228567,0.01013375
32.06234097480774,ifo001,0.030493542688504325,0.013877380502332635,0.01013375
32.095587968826294,ifo001,0.08902230088796742,0.01750839696586485,0.01013375
32.200515031814575,ifo001,3.277019301366483e-05,0.01658602691648842,0.01013375
32.211426973342896,ifo001,0.17898625485126457,0.012863207370283531,0.01013375
32.26689457893372,ifo002,0.029752114017462077,0.0163778250592335,0.01013375
32.34863805770874,ifo002,0.024700885385593688,0.018273110442670076,0.01013375
32.37415885925293,ifo001,0.011557610201251315,0.014227341033286286,0.01013375
32.42828345298767,ifo002,0.13041550537605337,0.01641546710679268,0.01013375
32.457369565963745,ifo001,0.009471384130220674,0.014114363373807629,0.01013375
32.49692368507385,ifo002,0.43271285188360104,0.014314775067597462,0.01013375
32.517953872680664,ifo002,0.18740779641766783,0.01319236979816895,0.01013375
32.52726459503174,ifo002,0.046541499839483746,0.012568842768455794,0.01013375
32.554837465286255,ifo001,0.09260290467803725,0.017815940962806382,0.01013375
32.5966637134552,ifo002,0.00265290314929893,0.014909112483317402,0.01013375
32.62355303764343,ifo002,0.06506215928973075,0.012468746050484711,0.01013375
32.719696044921875,ifo001,0.07764783728076625,0.019052340345843837,0.01013375
32.72529172897339,ifo001,0.4740372236824684,0.013760565460855398,0.01013375
32.751880168914795,ifo001,0.29132037422510754,0.015720809230082154,0.01013375
32.8810076713562,ifo001,0.03377260169287379,0.017682092027505186,0.01013375
32.8959858417511,ifo001,0.3508002094917844,0.013075676223171382,0.01013375
32.95403695106506,ifo002,1.2847707037669043,0.01758079890802117,0.01013375
33.046807527542114,ifo002,0.13468645985640776,0.02292411909320842,0.01013375
33.06853675842285,ifo001,0.6936916185471403,0.014487243299536452,0.01013375
33.127114057540894,ifo002,1.113632112830561,0.015436519262644027,0.01013375
33.158140897750854,ifo001,0.039364762406233274,0.014369916968130919,0.01013375
33.21198296546936,ifo002,0.04941065656668036,0.016105935669470776,0.01013375
33.22808504104614,ifo002,1.1302299959373316,0.013757072187310999,0.01013375
33.23312473297119,ifo002,2.244057562502051,0.013377260645464373,0.01013375
33.2678484916687,ifo001,0.058798028780681695,0.018049379011937906,0.01013375
33.29718732833862,ifo002,0.3202491968997906,0.022842213634753483,0.01013375
33.33294486999512,ifo002,3.79974274101705,0.012549080161387748,0.01013375
33.44030213356018,ifo001,0.8095787278639492,0.017244085729977515,0.01013375
33.46059966087341,ifo001,2.3234592573163897,0.014863060205314606,0.01013375
33.64098906517029,ifo001,0.05439447665233164,0.017098003240665297,0.01013375
33.68749952316284,ifo002,0.34819581318014775,0.022848659954243424,0.01013375
33.77938914299011,ifo002,1.469264522611694,0.016322597941883364,0.01013375
33.81205368041992,ifo001,0.5336336858617559,0.017402560785178604,0.01013375
33.8706488609314,ifo002,0.6347628925643952,0.017890554672279395,0.01013375
33.876124143600464,ifo001,0.4181905514807368,0.015805396147906423,0.01013375
33.91761064529419,ifo002,1.072532933340603,0.014325132396743833,0.01013375
34.026615142822266,ifo002,0.02797831651741577,0.0144238643848325,0.01013375
34.026625871658325,ifo002,0.07805233250749931,0.013168434655681889,0.01013375
34.057626724243164,ifo001,1.2019764047040609,0.016725938187202225,0.01013375
34.08960747718811,ifo002,1.342622472693314,0.021033117338192516,0.01013375
34.12445020675659,ifo002,2.9546997964959956,0.014766520378021165,0.01013375
34.25365257263184,ifo001,3.513723549414025,0.02738053629031049,0.01013375
34.4169065952301,ifo001,3.657987157465095,0.030372309595798296,0.01013375
34.762967586517334,ifo001,0.31360662374186116,0.036966910559300514,0.01013375
34.797536849975586,ifo002,0.13199155925976538,0.03509027023459209,0.01013375
34.94138264656067,ifo001,0.059003794103719545,0.022412995831051094,0.01013375
34.98200297355652,ifo001,0.18243659826430045,0.020431980066041973,0.01013375
35.108933448791504,ifo001,1.7563680156932289,0.018314652673182708,0.01013375
35.262038230896,ifo002,2.698162209893952,0.03207982261989254,0.01013375
35.3546781539917,ifo002,1.8733046332416048,0.030159471707904107,0.010140650175470126
35.414016008377075,ifo002,1.2102367003322825,0.017330722362716638,0.010162881714230475
35.430243253707886,ifo002,2.500423997925949,0.014083913398980605,0.010189337039298262
35.43835735321045,ifo002,0.02918292151912146,0.013020367873901682,0.01023615774992745
35.455209255218506,ifo001,0.35022176011624384,0.02774517167659033,0.01013375
35.4792742729187,ifo002,3.4046986952877587,0.015171600601265014,0.01026946541045188
35.51091504096985,ifo002,0.7206608001202784,0.014460190805327634,0.01033274964660136
35.60087895393372,ifo001,0.18557426000711308,0.021279461089408775,0.01013375
35.6299250125885,ifo001,0.07087749440358775,0.01767286821216185,0.01013375
35.83749032020569,ifo002,1.6329162993079411,0.02652580502748748,0.010390196388128058
35.90809273719788,ifo002,0.0627669801638428,0.016272479714259623,0.010453046034870597
35.98172426223755,ifo002,0.796323535653523,0.019849489519186914,0.0105017079827124
36.03084826469421,ifo002,0.289214252054751,0.016129711175508172,0.010546058464298031
36.06086087226868,ifo002,0.1747350395209077,0.013877345946449442,0.010579650899135016
36.07323575019837,ifo002,0.36108323926931213,0.013262837629649372,0.010601372750996542
36.09073185920715,ifo001,0.18456523813784947,0.02513744269711985,0.01013375
36.13126015663147,ifo002,3.2993479860746278,0.013633966083461065,0.010614471727412221
36.16236686706543,ifo002,1.4581638128548782,0.013007776350794927,0.010659847318093454
36.24788427352905,ifo001,0.358411199506267,0.026797870298618406,0.01013375
36.43139624595642,ifo001,0.16852066192913337,0.019293105968830052,0.01013375
36.52628135681152,ifo002,0.10924946475326595,0.018947118625998197,0.01070924817373228
36.60991144180298,ifo002,0.12087318042884529,0.019503997131385876,0.01074485978250099
36.853614807128906,ifo002,0.019145860654911504,0.019529017259841505,0.010767333969536417
36.87081432342529,ifo002,2.4078010990608165,0.016203472165821776,0.01077575619237802
36.88168525695801,ifo002,1.247814294254134,0.014960246530019932,0.010805295005378853
36.934630393981934,ifo001,0.4977823292449467,0.04123792703530302,0.01013375
36.96881937980652,ifo002,0.023823433649724463,0.02067961916569471,0.010837423897183346
37.00717067718506,ifo002,2.7595235643864013,0.013997564207955797,0.010854964969830367
37.111576557159424,ifo001,2.4439454014931923,0.02562594825658604,0.01013375
37.40586996078491,ifo002,1.169870320275684,0.02446632798156733,0.010896636106273372
37.481505393981934,ifo002,0.014805524745851825,0.01974452772658335,0.010938516520297639
37.581504821777344,ifo001,1.3083938497983427,0.04082263650696838,0.01013375
37.62188720703125,ifo002,0.6408462114842765,0.018042250379550945,0.010965027026536591
37.647789478302,ifo002,0.2209525011314082,0.015351655833130733,0.01098567492275152
37.655105113983154,ifo002,0.003497233496848171,0.014205789523042519,0.010994764365789212
37.67597532272339,ifo001,0.0030428750235976494,0.022999475502615274,0.01013375
37.71380805969238,ifo002,2.933211335410639,0.014154719247938692,0.010989617609552034
37.73475670814514,ifo002,0.00217956761467675,0.013885799079247313,0.011014753463584678
37.83673405647278,ifo001,4.3108289788304335,0.028580266899834117,0.01013375
38.09085392951965,ifo002,2.170025106969938,0.019763507597824838,0.011024832565962917
38.17293381690979,ifo002,0.3832569290974256,0.023287000922076976,0.011052017276769618
38.275739669799805,ifo002,0.6558806111701108,0.016620149215196476,0.011069436517501266
38.33080554008484,ifo002,0.809414253259312,0.01669397940734816,0.011081644131245367
38.3523428440094,ifo002,0.4726847614006676,0.015806488265316304,0.01109127705187177
38.36298894882202,ifo002,0.6049308275768351,0.015339664328938886,0.011093528061744042
38.41339421272278,ifo002,0.23664127058019652,0.02225670168436455,0.011090962985695481
38.45365118980408,ifo002,0.07946345271488121,0.015520519043608468,0.011078224504999231
38.55103325843811,ifo001,0.011855672277655277,0.05801223781768084,0.010154157307358719
38.71555399894714,ifo001,0.2545440055736468,0.022290161388858608,0.010162078413807016
38.79530382156372,ifo002,4.147188215249245,0.019118439594629458,0.011053452701702268
38.8908052444458,ifo002,1.5999392675865896,0.024112153444025702,0.011079908169267969
39.04844450950623,ifo002,2.2439765515418317,0.018782773989661914,0.011113444217505895
39.1329996585846,ifo002,1.8343884954742335,0.016830046747383115,0.011161573069574719
39.14889192581177,ifo002,0.8893169081493051,0.015167187573747496,0.01124193884959356
39.15145897865296,ifo002,0.14553605614709247,0.014276748202163604,0.01134277618323271
39.1712851524353,ifo001,1.574311299677099,0.03457505293302894,0.010161787986782977
39.20087957382202,ifo002,0.7428258820175314,0.014840931784402742,0.011414030029718603
39.240198612213135,ifo002,2.390135652220456,0.014217549802296576,0.011473436937156908
39.36291670799256,ifo001,2.5003090451015004,0.03530458402881907,0.010173627397833153
39.37190127372742,ifo001,2.2134935715376205,0.01920899254027647,0.01020834804067689
39.39296460151672,ifo001,2.553990583374284,0.01577995747979059,0.010258569885304315
39.54308342933655,ifo001,0.018971456354255394,0.016122996028656238,0.01032601633440981
39.62095999717712,ifo002,0.008618268497720861,0.021329513138500254,0.01156608546333298
39.73532700538635,ifo001,3.828359469472341,0.0180535964652017,0.010378945194390012
39.81248307228088,ifo002,0.03266627048094622,0.021034276778407683,0.011625178781524593
39.82564306259155,ifo001,0.7064628135011823,0.016118577133790286,0.010462821938821334
39.88129639625549,ifo002,0.551981925790175,0.018576630810479396,0.011652621659237458
39.894609451293945,ifo002,0.18101382393511625,0.015991674763138557,0.011665413499086699
39.91257119178772,ifo001,0.6820208734995775,0.015302037886371253,0.010539264740826669
40.05720233917236,ifo001,2.4693721604402423,0.01718168806874261,0.0106081981129475
40.06736564636231,ifo001,1.412256858979893,0.01612896323359568,0.010690484910308065
40.09498620033264,ifo001,0.22419083728255795,0.017072915975972738,0.01077287832365095
40.21585965156555,ifo001,1.7368021407981151,0.017018540116726474,0.010841575368720236
40.28918313980103,ifo002,0.550429115326349,0.022913751838562597,0.011653278665908609
40.39462184906006,ifo001,4.458158116255866,0.01836473267074538,0.01091501254083544
40.47168827056885,ifo002,0.842093782372554,0.02139029865509385,0.011629502211526803
40.4832878112793,ifo001,1.8458668698007483,0.01674096236143141,0.011022268472851551
40.5711772441864,ifo001,0.799416936681601,0.01958050670987485,0.01113175655426036
40.72614479064941,ifo001,1.3653941473515068,0.01817335602867718,0.011271675595130846
40.72785472869873,ifo001,0.0021730169069386837,0.015561498814948074,0.011466873092062992
40.76165199279785,ifo001,0.9666106641687681,0.014855679084730216,0.011625637475319493
40.876646280288696,ifo001,1.1898040196935487,0.018075691242440017,0.011771830445495438
40.90157318115234,ifo001,0.38759121661753726,0.017049672079533652,0.011911357919863051
41.082361459732056,ifo001,0.5416709008978117,0.016971965427798327,0.012024461762854306
41.16359210014343,ifo001,0.0341421847709451,0.016910240385563765,0.012116171139468158
41.250929832458496,ifo001,0.12934078040409364,0.032424005039630555,0.012173628628085404
41.2870659828186,ifo002,2.765664216608996,0.10236674636453254,0.011604366568650392
41.31808805465698,ifo002,2.756213031032444,0.059372682284322464,0.011635984157552664
41.38421368598938,ifo001,2.0093992008816426,0.027303864714508897,0.012200904533886123
41.39268970489502,ifo001,4.046417195423546,0.019589119961941532,0.012254100075254872
41.41141700744629,ifo001,0.5587133847027933,0.01608099960571416,0.012382422168440719
41.53121280670166,ifo001,1.1883033171114505,0.02017266436290307,0.01248808224119193
41.54326868057251,ifo001,3.276955343831717,0.01619615937186385,0.012588655877077814
41.69228386878967,ifo002,1.6766519972066132,0.02578980660084869,0.01171436974443638
41.718414068222046,ifo001,0.9593631399805633,0.02554902689286913,0.012736930768920655
41.77460265159607,ifo002,3.4457807973517736,0.019778880315707247,0.011804592647077497
41.81800055503845,ifo001,1.5621636966197712,0.026691320491191134,0.01287064612134771
41.84645938873291,ifo002,2.9983574452768837,0.019357827547618525,0.011949184418478748
41.87877559661865,ifo002,0.02803279581411853,0.01671666924312294,0.012129410115379798
41.98234081268311,ifo002,1.282199201928862,0.01694320157027772,0.012272307868664975
42.12126708030701,ifo002,4.324595322835498,0.043637529901354374,0.012409991184525758
42.23993635177612,ifo001,0.613056446962956,0.046550789112545114,0.013005583059451679
42.25829315185547,ifo001,0.3199186484192172,0.02695909668141703,0.013117383554571404
42.27254295349121,ifo001,2.3623492109116446,0.02647165783123131,0.013199263254186248
42.4460825920105,ifo001,1.4606673771253686,0.020371427275889753,0.013307543778124145
42.46354627609253,ifo001,0.029637502507577008,0.019743849307642995,0.013415816835608142
42.52749705314636,ifo002,0.03196992521341861,0.0791823250434734,0.012613805896568289
42.602762937545776,ifo002,0.5968088364205598,0.03627772051503206,0.012778473170143271
42.62560844421387,ifo001,0.522423135156594,0.02174684569598616,0.013485676307714129
42.694631814956665,ifo002,0.00242623379534039,0.02059968914686808,0.012918596912857096
42.71445345878601,ifo001,0.4610542423393311,0.021589284143686147,0.013532616473382844
42.74591183662415,ifo002,0.47833335190003917,0.01992864515663097,0.01301976668827634
42.76119685173035,ifo002,0.0015384210969417512,0.0175287942590295,0.013096087081034217
42.77728724479675,ifo002,0.40568121228374693,0.01666128055411283,0.01313531895638542
42.80741930007935,ifo001,0.4348928354971718,0.0243351546961764,0.013556206371137207
42.83808660507202,ifo002,1.7103342085462132,0.01887115349713625,0.013151058799184068
42.87277340888977,ifo002,0.7086542767333794,0.01667733117324858,0.01318352270844798
42.972318172454834,ifo001,0.005886926253657876,0.022365481017080587,0.013557135674024659
43.13098192214966,ifo001,4.515024692146483,0.025738571244428972,0.013523478066051602
43.14330983161926,ifo001,2.4271345018345443,0.01917774234571329,0.013593102983340927
43.21901249885559,ifo002,0.07464235072740293,0.029267815337203282,0.013201790951653232
43.30035066604614,ifo002,0.9689651671176529,0.023344247068826627,0.013187618249227024
43.33332085609436,ifo001,0.08377406385493492,0.021092533446484898,0.013691626485355775
43.39347982406616,ifo002,0.3100950952588809,0.02170434008996046,0.013171111147096463
43.40855836868286,ifo001,0.0174013049884514,0.020020381773711557,0.013752906063725631
43.4435248374939,ifo002,0.024426703836617297,0.01884051124858434,0.013131753685531102
43.46254205703735,ifo002,0.24106909316348316,0.017214519785998052,0.013061751507678129
43.48622870445252,ifo002,0.0011388293704871573,0.016381973957681817,0.012970688772480676
43.49214768409729,ifo001,2.507172164162901,0.022314403788444136,0.01377650921617677
43.52850008010864,ifo002,0.4248002023994895,0.01894760422841997,0.01285180555186975
43.56741118431091,ifo002,5.483548957674682e-05,0.01563012083913909,0.012722988908699637
43.65169334411621,ifo001,0.36478055585309643,0.02410508785888608,0.013836990916635754
43.67922902107239,ifo001,4.580001118652638,0.01994462714836443,0.013869731949850014
43.86564016342163,ifo001,3.6923118548260283,0.025105999758388023,0.013992895461675309
43.96739053726196,ifo002,0.4864262118213438,0.02395119213639257,0.012569533316434381
44.11463117599487,ifo001,0.3514240687815957,0.025140737369465496,0.014168561529943424
44.20390486717224,ifo001,0.2972414098881315,0.02250703238130019,0.014309621369764491
44.27308773994446,ifo002,3.920032556258919,0.030100798308241937,0.012412593141632617
44.2780385017395,ifo002,1.0852567789578793,0.019233946679927377,0.012373801115555185
44.29836773872376,ifo001,2.169274126845604,0.023890621729762515,0.014415783824844096
44.37239480018616,ifo002,0.2690397891006793,0.018381311197166756,0.012340943908749936
44.41405415534973,ifo002,0.000243074632618729,0.01732525345461698,0.012287183639970726
44.50279116630554,ifo001,0.9142986275053346,0.02747126553648161,0.014538211883892104
44.50855565071106,ifo001,2.922119435824027,0.02018531131356172,0.014642475876387269
44.52930927276611,ifo001,0.0018719205820394989,0.021949563282252317,0.01478202303760731
44.673579692840576,ifo001,2.2343643868828083,0.021402274987485856,0.014877669509782365
44.68389177322388,ifo001,1.5949449562053362,0.01955145759881518,0.014991524042751381
44.76559281349182,ifo002,0.9959792597298525,0.02579167510462154,0.01220499480339257
44.84659814834595,ifo002,1.7054348163390567,0.035313816497696396,0.01213110395178549
44.87255263328552,ifo001,1.5906627500590549,0.022631489162006736,0.015104774550061003
44.956352949142456,ifo002,1.9363747600368382,0.019614506457285616,0.01208815942921446
44.96157455444336,ifo001,2.3270012122435615,0.02153637583301765,0.015217117810374273
45.01922917366028,ifo002,2.178766961491682,0.01930932637399472,0.012079035120651933
45.03301787376404,ifo002,0.36696093630790544,0.015849269220471168,0.012105993127362904
45.05176281929016,ifo001,0.72329767397092,0.02425105748529971,0.015347556308143403
45.226577281951904,ifo001,0.005102500422499348,0.03583191449141143,0.015452334903840518
45.22969102859497,ifo001,0.4261587134334577,0.02105233910338652,0.015512844446622225
45.24690341949463,ifo001,2.4078441195788858,0.02165825317796389,0.015543182722894334
45.40705180168152,ifo001,8.157381016539291e-07,0.021084855582642493,0.015602856713935256
45.46822738647461,ifo002,2.935217061696753,0.02584452355368126,0.012111683164011712
45.56609606742859,ifo002,4.585148147502733,0.07145955469431745,0.01217237570396801
45.60330033302307,ifo001,1.6901235128767234,0.023757975523570722,0.015619648647560772
45.65235495567322,ifo002,1.2949108090016477,0.03034166777655689,0.012319950077347682
45.66262745857239,ifo001,0.0003304982894746462,0.021886002433134516,0.015646598298359876
45.70740485191345,ifo002,0.1680983137754415,0.017852262651788974,0.012462161647033168
45.72290277481079,ifo002,0.01276190175548839,0.01641601845739291,0.01257083835170917
45.732771158218384,ifo002,0.05688602717882798,0.015687409729730154,0.012642839986291541
45.75484585762024,ifo001,3.0309128828418235,0.030483755245735447,0.015632111157411855
45.805938720703125,ifo002,0.0004095534439347471,0.022632908640595792,0.01268069197549323
45.84529662132263,ifo002,1.0313078066354493,0.01571037575889286,0.012684196223453691
45.93076992034912,ifo001,2.490898682773222,0.023501470633780733,0.01567083666549207
45.93751358985901,ifo001,0.10609115968434492,0.026818479951641494,0.01573987094527285
45.96838116645813,ifo001,0.0009560886910866301,0.030982322437474487,0.015768357383871376
46.091148853302,ifo001,0.07965857266608399,0.022191654628403855,0.01575503846811104
46.11875057220459,ifo001,0.10037005948692672,0.02124037339251881,0.015704638580167126
46.167943477630615,ifo002,0.5945950044842091,0.03337041467761634,0.012686848855318403
46.26542687416077,ifo002,0.11346863670618713,0.03488138342327348,0.012675419962959688
46.291507959365845,ifo001,1.1356282680598964,0.02581798344267881,0.015620175446315653
46.34241247177124,ifo002,0.003934242993288358,0.019886541026375715,0.01263578616404528
46.36760687828064,ifo001,0.015412237852332197,0.025972437276451377,0.015539369555620552
46.401458740234375,ifo002,0.18870996503529708,0.020934623260193554,0.012566112169316935
46.417441606521606,ifo002,0.0022723777769921866,0.018964861382112917,0.01247484919807169
46.43929529190064,ifo002,0.01801307908126274,0.017073258153110407,0.012357113376231365
46.45309185981751,ifo001,0.14226547795952066,0.03281596767218115,0.015423921972200778
46.4825451374054,ifo002,0.5425882145097629,0.017649872311222725,0.012215604885011463
46.53463435173035,ifo002,0.005981207852626837,0.015077712724931046,0.012072593031759874
46.7127161026001,ifo001,0.07170714245471363,0.026842869703514394,0.015280966587903518
46.72398781776428,ifo001,0.34462552261379314,0.025767923614721716,0.015110280520590592
46.73680186271668,ifo001,0.1117592306311424,0.023147351442094625,0.014924895176091331
46.8860969543457,ifo001,0.01710214726805251,0.020440804855613493,0.014717526480008784
46.90494227409363,ifo001,0.0015184420048018337,0.020743611198305256,0.014486695063539987
46.96184968948364,ifo002,0.5557339959843464,0.017139967692724998,0.011907939330689694
47.06208038330078,ifo002,1.0973384330534464,0.03440224298317163,0.011745704454250883
47.0961127281189,ifo001,0.6165935741068335,0.022537182680234788,0.014234270810199233
47.17635464668274,ifo002,0.04136027598779273,0.0193684500964163,0.011607017726523455
47.19044995307922,ifo001,0.6044743334532011,0.02199279452316088,0.013989102866875162
47.22222948074341,ifo002,0.1708042430307668,0.01865510376544525,0.011449011544752887
47.24090766906738,ifo002,0.7412291785920944,0.01616578274403521,0.011278859746644512
47.26323175430298,ifo002,0.3061115076211441,0.014691613736593868,0.011156818725100697
47.28146719932556,ifo001,0.13066627927031235,0.024019458798527717,0.013750664751379899
47.32436156272888,ifo002,0.21781087389869894,0.014910337024179047,0.011075069711590203
47.354193687438965,ifo002,0.18058020837954286,0.013753450062092614,0.010989167708578686
47.44742679595947,ifo001,0.03020448762343657,0.022624974469450124,0.013498901411541012
47.448113441467285,ifo001,0.9055179431341729,0.020545681989828812,0.013231360871646489
47.46874785423279,ifo001,0.47894083565959417,0.017120604595915537,0.012988934992385435
47.59236288070679,ifo001,0.25315077541569025,0.01727765107933583,0.012750964850478323
47.60645484924317,ifo001,0.48703193743756235,0.016738812691517824,0.01250797253642589
47.67559504508972,ifo002,1.4337640180121989,0.02328240584350846,0.010898989587764306
47.76388359069824,ifo002,0.8521606044672938,0.018043154193913127,0.010830604336123904
47.78448724746704,ifo001,1.1999313725345444,0.018778619946187097,0.012271491139184838
47.8466432094574,ifo002,1.481126916353348,0.016405540832199042,0.010769800991114763
47.8736138343811,ifo001,0.24558763230270791,0.01807106551011479,0.012071733922329844
47.908591747283936,ifo002,0.008727509733819826,0.01578315162511913,0.010727167120068118
47.92396926879883,ifo002,4.241551673284948,0.01411711112884267,0.010674111969993929
47.9339497089386,ifo002,2.0961520424006284,0.013334027436691648,0.010682221341719075
47.95501947402954,ifo001,1.5655780456139097,0.016923187813983803,0.011864937517180195
47.9897186756134,ifo002,0.27934130263845425,0.014101554639968561,0.010707424881417463
48.00977420806885,ifo002,0.5589504287349284,0.01350892133322452,0.010722357771748705
48.10199785232544,ifo001,1.6146927165767369,0.017897034889517324,0.011706288178552167
48.11836338043213,ifo001,1.162237757610298,0.017167457240022867,0.011590038428532906
48.13293957710266,ifo001,0.7778824971746388,0.014924105042272687,0.011493920062432491
48.26462745666504,ifo001,8.945422573815724e-05,0.0158104104981303,0.011402184271949986
48.30099272727966,ifo001,0.46871076922608107,0.016971537603579466,0.011286732984741563
48.34858870506287,ifo002,0.08682093235744802,0.017604909679415817,0.01073171039813653
48.453622341156006,ifo002,0.6218496168552904,0.017907534729910343,0.010728765370872674
48.49292945861816,ifo001,0.4620470252300761,0.02225411483448034,0.011179813516009728
48.55158257484436,ifo002,0.7154454588156974,0.016509176958437073,0.010722627629890968
48.59146046638489,ifo001,0.01669442727943878,0.017058603015823914,0.011118189887478182
48.61575675010681,ifo002,0.3063097633633276,0.019110948126981185,0.010715053892701786
48.6861720085144,ifo001,1.1049209573434924,0.016213416442010922,0.01104660579898949
48.70894718170166,ifo002,2.2026263841539597,0.015336816473515546,0.010699726336025447
48.732011556625366,ifo002,0.00014522628674947793,0.014525951358180949,0.010706763173212192
48.8383686542511,ifo001,2.1854276491567983,0.016983665471237835,0.01098705021797804
48.84767127037048,ifo001,1.17393299147483,0.016373221903436708,0.010956827419927706
48.87109136581421,ifo001,0.07302544363284266,0.014242968928995091,0.010934524709798537
48.99858808517456,ifo001,0.11471205222025121,0.016825923457341897,0.010901051303117743
49.00871777534485,ifo001,0.8497988859676198,0.014066638997881235,0.010857972549552026
49.06040239334106,ifo002,0.29346397474924135,0.020027717876239658,0.010700352299152689
49.14150047302246,ifo002,0.003245769946174376,0.01755832441345796,0.010685936594773805
49.16237807273865,ifo001,0.28312519959646737,0.018883263956650118,0.01081920408511153
49.22588062286377,ifo002,0.5500409836937996,0.01581914282770243,0.010659331993428448
49.25288987159729,ifo001,0.11992428597111082,0.017667579870314438,0.010774444653171032
49.29346513748169,ifo002,0.3083112593140346,0.0219706059419139,0.010630713744451847
49.32210040092468,ifo002,4.316724770967911,0.014176402189835235,0.010596218693003635
49.33609986305237,ifo001,0.16912134385408847,0.01484800321655671,0.010721338595925216
49.373597860336304,ifo002,1.919535665405493,0.016887036014689487,0.010618919056144059
49.41902470588684,ifo002,0.0009102631813416922,0.01575474275316389,0.01065435911976393
49.50902438163757,ifo001,0.5158530435983647,0.017175355914133064,0.010661608500824725
49.528876066207886,ifo001,0.0007417800500974459,0.016453709634982175,0.010602611690250827
49.540685176849365,ifo001,0.16029174177135494,0.013883794845228104,0.010534534601575605
49.65534281730652,ifo001,1.6935321978203972,0.015409707919579747,0.01046147216412548
49.67612528800965,ifo001,0.706112635387596,0.015438674233673629,0.010413726848375118
49.73069334030152,ifo002,2.8695896343833667,0.019107955593883678,0.010675228945314311
49.82098984718323,ifo002,4.797595753530183,0.016618120802965285,0.010721359801715135
49.92481064796448,ifo001,1.3053892009598924,0.01946984359716477,0.010369630928515713
49.97822093963623,ifo002,1.8741504523584722,0.017460655386387185,0.010810394295009575
49.99139165878296,ifo001,0.559717210073979,0.015259123361820656,0.010339336308583564
50.03277540206909,ifo002,0.2053488473320761,0.016213382443032914,0.010903831794396641
50.07866787910461,ifo001,0.17018755035107389,0.016976127200315518,0.010308434401690554
50.10991716384888,ifo002,1.485341072051956,0.025940497155563506,0.010982678551455786
50.15465879440308,ifo002,0.010724392962929123,0.022048594664989256,0.011062205467220672
50.24468445777893,ifo001,4.307017256869637,0.01735992561071742,0.010270291530075876
50.25695466995239,ifo001,0.6757414367383783,0.020894505825913786,0.010291079562791579
50.27498769760132,ifo001,0.13997290552697492,0.013680975897938704,0.010308549784728328
50.39516592025757,ifo001,2.4348398522216477,0.016893490662849182,0.010315164075948834
50.40898537635803,ifo001,0.11727227906066995,0.015907482569493567,0.010344454432111579
50.47125291824341,ifo002,0.001932751924411147,0.021262110175934438,0.011124777345362203
50.556469202041626,ifo002,0.007337546696743915,0.02240529279980793,0.011170594354991153
50.59854173660278,ifo001,0.4795531018489352,0.015764975788422127,0.010361874998555622
50.66291856765747,ifo002,1.0250286902755212,0.019295571706918264,0.011207864296723899
50.67786908149719,ifo001,0.0900879427713683,0.015094460272678783,0.010373263660768049
50.70403504371643,ifo002,5.057034973613806e-07,0.01572108166931079,0.011264392513859372
50.72568678855896,ifo002,0.4439088993974295,0.025082970198532832,0.011289367789957549
50.73221707344055,ifo002,0.05088863921498064,0.015759471275875472,0.011297562514590877
50.754857540130615,ifo001,1.397096870584022,0.016284972754495166,0.01037321115197237
50.78089237213135,ifo002,0.29427117637952704,0.013943648997497267,0.011277988801751826
50.82135462760925,ifo002,0.22890667861079456,0.015064260226419785,0.011240151111292746
50.94647073745728,ifo001,0.5730567106973573,0.016542299480562267,0.01038219029258702
50.95218420028687,ifo001,1.019301729001003,0.01898774636536496,0.010387102460926294
50.96452307701111,ifo001,0.598336793354287,0.01568236394037871,0.010394899545736525
51.09402418136597,ifo001,0.13828207114997695,0.014065980558392761,0.010399070661710162
51.10830187797546,ifo001,0.009793305814024687,0.01870831761166048,0.010392877159979615
51.30683946609497,ifo001,0.7895204698224887,0.016705949667764668,0.01037488893890503
51.38001465797424,ifo001,0.751101891924224,0.01633553698197671,0.010358736498302788
51.48635697364807,ifo001,0.042093428811187605,0.015344666102620327,0.010343650545807217
51.65432047843933,ifo001,2.6141452714007534e-06,0.021777908699735685,0.010317946707217415
51.65590286254883,ifo001,0.002467822323337672,0.016706950330644562,0.01028162518402867
51.68122816085816,ifo001,0.6606116333941442,0.01458064119111504,0.010235510311701026
51.80924677848816,ifo001,0.5197291094794475,0.01785626143616338,0.010192576317213584
51.82373666763306,ifo001,0.3535190657633211,0.013990112015788701,0.01015005544404769
52.005873918533325,ifo001,0.43839812268134637,0.016665287683926073,0.01013375
52.1005609035492,ifo001,0.1740894470144888,0.016627864222966436,0.01013375
52.179107666015625,ifo001,0.3584915072806538,0.015252537294107867,0.01013375
52.34440684318543,ifo001,3.5467439492647506,0.015512480774545388,0.01013375
52.35906720161438,ifo001,0.15089495265358369,0.015342675477132,0.01013375
52.47741198539734,ifo001,1.727554188432602,0.033608741594604086,0.01013375
52.48818564414978,ifo001,0.0009180772842620509,0.01834149469452739,0.01013375
52.68662023544312,ifo001,4.210116383764051,0.015837355849626485,0.01013375
52.788296937942505,ifo001,2.92683599851147,0.01576546793436881,0.010171279260727504
52.899608850479126,ifo001,0.6316217988015724,0.023614889284134258,0.01023248527071315
53.04492139816284,ifo001,1.4965038959579666,0.017155511536548998,0.010287130711693026
53.053624868392944,ifo001,0.1902591785139667,0.01856430570483402,0.010346019403760617
53.071152448654175,ifo001,0.10951414671366472,0.016017775568127397,0.010392737976119002
53.20918250083923,ifo001,0.09233923454905094,0.014459427293592883,0.01042659910012768
53.2218222618103,ifo001,0.04856825251421988,0.016264031047607853,0.010447821498586123
53.29259729385376,ifo002,3.101211797631264,0.6655667604877422,0.011187899482155638
53.40706205368042,ifo001,0.6090582771345254,0.01602868461923605,0.010456302169214131
53.465447664260864,ifo002,0.7266253945122627,0.027163061525240742,0.011200118897449008
53.4832239151001,ifo001,0.14515874347693444,0.015204122004665001,0.010461107646323485
53.51452326774597,ifo002,0.05893164916580202,0.024436309490384292,0.011209435401415233
53.57251453399658,ifo001,3.102661266894654,0.0171735329445974,0.010455459238571968
53.64454913139343,ifo002,0.16372576504359934,0.01891972530975159,0.0111919499500466
53.73141860961914,ifo001,0.06666708059690243,0.020869261131351,0.010483597044449748
53.74484062194824,ifo001,0.8122380804589849,0.015077787204515216,0.010498843813985293
53.75743126869202,ifo001,1.3787956285122431,0.01623444264109142,0.01051269206707917
53.891074895858765,ifo001,0.3353401074876617,0.019746046314510927,0.0105332729828688
53.89942145347595,ifo001,0.07055253804796391,0.013696449494129587,0.010545101032465904
53.96761226654053,ifo002,0.9179786940294343,0.06157380273717428,0.011171750278213792
54.093525409698486,ifo001,0.8616572165653938,0.015508942949003068,0.0105447300223571
54.1451141834259,ifo002,1.6770300006898142,0.023813665112310305,0.011153556692579796
54.16484236717224,ifo001,0.4807630409905424,0.01495801020016331,0.010545056597161245
54.20337057113648,ifo002,0.2400750691357554,0.02123757717349066,0.011149100460197021
54.238507986068726,ifo001,0.26211173594841986,0.017962493697654895,0.01054020615111767
54.30774641036987,ifo002,0.0007728304025753765,0.01777574276206119,0.0111345008410345
54.39546847343445,ifo001,0.8503681816442868,0.02355657889314671,0.010527153583701697
54.42153477668762,ifo001,7.814228175351413e-05,0.014546538990855729,0.01051597690405557
54.45508098602295,ifo001,0.042180891858268794,0.017196034599938605,0.010492809669584557
54.56094169616699,ifo001,2.059545209378592,0.01818970032610664,0.010459144403163562
54.64191198348999,ifo002,1.4089239144986092,0.02555546601483178,0.011106529504858693
54.709219455718994,ifo002,1.715663824462841,0.028119697623569116,0.011089569959181221
54.73386836051941,ifo001,1.3848941496918448,0.01571608669295688,0.010449583605845041
54.802595138549805,ifo002,2.3533654823782664,0.017811017895885264,0.011086930573036998
54.839409589767456,ifo001,0.09222595042323863,0.015306770114922503,0.01044993559387438
54.88357758522034,ifo002,0.18071871851008367,0.019413183895793953,0.011105799018017897
54.89501094818115,ifo002,1.0692610984990865,0.014652850012720485,0.011112311074240112
54.91416907310486,ifo002,0.4593325549047168,0.013977972651832298,0.011120523390801398
54.92782473564148,ifo001,0.009305985916344309,0.017949472409113952,0.010439295498278883
55.00308084487915,ifo002,0.9825972282206346,0.014602094078463941,0.011121182316870412
55.122541189193726,ifo001,2.987408837848192,0.019623942192953,0.010416983680730577
55.1260359287262,ifo001,2.505056180919051,0.014561014808638778,0.010430515523920866
55.15389919281006,ifo001,0.5888373746829032,0.017058717227224844,0.010466254962188476
55.28807711601257,ifo001,0.24355573837678032,0.018660198324916985,0.010495949991193462
55.293651819229126,ifo001,0.3815532740623837,0.013529801076195164,0.010515148080365279
55.375062227249146,ifo002,4.9415879269354726,0.022373303604644124,0.011122822525629593
55.45435547828674,ifo002,1.5401526418454818,0.03289839755690013,0.0111793807881061
55.4787962436676,ifo001,0.5884397020761233,0.015013436550993582,0.010526395507647158
55.53767657279968,ifo002,1.6305817385225585,0.02070294519592994,0.011285282149147223
55.55575275421143,ifo001,1.059426249118055,0.014694480785868106,0.010533264729977187
55.60591650009155,ifo002,0.10293844331196607,0.017167977855370956,0.011411638462881612
55.61079668998718,ifo002,0.007027706619430416,0.015255588880912005,0.011506115033107877
55.62812089920044,ifo001,1.116993280683791,0.016323424643330704,0.01054304627678633
55.69978952407837,ifo002,2.5824627858306783,0.018120967984038592,0.011567081203172892
55.79729890823364,ifo001,0.049526025727118554,0.016847268116337584,0.010556238998232752
55.81077575683594,ifo001,1.145603366467404,0.015221848960362355,0.010556816573002838
55.95614743232727,ifo001,0.10653203059232755,0.015766828232681895,0.010562208239197695
56.00604462623596,ifo002,0.7403347977529529,0.01919881558312297,0.011665873317230843
56.07837986946106,ifo002,0.015456964649315157,0.023242959787996266,0.011750229283460705
56.113099575042725,ifo001,0.8405475888838208,0.016849769885990618,0.01055625657547516
56.1632297039032,ifo002,0.00036409756415173067,0.017663781880980296,0.011801059781666621
56.18442845344544,ifo001,0.13834472414260987,0.015867940287435683,0.010551213973133678
56.21610164642334,ifo002,4.515119723745593,0.021144389860990598,0.011819211916954158
56.24967932701111,ifo002,1.9322858970188328,0.01594014800497951,0.011932040073397215
56.25520706176758,ifo002,1.1320942414049573,0.014898208599333808,0.01205908066952215
56.27048087120056,ifo001,0.9398807078466686,0.01693494247887484,0.010535977050744983
56.30105185508728,ifo002,0.012944260959383823,0.018981141750538513,0.012178852651654519
56.423925161361694,ifo001,2.8470068133216455,0.022882307499755415,0.010524246355123409
56.43663716316223,ifo001,0.08509367860262718,0.015600442109571823,0.010543886561509523
56.45114827156067,ifo001,0.17272933054025336,0.013997634177290755,0.010551151178893107
56.58987903594971,ifo001,0.9787781740226758,0.016138084042286442,0.010548011060625796
56.59687304496765,ifo001,0.07517357267161401,0.01343523985143421,0.010547619318646818
56.80899930000305,ifo001,0.009482619366367356,0.015667694677942955,0.010535758555401398
56.87275290489197,ifo001,0.08172810212615461,0.014893810539061757,0.010512051189824626
56.93651986122131,ifo002,1.9689914491720013,0.03265503505326002,0.012262592644346188
56.939992904663086,ifo002,0.9581258214069814,0.024523879080556865,0.012364097854787412
56.96731925010681,ifo001,3.6532675400344266,0.017307679222780988,0.010478512506515103
56.99593639373779,ifo002,1.1889501133452212,0.03507050335028406,0.012455099621568953
57.01556158065796,ifo002,2.1526543845544457,0.038494037263674376,0.01254232293822438
57.11232900619507,ifo001,0.0005052503721678225,0.015941211699490546,0.010492868644398193
57.12605285644531,ifo001,0.8754610434625985,0.014826363778412477,0.010493976555070506
57.13948059082031,ifo001,1.217797841732532,0.016660100391636685,0.010495968030272885
57.26337885856629,ifo001,0.2339495198646835,0.01587304925832551,0.010503821807703333
57.26867985725403,ifo001,0.3543338006068875,0.013284725070288923,0.01050228957714513
57.331437826156616,ifo002,0.17797030681429402,0.03808775276023339,0.012651107638549984
57.43041610717773,ifo002,4.589710505087482,0.02154918707678554,0.012727474893660606
57.45514154434204,ifo001,0.013671442873145331,0.014959443567550398,0.010493869361753321
57.52344059944153,ifo001,0.042464566101321204,0.014528121213722697,0.01047358318530979
57.5642614364624,ifo002,1.3596780226467666,0.021018044026204896,0.012887180446822591
57.60225582122803,ifo001,1.1870890932855558,0.014903331481069705,0.010442671395587189
57.64526677131653,ifo002,1.3402989567734578,0.019564072110464938,0.013040995034035203
57.68030858039856,ifo002,1.0620940526793636,0.018408288961249544,0.013188574859157563
57.77138686180115,ifo001,1.160097397597884,0.019352735433371834,0.010421455249738473
57.77690553665161,ifo001,2.3714756553428793,0.014022644088122342,0.0104082710660468
57.79559874534607,ifo001,0.42902645676271556,0.015177629619151629,0.01042024345331941
57.92696118354797,ifo001,2.565429808389684,0.014414564162860338,0.010425691610171204
58.128774642944336,ifo001,2.0945038671018867,0.016170718125579964,0.010455570001878935
58.2306113243103,ifo001,0.2766466064078392,0.01583277612215606,0.010499763308484556
58.32477903366089,ifo001,1.6867907502100996,0.016355881531936397,0.010533155277996541
58.48821544647217,ifo001,1.439392806728518,0.022080912183263652,0.010575045529157293
58.49910426139832,ifo001,2.4382227152379263,0.016933648027485745,0.010621244148433951
58.50832772254944,ifo001,1.3740446175616332,0.014361781970510065,0.010683456559304586
58.679600954055786,ifo001,1.9300960588431533,0.018453688170354803,0.010747021343252844
58.6905689239502,ifo001,1.954616980360278,0.01617110020813714,0.010818256030789411
58.88451337814331,ifo001,0.9827121670933886,0.016385910544412536,0.010896516940033543
58.97289800643921,ifo001,0.0022685685178814633,0.015965011578220563,0.010969867501681217
59.051669120788574,ifo001,0.9146508991069381,0.015607257223506681,0.011026573903173027
59.21699666976929,ifo001,4.004664917961344,0.018340214767668683,0.011078724543747618
59.24956917762756,ifo001,1.0203083088986848,0.01840526962883881,0.01116369245928181
59.38340544700623,ifo001,2.7645335149249157,0.01627123527207294,0.011293878790709063
59.40267038345337,ifo001,1.1163903309435936,0.015777460199633338,0.011482112029725789
59.578269481658936,ifo001,0.13178563959319356,0.017383889088341088,0.011659724499278951
59.65127205848694,ifo001,0.039630161899270024,0.01683097644308076,0.011803861416146581
59.73631143569946,ifo001,0.002097616872967048,0.018098095841902986,0.011912859955651197
59.92434334754944,ifo001,0.7546562208227791,0.020116306806236037,0.011986616175635567
60.028838872909546,ifo001,1.4847658268070392,0.01966101980158829,0.012047311122681743
60.17994952201843,ifo001,1.1591784244966283,0.021048155674022913,0.012115903971701527
60.19458055496216,ifo001,0.5123007651485957,0.016609446471071043,0.012182623915042497
60.35998106002808,ifo001,4.721417900677293,0.01784324542873254,0.012229549792138285
60.68735694885254,ifo001,0.6346717990680832,0.02555211300824986,0.012369505686211759
60.713358640670776,ifo001,0.13928479341413932,0.019046794481523095,0.012488132733365812
60.72690367698669,ifo001,1.0896990782219005,0.01689371523789966,0.012573317064102286
60.840611934661865,ifo001,0.0009076470097045234,0.017459938582765996,0.012652295678557319
60.85380578041077,ifo001,0.14145242237509412,0.017657352815791887,0.012695209894908693
61.05407118797302,ifo001,3.65239930584719,0.018229839405186105,0.012707704152206564
61.12437200546265,ifo001,4.502811625588926,0.017670116582294164,0.0127922451588409
61.21951985359192,ifo001,1.0638362021455747,0.02235768941791568,0.012956413461064933
61.394975662231445,ifo001,0.3721294709829827,0.027314036396337935,0.013107065123870993
61.40078639984131,ifo001,1.3440181010836139,0.01935065715465043,0.01322739109739375
61.417219161987305,ifo001,0.14518248016623198,0.021281109569433146,0.01334384032069347
61.53868651390076,ifo001,0.11374499390088098,0.030740232195849454,0.013424877506836883
61.54884147644043,ifo001,2.6364504927262575,0.018947785148335505,0.013470965307641023
61.72602295875549,ifo001,0.745048046073122,0.030840937646367965,0.013554929759018468
61.81858777999878,ifo001,0.22008921401773615,0.027447651022063473,0.013621102047099322
62.073370695114136,ifo001,1.3499426113084663,0.02294146422427481,0.013655587909776602
62.26233887672424,ifo001,1.2559278983325077,0.02384896215097363,0.013693207266720048
63.92327427864075,ifo002,4.859094148744816,4.776517758800466,0.013323182904722753
64.00795125961304,ifo002,3.5288981048486585,0.5251328088384022,0.013535946607544121
64.28235125541687,ifo001,1.8640848514179948,0.4509467546349403,0.013730868063563446
64.46840023994446,ifo001,0.9417782995481366,0.07333630351214647,0.013785735139295676
64.63704133033752,ifo001,0.15839771924689952,0.025529097915355146,0.013829931723720122
64.71904706954956,ifo001,0.0036192606099512024,0.02167491262338734,0.013841251109189944
66.26382446289062,ifo002,4.7296346469219195,1.1834839341081422,0.013785671333190795
66.3502848148346,ifo002,4.458239181306962,0.03915721443144058,0.014092038558373795
66.37847566604614,ifo002,0.6513481841639673,0.061002460901893554,0.014442229037671766
66.80335235595703,ifo002,2.4830752873426727,0.07004153030060489,0.014758272594900312
67.08764719963074,ifo002,3.498400170376322,0.05190545404378033,0.01507796594179282
67.58696818351746,ifo002,0.39255822654651273,0.0589517682558835,0.015420824915413007
67.73818135261536,ifo002,3.020821020278213,0.037255215989092844,0.01572167550614366
67.75185132026672,ifo002,0.3189925745238546,0.026473438481559645,0.016037013115980672
67.77414965629578,ifo002,0.04011946428635687,0.023149722508337748,0.0163076314502613
67.85351490974426,ifo002,0.4780806962695488,0.02291614524465976,0.01652744965055093
68.18117785453796,ifo002,1.9175591668216387,0.0323974012794148,0.016707989901925117
73.30732536315918,ifo001,4.5644256005340225,11.896899304510926,0.013816646110044009
73.56455564498901,ifo001,0.3254327463630019,0.2764403054401765,0.013894096382858299
73.80403661727905,ifo001,0.016350666815363957,0.7176392371120982,0.013941583618507959
74.45113277435303,ifo001,1.334417700421717,0.07413271176947721,0.01395150933001772
74.62872004508972,ifo001,0.7691387164199754,0.0322317940643438,0.013965877254487322
78.05235528945923,ifo001,3.784727399613061,1.3354812842248331,0.013967328994464503
78.29845452308655,ifo001,0.0009058033060127314,0.6711771468751249,0.01404406952215883
78.79077529907227,ifo001,0.07568606669905421,0.044163658790105836,0.014081229670722471
78.9264075756073,ifo001,0.17827713441340146,0.02940362865077167,0.014082753193742399
79.20680618286133,ifo001,2.677155486154937,0.03091738600711921,0.014053755369305254
79.21472930908203,ifo001,0.2339389626277994,0.021519656683418088,0.01407369559746799
79.4041075706482,ifo001,2.7765066547418695,0.023868495678989358,0.014063775444621344
79.51982998847961,ifo001,0.11153883150161864,0.027503414318668404,0.014102675881885763
79.59772539138794,ifo001,0.9768472876736991,0.04002899887390615,0.014106876365091213
79.77147674560547,ifo001,0.02509954528526938,0.026097491233673685,0.014104958577437078
79.77189326286316,ifo001,1.8405149039527917,0.0261329074640937,0.014067812148031898
79.79080009460449,ifo001,0.06998658597049114,0.02216570002169415,0.014055561825714645
79.92870926856995,ifo001,0.19625898150384255,0.019889131360608638,0.014010216657528177
79.9415192604065,ifo001,3.9442145569029856,0.0181768225325174,0.013938076851884973
80.1212420463562,ifo001,1.1744982138792555,0.02047549254220462,0.013960347684867388
80.20419502258301,ifo001,0.4114363522951269,0.02006161759299728,0.013981103283176397
80.30634474754333,ifo001,1.6406167099237132,0.023637705124692817,0.01397760107812373
80.486412525177,ifo001,0.16841306985323615,0.023461979473473914,0.013989043471251416
80.51028728485107,ifo001,1.5936960504329376,0.020425726245724952,0.013969314978953463
80.52192497253418,ifo001,3.31322569117618,0.020376071580129135,0.013965032572083005
80.66537857055664,ifo001,0.6268636873193751,0.029026870244826662,0.014024060547003808
80.66631627082825,ifo001,2.7280860987070863,0.01892553837160194,0.014062526661204791
80.86353397369385,ifo001,0.5095024786557341,0.02076776670573175,0.014141248192384288
80.94486045837402,ifo001,2.410605872456848e-05,0.019818924299150532,0.014194517579480318
81.04498481750488,ifo001,0.322538884566128,0.02389039369319329,0.014208822432171418
81.23154926300049,ifo001,0.07516704094369897,0.02156998977798697,0.014195988674523213
81.26121616363525,ifo001,0.12500137390682045,0.022660997676149954,0.014149899897937569
81.37440776824951,ifo001,3.512495302898627,0.028466109658060283,0.014074320901561412
81.39089298248291,ifo001,0.001709444263117546,0.02123341910800347,0.01408067982529856
81.56611585617065,ifo001,0.885906282527421,0.01999136402178473,0.01405069587951247
81.6548068523407,ifo001,0.6134569817550147,0.019545928821683618,0.014015029084543903
81.8038718700409,ifo001,1.6260941230553327,0.027334403553328696,0.013965538495076864
81.95676684379578,ifo001,0.45299342957604216,0.029901085873242854,0.013936111378264204
81.96518468856812,ifo001,1.0729869370034635,0.01880742440617919,0.01388738365225865
81.98252868652344,ifo001,0.6579187951079942,0.020831075207779947,0.013841223188643611
82.11033725738525,ifo001,0.6764671682338803,0.026992036037922586,0.013784029403210156
82.12437987327576,ifo001,0.17500062415739806,0.01823781709150999,0.013717535120753768
82.31409788131714,ifo001,0.10902154170735043,0.019259658319727032,0.013625727466972461
82.32723784446716,ifo001,0.08122261824059551,0.01767921063712937,0.013508298746800398
82.4037606716156,ifo001,0.006630155948207802,0.017490620951202684,0.01336637189403356
82.4986138343811,ifo001,0.8702801135649261,0.02094426676467784,0.013199283058188094
82.7054545879364,ifo001,0.38725727665550985,0.02508032282127358,0.013042913992221083
82.7260479927063,ifo001,0.07472274983587454,0.01996860063585313,0.012878130018253161
82.85548090934753,ifo001,2.2101709419760702,0.03985527567105128,0.012693903049361535
82.86560726165771,ifo001,0.9578214362026483,0.02569139104128935,0.012574538369328368
83.06828689575195,ifo001,0.010076725021856,0.01978782831637171,0.01246537990822847
83.15280985832214,ifo001,1.0937671640711584,0.01856927481980617,0.012331266495950214
83.24604916572571,ifo001,1.1526442380046042,0.018316867232353057,0.012214830284533911
83.42609167098999,ifo001,0.04885276216327613,0.02086118918569031,0.012116255520085656
83.43592715263367,ifo001,5.348150996894707,0.020894782948967627,0.011994343491411503
83.45614433288574,ifo001,0.07859183275326,0.01752976925024639,0.012025749900332318
83.62247133255005,ifo001,0.0554763003711251,0.01745682157117516,0.01202715960913131
83.6348397731781,ifo001,3.2004059503567346,0.018031139088369463,0.011999445233980143
83.81187582015991,ifo001,0.32905622262174944,0.02626873739247895,0.012040455895290073
83.87756824493408,ifo001,0.259229792636025,0.020044862064870994,0.012058357010120743
83.97227120399475,ifo001,0.9917930193638309,0.016837708245780344,0.01205242326909193
84.13009405136108,ifo001,0.005145240326945986,0.01865946041165916,0.012046941400710017
84.13821387290955,ifo001,0.5452505953941167,0.02042856686551322,0.012011057229978948
84.1586697101593,ifo001,0.07969560673365898,0.01577900527134339,0.01196440353016606
84.30105638504028,ifo001,0.045381418817865844,0.016433831505772954,0.011892427602304523
84.31136512756348,ifo001,0.3630419754963874,0.01792264961013114,0.011795769785131341
84.50143051147461,ifo001,1.1892520595798264,0.0229399825820834,0.011687909757142477
84.56056499481201,ifo001,0.034660877737929655,0.019479919396716394,0.011599706171620322
84.67685985565186,ifo001,0.1217348873141197,0.016171304857700675,0.011488292022976857
84.85629844665527,ifo001,1.2954248544045712,0.018186129505611322,0.011358867154471439
84.86298966407776,ifo001,0.0008538765603440727,0.019244665791494836,0.011256919687956982
84.88206338882446,ifo001,0.4951351357759317,0.014565733246844396,0.01116243090454476
85.01538848876953,ifo001,0.8899604335312388,0.015353860185563206,0.011099252696301552
85.02272176742554,ifo001,0.08607422494417596,0.01705810656108025,0.011042814297835293
85.22508525848389,ifo001,3.5545151122302068,0.022105624725480985,0.010977560954569216
85.30247020721436,ifo001,0.03837992058121775,0.020046829311395793,0.010965289557988653
85.39030575752258,ifo001,0.010447626224039726,0.015479539844899692,0.010940569709234372
85.5461814403534,ifo001,0.1279721335602046,0.016885840827124684,0.01090374259973547
85.55075883865356,ifo001,0.4096101327380344,0.017118505729705386,0.010857779303999712
85.57068395614624,ifo001,1.3028028391989044,0.014337158685345382,0.010808623755425632
85.68706583976746,ifo001,0.008779336896667345,0.014529877398733715,0.010772584154434366
85.7027645111084,ifo001,0.6768284788898546,0.014551502995250019,0.010725563893457312
85.88034009933472,ifo001,0.9958125484015291,0.020018361498192798,0.010680646932645636
85.9652488231659,ifo001,2.1852999943105513,0.01814813213325566,0.010643340675545943
86.05983066558838,ifo001,0.05275200123384082,0.015891223737472288,0.010632242898738618
86.21809649467468,ifo001,0.11777491042892188,0.016352776085185528,0.010609720709715172
86.23141980171204,ifo001,0.8294542010554322,0.015197367721045177,0.010577651199622229
86.25147747993469,ifo001,1.3696900377971117,0.01481272533657765,0.010549077960938456
86.3624427318573,ifo001,0.07602684317853269,0.014221883964023647,0.010532540352274739
86.52292537689209,ifo001,0.06133267252768817,0.017314451580178337,0.010505556460615344
86.60637736320496,ifo001,1.114444421604718,0.01598951088340131,0.01046862214470579
86.6907639503479,ifo001,0.23026790311676912,0.014748942063145521,0.010440915127925918
86.8770706653595,ifo001,0.7294198081006954,0.016881784793493785,0.010406418493148039
86.87949013710022,ifo001,0.5769834123868719,0.01572782727861929,0.010374480799313544
86.89458870887756,ifo001,0.19604820130396636,0.013313081874629222,0.010342299865810077
87.00992345809937,ifo001,0.032726535995970814,0.014270451906067827,0.010303342547174656
87.02154874801636,ifo001,0.14078595108175007,0.014203993859204081,0.010255269048475865
87.2155532836914,ifo001,1.6576585153789711,0.015209407752581738,0.010200912378178021
87.3095383644104,ifo001,1.031436294520253,0.014675456086714254,0.010168704946386855
87.41689205169678,ifo001,0.11321022341318426,0.015116943384137077,0.010144586145256655
87.5719666481018,ifo001,0.3877813168419057,0.015775077433733235,0.01013375
87.58147883415222,ifo001,1.3269652371899396,0.015188867113099726,0.01013375
87.59543895721436,ifo001,0.011880527617863328,0.013690826811924245,0.01013375
87.70649933815002,ifo001,0.05867429194085406,0.013805007202925632,0.01013375
87.71530270576477,ifo001,3.646868423685615,0.01282536672710763,0.01013375
87.93432283401489,ifo001,4.892712361114192,0.020937505088896233,0.010137509527197996
88.02770256996155,ifo001,1.4807578133432822,0.015164878550722662,0.010195873303302901
88.20886588096619,ifo001,1.1950340898716052,0.017676941707481103,0.010258084180940376
88.36944913864136,ifo001,3.340779570860683,0.017182031834400785,0.010320330906481906
88.37647008895874,ifo001,4.431933517507473,0.014512217262880898,0.01040661701249724
88.40490746498108,ifo001,0.9830670055245944,0.014161251628381279,0.010523851197397772
88.42239451408386,ifo001,0.11165399586690623,0.013253412847651828,0.01063487587619135
88.53503727912903,ifo001,4.84783917418974,0.014477144678541692,0.010730666932516404
88.55172348022461,ifo001,5.335993397858455,0.014021407400226329,0.010859941807339742
88.81136798858643,ifo001,4.459789888475905,0.019526190974291428,0.011021474180522595
88.8982994556427,ifo001,3.078788562639515,0.02457812788422455,0.011214770097657123
89.08688592910767,ifo001,3.6288992056900177e-06,0.02289117197923489,0.011594180410398574
89.09602332115173,ifo001,0.28670492747196324,0.01639083909910007,0.011935852174307466
89.12308526039124,ifo001,0.19989778364322924,0.01585206346576553,0.01224370288177384
89.26570224761963,ifo001,0.5467312534694017,0.018960710937946365,0.012515380961103821
89.27292919158936,ifo001,1.171640558214965,0.016515567155554037,0.012757909066942404
89.45207595825195,ifo001,3.638095520984358,0.018395526793890112,0.012985205246910122
89.52136325836182,ifo001,0.009908569305941809,0.017939345144523437,0.013250369119056277
89.61098623275757,ifo001,0.14009563884680626,0.020242479014869856,0.013472909704905061
89.76717519760132,ifo001,0.8246167267288026,0.021817701702383386,0.013656011297500817
89.77496647834778,ifo001,0.002241762331428449,0.01870190475146808,0.013817074746438694
89.79131174087524,ifo001,0.10772256287030343,0.017828875407741005,0.013936114645955015
89.93555855751038,ifo001,1.5454689598838496,0.020895521125806345,0.014017089327576919
89.93916010856628,ifo001,0.0017545084177314149,0.01826457829619698,0.01410129174449031
90.15406465530396,ifo001,1.4268864302851163,0.021241197971923993,0.014145477677162002
90.2228512763977,ifo001,1.9471127874625465,0.019555472347870213,0.01419288810250615
90.31982779502869,ifo001,0.12882569477216052,0.019639467301401703,0.014257669818283846
90.4702763557434,ifo001,0.11057022862760502,0.021243702844400775,0.014286567966179841
90.48692917823792,ifo001,0.16964207790539845,0.019243120420067414,0.01428078982524975
90.49877738952635,ifo001,0.8125064853184253,0.02322167373448027,0.014244146151977942
90.61050868034364,ifo001,0.32870556932816825,0.02489681504268961,0.014199578673766066
90.61738348007202,ifo001,0.20035182614118016,0.019518700530186277,0.014132072479777389
90.78403544425964,ifo001,0.21150754211717435,0.026165416796346912,0.014039107299616112
90.87705087661745,ifo001,0.0722713760607125,0.02642741550763536,0.013923150848598033
90.97050666809082,ifo001,0.0952040381663588,0.02775763080155357,0.013781158047547964
91.15312457084656,ifo001,0.01198688128190705,0.02132457972169552,0.01361627881241163
91.163170337677,ifo001,0.05129087886466351,0.019027431036016368,0.013427464063954384
91.18379330635072,ifo001,0.4463620762412193,0.023423491303743386,0.013218669040563192
91.3149425983429,ifo001,0.027933330235031473,0.018097049860997125,0.01300852185670422
91.32525634765624,ifo001,2.108120266554464,0.017726470075197263,0.012780344737736057
91.4944999217987,ifo001,0.13239205955616007,0.021855538111621428,0.012621366566406262
91.55423545837402,ifo001,0.2975516070916092,0.018750486034743333,0.012445473120584454
91.82051467895508,ifo001,2.1676082970682033,0.021686456404261673,0.012261251367690339
91.82917714118958,ifo001,5.7306229873324614,0.021295296948742347,0.01214207581168174
91.85079836845398,ifo001,1.3983222330358271,0.03112650625364586,0.012185852549478226
91.97133135795592,ifo001,0.579956733268966,0.017850616525362514,0.012236593198379712
91.98305225372314,ifo001,0.11199012426251768,0.01825471760092854,0.012270392353939773
92.160311460495,ifo001,3.6737870303524764,0.01981410844843561,0.012274451713068589
92.23722887039185,ifo001,1.563413907842601,0.01790939079316276,0.012353539864803934
92.3250994682312,ifo001,0.06478777193549647,0.01875974255928769,0.01244009703244681
92.50369930267334,ifo001,0.2904723464629177,0.0212620155409705,0.01249262370942548
92.52542853355408,ifo001,0.07652877529437328,0.017533576265090688,0.012519097708373287
92.5435185432434,ifo001,0.1325869610152346,0.01812859316398944,0.012514504594944763
92.68542766571044,ifo001,1.5915208687827584,0.018027392302217678,0.012482324882376692
92.7000720500946,ifo001,1.156062741630936,0.016342550763829258,0.012470856223187035
92.75609087944032,ifo002,7.022434352072538,232.27841037292777,0.016886786279119957
92.85181379318236,ifo002,0.002178473327140402,62.076803990025816,0.01718215452310107
92.87297916412354,ifo001,1.8704053559108187,0.020853801050477717,0.012464362065613964
92.96177577972412,ifo002,1.0245559942581086,0.033185573475653735,0.017422847874752314
92.97545528411864,ifo001,0.3001876803622254,0.018572195766877284,0.012483663763453895
93.00709867477416,ifo002,1.392727993460653,0.030792632592501996,0.01763438407351281
93.05883312225342,ifo001,0.47723367822347823,0.018087390752662635,0.012479212293462195
93.11895704269408,ifo002,0.8144081428059177,0.03381114354020191,0.01782694956200645
93.13855600357056,ifo002,0.44232230844964054,0.026546698153343665,0.017986725033730316
93.24550127983092,ifo001,0.564166911907088,0.022624514623786653,0.012458111902965733
93.28152585029602,ifo001,0.0023690737449134558,0.018008237733695625,0.012424458521866136
93.4233329296112,ifo001,0.6339403858808531,0.02015297161743093,0.012360908949965584
93.42652320861816,ifo001,0.06085282492735438,0.01631002453849653,0.012291048647150778
93.57713317871094,ifo002,4.554195123377529,0.06914260654618824,0.018105259125042957
93.60668396949768,ifo001,2.956140831880457,0.019273557249228558,0.012195871475668555
93.66991066932678,ifo002,2.9907077066568264,0.03741549323314651,0.01829248749105842
93.6840147972107,ifo001,0.7680910479786864,0.017198026141246797,0.012174921727878298
93.72132086753844,ifo002,3.4981613470883266,0.028842220210649694,0.018500681099135725
93.75088167190552,ifo002,3.843695320599112,0.04834030776364617,0.018739403725102827
93.7588460445404,ifo002,0.0033209401837263576,0.054003319621606316,0.01901289460709771
93.7737159729004,ifo001,0.005329782233466523,0.017390003885115732,0.012148599818000226
93.80389738082886,ifo002,6.3814844947250515,0.02729734268844408,0.019227114142490155
93.92869925498962,ifo001,0.4604403222963108,0.021718689793584392,0.012092769460870347
93.93489408493042,ifo001,0.014824150523651127,0.016100720236422224,0.012024824632630332
93.96309852600098,ifo001,0.9814312355077383,0.017608069861968778,0.011930515986145368
94.07393026351927,ifo001,0.727855896180846,0.015709821275318645,0.011846209095699941
94.08466815948486,ifo001,0.2887320734776678,0.014857192292413758,0.011762261396083244
94.14153599739076,ifo002,1.3168289044032426,0.03143741881732524,0.019536543165365076
94.2263879776001,ifo002,4.347725637190019,0.02927089791834364,0.019815196298671175
94.25981855392456,ifo001,0.1132285915641498,0.021627518274968845,0.011663476146694845
94.31701898574828,ifo002,0.9446111022019202,0.028567324256222895,0.02013401903462693
94.33987307548524,ifo001,0.1257476719771713,0.017583859901355532,0.011544935718009566
94.3894317150116,ifo002,2.312664590518622,0.03143370660952677,0.02041155106677696
94.424955368042,ifo002,1.1375395139652698,0.03248219705693016,0.020681689585865186
94.4374213218689,ifo001,3.588972753286429,0.01636073288397801,0.01140893643594077
94.58805584907532,ifo001,0.35816598149906437,0.017354422493927123,0.011378992207250527
94.5965657234192,ifo001,4.904957286082374,0.01527477489703443,0.011333355149028796
94.71470427513124,ifo001,2.4687515736975185,0.018106169006829223,0.011408848338085113
94.87627387046814,ifo001,3.2103871516576317,0.018922769674060043,0.011517456937185722
94.8991403579712,ifo001,1.1915635273968337,0.015817713253110974,0.011672234870327173
95.21810936927795,ifo002,1.6789562534370943,0.06372931920078291,0.020916125924559985
95.2452268600464,ifo002,2.2285542773812335,0.07260581447322405,0.021129827893475738
95.2533118724823,ifo002,0.831151079647104,0.030748641369753124,0.021337639157157952
95.2697741985321,ifo001,2.594995094973021,0.03404588666796699,0.01181997276431796
95.29729294776917,ifo002,0.37053209281649235,0.03573407809707557,0.021503697956813367
95.33437085151672,ifo002,0.056907345627946436,0.03844146934769585,0.021617350288326013
95.47274947166444,ifo001,1.5296990510393476,0.0222519231218836,0.011993887923317318
95.63115572929382,ifo001,0.6012460110975714,0.027333420943690172,0.012166601988777039
95.81136059761047,ifo001,5.720011632049989,0.059224041191330026,0.012315980927451061
95.88257956504822,ifo001,2.6043657184948126,0.020252178460213276,0.012559305559058547
95.98689126968384,ifo001,0.4737411225595419,0.022570078781216172,0.012817875420478408
96.15454053878784,ifo001,5.650104182058847,0.02859833505069565,0.013045309898714314
96.1584267616272,ifo001,4.1695954823068835,0.01849455204557426,0.013350891977935028
96.19746565818788,ifo001,0.21269017404690407,0.020550547799449037,0.013695155112916985
96.31513166427612,ifo001,1.0235967257924623,0.0238793661364397,0.01399874085880154
96.3340709209442,ifo001,0.047244247832286215,0.018153070865609376,0.014278339630093374
96.39417791366576,ifo002,0.8006542654589462,0.06781773065830779,0.021671870319199257
96.47542691230774,ifo002,1.135364308674836,0.048489403533766975,0.021692192639476138
96.52437901496889,ifo001,3.4396377714833326,0.041196395759907044,0.014512912858585308
96.67625284194946,ifo001,2.505449299515088,0.03343656412380344,0.014778982910984933
96.77537846565248,ifo001,0.0167160783296562,0.023850486206921366,0.015053096039219619
96.82535004615784,ifo002,2.420488085939898,0.0623340882418586,0.021690819956614225
96.85804152488708,ifo002,1.961407473923559,0.04767337373902404,0.021708437998971264
96.93581652641296,ifo001,0.6784088080895913,0.031324411254264585,0.015279356420766834
96.93942070007324,ifo001,0.00044619026317320134,0.02136581537651417,0.015474053956716529
96.95569396018982,ifo001,0.27241825085085236,0.02037259868378396,0.015621210816207884
97.06958198547365,ifo001,0.5936273367237869,0.024830035919598595,0.01572919404864988
97.08239984512328,ifo001,0.3408736592952715,0.020153252388065736,0.015808401439962032
97.15198826789856,ifo002,0.057472289657411656,0.07522369830661743,0.021729337290970034
97.25657558441162,ifo002,0.021115892803863102,0.03681602648865112,0.02169529480192973
97.30308318138124,ifo001,2.901732583706909,0.024606586416237794,0.015853162672444555
97.41044545173644,ifo002,3.6310939466471983,0.041920567575108425,0.02160820637400791
97.42946004867554,ifo002,1.2670056037094732,0.034096264561495296,0.021588336839874416
97.43646955490112,ifo002,0.17405055728378943,0.028135102903907742,0.021554423271324515
97.45557689666748,ifo001,0.22618172193688646,0.024827493071107244,0.01593837307217137
97.49068093299866,ifo002,0.2876706676804284,0.026851144128846385,0.02147280087506654
97.5166757106781,ifo002,4.41106987454911,0.026564269010782803,0.021350485635651832
97.6203179359436,ifo001,0.08356306165145158,0.029069451679110465,0.015985210493651533
97.6559600830078,ifo001,5.738104955899734,0.023951840680417363,0.01599128839055061
97.774334192276,ifo001,0.5144446492657166,0.02587932528932391,0.0161200517341729
97.79254794120789,ifo001,4.953333391286665,0.023455787800383942,0.016215752970995104
97.86765098571776,ifo002,2.4101252032991787,0.03433254314925535,0.021325967434073886
97.93484711647034,ifo002,2.00723732766356,0.03130543132504595,0.0213236811636863
97.96718835830688,ifo001,1.0398515535560535,0.025124918548025718,0.016396301473888195
98.05480360984802,ifo002,1.320725527704321,0.032100682723272204,0.021329017037992466
98.07561254501344,ifo001,1.3273754504648272,0.023926268112784466,0.016553874691285747
98.104754447937,ifo002,1.3193563435053437,0.028993632778722907,0.02132044146128199
98.13169050216676,ifo002,1.0659577416004518,0.027941691067286,0.02129914152330014
98.1472179889679,ifo002,0.5874028962505636,0.02625965894451158,0.021258373739544797
98.16387915611269,ifo001,4.386073542763297,0.02318206882701407,0.016696959367879304
98.19459176063538,ifo002,4.350435842647296,0.02794609428792825,0.021184512130057648
98.22361493110655,ifo002,0.03467661449622378,0.02555650081494485,0.02119866969420331
98.34415054321288,ifo001,3.8967197791236705,0.027350415708155454,0.01690280351898899
98.35635328292848,ifo001,0.8739265917250438,0.023487030374965648,0.017151010271373265
98.369863986969,ifo001,0.275421004650712,0.024997023072448527,0.017366728418407838
98.4725272655487,ifo001,3.478616034091236,0.022608607605025425,0.017536113638884528
98.48740434646606,ifo001,1.0427399328962752,0.02244034708848721,0.017741620371098516
98.54281902313232,ifo002,0.6056399089095118,0.03433767853183015,0.02115888346466991
98.66410326957704,ifo001,0.1559547629754708,0.02936413849688188,0.01791959507825418
98.71505880355836,ifo002,0.18564037440070913,0.03268900001574655,0.02108677892364433
98.72887873649596,ifo001,1.7170548064705835,0.026370266921042135,0.018048115879598935
98.75719285011292,ifo002,1.0972546963326286,0.030292694079581302,0.020970923859457934
98.78275299072266,ifo002,1.3781586098483394,0.02733555306803501,0.020845849598489802
98.80554914474487,ifo002,1.7462508058336659,0.026329466583894692,0.02072233021386899
98.81879138946532,ifo001,8.92047642382406e-05,0.027427660022926785,0.018171291610443906
98.84427618980408,ifo002,3.7686322407500357,0.02708833481163225,0.02061293189848979
98.87208342552184,ifo002,0.15228634978353764,0.02522079872740095,0.02058126153024621
98.9718301296234,ifo001,0.09003772441328278,0.02669523599220088,0.01824224435040726
98.97535490989684,ifo001,0.01644978640731945,0.023556474168054665,0.01826566916360873
98.99644470214844,ifo001,0.09424043356074548,0.02684683382475093,0.01824161858433117
99.12262678146362,ifo001,0.0050834819689061705,0.023704325398393164,0.018175194882748456
99.15579056739809,ifo001,0.12359828037573647,0.023210472137572467,0.0180660963369271
99.22772097587584,ifo002,0.970003612860058,0.0423398593856891,0.020503541684743404
99.31611824035645,ifo002,3.4196596638049215,0.03193129876595281,0.02041013918645525
99.35177946090698,ifo001,0.22484480281552416,0.03162459243524045,0.017921415231925437
99.4094533920288,ifo002,0.018201081767312607,0.03271131084731624,0.020381624569310555
99.42666935920715,ifo001,0.052209276744479956,0.02830509444737845,0.017747707636046467
99.46063303947447,ifo002,1.0419996563544007,0.027469151348060578,0.020303029498124594
99.47272038459778,ifo002,0.2003832749843136,0.027370195666982972,0.02021173686516513
99.48503875732422,ifo002,0.16215233363316287,0.026194875017550846,0.020080721539310023
99.4971878528595,ifo001,0.0022064117523151613,0.02498519044500301,0.0175411800896897
99.54544353485107,ifo002,0.05361441226127638,0.024850802106386554,0.019911701684526266
99.57263851165771,ifo002,0.11521943119624334,0.024096029276597777,0.019703838818318865
99.68693661689758,ifo001,2.0465119205431943,0.029683582658743084,0.017302859234427412
99.84966206550598,ifo001,2.425108612155839,0.030027846458085768,0.017115277992046332
99.85612463951112,ifo001,0.6075537753196449,0.03278171876780315,0.016984728991951352
99.9137568473816,ifo002,0.5031041286403914,0.030045622774061975,0.01946282406690043
100.00666284561156,ifo002,0.8207901866622748,0.029968377756336373,0.01920707822477013
100.0393772125244,ifo001,1.1002573294589144,0.02893653077488135,0.016840324436832782
100.1143810749054,ifo002,2.4301057035929743,0.030512114264372867,0.01895121146399721
100.12126088142396,ifo001,0.18358305819717194,0.024750639218298624,0.01670134049309531
100.20373582839966,ifo001,0.007730630818032887,0.023021603245469386,0.016534670631240995
100.28040218353271,ifo002,0.48341829560379257,0.05275298518308351,0.018757081464105364
100.37358736991882,ifo001,2.4621548336629346,0.024144058258476663,0.016336219386987972
100.37989544868468,ifo001,3.1931204371342408,0.02403981345546828,0.016200599394338145
100.39761924743652,ifo001,0.16648069418400985,0.03716096923040897,0.01614199418294684
100.6324474811554,ifo002,0.044078768289637846,0.03676778046948527,0.01854524035138254
100.71153593063354,ifo002,0.02368128596768269,0.031088161088069798,0.018300933183292786
100.74334120750429,ifo001,0.001682970650157508,0.03479245181935439,0.01605093812824849
100.79845547676086,ifo002,0.07969679481426654,0.027952229260163244,0.01802648934465482
100.8226878643036,ifo001,0.0197443348077719,0.02670409722038527,0.0159240776947247
100.8502721786499,ifo002,1.2113386181916506,0.02822059676298564,0.017727385063702493
100.87765097618104,ifo002,0.012214414105548745,0.030103199399822082,0.017453757649012518
100.88978099822998,ifo002,0.023301281626542547,0.02420709797543931,0.017154188308402037
100.8971905708313,ifo001,0.5350807313402008,0.02223078558353695,0.01576473117485184
100.92842483520508,ifo002,1.6152784609095994,0.020985726926185416,0.01683215062106206
100.96395826339722,ifo002,0.15009636322094871,0.021022704283903997,0.01655885403471689
101.0921573638916,ifo001,1.5619475865084018,0.02465507220917277,0.015594961819806005
101.101646900177,ifo001,1.3994958063896288,0.025221919649405587,0.015454017750240655
101.12612748146056,ifo001,5.736300673554759,0.0404113265783947,0.015332788608196488
101.2514431476593,ifo001,2.7064198830730155,0.028103391230265895,0.015366067045468916
101.27061080932616,ifo001,0.05850931046287784,0.022018511913647825,0.015437015326271737
101.32498621940611,ifo002,6.4565558112525405,0.025151976132583173,0.016267956595564306
101.40669107437134,ifo002,0.1673688395950536,0.027245895395807504,0.016198954479736346
101.43737506866456,ifo001,2.9984060235054564,0.02869721338886827,0.015466714362598128
101.50153231620789,ifo002,0.2504343910268398,0.022655763929295143,0.016098069396807496
101.52690076828004,ifo001,0.026483827741477374,0.026152961741800304,0.015542445989861273
101.56024837493896,ifo002,6.814625324278079,0.027844201304484388,0.01597067787367306
101.58612585067748,ifo002,5.03027562132716,0.025751341802558756,0.016028565763869563
101.59932231903076,ifo002,2.6798440920583997,0.020699346660724274,0.016180372368824768
101.6155116558075,ifo001,0.7531195471092942,0.026580542500863166,0.015575509020399596
101.64954733848572,ifo002,0.5348915138903879,0.024730531122305596,0.01635305448723328
101.68327856063844,ifo002,5.125312763932824,0.02792018762089933,0.016490412166603033
101.7908058166504,ifo001,0.0017273964128960498,0.024193870839827332,0.015589710747938431
101.80091547966003,ifo001,0.022562774548237435,0.022703288753889196,0.015563302607004803
101.82551431655884,ifo001,1.7843814015776807,0.021401281114378563,0.01549919548913083
101.9793426990509,ifo001,0.0012135074306990812,0.021596779632108876,0.015457863117203097
102.0433223247528,ifo002,0.16999554936858943,0.03721835589916502,0.016709237155936883
102.17691254615784,ifo002,0.008527970081651563,0.038937668818448026,0.016880717575186974
102.20090699195862,ifo001,0.0012532236694884037,0.02574462845128006,0.01537924677654552
102.26341605186462,ifo002,0.12530213040295562,0.025280085618486152,0.01700181963051268
102.30644273757936,ifo002,0.2953938340301949,0.026578048333913612,0.01707731749167856
102.33171391487122,ifo002,0.17823733651416776,0.02483764031269417,0.017114044369810875
102.34161591529846,ifo002,0.009784129640031182,0.023058145782094683,0.01711051215750299
102.41529417037964,ifo002,2.561578495357287,0.024478764641062984,0.017063651176695255
102.44579744338988,ifo002,0.39010519904031865,0.02338796339448096,0.01705730483881056
102.55509996414185,ifo001,0.4502411693080971,0.03409407958387935,0.01526577353951293
102.55816864967346,ifo001,1.5888390150173008,0.027812935628508423,0.015136101777719025
102.5743932723999,ifo001,2.4280844268889137,0.023557807317084102,0.015032248373446336
102.68718957901,ifo001,0.8178368992153934,0.02066342346507402,0.014978795631075197
102.70297479629517,ifo001,1.5240677007922085,0.022068477891280885,0.014917176762412578
102.76001930236816,ifo002,1.0184827744071312,0.027200916927104336,0.01701999056115087
102.85570955276488,ifo002,2.5007486969916455,0.03267914089417071,0.01697414631286628
102.9375422000885,ifo002,1.6229102932372819,0.025343900901669,0.01696705270506746
102.9860987663269,ifo002,2.4133955360227577,0.026728976838359293,0.016967352765554916
103.01442384719849,ifo002,2.1846193349606495,0.027884090085062305,0.01699768959320267
103.02959489822388,ifo002,0.7671221972329245,0.02198813469898215,0.01704772939980934
103.0499987602234,ifo001,0.26630479518036076,0.03129909364748562,0.014871291614203166
103.09059405326845,ifo002,0.009230107465184934,0.024241242233171867,0.017074428727005347
103.11309266090392,ifo002,3.3032318107782945,0.02329841383106549,0.017056317615053655
103.30137419700624,ifo001,2.9970845362126033,0.02948392723983909,0.014798742447837455
103.32531118392944,ifo001,0.6408707775403967,0.02220079284678171,0.014789985342570533
103.462881565094,ifo001,2.0790107975457226,0.026251781422404037,0.014764114607241917
103.47469472885132,ifo001,0.01862944205709717,0.02103617734182451,0.01476714430109021
103.48820424079896,ifo001,1.0160379780066702,0.019293954541541803,0.014732780732420866
103.50164437294006,ifo001,0.0004950674607479109,0.019278267331825485,0.014695499760212099
103.59829688072205,ifo002,5.060400568095061,0.04022163779502565,0.01709651380120499
103.77639627456664,ifo002,3.60421694996141,0.03237129791316134,0.017233111320924612
103.79289197921752,ifo001,0.3637094780609286,0.02186140703008255,0.01462263643184708
103.82831144332886,ifo002,0.0009275185565055131,0.028742136499255742,0.017413546859900444
103.84981751441956,ifo002,0.08870230786763256,0.02563484989501095,0.017541688382121827
103.854389667511,ifo002,0.052576588630600926,0.022937088780822765,0.017621515926343766
103.88073301315308,ifo001,3.8490452317088835,0.022806857313347716,0.014529005849065987
103.90498566627502,ifo002,4.634804471535846,0.028276625978918595,0.017653895260478673
103.9365701675415,ifo002,0.234928184661425,0.022823763024310093,0.01777192283924773
104.26299285888672,ifo002,0.7810583404190289,0.032639221265456646,0.017845562854962617
104.36096024513245,ifo002,3.4056771213441746,0.031640112676477254,0.017892659894683673
104.44654393196106,ifo002,0.027533364771856774,0.030007523629149387,0.017989454979003148
104.50664281845091,ifo002,0.15132365892755298,0.024499491415022133,0.018036373702375447
104.54231476783752,ifo002,0.025063954442018085,0.023365809442941393,0.018039321737730558
104.55028343200684,ifo002,0.04225765335526053,0.022218588822487353,0.017996703474780513
104.594153881073,ifo002,1.3520195261139913,0.02578851649030784,0.017911716107769367
104.63360977172852,ifo002,0.049879295846541605,0.021766093929432344,0.01783131813960732
104.72343015670776,ifo001,4.508463966179144,0.06370267323767197,0.01452982332738265
104.95586585998537,ifo002,0.44099552648784407,0.03189138882561354,0.017711512986730005
105.05454397201538,ifo002,2.0586399238390127,0.03568636225225978,0.017569052241053183
105.12783360481262,ifo002,0.6684156592106955,0.03332797339940814,0.017462803434783056
105.17406916618349,ifo002,0.078174169629436,0.023612155001149954,0.01734137368296503
105.1935532093048,ifo002,2.4704763906564176,0.022037726684857085,0.017185485004572697
105.1980528831482,ifo002,1.648149682960187,0.02079292269359937,0.017082944561723882
105.2513551712036,ifo002,6.519101417481195,0.022787788752166617,0.016999081677641883
105.29651260375977,ifo002,5.9603868466614776,0.022197926342901145,0.017078118501688264
105.61839485168456,ifo002,0.12567952073792757,0.044564945167716266,0.017268815675090518
105.7065646648407,ifo002,1.5694702310436635,0.030133719652829023,0.017410509750893755
105.79372882843018,ifo002,0.06074916085990595,0.029247635351224502,0.017543291493345433
105.8552713394165,ifo002,0.6646281108933023,0.024006921062384636,0.017626792142990105
105.87389516830444,ifo002,0.0330282403414542,0.022004689312974793,0.017680308844779842
105.87796592712402,ifo002,0.0007639470474750621,0.021165855678226993,0.01768687623500775
105.93655347824097,ifo002,0.015609861371762866,0.03305833882985869,0.017647822840534247
105.97856259346008,ifo002,0.06606053526010752,0.02120215418315311,0.017566209871168945
106.32097053527832,ifo002,0.10666494371336724,0.026507705337211515,0.01744650952562297
106.402277469635,ifo002,1.827033333097099,0.04066698272769624,0.01729297669993176
106.4843418598175,ifo002,0.6253533454113801,0.022240657786430133,0.017170066447658228
106.50290536880492,ifo001,5.164936609648327,0.30757140325445204,0.014624519168482559
106.54131698608398,ifo002,0.10944083955422514,0.028267291097109723,0.017032739370988825
106.55197477340698,ifo002,0.0007409419943629273,0.024637289282193893,0.01686400937578978
106.56225395202635,ifo002,0.005571422520693665,0.022385220754607155,0.01666250399637621
106.57458925247192,ifo001,1.2456831477578938,0.1370937469457761,0.014811030261172408
106.6079158782959,ifo002,0.23670604395090844,0.026784875391749945,0.016431329944027344
106.63955283164978,ifo002,0.019885043610876185,0.020398559468158734,0.016182773764218093
106.75482416152954,ifo001,1.9643868444826634e-06,0.11735389600232826,0.01498288386806988
106.78755688667296,ifo001,1.9890949123467974,0.02522760498324561,0.015109191717244841
106.92914414405824,ifo001,2.8031648700028757,0.025577937258175906,0.015243690168932171
106.9964473247528,ifo002,4.33098827315892,0.02182115672747252,0.015910105723308615
107.08305716514587,ifo002,1.1145024203304819,0.038596288174760435,0.015783717553317183
107.10999155044556,ifo001,2.8807960213811987,0.02499657346353415,0.015405714070768364
107.1661250591278,ifo002,0.030264726675503437,0.025919119650940337,0.0156643512545334
107.19522476196288,ifo001,0.3686534213620616,0.02307594772875476,0.015593681699285142
107.22849822044373,ifo002,0.023917957126371705,0.023990217403186614,0.015513057141194754
107.24254822731018,ifo002,0.16400355568269503,0.02094435949678569,0.015332215905399661
107.27374625205994,ifo002,0.14814447999979585,0.01962716864822131,0.015129943968935177
107.33357286453248,ifo002,2.014548628047107,0.019401948195922305,0.01490794722255622
107.34663438796996,ifo002,0.3064906922477219,0.017994000910284094,0.014741750425421779
107.44431400299072,ifo001,0.4593535649299043,0.03097143852732244,0.01574332439129958
107.6146731376648,ifo001,2.415763803699036,0.02811704268098307,0.01585831234345078
107.68289470672607,ifo002,0.37868607133369947,0.025806565401685452,0.014560046525146437
107.75140142440796,ifo002,0.07798959377463345,0.022167758969896097,0.014367542861882241
107.86408638954164,ifo002,0.7921555947236419,0.021934370701453564,0.0141538270009485
107.9335265159607,ifo002,0.48987989552141237,0.02002585523870195,0.013950255875095444
107.94630932807922,ifo002,0.12467495224534947,0.018132528423546856,0.013744263966907443
107.96480894088744,ifo002,0.20942471591720727,0.017073683990401902,0.013521840169893561
108.02128648757936,ifo002,0.7488148454236199,0.017356836552917435,0.0132886432803934
108.06285858154295,ifo002,0.2318179847268633,0.016028316416139474,0.01306916105937828
108.42056703567503,ifo002,0.06727785781868813,0.020579011333336523,0.012840934163508592
108.51052045822144,ifo002,0.2772986764484822,0.020406546795783086,0.012598396913128964
108.5834939479828,ifo002,1.9424567720293329,0.017914159833907536,0.012352849225005798
108.64985585212708,ifo002,1.6951341877208077,0.017595034152996507,0.012175404608280527
108.68790864944458,ifo002,2.4294291521886313,0.018564206439192484,0.012044734648830286
108.68817973136902,ifo002,0.8296740638416116,0.01560413976018818,0.011978735663761047
108.75988984107973,ifo002,1.4611283441465241,0.015663851639767738,0.01191429161030595
108.793274641037,ifo002,1.8654232779675803,0.014720811969775031,0.01187219070581842
109.05626893043518,ifo001,3.9974207063797027,0.17101499955284777,0.015992148766319395
109.11946439743042,ifo002,2.1232326870047746,0.021263821096192105,0.011862178002088615
109.23214626312256,ifo002,1.9619418565176128,0.019497123978488767,0.011887278664104684
109.31976175308228,ifo002,0.38952867240010014,0.01701229598404562,0.011937943227566292
109.37217330932616,ifo002,3.300246471734813,0.019017272766973778,0.01196692758820913
109.3999981880188,ifo002,0.6073163664409704,0.02750113024780738,0.012056917259663225
109.40663957595824,ifo002,0.3695111411672101,0.015054045036005765,0.012128561577819257
109.4617600440979,ifo002,1.4232491570836696,0.016264317451016273,0.012176236538755002
109.49054718017578,ifo002,0.5946690137255981,0.014640783549359894,0.012231186843200709
109.60445046424866,ifo001,3.6066916958145483,0.05900088589050759,0.016181672629088713
109.7308361530304,ifo001,5.329628782366907,0.050075496252545176,0.016409841441604962
109.81155204772948,ifo002,0.5755443568772731,0.021064489998593484,0.012269338167244355
109.88238191604614,ifo002,0.0003092037940360088,0.021085951771468003,0.012291226016500638
109.91653752326964,ifo001,0.25068804267637573,0.09897739963897406,0.01670947016668737
109.96714639663696,ifo002,0.6560795761272165,0.017222219354366526,0.01228052931077315
109.98805928230286,ifo001,0.37628398608451924,0.03999394703467498,0.01696136717215834
110.03630137443542,ifo002,0.9632421968178331,0.026873854246345613,0.012259774313821163
110.0472605228424,ifo002,2.70121187876235,0.02317043389867507,0.012239530521543321
110.06776738166808,ifo002,0.13070870625296868,0.015398636496475951,0.01227184838669367
110.12001037597656,ifo002,0.00031417796665018477,0.018519926219177186,0.012275064035737507
110.1512999534607,ifo002,0.0004063409256295313,0.021158142029428957,0.012246680698932618
110.48654055595398,ifo002,0.024513373779820574,0.023563113624223503,0.01218849129907058
110.58317351341248,ifo002,0.5572713771961663,0.021913301536481196,0.012103236962144985
110.66718888282776,ifo002,0.31082215537655333,0.023966315492597007,0.012011779812872535
110.75316047668456,ifo002,0.19798771347554442,0.023583155842350507,0.011906209156856168
110.76621770858765,ifo002,0.3573876080393397,0.01578153987882184,0.011783865851027949
110.78043937683104,ifo002,0.2715771104269594,0.01484191468076643,0.011652442843516339
110.85398769378662,ifo002,1.2368352758921084,0.015048626969758283,0.011509888674127238
110.89500164985655,ifo002,0.12431499769541421,0.017590714340533168,0.011394087199103876
111.23219227790833,ifo002,0.008165635100382066,0.026390898641798388,0.01126096965280306
111.33165621757507,ifo002,0.4322950453260537,0.018732798492556876,0.011150122970896594
111.4171862602234,ifo002,0.04847395465142148,0.019050997058632765,0.011072925221898724
111.48043870925903,ifo002,0.8202470806305586,0.016504527934052313,0.010987728262901458
111.49585366249084,ifo002,0.38618198837928447,0.014795670429721606,0.010911186013821718
111.51597237586977,ifo002,0.09494347524776824,0.01393697710320459,0.010833873956072285
111.57381463050842,ifo002,5.652252875525377,0.013923028679144295,0.010750196460903083
111.6118631362915,ifo002,0.2683340193876239,0.013542967753218928,0.010758148556165702
111.93741655349731,ifo002,0.2088954833588933,0.019960194089854527,0.010756586407939698
112.04025435447691,ifo002,3.884680876322109,0.018739757266902985,0.010745204150609974
112.13328194618224,ifo002,3.5579634007451673,0.019971630191166517,0.010778863974655205
112.19515824317932,ifo002,1.8491035229418782,0.016717001092881302,0.010843818072689918
112.23434901237488,ifo002,0.6518210353291715,0.015215415939301077,0.010915196307155095
112.23688960075378,ifo002,0.00287572233464057,0.013963634448518523,0.010978101883221375
112.29086565971376,ifo002,1.2184315100085288,0.013957744276442786,0.011024648280997421
112.32642650604248,ifo002,1.4519526153833444,0.014126545851081506,0.011071325896683113
112.62688899040222,ifo002,5.85622653607986,0.01923988113688057,0.011121015177281781
112.71801280975342,ifo002,0.9749523991060247,0.024442800994529,0.011256168548740505
112.8217179775238,ifo002,1.0816988386910726,0.01739792594024558,0.011448474363082554
112.87589287757874,ifo002,1.034381312521995,0.017460318081325303,0.011629202378084302
112.91160535812378,ifo002,0.009488468040916048,0.015830704961707524,0.011797582997155089
112.91406655311584,ifo002,0.21376594715155361,0.014982464730704354,0.011929401101698682
112.9778814315796,ifo002,0.280446869179126,0.01590944619583706,0.01203064358643439
113.00354290008544,ifo002,1.5585777031115886,0.014694574083009941,0.012104157713528633
113.4323389530182,ifo002,1.6394909930097734,0.022478189863822835,0.012186106365288147
113.58017945289612,ifo002,3.002768219515994,0.022288589684085338,0.01227758392365189
113.59220170974731,ifo002,1.3587957251231388,0.017694270058264305,0.01241185775767532
113.60156726837158,ifo002,1.3589870955006271,0.016351699947894618,0.012543197866397635
113.64708065986632,ifo002,0.48322668129956076,0.018011975762013504,0.01267157669484459
113.68761324882507,ifo002,0.0010184852139129231,0.015812196134032435,0.012774632066175616
114.0093924999237,ifo002,3.8105232558200255,0.029493523017377715,0.012840365402394353
114.07077503204346,ifo002,0.2869290384369906,0.03657438392624571,0.012972298228404898
114.1492075920105,ifo002,0.7330660542621514,0.019090538595407193,0.013072874705858608
114.20076656341551,ifo002,0.07534003681598289,0.02110328752045095,0.013155375479117761
114.21654486656188,ifo002,1.2248724790405512,0.01731486627407665,0.013202468239323795
114.24287724494934,ifo002,0.09207349909525053,0.01646047194287096,0.01324898021097918
114.30294346809389,ifo002,4.566292870007484,0.01761613868719798,0.013262008190086988
114.33932971954346,ifo002,0.2642734689349741,0.01675864754112528,0.013370069337998211
114.64765524864195,ifo002,0.4432300991950572,0.02312687859864788,0.013446244950432338
114.72493004798888,ifo002,1.081450089529144,0.021070577433180523,0.013496979274755317
114.81807446479796,ifo002,0.009828397387578342,0.01969825149730197,0.013542047119735197
114.87445425987244,ifo002,3.7898254000146157,0.019832743689201553,0.01355049848563956
114.89938592910768,ifo002,0.004060028183219871,0.017900948161374927,0.013633880520516244
114.91339778900146,ifo002,0.0242483506777539,0.017069947144251287,0.013678558429917323
114.96112585067748,ifo002,0.6002959041144836,0.017389472567814347,0.013686718628628804
115.00371313095091,ifo002,6.415980034834294,0.016610335921204013,0.013678017099693855
115.34761595726012,ifo002,6.769104997100077,0.029252264456775694,0.013816035181013932
115.44149255752563,ifo002,0.17519358733380855,0.030913998874983813,0.01407320418132848
115.53506231307983,ifo002,2.9587004815416726,0.020760378228288953,0.014289241470204331
115.55886626243591,ifo001,5.634103098935443,3.738811749196089,0.017169196025569274
115.58410048484802,ifo002,1.1940195394435067,0.022655875430181167,0.014528645710976932
115.60254383087158,ifo002,1.4392998887412056,0.019126237566814,0.014749587823525256
115.61350059509276,ifo002,0.696792682437005,0.018339702448536197,0.014958332291800875
115.67422819137572,ifo002,1.7636597110100816,0.020561651675409482,0.01513753604760994
115.7093949317932,ifo002,0.33094719945625944,0.021427432493069262,0.015314510762911588
115.8236758708954,ifo001,0.7727231843279995,0.07643290119684465,0.017457907867239282
115.82806706428528,ifo001,0.13043667240680815,1.444018323493555,0.017709237605412483
115.98300290107728,ifo001,0.26418119694475783,0.030418282457383386,0.01790856646111926
115.99227452278136,ifo001,0.06313296547981749,0.029663512432562832,0.018060476677539756
116.06081080436708,ifo002,1.6632895692812801,0.02443194494300547,0.015453368456862938
116.15061044692992,ifo002,0.1907269267783817,0.025296805757083367,0.015590224499318777
116.25373315811156,ifo002,1.0316323523853426,0.022585522532646615,0.015686242072474463
116.32236671447754,ifo002,0.12418771512867702,0.030307062215819566,0.015766413985172867
116.34036421775818,ifo002,1.4590432628985175,0.020886816568937937,0.0158059667594147
116.35938787460329,ifo002,1.2743169585541863,0.020142199055236343,0.01584620522024053
116.3965916633606,ifo002,0.9611460961398774,0.019758546406925426,0.01588162929125141
116.4200451374054,ifo002,1.783108402895342,0.019926190666493555,0.015903408400770574
116.53209519386292,ifo001,3.505679407431238,0.07076368821677027,0.018161072385407286
116.67409253120422,ifo001,5.025524027390346,0.03797573509007664,0.018306174102431582
116.68770742416382,ifo001,1.8875288013799703,0.030335069470402407,0.018527104786944144
116.75553488731384,ifo002,0.023653970469323566,0.029564239718893326,0.015936840179487325
116.85164856910706,ifo002,0.03885070284258649,0.02340938144491016,0.015928486670428767
116.93838858604433,ifo002,0.3617717432630686,0.024453351624962837,0.01588102104611329
117.00158500671388,ifo002,5.571279500600041,0.025937735651891555,0.015807535999619475
117.01891565322876,ifo002,0.12256967727572304,0.020874939514240267,0.015870752980917138
117.0231602191925,ifo002,0.22420366565525982,0.019653581002609003,0.015893852306724507
117.0964777469635,ifo002,1.6574611977303422,0.029452371370426743,0.015881969040273138
117.12681674957275,ifo002,0.4859394131239172,0.04322284323532552,0.01588175746996045
117.222589969635,ifo001,0.01837861464236586,0.05126221149293948,0.01873859017060654
117.22398471832275,ifo001,4.320086619206395,0.03126320689876033,0.018893695416164674
117.38942217826845,ifo001,0.8695373667056464,0.03018775469717587,0.01910522514382692
117.39252471923828,ifo001,1.9747114676329005,0.026434710483624377,0.01928125672766153
117.4684648513794,ifo002,0.10337384087474848,0.03742929878994111,0.01585617407635571
117.57387900352478,ifo002,0.0001549705130305686,0.030813857491143716,0.015794729811220112
117.67376685142516,ifo002,1.1602455461206804,0.02663484030434991,0.015696276257745386
117.72877168655396,ifo002,1.7881383057786715,0.025665708069788976,0.015603596377150445
117.7443618774414,ifo002,0.2065605799451571,0.021041731300280905,0.015537185241696396
117.76640558242798,ifo002,0.07433461108487037,0.019641530271265896,0.015441775586515757
117.78209686279295,ifo001,1.7452786031560457,0.04023625054186801,0.01945198311644998
117.82642459869383,ifo002,0.40624473151920343,0.01970619011340337,0.015314991917083343
117.85517048835754,ifo002,0.47801377577868265,0.021288733368365807,0.015171424344895254
117.97343254089355,ifo001,1.1885913806263935,0.03919772291210859,0.019611554678664888
118.187753200531,ifo002,1.0597078631297876,0.02578699824434706,0.015015561697414977
118.34689736366272,ifo002,3.348720996728096,0.02607857924896278,0.014870426200570061
118.37657833099364,ifo001,2.9686479523645075,0.0457777914931802,0.019745809767003665
118.43516302108765,ifo002,0.7955846444752452,0.02216452200585782,0.014813495979544749
118.45314526557922,ifo001,1.7834179684001572,0.03336966618954483,0.019903500693032716
118.49355244636536,ifo002,0.5213095205885878,0.023638213548295237,0.014748426657462052
118.52448153495789,ifo002,1.5341474994460857,0.022505543568129747,0.014666978161979096
118.54342484474182,ifo002,0.6061882663504745,0.018891236302230482,0.014604689286606593
118.549307346344,ifo001,2.501858762730945,0.03262506197478138,0.020051064771279988
118.5856227874756,ifo002,0.5771507704218363,0.018910532231578063,0.014529014993963418
118.6302740573883,ifo002,0.08532367498802297,0.02130671959444056,0.014440326902101785
118.72628593444824,ifo001,4.9966927876942,0.03202421771791521,0.020207902121118535
118.9934549331665,ifo002,0.030296098226787273,0.026847787903601393,0.014322822624545092
119.07458806037904,ifo002,0.057062912997874596,0.02224237594260905,0.014176791097903228
119.10609936714172,ifo001,0.06705149135521332,0.0390122502798647,0.02043558675544877
119.1539077758789,ifo002,1.538394988930118,0.02132583449002285,0.01400565753192732
119.1738622188568,ifo001,0.021476040965890373,0.03219751416916818,0.020603097753129743
119.21578192710876,ifo002,0.3590716794346689,0.02055767095409957,0.013867958966666007
119.23116087913512,ifo002,1.8919103544851699,0.02542041755918368,0.01371671386808767
119.241290807724,ifo002,1.3377513425516137,0.02444134784686673,0.013609511532937935
119.273295879364,ifo001,4.343716301481609,0.03325704866904358,0.020710910131113966
119.3014452457428,ifo002,0.221959020113243,0.01891944296180266,0.013521183309209543
119.33455777168274,ifo002,0.569922884899799,0.016466306736724015,0.013411267745121871
119.4664716720581,ifo001,5.19760196771957,0.11384169766016221,0.020879405128772895
119.49937987327576,ifo001,0.8185241628336923,0.06379567580943718,0.021121002122805453
119.60951209068298,ifo001,4.781179611379329,0.030114746715781515,0.021319340239347347
119.72473239898682,ifo002,0.14299522006732499,0.027637489753271426,0.01329425552863131
119.7973654270172,ifo002,0.8194191056806319,0.02342772505956111,0.013155569942690825
119.82329559326172,ifo001,0.19464621576077065,0.035793791709320594,0.02157590512223676
119.90489840507507,ifo002,1.4635003659817052,0.021439974423340162,0.013022543867650777
119.92349600791933,ifo001,0.9602653789009487,0.033677612817514226,0.021771576078481437
119.94962739944458,ifo002,1.7104507072111743,0.021576115048676042,0.01291804019189328
119.96599292755128,ifo002,0.3721347286935241,0.020440528590631887,0.012846773656223226
119.9720311164856,ifo002,0.07360801031323749,0.017042519494893032,0.012759636555036095
119.9976601600647,ifo001,3.083913702418272,0.03177842645458119,0.021928486898246002
120.03716707229614,ifo002,3.668844155429636,0.016673925710834224,0.012647570357912957
120.07259702682497,ifo002,1.853238967280484,0.01936336787430496,0.012634090461805731
120.16088366508484,ifo001,5.921761948703284,0.03215589367223065,0.022105046937799442
120.18759226799013,ifo001,3.3845868567496775,0.030712124681057003,0.022369425968945946
120.32517194747923,ifo001,0.060238210268074,0.031131305068693972,0.022649284528979654
120.41630005836488,ifo002,2.3407308162186293,0.0295265525246957,0.012646414076463539
120.50496625900269,ifo002,2.9437902141543724,0.02046531051940579,0.012695019993137567
120.54050970077516,ifo001,1.5228482661568716,0.038613093306571825,0.022861217468515355
120.589186668396,ifo002,0.7074139821122557,0.021670664824506053,0.012790746679449225
120.62353134155272,ifo001,0.46520802328464145,0.03830343163230795,0.023045521271251715
120.65830183029176,ifo002,3.7947465215653,0.026148108065537225,0.012868698740867239
120.6843810081482,ifo002,3.7261463778238473,0.016600223688527264,0.013010293137951176
120.6930799484253,ifo002,1.8411999436774893,0.01593180278707997,0.013203469317463246
120.7183108329773,ifo001,5.61162276552049,0.03306448524240832,0.023175220903146047
120.74695491790771,ifo002,0.06674830051469262,0.019616582151187983,0.01339879529788349
120.77228045463562,ifo002,0.8584870837779344,0.025308817104486493,0.013553853733004016
120.8661413192749,ifo001,5.2458483142071355,0.03341752248536063,0.023390755221622254
120.90118336677553,ifo001,3.111867546733895,0.03148556760811273,0.023670453299226048
121.04286479949953,ifo001,3.172687467026454,0.03625560027348359,0.023955270240866376
121.10743165016174,ifo002,0.6855936352785814,0.036975677632526405,0.013689541439943102
121.25623536109924,ifo002,0.24042393180438787,0.024575860941429876,0.013802272513961263
121.29418754577635,ifo001,1.9263524596738837,0.08020893460163846,0.024245676088986014
121.30794095993042,ifo001,3.634759873616971,0.05701590283635726,0.024510310041482276
121.37308502197266,ifo002,3.163867605881852,0.024383736922984994,0.013881153225357906
121.38712096214294,ifo001,2.169839307219508,0.04797819498590256,0.024792556378779137
121.4188940525055,ifo002,0.20034388772301406,0.02073776789133247,0.014006247228032391
121.43227195739746,ifo002,3.926111919723341,0.02267216698325648,0.014095340275419203
121.45457124710084,ifo002,3.118950088326467,0.022365833560552766,0.014247846782266125
121.49585270881651,ifo002,0.109044691019583,0.01841027919080834,0.014434855518641751
121.52414965629578,ifo002,0.544122651560581,0.017987820316064208,0.01458008496859644
121.60311508178712,ifo001,3.640121871231438,0.049054996616298585,0.025054390819029465
121.80640387535097,ifo001,0.8841952523938842,0.0469983288750537,0.025333237020117003
121.82185053825378,ifo001,4.984522796118915,0.03567723752150915,0.025558243657638365
121.88016724586488,ifo002,0.3665068529624459,0.028440029753151734,0.014695996016929887
121.98037219047546,ifo002,0.5204434350318528,0.023210703954806115,0.01477906389681053
122.00265741348268,ifo001,0.43684506798204153,0.03864826633302661,0.025836486674090203
122.08535838127136,ifo002,0.06960456805420158,0.022304466559537453,0.014835144758648265
122.10332918167114,ifo001,0.5139638272733016,0.03718360664431998,0.026048125579598874
122.15692591667175,ifo002,0.5143819431853376,0.022490443412637326,0.014852545162165496
122.1759114265442,ifo002,2.220359148003104,0.02244129054595724,0.014846842460211227
122.19364786148073,ifo002,0.48146985504276857,0.02120766962435751,0.014871375290185727
122.20723128318788,ifo001,2.586521369643261,0.03732874832760369,0.026197567009071904
122.23629665374756,ifo002,0.821111572331444,0.018363402927250683,0.014871271694599973
122.27735543251038,ifo002,0.7682851477922216,0.01943127320528135,0.01485873881679224
122.37852168083192,ifo001,0.2521503217793049,0.041295692295505594,0.02634503776644831
122.39435124397278,ifo001,3.05839734999404,0.03532184935370438,0.026425281389759966
122.54572606086732,ifo001,1.6799077005218384,0.03933861751758484,0.026522898354344696
122.59910774230956,ifo002,0.37266536391580285,0.023668159352035065,0.014833203904509205
122.69489574432372,ifo002,0.5916463266104823,0.022288461129720244,0.014783169385820104
122.72539806365968,ifo001,3.5885029182066113,0.04611946247614872,0.026596843703676425
122.77931427955627,ifo002,0.3782808884109856,0.021084553841016245,0.014717768321454145
122.81307697296144,ifo001,0.4985571250516536,0.044913232675616366,0.02670337851681788
122.85499811172484,ifo002,0.32081199138456507,0.022156533642327135,0.014631272623771382
122.8790271282196,ifo002,3.571319312673328,0.02273296127277368,0.01452355537716845
122.88680052757265,ifo002,0.9108044968351221,0.022878906346557707,0.014504683520818728
122.95178866386414,ifo002,1.516498959991704,0.01879415489336763,0.014478724745819509
122.99012994766235,ifo002,0.3152312544513193,0.018148694839836492,0.014465270943822422
123.10650324821472,ifo001,0.5174610999753907,0.06365396341346446,0.026750979688494443
123.10802388191225,ifo001,3.663239576624192,0.04128515722472215,0.026743469553451537
123.26212120056152,ifo001,5.462239641429791,0.04052952133454577,0.02678018222755542
123.29144382476808,ifo001,1.66753192992167,0.03687306012358783,0.026906255425744596
123.55532050132751,ifo002,4.180453161162081,0.03160351488440857,0.014425596723596269
123.57800316810608,ifo002,0.1936739987786255,0.03152939754318922,0.014479215335404867
123.58327293395996,ifo002,0.40628698322467827,0.021708791882945503,0.014498851084588685
126.91528367996216,ifo002,6.939965284746798,0.9542079381671337,0.014492834029138401
126.98144102096558,ifo002,0.15162287814551464,0.15340805412812786,0.01464495902072388
127.0062539577484,ifo002,1.653042569988313,0.023517346534166615,0.014757049482678215
127.0102207660675,ifo002,0.4170610264168358,0.021694836058702167,0.014870718173987682
127.06097793579102,ifo002,0.1304500172062541,0.020663545546388128,0.014952595241251537
127.08163547515868,ifo002,0.17341335951419598,0.01866520594540561,0.014996039754390606
127.39132165908812,ifo002,0.3183903935401161,0.026201117000654747,0.01500412187591522
127.48787355422974,ifo002,0.7415677477799066,0.024271692009590354,0.014983304312349177
127.6477382183075,ifo002,4.859155019782854,0.02630071652258683,0.014949013748946331
127.655827999115,ifo002,1.656537258832401,0.02605803927488069,0.01502463519531983
127.71184277534483,ifo002,1.5461338035357828,0.03158273419920828,0.015104795715229536
127.74928069114684,ifo002,0.19553514431390617,0.038810488512813074,0.015185865554227426
128.1212613582611,ifo002,5.6929436207967345,0.031051684957170422,0.01522980844364653
128.20007348060608,ifo002,0.28321522785366166,0.024364025533854923,0.015388118896866603
128.3012146949768,ifo002,0.180809045706946,0.02349660762011125,0.015507663413906927
128.35895013809204,ifo002,0.8956517311541197,0.022860668559227016,0.015587055525344048
128.37956476211548,ifo002,0.003132535710452226,0.021155938789829576,0.01564827700537872
128.38446378707886,ifo002,0.32017117848592386,0.019825954261027394,0.015666522106890093
128.4371144771576,ifo002,0.03349572227794809,0.01927927483940078,0.015653599761655253
128.4791488647461,ifo002,0.9123314441492255,0.020580795966969486,0.015602349124167908
128.8521695137024,ifo002,3.227821050394199,0.027010371518708186,0.015544156088806434
128.92847895622253,ifo002,2.5252996611983423,0.023989574277787543,0.01555229316908397
129.0116889476776,ifo002,2.1795409119755464,0.02326625749751981,0.015595998324318086
129.0592200756073,ifo002,0.1378939491486734,0.027098717887217773,0.015660881244248793
129.08146166801453,ifo002,0.586707722882607,0.020781871398145364,0.01568655147557357
129.08987498283386,ifo002,0.008700536324024254,0.019443210115880485,0.01568863127212266
129.15585732460022,ifo002,0.0012026419295006452,0.020005632243322677,0.015650693372825365
129.187673330307,ifo002,0.03212052691880208,0.02398980680106387,0.015574781991625522
129.51875376701355,ifo002,1.2796614768714571,0.024322551195400586,0.015464411157757787
129.5957567691803,ifo002,0.5530583422493439,0.022586924323745712,0.015365875159923556
129.69605422019958,ifo002,1.8012968469169615,0.02338366127318893,0.015253203329743984
129.74615836143494,ifo002,0.44607701260467775,0.03148778578246537,0.015170928866380988
129.76177501678467,ifo002,3.0154821412620176,0.019407923684148766,0.015069988448801865
129.77143359184265,ifo002,1.107932770453699,0.018612077478559585,0.015037606525645108
129.82754945755005,ifo002,0.2742938885830949,0.01844742266870546,0.015004228183347854
129.86330127716064,ifo002,0.29548864373954786,0.02142552435167466,0.014943253263921439
130.18689393997192,ifo002,0.19720460127858538,0.023821047370770378,0.01485746503916918
130.27964448928833,ifo002,0.18413680141894015,0.022137225445427823,0.014745492748894027
130.3680555820465,ifo002,0.05558958815877589,0.02107124814241268,0.014609077356906247
130.41563439369202,ifo002,0.6769622390805834,0.023504906306735067,0.014445646614797695
130.43298411369324,ifo002,3.6974333412608655,0.019419457058153095,0.014281363690101235
130.44091296195984,ifo002,0.9742973477981092,0.017455754284063096,0.0142227789985831
130.4916832447052,ifo002,3.2252192740749543,0.01996466861343771,0.014163661123480322
130.54100465774536,ifo002,0.01227198745748853,0.03118755685942426,0.01417454450140146
130.913147687912,ifo002,0.7162547489108897,0.025517046175765654,0.014148942875748477
131.01517343521118,ifo002,1.9130402225732333,0.02239950024489027,0.014111624136775537
131.09799337387085,ifo002,0.07264590173808057,0.022019149911570238,0.014101337896050468
131.17383694648743,ifo002,3.827195414284842,0.023627551701138123,0.014057813212476674
131.1872203350067,ifo002,1.1560763246363408,0.0183806973415698,0.014099173860036233
131.21212697029114,ifo002,0.0582263188437383,0.01770950246374616,0.014136394681970525
131.2651710510254,ifo002,3.1266944148448665,0.01786977529822522,0.014137307278320878
131.6081578731537,ifo002,2.915832375088866,0.023545238698898317,0.01419507245131579
131.70097255706787,ifo002,0.2781306504786065,0.0220553658278094,0.014295114995437811
131.78228187561035,ifo002,1.5929612703664,0.022152079251437404,0.014361690159146762
131.84874486923218,ifo002,6.672880391813521,0.02132218043256195,0.014433426790907804
131.86623859405518,ifo002,6.288629532525163,0.026990281406456595,0.014637415987831144
131.88640356063843,ifo002,0.7237416676907674,0.033626131060961045,0.014937305826819215
131.92146372795105,ifo002,0.37248083399829857,0.0245574097475717,0.015204669095941039
132.3124361038208,ifo002,5.831542455452178,0.02703815386554206,0.015432032135249737
132.3970160484314,ifo002,0.4257098348566123,0.024284525219843457,0.015741826501984583
132.48206543922424,ifo002,0.0014748680994971953,0.0228909849353078,0.016010192537693268
132.54092288017273,ifo002,0.8733626647922911,0.02245190411778396,0.01622773924086605
132.56086540222168,ifo002,2.938183503141942,0.02255696767115887,0.01641651617531796
132.56957840919495,ifo002,1.8248267271396104,0.022335813102481915,0.016628002392472092
132.61813187599182,ifo002,0.5635183848102938,0.021450164681286146,0.01683317028224053
132.6708116531372,ifo002,1.853273667003074,0.02044113674908001,0.017001032733679006
133.01573586463928,ifo002,2.022698686234257,0.027579851775928574,0.01716600693774707
133.11667585372925,ifo002,0.0003906448245751397,0.026351714536670505,0.017332267869283137
133.1944878101349,ifo002,0.08951074304967171,0.024732100472747504,0.017446914607887765
133.24758458137512,ifo002,1.273982682318717,0.02512136077030151,0.017514082929837426
133.277037858963,ifo002,0.5498120010676981,0.023442568085074104,0.017570107997279316
133.281005859375,ifo002,0.9894904732510496,0.022472410633795573,0.017594696402739588
133.34143352508545,ifo002,0.21505143205244406,0.02145100117720891,0.017603107649345473
133.3747477531433,ifo002,0.002208145730866995,0.023396495136008742,0.0175727401621003
133.7134804725647,ifo002,0.10157186151295787,0.028344742925529083,0.017499075249300004
133.80044078826904,ifo002,1.2177020320252228,0.025569074067386562,0.01738820988594473
133.906911611557,ifo002,0.030741122393120802,0.026212634062688405,0.017281640786914406
133.95714688301086,ifo002,4.145112387011238,0.024540861731087757,0.017138088392654485
133.97916746139526,ifo002,0.18565094353987943,0.02190138794422226,0.017100549665257158
133.9826090335846,ifo002,0.7177812917235933,0.02082653233352761,0.017027367725769873
134.0361897945404,ifo002,0.15508999424925732,0.02061175860622976,0.016938996304248697
134.0802502632141,ifo002,4.978492925490057,0.022748493609126064,0.016817689401885445
134.41691994667053,ifo002,1.384031132469781,0.026811928085281406,0.016824254109978655
134.51347470283508,ifo002,0.33248165734129115,0.028383129494758394,0.016829989633100593
134.6105818748474,ifo002,1.0389499548166616,0.024099932167323222,0.016802751471145717
134.66529369354248,ifo002,1.1091320355022631,0.022863642940455516,0.01676728203039619
134.69048166275024,ifo002,0.02245772997407514,0.023899875942977742,0.016726649173321274
134.6996626853943,ifo002,0.0889924754592692,0.021421426326274452,0.01664613940697295
134.7579174041748,ifo002,0.05777527656751559,0.024393710073724574,0.016530650197798383
134.7874412536621,ifo002,0.048742283316839934,0.019769129828546953,0.016381693733992612
135.1306972503662,ifo002,0.8719375487256029,0.025256056109026835,0.01620164897965105
135.240163564682,ifo002,2.1813391578216046,0.02831435303145409,0.01602452057887782
135.32122945785522,ifo002,0.0005425091333854206,0.025884456107947762,0.01589789920351431
135.3937578201294,ifo002,5.529460393635659,0.023449773175163734,0.015738140833956492
135.4112696647644,ifo002,0.4470351765735097,0.03875958730487919,0.015735527032047968
135.4204592704773,ifo002,0.027906044449135952,0.02129460341829649,0.01570686540781699
135.48106503486633,ifo002,1.709414405779302,0.0204000146135456,0.015640439062388524
135.52082085609436,ifo002,0.043397274655266244,0.01900685095142094,0.015594299677602771
135.85184502601624,ifo002,0.2998274878446441,0.024224742860853944,0.015512214905743683
136.00233101844788,ifo002,1.3983628487281077,0.02522557643297562,0.015405508010145784
136.03724336624146,ifo001,7.218051876030836,34.34790322559106,0.027005191069052647
136.10493969917297,ifo002,0.7176777561275124,0.023939138216338293,0.015314410258194345
136.13064336776733,ifo001,0.1655634530839346,0.1657158024265754,0.02722997543527898
136.15739226341248,ifo002,0.04734461907760076,0.021376889841926525,0.015214336155477091
136.17444705963135,ifo002,0.6708715850754174,0.02174892954295242,0.015082834613205753
136.18394136428833,ifo002,0.3823649312379822,0.021224085310244833,0.014945180081705612
136.20780301094055,ifo001,0.45304499280747695,6.4909131226858605,0.027379476259801142
136.24397826194763,ifo002,0.8955952018086462,0.019195446229651858,0.014791823180052122
136.28234434127808,ifo002,0.6180115461523065,0.01799873760869686,0.014643598214980338
136.3808555603027,ifo001,6.106930592179905,0.050492681149317695,0.027464743789044555
136.40299034118652,ifo001,1.8034608320318481,0.04106593701666071,0.027648103734681136
136.6288480758667,ifo001,0.5777351938082542,0.048768747823623615,0.02780209677736361
136.72141456604004,ifo002,3.6313834575391217,0.02911234373550843,0.014490194918537045
136.88066935539246,ifo002,1.5326234227318833,0.025431768448705212,0.014437201971456188
137.06225776672363,ifo002,0.07231983882686842,0.024835069036258435,0.01440048213026042
137.11920714378357,ifo002,0.9048351660001251,0.022681055151302885,0.01433128996908289
137.1330368518829,ifo002,0.5237588065287303,0.02012629264131848,0.014260035465399057
137.15324878692627,ifo002,0.6239829495833648,0.01914410587869744,0.01417430124205381
137.16873407363892,ifo001,5.505541314761559,0.09019406746737829,0.027894101718326184
137.20008325576782,ifo002,0.12374801615576718,0.017624337457046765,0.014079006432107128
137.24341773986816,ifo002,0.06603714854091303,0.018094668023311826,0.013957664401902542
137.33852863311768,ifo001,1.636795686538265,0.08215738608488012,0.02806626786727383
137.3838369846344,ifo001,0.02797525890919466,0.05506511547256242,0.028204306090775545
137.5100703239441,ifo001,0.4736526752540197,0.0500564362354011,0.02826430476973576
137.5900366306305,ifo002,1.5785780600726302,0.02617132717031051,0.013810348136256444
137.69423818588257,ifo002,1.1805557927131411,0.022750918034275112,0.013695110305201938
137.78418135643005,ifo002,0.12876001251344132,0.020783510086967192,0.01359406195651212
137.8399679660797,ifo002,0.16443947734289513,0.02031004497918178,0.013468840294335848
137.85624742507937,ifo002,0.00296910663243984,0.018794502272795627,0.013322896607742673
137.86132717132568,ifo002,0.001596551573783764,0.01702866323422294,0.013152056311385565
137.89475083351135,ifo001,1.5865117524625516,0.06355090176615708,0.028263287198465104
137.92523527145386,ifo002,0.06549503333520335,0.017170355336626086,0.012958574713477085
137.95965147018433,ifo002,0.45878753607319195,0.01687617406736919,0.012747389147960109
138.0555968284607,ifo001,0.08254809202745131,0.04850390039481876,0.02823951392139568
138.07836627960205,ifo001,0.6971885846563414,0.040499731920490084,0.028147333048403073
138.2121515274048,ifo001,0.12101351001431675,0.042265486113231054,0.028011471513880656
138.27729392051697,ifo002,2.0783673666961238,0.020985521515451126,0.012537122777748738
138.38489365577698,ifo002,0.07883386032840553,0.019300505195015978,0.012392489033091415
138.4277322292328,ifo001,4.838541230121362,0.04436425789798486,0.027815779785196025
138.4937982559204,ifo002,0.09422119578750625,0.018549496901082933,0.01222831868644351
138.52059483528137,ifo001,0.8483052817893515,0.05287598978022374,0.027725074888151596
138.55549311637878,ifo002,7.202197140984487,0.017811165541815006,0.012047240301864996
138.56783032417297,ifo002,1.6114290480814302,0.01853006442946147,0.012092119954718043
138.66189885139465,ifo002,1.672685425020605,0.018745866684992923,0.012149975636367459
138.7533941268921,ifo001,7.568594633203727,0.06121684718018046,0.02759668591481292
138.78579568862915,ifo001,6.153231424536562,0.05027883958715899,0.027645174717072295
138.90856099128723,ifo001,0.9594639481878071,0.04178590158329413,0.027798393269114083
139.0673222541809,ifo002,3.429994714800686,0.025767130940242862,0.012220910083996365
139.1020267009735,ifo001,3.2431004162652193,0.04057127510242947,0.02790048410244857
139.15826082229614,ifo002,2.6886645762243018,0.020562047417343354,0.01234851760329583
139.19581770896912,ifo001,0.3806331984026213,0.040081884161990114,0.028019485617258248
139.2321503162384,ifo002,1.6085606546082643,0.020456463693790953,0.01250626349426364
139.2769091129303,ifo002,3.6808028114528644,0.02439639780672954,0.012665001446403208
139.27798318862915,ifo002,1.5262357676206493,0.023056477591843354,0.012872049428795397
139.33957862854004,ifo002,4.633211624543059,0.017304642512721742,0.01307365066848233
139.38578176498413,ifo002,0.014158862036748765,0.01885027202641696,0.013337263328903835
139.47850155830383,ifo001,1.2088302659673307,0.04686427565969911,0.0280721008259609
139.62182807922363,ifo001,0.9458998459584546,0.04369313288037062,0.028086801360112743
139.63160514831543,ifo001,6.99034837463734,0.038517180672891824,0.028058260913574946
139.71351075172424,ifo002,5.095282919340462,0.02184439982398422,0.013558114822145981
139.79698085784912,ifo002,0.030884424689370093,0.020791696986387123,0.013847349033860508
139.82261896133423,ifo001,3.387113914956824,0.050347754749349306,0.028169764043447214
139.89477944374084,ifo002,0.27253526144406937,0.020558500640359856,0.014092317760777545
139.91542840003967,ifo001,0.7240624378736761,0.0805760496481877,0.028300591270228936
139.95280075073242,ifo002,0.20204662441604854,0.01969729911402873,0.014298629836708297
139.9775047302246,ifo002,0.290757106185046,0.01912357943389848,0.014465210332911285
139.9908905029297,ifo002,0.002881063104410327,0.018008882803693983,0.014595254265820362
140.0185890197754,ifo001,4.882220558009746,0.05208150762406055,0.028373634629202192
140.09310746192932,ifo002,0.33869456581733887,0.01930295353464804,0.01468225339379798
140.22958326339722,ifo001,0.22724666188773587,0.05050123357889312,0.02851148554935152
140.2414493560791,ifo001,0.01397014939619153,0.0383781281209694,0.028576296890958332
140.39669585227966,ifo001,0.15213395869559904,0.04591323744916133,0.028565077168175964
140.4656262397766,ifo002,2.1582680781615284,0.025596273025445378,0.014737166312782827
140.63711404800415,ifo002,2.123959828142967,0.025285617177683812,0.014813219147995993
140.73173999786377,ifo002,0.993859810830553,0.023027871623674714,0.014906882358723197
140.81101059913635,ifo002,1.9927476490895955,0.028406898293838856,0.014985678466633205
140.8321249485016,ifo002,0.1311515772375214,0.024649765166851467,0.015077894108172618
140.83661031723022,ifo002,0.004943645631872883,0.019614107149365755,0.015130898701751914
140.8866903781891,ifo002,0.377410863442454,0.024056530347335188,0.015142687625947046
140.92376255989075,ifo002,0.22956236447710668,0.021608989522488138,0.01512681327077641
141.0327877998352,ifo001,5.168936158260423,0.09648758764908567,0.028486142167512486
141.06536626815796,ifo001,4.09229792476897,0.05883399332813813,0.028501901503173853
141.17987275123596,ifo001,3.6696470390136757,0.06369289333002508,0.028567295337814567
141.18484592437744,ifo001,7.5652094051326415,0.047566933162555475,0.028664094495876886
141.2586488723755,ifo002,0.2838589454554619,0.025957491363611744,0.015080436936242485
141.33082056045532,ifo002,0.2799884194548876,0.022545063105460922,0.015007469163784155
141.41175866127014,ifo002,0.10396715199360805,0.02192211495100441,0.014909860378852856
141.46903681755066,ifo002,0.0029137392320975264,0.020327489348206502,0.014783472292914317
141.50347685813904,ifo002,0.4570055421900592,0.02510367256262379,0.014626942938432428
141.52257871627808,ifo001,0.2481482348688666,0.04695469778261474,0.02889337597029733
141.56214499473572,ifo002,0.7943537506162256,0.018489635479662866,0.014460076374293645
141.5909857749939,ifo002,0.5532661419160765,0.019073501178368535,0.014297091237944915
141.67879819869995,ifo001,0.7439134070550074,0.04905329694925678,0.029045133215861853
141.69009447097778,ifo001,4.644631703907608,0.04100474732759922,0.02913662012312017
141.70607614517212,ifo001,0.06663422812553638,0.03739074241375016,0.029282358605131356
141.83609247207642,ifo001,0.6608271987972302,0.039501704964421264,0.02934805861079305
141.84081077575684,ifo001,3.467197872757153,0.03673828648085057,0.02935530417324512
141.90369296073914,ifo002,0.2401304816991202,0.023669919290782937,0.014128983824322275
141.97738981246948,ifo002,0.0001266260872617336,0.020694809335501912,0.013944709219675893
142.0634400844574,ifo002,1.7510280597319265,0.019603497318706163,0.013736605058141293
142.1213095188141,ifo002,0.02446473711736767,0.0211662925220148,0.013576551891167847
142.1358675956726,ifo002,1.3168320029015166,0.02470280519299918,0.013392798813074269
142.15623259544373,ifo002,0.6545271537502857,0.016419376726989017,0.013238202386989938
142.17464804649353,ifo001,0.2608554110161382,0.044748992582645385,0.029392893149774932
142.21517276763916,ifo002,0.40985626480989235,0.018802479804376274,0.013084621538242018
142.2364580631256,ifo002,0.04339967069261485,0.024785554205485068,0.012923107366551579
142.35337805747986,ifo001,0.3949993807610826,0.04717347650686542,0.029361343949120655
142.37044262886047,ifo001,7.490899629169985,0.040455404818933255,0.02926901286972242
142.3816511631012,ifo001,2.1674272468536606,0.03754168244318281,0.02934002217771078
142.52491426467896,ifo001,0.3485152564537989,0.038939567101369386,0.02939684272010036
142.54000234603882,ifo001,6.475290236742396,0.03693014582271564,0.029386141558576648
142.6274607181549,ifo002,9.195411493408025e-06,0.0223155101666273,0.012740525850621333
142.85089635849,ifo001,3.1627749360334336,0.04331303216115005,0.02949501265116522
142.91483187675476,ifo002,0.05080878226171018,0.025255839077358608,0.012537268519373231
142.9272997379303,ifo001,0.8712818252253318,0.0420898134196971,0.02961423643605125
142.96531558036804,ifo002,0.03865148015807566,0.022890262277736363,0.012317706239523676
142.98834466934204,ifo002,0.0392602311342128,0.026190537145561632,0.012083345973277319
142.98910975456238,ifo002,0.1313494739493883,0.019181146186329483,0.011836206064736244
143.01138854026794,ifo001,4.054633411466912,0.04314603515170026,0.029677320182882688
143.04951691627502,ifo002,0.027342729015202585,0.014827678669695817,0.011582406884329188
143.09450960159302,ifo002,1.5539116524594352,0.016560855243176804,0.011318560821144599
143.1976068019867,ifo001,5.474418404597681,0.04332101969187531,0.02978046347022261
143.21025586128235,ifo001,5.1832524461077725,0.03939374365764502,0.029957625148080542
143.2321259975433,ifo001,0.0034688841535615972,0.03757211340880246,0.030191143946688943
143.37381291389465,ifo001,3.428172596681221,0.0389982550052233,0.03033686487966112
143.37951016426086,ifo001,2.8197155586910343,0.03745800826777647,0.03049472100812799
143.44455313682556,ifo002,1.1620012139820908,0.019587739145044167,0.0111539968298481
143.53722214698792,ifo002,0.9268509953278514,0.01745347244348018,0.011069743686834575
143.5574746131897,ifo001,2.8940068370115513,0.041845981065916596,0.030646499919759734
143.63027358055115,ifo002,1.3200875092820248,0.01645527369258076,0.010995826096902597
143.64656329154968,ifo001,0.8497574314525405,0.05412457231350412,0.030794447845250705
143.69856452941897,ifo002,0.2167665032389576,0.019446153520574192,0.01093846621435406
143.71928477287292,ifo002,4.870201033090375,0.020930171789318656,0.010875136617461645
143.73019313812256,ifo002,1.1084654014939843,0.027654836594729382,0.010884600240235992
143.74734377861023,ifo001,2.40879825146576,0.056379539072942124,0.03088097716771685
143.77528834342957,ifo002,0.02842565918909485,0.016065864923636583,0.010896579282194929
143.8150978088379,ifo002,3.5513061802531527,0.013371942010309414,0.010894812147227938
143.92313480377197,ifo001,4.684211499690298,0.04296089409042835,0.03095524385666431
143.93508005142212,ifo001,3.1936981811208693,0.040349349517586924,0.031083073042370978
143.95481610298157,ifo001,0.00018117923795666856,0.0397803915595521,0.031216629871320206
144.08041739463806,ifo001,1.223714107117931,0.04084919480709258,0.0312637617274877
144.10055947303772,ifo001,1.1790317094421257,0.03914850387291269,0.031265802993477296
144.15695667266846,ifo002,1.7459920221600989,0.022590788584027955,0.010931213160644573
144.23941898345947,ifo002,0.006045264853190628,0.017074563254371518,0.010975769702324691
144.2718939781189,ifo001,0.7377094546447455,0.05058846992781696,0.031224636770575572
144.3322730064392,ifo002,1.1240027823282073,0.01626227337321088,0.011004637367876983
144.36293721199036,ifo001,0.19473336733269067,0.05598895439220118,0.03112952082888359
144.39481687545776,ifo002,0.03034498221669674,0.019285545962686147,0.01103404440858875
144.42641520500183,ifo002,6.522733762561464,0.019831991793549643,0.0110485656227931
144.43685364723206,ifo002,1.2119153957097009,0.02020896899799941,0.01113329592279578
144.46227407455444,ifo001,0.0035449762519868047,0.043641868860715416,0.03096644724051555
144.48863410949707,ifo002,0.011342689500385755,0.014912321390845917,0.011237177416720288
144.53482484817505,ifo002,0.5900025868710687,0.014069132251502485,0.011365424191140528
144.7262899875641,ifo001,0.04788339332508421,0.046519175978554476,0.030733520430686223
144.7318651676178,ifo001,0.056446723118993604,0.04181018045125137,0.030437447347473466
144.75075697898865,ifo001,0.4653105193232798,0.039903561825133986,0.030083705688937208
144.86864185333252,ifo001,1.4071924446881638,0.0385660441544871,0.02969339952279545
144.88346481323242,ifo001,0.156716798564301,0.03928235665440441,0.02930774089023895
144.94321012496948,ifo002,0.7818207330806813,0.02722343081882565,0.011474265469509016
145.04317593574524,ifo002,0.2297411971179933,0.019530584334527687,0.011569527949177198
145.11513328552246,ifo002,0.22066300439424555,0.017790901147810876,0.011637145231314816
145.1643750667572,ifo002,0.04476249295497988,0.020140099946064038,0.011678051525097892
145.19066786766052,ifo002,6.705976291623456,0.01717292211812588,0.011688366874262154
145.2400782108307,ifo002,0.4917047910202449,0.015190954581556755,0.011848681335714751
145.36825728416443,ifo001,1.6048240958698312,0.05115370194850573,0.028878153093928754
145.38185167312622,ifo001,2.9521555169879496,0.04833700308705523,0.028468041677967022
145.5426778793335,ifo001,1.2027742198328963,0.04117955606776181,0.028128547326163267
145.54871106147766,ifo001,0.02781059419015255,0.04340465752846714,0.02778523019408997
145.61038303375244,ifo002,5.578290254346614,0.022539386911578953,0.011984367723186078
145.7013750076294,ifo002,0.06085410396753843,0.02376408978543762,0.01221373543676455
145.80192828178406,ifo002,0.09482118323314202,0.018726001892215963,0.01240521825975396
145.86063027381897,ifo002,1.9301500396213085,0.029424859796830967,0.012559929707530922
145.8720781803131,ifo002,1.0950500333942688,0.01662205578144384,0.012723439754794074
145.88321185112,ifo002,2.6638853810206076,0.016047493650649728,0.01287474526372928
145.9114441871643,ifo001,0.48100950210587606,0.04997015042681271,0.02739371996017945
145.94704294204712,ifo002,2.2802711743306046,0.01959049895848334,0.013051951059039174
145.96951127052307,ifo002,0.2923264252861034,0.01988612299175534,0.013243088584791146
146.07491755485535,ifo001,5.658070310299896,0.04915782895228839,0.026977271204618337
146.08049654960632,ifo001,4.071425678413206,0.06383853670986678,0.026738306679611353
146.10378575325012,ifo001,6.353664235415581,0.054998981126201614,0.02658946740046923
146.2461280822754,ifo001,0.6007940505769989,0.03840458214772745,0.02658809738476998
146.30086421966553,ifo002,1.7664299636922969,0.021230589654066725,0.01339997455557296
146.38323330879211,ifo002,1.4996925211726704,0.020373012805710987,0.013560001906186647
146.54754281044006,ifo002,0.09502824938270632,0.02085641794228549,0.013716125021230378
146.62076783180237,ifo002,0.5518961687555309,0.02744173248056872,0.013833040856846383
146.64513874053955,ifo002,6.554632593044418,0.022651677956422964,0.013924201669241376
146.66858744621277,ifo001,3.038989755544466,0.048319010194857265,0.02653766691368134
146.70037055015564,ifo002,2.6677461099565796,0.020019840600114424,0.01414048687278355
146.73680686950684,ifo002,3.034798641721202,0.018170829217899385,0.014373884302748855
146.82558393478394,ifo001,6.558723942822074,0.052713267911956366,0.026518460729692078
146.83146286010742,ifo001,0.045374321868993255,0.04411587747998519,0.026628878521052383
146.99309587478638,ifo001,2.4875821240374525,0.03805980384377748,0.026667061175034666
147.0055010318756,ifo001,1.836462130125473,0.039141054106917365,0.026709939772202613
147.07225489616394,ifo002,0.03509682692628358,0.024491420560096455,0.014630356685446598
147.16248559951782,ifo002,0.4386235753378797,0.023302891339677195,0.014840943745762374
147.270357131958,ifo002,0.000573893009200139,0.023073629226591105,0.01501596626034186
147.29236674308777,ifo001,6.605123555933823,0.04106174583732721,0.026737766968087585
147.3408408164978,ifo002,0.016337353826702386,0.027624553897067337,0.015145271521004483
147.35518145561218,ifo002,0.3793053755624475,0.022278986853485082,0.015230477025918624
147.3623652458191,ifo002,0.11760818236429132,0.01963698584481028,0.015283460453784809
147.38304471969604,ifo001,0.19513572963464723,0.04800143324797135,0.026887828082271914
147.41099286079407,ifo002,0.39578251576445167,0.02128971166017718,0.015298190056127519
147.4447627067566,ifo002,0.14885618499571088,0.02546345088828331,0.015285235644618268
147.55065274238586,ifo001,1.5744760202671448,0.04876320907996731,0.026967520187641977
147.56433415412903,ifo001,1.0496300504499376,0.0648762680733326,0.02702080915952093
147.581711769104,ifo001,0.5448052802225868,0.040276417323671584,0.02703400207624992
147.70844626426697,ifo001,0.08366399431925334,0.037980138203146926,0.026994313658776522
147.71754598617554,ifo001,0.6023083768579447,0.041224370656861464,0.0268903434015426
147.84864616394043,ifo002,0.05360184845546853,0.028721829678675752,0.01523860562114673
147.87799072265625,ifo001,0.9835219863621697,0.03516550584802565,0.026743679840388182
147.95352864265442,ifo001,0.0574458084338884,0.03450775078853485,0.026571004393239006
148.00090742111206,ifo002,0.20503278604075229,0.032596096594884584,0.01515731707525333
148.0143744945526,ifo002,1.8205397898466262,0.022932289933544195,0.015049007478635244
148.02484226226807,ifo002,1.2304321577584947,0.021008205596097652,0.01497174654240533
148.08653473854065,ifo002,0.011404690775821343,0.01928622579007054,0.014902305407514329
148.12003827095032,ifo002,0.23677604341855318,0.021884214809258177,0.014799026262412722
148.24262285232544,ifo001,0.5119669816973564,0.0487670596055673,0.026342403926381163
148.25678730010986,ifo001,0.0902013024332331,0.04705933636967703,0.02607900853681619
148.40011167526245,ifo001,0.009605388213231841,0.03860393580094168,0.025768489476708154
148.4087257385254,ifo001,0.4635416478554566,0.03723069559077929,0.025412044286378326
148.4644536972046,ifo002,0.5395159645973822,0.02561560858555447,0.014672397034210813
148.55124926567078,ifo002,0.0021566884906793395,0.022269639674868606,0.014535579970273662
148.56761527061462,ifo001,0.04713300491168669,0.035490176954231574,0.025032551075975497
148.6937644481659,ifo002,0.0001285518197137967,0.02235719388703257,0.014369965523194307
148.71609902381897,ifo001,2.5865118096821344e-05,0.03541252543265701,0.024616037810561802
148.75096106529236,ifo002,0.2488337332798853,0.02686438861916359,0.014177976543565483
148.7811176776886,ifo002,0.41032001132164425,0.02378517875013374,0.013972115703968415
148.78490805625916,ifo002,0.08371415300892256,0.01855950536406767,0.013760796602672012
148.95063138008118,ifo002,0.32382585011585124,0.026386337392842435,0.013531756671094176
149.0719633102417,ifo001,1.060690143512678,0.05940147615585684,0.024164718369093896
149.0754153728485,ifo001,1.6505792127938905,0.03856451287020783,0.023728996804511324
149.0988314151764,ifo001,1.0148569178523994,0.03249137567931092,0.023333328032180155
149.22480654716492,ifo001,0.5367471871405716,0.031436781551893875,0.022947627677044277
149.23379588127136,ifo001,1.273017252674356,0.031052970187690626,0.02255207585841041
149.29758858680725,ifo002,6.849916622806157,0.024801046782499385,0.013297376609682138
149.41075086593628,ifo001,0.4936039573426718,0.03603171720849599,0.02217986501448921
149.47056365013125,ifo002,2.1098933394702772,0.02351250010248884,0.013292896849304412
149.49406218528748,ifo001,0.3946219334576556,0.033377639043911826,0.02179701359986837
149.53102087974548,ifo002,0.04223646689732299,0.02616674298560171,0.013318967964064595
149.5605013370514,ifo002,2.628516591484645,0.02025696802418321,0.013310898045723085
149.58272099494934,ifo001,0.002936867321958296,0.029107225805087796,0.021401545390707488
149.667311668396,ifo002,3.808171308880174,0.018402199119466358,0.013348848591952815
149.78241419792175,ifo001,2.832108605582876,0.03153456812483845,0.020978756125744083
149.80352187156677,ifo001,1.0591657938451742,0.03233357307405063,0.020653947646890602
149.82214903831482,ifo001,0.7973877481403954,0.027080406165775877,0.020341593273456058
149.95025157928467,ifo001,2.6203896852882513,0.02767665968346794,0.020030706222491618
149.97172021865845,ifo001,2.3782751326625533,0.02995992627843236,0.01979366493966438
150.02502131462097,ifo002,1.8240766625874567,0.03780993176315549,0.013457149466023093
150.1373209953308,ifo002,0.6590039660800355,0.024181905068769043,0.013574505352988412
150.21576404571533,ifo002,0.02880973651366595,0.025060684666841804,0.0136695588512111
150.2818787097931,ifo002,0.07835258093876456,0.01925932167149039,0.013726036599228013
150.2993495464325,ifo002,0.16679676758563505,0.019423729402000885,0.01374691738356363
150.31147050857544,ifo002,0.21371114414875456,0.017731789988984312,0.013736657492335094
150.32843160629272,ifo001,0.30375717301478644,0.039715285296717,0.019610568496370696
150.35749745368958,ifo002,3.990901121297722,0.017938031271333407,0.013698604900387273
150.39043831825256,ifo002,3.8309131853750875,0.016926398313144617,0.013749816168397848
150.49290084838867,ifo001,0.32286313036012193,0.0389105191877476,0.019399753467995287
150.49313974380493,ifo001,0.9565005700885495,0.0312440341261883,0.019164783075318367
150.5090663433075,ifo001,0.04143417388741441,0.025155324530913632,0.018932825303028252
150.6385748386383,ifo001,0.005628322454198734,0.028919864174661407,0.01866876808842133
150.64921689033508,ifo001,0.28517654277201526,0.024555061044536017,0.018374372062552106
150.81074786186218,ifo002,2.702559696183685,0.024492488690514326,0.013868972860065006
150.84322953224182,ifo001,3.3001466704479827,0.0364338606559321,0.018064629817664723
150.88631677627563,ifo002,0.8243273866969023,0.026509618938099437,0.014017325556016534
150.90400767326355,ifo001,1.8168382281840967,0.04003816716545591,0.017862285049701353
150.9376904964447,ifo002,0.2238205881496741,0.02022772066444662,0.014144760212049625
150.95045256614685,ifo002,0.21652501079110956,0.01872402345100873,0.014236366257236465
150.9720220565796,ifo002,0.002892372892588113,0.01789222873473083,0.014293348214510535
150.9883313179016,ifo001,0.33661144654232195,0.027280176113023934,0.0176950439441333
151.03400087356567,ifo002,0.9051976109637443,0.01936110005941786,0.01431102790680508
151.08070611953735,ifo002,0.2108240193890543,0.017812307757818873,0.014318747632752753
151.21007800102234,ifo001,0.004787615207703458,0.027195666092398013,0.017505278098594347
151.2175328731537,ifo001,1.0770540720978936,0.02913845138682518,0.017282689878681912
151.2412986755371,ifo001,0.019211306828006137,0.024147044998009883,0.017072213850352676
151.3766586780548,ifo001,0.07719061596662503,0.02670636301356122,0.016832174869629124
151.3846046924591,ifo001,0.5130006529045814,0.021607494662997568,0.016567887015384846
151.47045731544495,ifo002,1.1999446575336128,0.025493613217167567,0.014295992665462118
151.6372268199921,ifo002,0.005334538053106932,0.0290301695474407,0.014276076524923336
151.6845371723175,ifo001,5.905771310477271,0.029914127765042903,0.016300265479362374
151.7594051361084,ifo002,1.5692611799962992,0.023541371376220463,0.01422083757353845
151.7909574508667,ifo001,0.06587706200229146,0.02905648193613391,0.016229251969504293
151.82395768165588,ifo002,0.012251876237251194,0.028749341617568445,0.014183889494932066
151.87159419059753,ifo001,0.251686154175484,0.024615202384134286,0.016122939356012122
151.9134087562561,ifo002,0.9241451067942302,0.020998001018286586,0.014113044829070658
151.97162437438965,ifo002,2.8189010638878407,0.02051224032857634,0.014041540870090003
152.07731747627258,ifo001,3.973082519329843,0.028480506497424084,0.015990500291069288
152.08722853660583,ifo001,1.287323190523076,0.02469847162007651,0.01595998751563025
152.09985947608948,ifo001,0.036862742635516636,0.021215110589375148,0.015931534006230617
152.2484154701233,ifo001,0.4068139625980564,0.024616580229403037,0.015865020811269247
152.25161027908325,ifo001,0.4936479264547941,0.02340167159210816,0.015775433791320206
152.31140303611755,ifo002,0.3757027072499559,0.026016215498833928,0.01403026306896326
152.39797568321228,ifo002,0.0005765354847972213,0.02197610078400687,0.01399565652191897
152.41531920433044,ifo001,0.0007896379574245096,0.02197057517118244,0.015667790072567155
152.46563863754272,ifo002,1.2794491659707956,0.02079233487709766,0.013927114343401128
152.48737168312073,ifo001,0.025948624593223082,0.021285555328460666,0.0155263663753057
152.51894307136536,ifo002,0.1826278343932023,0.03525958492074555,0.013869904378805897
152.54048490524292,ifo002,2.0456033416654456,0.021816953851066672,0.013786606157268498
152.54719305038452,ifo002,0.8416484316494169,0.022353885880850084,0.013741844655720488
152.561838388443,ifo001,0.1508108165643614,0.021063354157435505,0.015354738745617368
152.59348726272583,ifo002,0.516150340625022,0.01883733620683212,0.013692169575140817
152.63335371017456,ifo002,1.0998595994479063,0.01681761942609514,0.013627484515341747
152.72897744178772,ifo001,0.04077815270161096,0.02264382896230985,0.015160366543569148
152.74127626419067,ifo001,0.30996962161026526,0.022081955736244968,0.014941256462469146
152.75395607948303,ifo001,0.12271991725895479,0.02032398260739517,0.014710989995519572
152.77743291854858,ifo001,0.17087693271045093,0.017851498253676653,0.014463537651055352
152.89542746543884,ifo001,0.5795216260150097,0.018404695688512537,0.014203195383010757
152.90800046920776,ifo001,0.02178315169604247,0.01855467767534405,0.013949567007008114
152.9707498550415,ifo002,2.929088916820696,0.02277993405619188,0.013568636845976142
153.2450258731842,ifo001,0.6475213472809467,0.025995513930640722,0.013678649766007757
153.29910612106323,ifo002,0.022909137208585707,0.02793069451230628,0.01357243516059949
153.59245347976685,ifo002,0.1122209026811394,0.04917334511308732,0.013541994724587626
153.6233012676239,ifo002,3.3217610129603856,0.03698226253743347,0.013482229220774534
153.859277009964,ifo002,0.6346542187853406,0.029148719664139944,0.013497227597396924
153.98735070228577,ifo002,1.5666742865950616,0.022570811173632688,0.013496369928068264
154.33284878730774,ifo001,0.00016047777842837725,0.08830351774635664,0.013420472770358058
154.3411328792572,ifo001,5.524333996268873e-05,0.03041604973019585,0.013145968555273889
154.36085295677185,ifo001,0.33610736039098765,0.019809858301630328,0.012857377364560002
154.5045108795166,ifo001,0.08225513127705424,0.01904817180918069,0.012572587333389479
154.52439737319946,ifo001,3.4359790065146045,0.02394777112190388,0.012280259019254381
154.5885946750641,ifo002,0.03304398770798298,0.06057190079609754,0.013509132048203887
154.67110300064087,ifo002,2.289429201025365,0.03345496110038758,0.0134876651465464
154.70129013061523,ifo001,0.3799778919178927,0.02350967427167206,0.012126190152525059
154.76989364624023,ifo002,1.005142497456471,0.02506059100973351,0.013503944268758013
154.7817506790161,ifo001,5.646969666224502,0.017659456782246404,0.011965903520782672
154.82180047035217,ifo002,0.9994331262650411,0.030259076494240783,0.013515368214388668
154.84026956558228,ifo002,0.06781693235196602,0.02266104678614298,0.013522177729692494
154.86932516098022,ifo002,0.07989891624610873,0.019646770176389012,0.013496129157881231
154.91803097724917,ifo002,0.0023309323137894297,0.022731740823329856,0.013439546700822426
154.9633274078369,ifo002,0.012990877754831725,0.01920825530997745,0.013351806318277353
155.0573446750641,ifo001,3.86526895978401,0.03178885648921265,0.011979685569808345
155.21893000602722,ifo001,0.3844906182018551,0.021292753286506736,0.012072140310904693
155.2765290737152,ifo002,0.10488721077249966,0.023172867591821026,0.01323546091275628
155.38307070732117,ifo002,0.4650289346607815,0.029090497837871463,0.013096142003178018
155.4651665687561,ifo002,0.06876252170975958,0.02015480650599666,0.012949586353643811
155.51279473304749,ifo002,0.3589641575081544,0.019392861977674113,0.012781732334359024
155.52900958061218,ifo002,0.039390937798270166,0.016605798493444644,0.012606224644408023
155.53490471839905,ifo002,0.053680667996140664,0.015509305523652067,0.012411460814735382
155.59548926353455,ifo002,0.6711973054822986,0.017064863394374196,0.012200153609816898
155.6182143688202,ifo002,0.30747313367090895,0.014722009816183133,0.0120004150071863
155.97446870803833,ifo002,0.00039420125248340365,0.025588431867471402,0.011796451367114663
156.05518674850464,ifo002,2.8909481802566783,0.019475744666819214,0.01157618776143317
156.13485527038574,ifo002,0.5930239636805049,0.020892923863542502,0.011458474569082484
156.20206665992737,ifo002,0.2131031437651447,0.01677062686847071,0.0113409208925047
156.21311473846436,ifo002,0.07375144698380676,0.014706019281124897,0.011209694031565014
156.22962880134585,ifo002,0.17658245125797278,0.013943252919336072,0.011126710749267302
156.27810955047607,ifo002,2.3868352979876386,0.0157857335838062,0.011046518400395708
156.3122596740723,ifo002,0.003008920420905963,0.014302676173584841,0.011003124440705657
156.42300248146057,ifo001,5.634979551298434,0.1081291461296511,0.012140027021714888
156.65189146995544,ifo002,2.0783191647890105,0.01929372461206664,0.010948531146798115
156.7556049823761,ifo002,0.07782523151897447,0.018486929570651782,0.010920664328967052
156.83875489234924,ifo002,0.9382766979427446,0.01810241985872925,0.010882109568907184
156.8660385608673,ifo001,7.803583684170459,0.0920062164175758,0.01231789250909949
156.91388130187988,ifo002,0.08639898294048881,0.016614198691196676,0.010848781312505665
156.9253511428833,ifo002,1.4808999522304096,0.014177047170898098,0.010805474686115247
156.94014024734497,ifo002,0.2189911907572114,0.013469596921930308,0.010777447111063914
156.96969890594482,ifo001,1.911882632418022,0.11391641375045256,0.012624705309637529
157.01043725013733,ifo002,0.05332940461023699,0.01362589757191132,0.010741563869851634
157.04230260849,ifo002,0.37213182976672354,0.0148656939367981,0.010695570991331824
157.13313937187195,ifo001,0.12430930219078629,0.024066045278984864,0.012928023951985133
157.14023637771606,ifo001,0.05888341871253475,0.01941084941740896,0.013191622380809436
157.16522884368896,ifo001,0.12329095939531204,0.01759838773004313,0.013413872546369792
157.29312872886658,ifo001,0.10422613855268666,0.018593342418610995,0.01359646031150159
157.3067135810852,ifo001,1.5649715492615786,0.017680430464351967,0.013739533186122733
157.3805751800537,ifo002,0.48599354815695256,0.019677935400512176,0.01064616818665531
157.4625437259674,ifo002,0.6863672976255919,0.017726720077003356,0.010595906211189974
157.48282766342163,ifo001,0.3251141473197577,0.019662623242527957,0.013881330681588257
157.5459325313568,ifo002,0.5052752184620463,0.01633143644630354,0.010548675387306715
157.56477999687195,ifo001,0.7986798749717651,0.019558226429729337,0.01399001908285233
157.6096408367157,ifo002,0.008410658644993366,0.01469223627909863,0.010500999993198454
157.6259970664978,ifo002,0.026194876501722742,0.015514187298856145,0.010443844536618552
157.63364386558533,ifo002,0.31403926277635064,0.013934588415060806,0.01037839833223794
157.67319130897522,ifo001,0.014171703664766529,0.02007773188052793,0.014079674822093671
157.7214014530182,ifo002,4.4837064719398585,0.015573406951031724,0.010311244502135972
157.7703628540039,ifo002,1.2977453578311224,0.014729267440651672,0.010314480135561898
157.85248041152954,ifo001,0.3201611771695587,0.02272761198024595,0.014129497977685548
157.86199474334717,ifo001,0.007526239881040488,0.019758032479390217,0.014150160390268842
158.02703547477722,ifo001,0.943520161473862,0.020907231640917623,0.014133756177315618
158.0346963405609,ifo001,0.07696980667655814,0.018861952737914446,0.014112014089017208
158.09881687164307,ifo002,0.2640404528529344,0.018474608728119145,0.010325026268425096
158.18981194496155,ifo002,0.5142708978503361,0.017190462399593973,0.01032692419355122
158.2161421775818,ifo001,1.0730661574920497,0.021116129006980993,0.014057805923622133
158.26322555541992,ifo002,0.00649735177553938,0.015417506698794652,0.010324584665192746
158.30151772499084,ifo001,0.250467467332837,0.02082164332336807,0.014006280153804276
158.3439862728119,ifo002,3.5114135142540763,0.017259703099438996,0.010310361902198487
158.3681447505951,ifo002,1.458874619411432,0.014038045561475702,0.010337673200651301
158.38348627090454,ifo002,0.2794780822246551,0.013020834706770274,0.010371603626622603
158.39918446540833,ifo001,0.19030553744070738,0.021643555662446,0.013930206340888708
158.44777154922485,ifo002,1.1127122793542592,0.013790243215333543,0.010395620118215071
158.60036969184875,ifo001,0.00982749350587529,0.0220106066462243,0.013829460755948153
158.60538792610168,ifo001,0.04069372520224686,0.018763404936510242,0.013699604066692411
158.6308934688568,ifo001,0.05662032786096707,0.017659192909789116,0.013544123761287784
158.77673316001892,ifo001,0.45788295616462377,0.019022135394475944,0.013365940992258317
158.78363728523254,ifo001,0.18850864079384283,0.01691392110097031,0.01318325958240059
158.84333395957947,ifo002,0.23762789357412992,0.02116854160253207,0.010421843212934552
158.9519226551056,ifo002,4.532846971112762,0.017439878297465346,0.010437860888247974
158.98637437820437,ifo001,0.05373625900888428,0.019559906075254853,0.012986329312781215
159.03167366981506,ifo002,0.0703595892253946,0.015861274316445323,0.010500837324326308
159.06142926216123,ifo001,0.00033072767231450984,0.018131062505951263,0.012771416020287814
159.10622215270996,ifo002,0.02179985194080025,0.019210307438613065,0.01054958918771929
159.11938571929932,ifo002,1.5492399282147908,0.021264765691467957,0.010583834510536572
159.1310818195343,ifo002,1.3680885241769665,0.013393361886496778,0.010624605270921055
159.16153025627136,ifo001,5.0874926527433795,0.018138071499490236,0.012538359917007682
159.19349193572998,ifo002,0.623179764046751,0.015227548483759578,0.010668792192461002
159.22249794006348,ifo002,0.04584129442931932,0.018690876025796336,0.010706348627724585
159.33099555969238,ifo001,0.30135258801962417,0.033417486864410324,0.012482785979486205
159.3395552635193,ifo001,0.05444451199844856,0.01713746801002662,0.012408669047452085
159.36769819259644,ifo001,1.3928605396707536,0.016025990229896127,0.01230898418535619
159.5336515903473,ifo001,0.5503985041223765,0.01968878118644446,0.012232972485821768
159.6075415611267,ifo002,0.07689772784368094,0.01961410675580265,0.010729740291013253
159.71231627464294,ifo002,0.20676762850928138,0.01745350637497558,0.010739977754423514
159.73840594291687,ifo001,0.3604587894507944,0.026618756760841893,0.01214930254408967
159.78681421279907,ifo002,0.13994395526283185,0.016008633591071023,0.010739671411353229
159.81129574775696,ifo001,0.19265337813212519,0.01829721878696721,0.012052257021423908
159.8466076850891,ifo002,4.699935139559141,0.01653013395528935,0.010728422521435552
159.87125253677368,ifo002,0.013790835262538152,0.016672414472943008,0.010772888235102454
159.8795576095581,ifo002,0.008626695421887223,0.014558377010565216,0.010802306369856528
159.90533566474917,ifo001,3.7591836731989132,0.021380421191617947,0.011937178097939176
159.94669103622437,ifo002,0.3601242637554752,0.014681904767537158,0.010817125417474038
159.9629189968109,ifo002,0.0002234501381198952,0.013469778260562337,0.010823213655339625
159.9942753314972,ifo002,0.22193523641888466,0.016490575899504,0.010815604466654676
160.11056184768677,ifo001,0.35600875443044006,0.02406860403539682,0.011926472009852933
160.1167345046997,ifo001,2.1966609975576024,0.017737317651897185,0.011897175342943518
160.13508701324463,ifo001,0.6934469402377101,0.01654808090511427,0.011907987317539111
160.26692485809326,ifo001,0.0001923229438555889,0.016399102838900472,0.011909040204284448
160.27596259117126,ifo001,0.22236500845673624,0.01710413089827526,0.01187954050638426
160.33411049842834,ifo002,0.633552457192133,0.01814860027261226,0.010798630330963253
160.42336869239807,ifo002,0.098216447706195,0.01647906321918634,0.010779738573071008
160.44325280189514,ifo001,2.578851533275794,0.021219669542175544,0.011828569380828807
160.52457809448242,ifo002,3.04945216928982,0.0160369013951669,0.010750284346222211
160.55858206748962,ifo001,2.348448428422133,0.016996245774511014,0.011832915440993269
160.6184048652649,ifo002,0.0007849649002052816,0.017949558922451585,0.010758281033169467
160.62702012062073,ifo002,0.042774339106704105,0.015111101815831345,0.010752660094226738
160.6874098777771,ifo002,0.8247068303164989,0.01694982883593643,0.010734823887793354
160.71668148040771,ifo002,6.171619187099242,0.022456661463634585,0.01071841076387803
160.81133222579956,ifo001,2.098234856412754,0.020912449209260983,0.011876734156632776
160.81581783294678,ifo001,6.624877914635295,0.0220196160587108,0.011947415371334582
160.83559894561768,ifo001,1.228931510413595,0.022550878826730895,0.012149613526397129
160.96808195114136,ifo001,1.3048323003706195,0.02007678175800244,0.012341459086360895
160.9787528514862,ifo001,2.1743845065450595,0.017858329492711923,0.01252494799075516
161.04791140556335,ifo002,1.2320193821708474,0.023084943376566355,0.010777625190435361
161.17013573646545,ifo002,0.0009920764683503467,0.024720566832998975,0.010836552556119951
161.26082015037537,ifo002,0.26288891545360765,0.016582644626042337,0.01087959965424783
161.32529544830322,ifo002,0.09428866458590877,0.015365218556727846,0.010910762270020503
161.35343384742737,ifo002,0.3357329974592367,0.014463838674542519,0.010928191556003528
161.35442900657654,ifo001,0.21164682547215408,0.030741784269444287,0.012720172401534778
161.40551924705505,ifo002,0.3022286040294838,0.014481211818059498,0.010936083791354849
161.54548835754397,ifo001,1.7535162157346915,0.02294906194782008,0.012880455560543003
161.5623733997345,ifo001,2.357641507239586,0.025760121582122576,0.013044253254286774
161.7266402244568,ifo001,7.446953729740235,0.03450513209391004,0.013225161644985167
161.732084274292,ifo001,2.249650722865322,0.028108406225074767,0.013528912483863379
161.81103682518005,ifo002,0.22475388879281089,0.02306608978337947,0.010934530242245586
161.89960765838623,ifo002,1.7133213552754105,0.024027351231213443,0.010922950383556422
161.93736267089844,ifo001,0.0038490964308635694,0.03518388026039995,0.013834467082198312
161.98642373085022,ifo002,0.020024784564751888,0.017515159870266944,0.010925310610933912
162.04831647872925,ifo002,0.3892221210975644,0.016588457584968876,0.010914213595999554
162.06506299972534,ifo002,2.7353290063505447,0.01643154954749685,0.010896443639492052
162.075266122818,ifo002,0.9498831594032422,0.018096034952599302,0.0109087764534162
162.10165119171145,ifo001,0.3540523493086264,0.028639190299533167,0.014095020149978696
162.1546413898468,ifo002,0.47620458967197077,0.021197349815374796,0.010920984885764656
162.186931848526,ifo002,0.7534226041034323,0.01394587575466416,0.010926103465441782
162.28704833984375,ifo001,1.0484413479548007,0.025017972396946475,0.014318328131714722
162.292316198349,ifo001,0.05404294251959622,0.02106117904190718,0.014521190744350997
162.32492065429688,ifo001,0.16581651877410652,0.021724553196426553,0.014680207440090003
162.47775197029114,ifo001,1.3124859239480424,0.021113650347103385,0.014799207841092572
162.48298525810242,ifo001,0.019889541900316738,0.0197859330221759,0.014910181879305885
162.540447473526,ifo002,1.116519568059535,0.019853144799497298,0.01092882528545749
162.65074181556702,ifo002,1.2330240650332582,0.019957164253632115,0.010934786496996536
162.68619537353516,ifo001,0.971295613834415,0.02416329058080916,0.014978467092249915
162.704265832901,ifo001,0.9148701328599652,0.02080654543461724,0.01503300328285567
162.8643627166748,ifo002,0.31945389449952427,0.020662093985060748,0.010945330001192903
162.88702058792114,ifo001,0.011417113440704904,0.02298111290764994,0.015073113182916795
162.92231678962708,ifo002,6.3620088025694566,0.017371212095896087,0.010946492326612454
162.95261573791504,ifo002,0.49986493150422334,0.01784568325539369,0.011019969013144199
162.96283674240112,ifo002,0.008142710176372853,0.014752657506565747,0.01108277279047384
162.99202489852905,ifo001,1.454165177343723,0.02473209139749319,0.015072956414386622
163.05287146568298,ifo002,0.06702491264843131,0.014829353045406871,0.011129007267404102
163.0754909515381,ifo002,2.4408205586705494,0.015011775715949954,0.011159919280630533
163.19079279899597,ifo001,0.06817412820814225,0.024613644628222322,0.01507909722575661
163.2025134563446,ifo001,0.01785791102137336,0.022756162870273777,0.015048441560892939
163.2153971195221,ifo001,0.08975043290607074,0.020746258524735245,0.014981494274601596
163.34713125228882,ifo001,0.02069569533993568,0.020942325230218148,0.01488304249620208
163.36896514892578,ifo001,0.015618399204747179,0.020207109662115155,0.014752969582247094
163.42451667785645,ifo002,0.0002027985596167678,0.02016401906072246,0.011223972078495311
163.53052926063538,ifo002,0.4587626672025559,0.018086550845326933,0.011287570650824677
163.5412232875824,ifo001,0.47723564426788617,0.02114937570431506,0.014593560285019316
163.5972969532013,ifo002,0.040761250237593305,0.016919433808087865,0.011332270351446362
163.61851739883423,ifo001,0.6422982263913137,0.020025408908752623,0.014424941736578418
163.64755415916443,ifo002,0.13270422032327323,0.017110252615959665,0.011346967838136709
163.66763138771057,ifo002,0.4202267552851156,0.017681631101795894,0.011335951568880686
163.6716125011444,ifo002,0.8092927389554804,0.016656843325625826,0.011309917061006237
163.680157661438,ifo002,0.10690319079514236,0.016333695359638207,0.011282538927418992
163.7066707611084,ifo001,0.05963676025338231,0.022128546888909986,0.01425476473201286
163.7388162612915,ifo002,0.6911743887484605,0.013763013382096873,0.011231295228730558
163.7654013633728,ifo002,0.8211762463803916,0.013952290451456354,0.011185023566871155
163.86686539649963,ifo001,0.7618766870552225,0.020981887547055197,0.014061196855149003
163.87588047981262,ifo001,0.3306399289410589,0.022320024605174023,0.013874522201214415
163.9018752574921,ifo001,0.22182785206784852,0.017702488672728688,0.013677631346844544
164.04585218429563,ifo001,0.31862892129710485,0.019169482739486758,0.013467673229244314
164.05470871925354,ifo001,0.1872624996420535,0.019638099540320385,0.013250459141923089
164.23560881614685,ifo001,7.901412008153909,0.02048781877781744,0.013021862625519055
164.3130555152893,ifo001,3.497832150054255,0.01842456496398035,0.0130534429200589
164.37410712242126,ifo002,1.9158374317069524,0.03111740709234828,0.011159247377223151
164.37457919120789,ifo002,0.07298534485213906,0.017766866886709295,0.011152008937534572
164.40139865875244,ifo001,2.4158089395620346,0.026320104481657728,0.01314889089380563
164.4306206703186,ifo002,4.181036804452721,0.018470058934086486,0.01113211251053748
164.56761693954468,ifo001,1.7283929501985302,0.019953952797396007,0.013270517503193807
164.5782594680786,ifo001,0.30654160630518934,0.019803938425528866,0.013397833126808468
164.5962541103363,ifo001,7.514522725679037,0.017398012366764592,0.013493432229145222
164.73556327819824,ifo001,5.4620610383421,0.01964315986966113,0.013734189769851083
164.75556087493896,ifo001,1.5919208131315534,0.022403800387913154,0.014047469868238075
164.81052446365356,ifo002,1.1448441046104663,0.023120639559478982,0.01116254136721127
164.91397786140442,ifo002,0.06730920179282038,0.018735978353227392,0.011194089915543317
164.957994222641,ifo001,0.44830699594104406,0.025663737904024604,0.014347864765993791
165.02102375030518,ifo002,1.4209473826471273,0.017423571289113808,0.011225945934412078
165.0348515510559,ifo001,0.054619036689314525,0.023387172755607387,0.014611348853602315
165.06989097595215,ifo002,5.854080672781682,0.019390175993281737,0.011268852821590647
165.0930438041687,ifo002,0.12447050772424742,0.036647597878270516,0.011433133441834378
165.10741353034973,ifo002,0.002827093463643691,0.01827598908195353,0.011564764585307618
165.1355402469635,ifo001,6.533116411926991,0.02072773189808721,0.014829309388484233
165.16628885269165,ifo002,2.1796963934126627,0.014587998640624085,0.011661345009737357
165.19605469703674,ifo002,2.52052310985797,0.015043883042886468,0.011780616433461432
165.29108500480652,ifo001,2.110238293637978,0.025037032028409435,0.015145620525344638
165.31392765045166,ifo001,2.970735535997741,0.021783553548529754,0.015457329363004356
165.462886095047,ifo001,5.787883861419218,0.02215481634005517,0.015781901147457734
165.47482800483704,ifo001,0.0563929021004377,0.025053715685698502,0.01617307913484536
165.6065595149994,ifo002,6.958074125153309,0.021717777430307308,0.011927892858846165
165.63352370262146,ifo001,6.356198725970887,0.029443882935978404,0.016512425674196106
165.69112086296082,ifo002,3.715878127038183,0.019170350735280096,0.012194450514540383
165.71808075904846,ifo001,1.3859118041199212,0.022869683239349584,0.01692718668276007
165.75060534477234,ifo002,0.04436042052353506,0.019754954017165764,0.012496060019720218
165.7720832824707,ifo002,1.9007544642424368,0.01879690595446022,0.012757642993147925
165.78287649154663,ifo002,0.3108911243423452,0.016499748196877367,0.013018212479096621
165.8074369430542,ifo001,0.05988610802510295,0.03170277965361033,0.017314167588889526
165.84979224205017,ifo002,2.6029225436525456,0.017301903160140852,0.013243511499223874
165.88905715942383,ifo002,1.803646117878211,0.01924314962187622,0.013484869380398773
165.97804427146912,ifo001,0.36974183828079693,0.035403988372975245,0.01764594401454169
165.9869830608368,ifo001,2.468609886978603,0.03646791394204343,0.017929298184862823
166.00559186935425,ifo001,0.37637478477436637,0.02588919105063445,0.018213148597583474
166.1165497303009,ifo001,0.4780873887106757,0.028472144637255434,0.018448576945177642
166.13379621505737,ifo001,0.012646860152890085,0.02713924582964739,0.018639187279245076
166.1930959224701,ifo002,0.27456035003689866,0.023232244921150752,0.013723301169013226
166.3070845603943,ifo002,0.9611868792104795,0.02159347516195596,0.01392430220485226
166.32629585266113,ifo001,0.32383060077398995,0.02565320768315763,0.01877421401503071
166.38611364364624,ifo002,0.03244315198387641,0.020910819955779977,0.014104934624792238
166.40618467330933,ifo001,0.08134318232913572,0.025728137340561872,0.018863964408061238
166.44496154785156,ifo002,0.0209492466892454,0.023694143626452474,0.014242948303527679
166.46280097961426,ifo002,0.9752428954829201,0.019593228685098614,0.0143390492268368
166.4670102596283,ifo002,0.9415996175824536,0.018811023927601873,0.01442093159578138
166.49562191963196,ifo001,0.513027988557006,0.028170321081620465,0.01890345508643698
166.5210406780243,ifo002,0.6244325433033672,0.01761307040562865,0.014488532724153097
166.55899047851562,ifo002,0.22375778992401163,0.018858935530985135,0.014533784370039824
166.6763095855713,ifo001,0.896275040634437,0.030819942106044065,0.018908100587726965
166.70466995239258,ifo001,2.772426600601293,0.027349585545928957,0.018892016218401107
166.81926274299622,ifo001,3.694003155036571,0.02758609994530356,0.018914013757095817
166.83047246932983,ifo001,2.7299792412476176,0.024951161354293334,0.01899516354775742
166.9036886692047,ifo002,0.06718016700159324,0.022894320960957903,0.014546255757733377
166.9973783493042,ifo002,0.4928611640417635,0.02181527915399196,0.01452292266271549
167.0319230556488,ifo001,3.701221941648181,0.027233947497166094,0.019100933335196114
167.08656358718872,ifo002,0.036177439251138935,0.02085083936069573,0.014479594518561104
167.106201171875,ifo001,1.5532520089255024,0.02664082309302686,0.01925388372384596
167.13885283470154,ifo002,1.5869983600107158,0.020865950948203166,0.014402781634398875
167.16567993164062,ifo002,0.0795191781205213,0.01958584337577217,0.014347016551183372
167.17535305023193,ifo002,0.7736845630246875,0.018356719742838673,0.014260330642161432
167.18703770637512,ifo001,1.717214034381264,0.027275179629523548,0.019392476142185228
167.23330926895142,ifo002,2.7021426589926794,0.017443389007278928,0.014169068543873016
167.2565879821777,ifo002,0.9798317766019957,0.019154043007610463,0.014137433619142279
167.36674880981445,ifo001,1.0173658054981178,0.02859168999033102,0.01952188317534734
167.3874549865723,ifo001,0.13775463733115517,0.026230608392493127,0.01962356588996207
167.40400743484497,ifo001,0.3243851329500313,0.024762534278833345,0.019674118827398834
167.52801275253296,ifo001,0.010031458936286472,0.025693092172584767,0.01968153727615886
167.53767228126526,ifo001,0.13285115757907262,0.024448376046393015,0.019638473859033487
167.60075664520264,ifo002,1.2061668671822452,0.022742800210875415,0.014103024288301767
167.68667674064636,ifo002,0.317174893683058,0.022572309014990383,0.01407335835786114
167.7184534072876,ifo001,0.648643152281268,0.025891227063819702,0.01955183413578114
167.7703297138214,ifo002,0.009704477956591864,0.019986952312325276,0.014019648727521313
167.7999768257141,ifo001,0.329034921127323,0.025772409047352465,0.019442083552511192
167.83946657180786,ifo002,1.1617108532903295,0.019194351326752325,0.01393336519561421
167.8552486896515,ifo002,0.33670717214106494,0.020255476507478668,0.013856527406903395
167.86294198036194,ifo002,0.31385564735354493,0.017435314898273595,0.013760339277104627
167.89459490776062,ifo001,0.2318700446415845,0.02614292356847293,0.019300360799007214
167.9467589855194,ifo002,0.016675431350149008,0.01718081624868633,0.013645781827567396
167.97821259498596,ifo002,0.24834178566027554,0.017906853043049002,0.013503775842613532
168.0769202709198,ifo001,1.0021275626506452,0.028095305617046363,0.019125957133561643
168.08206009864807,ifo001,0.8122269548090479,0.02636154621641606,0.018949971544693106
168.10509490966797,ifo001,0.49008536795884006,0.024968481433085186,0.01876619132553141
168.25770926475525,ifo001,2.7922993732790715,0.024784857607114002,0.018564011750809135
168.2789249420166,ifo001,5.633827458644738e-07,0.02412775557899281,0.018429128769659013
168.33789467811584,ifo002,0.10152792834571646,0.029146431730211204,0.01334545560151509
168.4194610118866,ifo002,0.3907195987874168,0.020423311816734877,0.01316694715002792
168.45184063911438,ifo001,0.37942668044581673,0.026469618522408804,0.018255019734783592
168.5062918663025,ifo002,0.00662631646954829,0.019424130743176938,0.012981922767571893
168.52279496192932,ifo001,0.1707146425576349,0.024171433340810324,0.018058998099802385
168.5620150566101,ifo002,2.394064537160351,0.017911708477649765,0.012776022497360928
168.57953476905823,ifo002,0.9497007362298902,0.016777465231959148,0.012645623931469036
168.59911465644836,ifo002,0.262945159996802,0.015593158300539246,0.012526235371794989
168.60865306854248,ifo001,0.12904505642256356,0.02469145668027476,0.01783550910326278
168.64320254325867,ifo002,0.5768327531056446,0.015264167667746742,0.012391900161128337
168.67433786392212,ifo002,0.05151842884470113,0.016473373607140858,0.012256080328933192
168.77586364746094,ifo001,0.007846154454292743,0.026512584874421933,0.01758572800426773
168.78250193595886,ifo001,0.03899035324328671,0.025653988941807253,0.017307554014424426
168.80738282203674,ifo001,0.10598177681286317,0.021385858941393648,0.01700535054400567
168.9398238658905,ifo001,0.5250569189988767,0.021991639348726576,0.016684925750613186
168.94916605949402,ifo001,0.5017564772475092,0.021684609916065304,0.01636733768962621
168.99680066108704,ifo002,2.2879688510819873,0.019113037575662933,0.012099358342974815
169.08063101768494,ifo002,3.4287903695703785,0.021115725733613873,0.012007289379936776
169.1071217060089,ifo001,0.08556101494678432,0.02520491499213435,0.01605231376421642
169.1753282546997,ifo002,0.7493401797868934,0.020562512208931218,0.012003934197331746
169.2054500579834,ifo001,0.006140635007864034,0.03362261214320235,0.01572214545002302
169.25968670845032,ifo002,0.04206912784314234,0.017319485204279,0.01199348635862865
169.27232336997986,ifo002,0.09114237862178994,0.016847191832658145,0.011954230716993097
169.29096341133118,ifo002,0.2620412440770421,0.015240283202668521,0.011889596465207987
169.307847738266,ifo001,0.2581384029073974,0.021518718113803955,0.015375578543511757
169.33836007118225,ifo002,0.6877052885278766,0.015881659461857225,0.011807331363678479
169.3618447780609,ifo002,0.19660190719398163,0.014363399284292047,0.011723936252670023
169.4679262638092,ifo001,0.2391911200813657,0.02246895632619087,0.015027026484591472
169.48241090774536,ifo001,0.0033800779169543766,0.02199572400045975,0.01467696992131018
169.51482605934143,ifo001,0.1528560150668892,0.019847901179736158,0.014315375773150972
169.645254611969,ifo001,0.2599067079770009,0.01909469140616572,0.013951884506722802
169.64770412445068,ifo001,0.02221949323821493,0.02059334193425643,0.013593259517135336
169.7182652950287,ifo002,0.33377094150831016,0.019412685599030047,0.011622484180003202
169.797527551651,ifo002,0.6700796063841206,0.02016593626708633,0.011509669129922516
169.82726120948792,ifo001,1.2909003643690828,0.026431576046912916,0.013228269380925244
169.89147210121155,ifo002,0.3137114233941568,0.022818328501027222,0.011399156840058471
169.9106285572052,ifo001,0.0612360060496899,0.022105480453717706,0.012921494038769353
169.9497299194336,ifo002,0.006103402464076741,0.016552574214212093,0.011277964060544978
169.9617216587067,ifo002,2.532994546590246,0.014922506059669726,0.011164082175047564
169.97294449806213,ifo002,0.5136873399235886,0.013811446787413589,0.011129854622173165
169.990576505661,ifo001,1.008381974961279,0.023525822221319357,0.012607246357371102
170.02842926979065,ifo002,0.11527434723819618,0.015545028023916052,0.011092419491362734
170.07378005981445,ifo002,0.5092398093524161,0.013651216845987857,0.011045165203173342
170.17151141166687,ifo001,0.523956482067049,0.029793429798685288,0.01233236162378609
170.19220399856567,ifo001,0.7465994762298565,0.018278228031054552,0.012070143835535755
170.21268606185913,ifo001,0.33134033800757484,0.01598989517351429,0.01182991446369315
170.32569456100464,ifo001,3.7367977590371235,0.015619080374172714,0.01159134135191496
170.33263540267944,ifo001,0.0070302155351658615,0.014763342686133529,0.011490812134500681
170.4117329120636,ifo002,0.0009004654404998329,0.019238018612844257,0.010996104180932244
170.4968409538269,ifo002,1.6933422888464285,0.026670724754737654,0.010936209525230901
170.52276420593262,ifo001,4.084616956663225,0.016227088019701127,0.011367188533467004
170.5904986858368,ifo002,0.015934891922106644,0.020622347806162927,0.01089747479632268
170.6047022342682,ifo001,0.1248621418600915,0.01589078000833634,0.011362000170069246
170.63942742347717,ifo002,0.06932851539990247,0.015127338764880522,0.010847740664263725
170.65190768241882,ifo002,0.03634083545006035,0.013993138298034898,0.010788896378599852
170.66408014297485,ifo002,0.010335312938196325,0.013284555056387077,0.010721152793002803
170.68627667427063,ifo001,1.5896606447546802,0.01601246819427125,0.011331968808712928
170.7224359512329,ifo002,0.0704830222889201,0.014992816217202626,0.010644859046773425
170.7537007331848,ifo002,0.009985538699573082,0.012944848573793313,0.010562147005786796
170.85870742797852,ifo001,1.3730179954257125,0.01747409648196127,0.011325290706089126
170.86784982681274,ifo001,0.017051626840053843,0.01569299639460587,0.011332476203463386
170.8852241039276,ifo001,0.5214409458338843,0.015034214588441331,0.01131079755282592
171.00461864471436,ifo001,1.9175608747038984,0.015102780843138814,0.011278223173581745
171.01572632789612,ifo001,0.6977687279620097,0.014726152740422042,0.01127946635432569
171.07232809066772,ifo002,1.1944597375517163,0.017879674802442982,0.01047251813115073
171.15082454681396,ifo002,0.008595287754118755,0.017927029550968303,0.010401656949436736
171.17873668670654,ifo001,0.40249932608120503,0.016275054360924003,0.011273468195114558
171.23165559768677,ifo002,0.007693986109500659,0.015811876761400334,0.010323332086187697
171.2658145427704,ifo001,0.11842797855735937,0.01663384600577601,0.011251680043745365
171.29684782028198,ifo002,1.0638920244809107,0.01574486801324238,0.01023835030821553
171.32610177993774,ifo002,0.0014709501499157683,0.014068952464028731,0.010169710976518507
171.34034609794617,ifo002,0.046737467072189336,0.01304599555769863,0.01013375
171.3558132648468,ifo001,2.3390764544255465,0.019342896005877377,0.01120613559942672
171.40931487083435,ifo002,0.8528939804435479,0.013674743363206062,0.01013375
171.4287655353546,ifo002,1.5835279203126513,0.012419664022999299,0.01013375
171.52721738815308,ifo001,4.097886260139248,0.017545211313329673,0.011209388552098474
171.53483366966248,ifo001,1.248537977384131,0.01556901079479849,0.0113008255749777
171.5655379295349,ifo001,0.08039645653218909,0.018466377002380133,0.01139251315669327
171.71769285202026,ifo001,3.2607738837777975,0.015908119543236537,0.011453102747529312
171.7277340888977,ifo001,3.0232718384860022,0.015429867725165365,0.011568955012860588
171.81157565116882,ifo002,1.8516177949114252,0.021740625031965853,0.01013375
171.8911669254303,ifo002,1.348999163868564,0.021582905748415253,0.01013375
171.92707586288452,ifo001,0.10194583775453468,0.018919704711090467,0.011725449085098325
171.98886585235596,ifo002,0.30784974384534736,0.01902509552319359,0.01013375
172.00652146339417,ifo001,0.9748787896130408,0.01706093851417686,0.011848195058898257
172.0457193851471,ifo002,2.0334097672121225,0.019253465506612853,0.01013375
172.0631079673767,ifo002,3.9271684993737654,0.014604124041547331,0.01013375
172.08388686180115,ifo002,1.9861747282968787,0.015125654625093774,0.010173607457091406
172.10489225387573,ifo001,3.552607114576116,0.019218477702165313,0.011960491371011347
172.14267754554749,ifo002,1.2656224848000226,0.01311339653904971,0.010225516958408763
172.17370867729187,ifo002,5.496366203110028,0.012648878700984688,0.01027926462021274
172.35715913772583,ifo001,0.11453851614332444,0.020806034675897398,0.012125925315294097
172.36008524894714,ifo001,6.6726928604576035,0.017969535596288222,0.01225657219035947
172.38930010795593,ifo001,3.82891556052421,0.02828577742766835,0.012505043374850401
172.52220606803894,ifo001,0.3956431546663348,0.022246812493171945,0.012792827770982599
172.59281516075134,ifo002,0.2455034613313994,0.021925282338198487,0.010381157439793197
172.68716621398926,ifo002,0.0910405988420586,0.018932552092648956,0.01047012919345616
172.71068596839905,ifo001,0.6978378145971188,0.020029106483943154,0.013047155259736131
172.77994537353516,ifo002,0.008180803838359459,0.01686998906759842,0.010544514654620522
172.80771327018738,ifo001,0.028697631228092168,0.01940830353399738,0.013274763798356171
172.83876585960388,ifo002,0.30227665600351944,0.016950120395957037,0.010603472867949654
172.86319613456726,ifo002,0.013677616526608155,0.015662349179429703,0.010651011474279864
172.88052535057068,ifo002,0.016953704436593532,0.014148136014169477,0.010683710307594397
172.8907928466797,ifo001,0.34509018352497056,0.019259905838902473,0.013460770439501953
172.9252188205719,ifo002,0.055651908843031735,0.01391814014243022,0.010702098665493914
172.95527815818787,ifo002,0.7779755595917905,0.013929695158045471,0.010707333024995573
173.05172991752625,ifo001,0.027342480779941003,0.024617508841606434,0.013613428970337734
173.06535267829895,ifo001,3.4477585809444684,0.019035724851275245,0.013725521295372788
173.0847134590149,ifo001,3.584220857088833,0.017905028354812697,0.013886225735787947
173.21104836463928,ifo001,1.0743469108759112,0.025011210625259975,0.01409161473859564
173.22929286956787,ifo001,4.443262738867944,0.01799794931391124,0.014278678314634911
173.30788826942444,ifo002,1.0426345563700465,0.01859016943176769,0.010711068880147178
173.50450372695923,ifo002,1.7397384319066125,0.02418389244581757,0.010717373663430965
173.54107785224917,ifo001,0.08088613308787548,0.02607595417578788,0.014525466493498252
173.6056468486786,ifo002,0.12794127043018438,0.018756656765890865,0.010735988113031147
173.62782526016235,ifo001,0.022680612871568775,0.022700092685233042,0.014727932351464789
173.65740752220154,ifo002,1.0244963588906453,0.02317449722107631,0.010742420527361575
173.69071555137634,ifo002,6.275597524358878,0.020137650880839117,0.010750798224326698
173.72159075737,ifo001,1.1136545901668784,0.022637269467385295,0.014885226007038066
173.7610285282135,ifo002,0.2811113996958261,0.018147894614407006,0.010828359882087602
173.78336715698242,ifo002,5.378825216407891,0.015536974257571974,0.010892919856006652
173.86750197410583,ifo001,0.00589179554598101,0.02660761831874485,0.015026369121476937
173.87400889396667,ifo001,2.397825644919096,0.020285275022641994,0.01512301747451149
173.9062955379486,ifo001,1.7260771874956315,0.020464396455150222,0.015241547352476058
174.02744817733765,ifo001,0.017708378502823616,0.02508248687243751,0.015361944584299372
174.0362515449524,ifo001,0.0778292313671836,0.019832726184361202,0.015438047588603052
174.1248586177826,ifo002,0.0024510205857453345,0.02193587519877757,0.011002559126403941
174.19704055786133,ifo002,2.3981364169660506,0.017199645343966043,0.011094724947244203
174.2302668094635,ifo001,0.49252687008637785,0.02155089997093181,0.015473223682071895
174.2786726951599,ifo002,0.6042333663330395,0.016371133666784606,0.011199966432373592
174.30895066261292,ifo001,0.5485057820983332,0.021362765028105492,0.015481873235213404
174.3423478603363,ifo002,0.42791474926683953,0.019084145149623467,0.011380749934551092
174.36257672309875,ifo002,0.9677506684443332,0.017043915472584843,0.011535694166249858
174.36605787277222,ifo002,2.208039739901132,0.016268406097355085,0.01167853450523092
174.39360976219177,ifo001,2.453368302474847,0.02358895790076252,0.015467484521938935
174.42433214187622,ifo002,0.2612502353032428,0.014640907691882935,0.011839370435353406
174.46138668060303,ifo002,6.917393259132244,0.014468695808738111,0.011969943107213641
174.58291101455688,ifo001,0.04475762955848796,0.02894446167105723,0.015489854375342622
174.5879933834076,ifo001,6.517014157785781,0.020776599078300394,0.01547278955594839
174.6089310646057,ifo001,2.569376873226395,0.02094898394375079,0.015604754877907207
174.74692296981812,ifo001,0.369289369659459,0.02722943641402147,0.01575807204573673
174.75128865242004,ifo001,0.22162344506331166,0.01997305550615988,0.015874153255932635
174.83264303207395,ifo002,4.950744290181678,0.027329174027676977,0.012223079369836689
174.90323066711426,ifo002,0.5482983357442516,0.02591845381029765,0.012536366625776507
174.95038747787476,ifo001,0.1449931214129073,0.022982656386385,0.015950421123667565
175.00319504737854,ifo002,2.771583762627343,0.018947973894299357,0.01281947150088802
175.04224467277527,ifo001,0.5657983105235135,0.02294400463080654,0.015986386293957665
175.08005785942078,ifo002,2.4757026914004743,0.02215786681673021,0.013117247034142866
175.1054413318634,ifo002,0.33544117787102073,0.018091383714807653,0.013422322665930205
175.11471605300903,ifo002,0.0026788141426979787,0.017156203028210033,0.013690576257259241
175.13046956062317,ifo001,1.1436583579908561,0.0262916379134341,0.01599667304346874
175.178790807724,ifo002,2.7224786127140734,0.019841607936576525,0.013914708664143814
175.20870327949524,ifo002,5.036933223809949,0.027175075158981005,0.014156689203981321
175.31368780136108,ifo001,0.7575943647632876,0.02688351899494549,0.016000611561502315
175.32231211662292,ifo001,6.43186652216473,0.021758436656429403,0.01598698078758325
175.33767080307007,ifo001,0.14724358914815538,0.02342116214643955,0.016118564685031075
175.46350407600403,ifo001,0.38945541563645997,0.025633400150286464,0.016206987761676804
175.4804949760437,ifo001,0.3145364962499724,0.020356942319763763,0.01626084387116133
175.56375217437744,ifo002,1.713797557301627,0.024967693779935417,0.014462573109489752
175.65126371383667,ifo002,1.4156245817091477,0.022760725733812513,0.014757628569551519
175.6725401878357,ifo001,0.4742720788206264,0.026426574787823853,0.01627974917737872
175.74629545211792,ifo002,1.452750500742792,0.022663756117957477,0.015035597912210338
175.76006054878235,ifo001,0.25054617554672426,0.026697043670010676,0.016270609752933835
175.81458735466003,ifo002,4.698547168992374,0.023103671451308518,0.015297604841174862
175.82925367355347,ifo002,1.4212996128186917,0.020032213366635097,0.015613455645488628
175.84870386123657,ifo001,0.9800976797778701,0.03125615698789778,0.016228280031694218
175.88649988174438,ifo002,0.3952099395736058,0.02260015786073943,0.015909423206133498
176.21901845932007,ifo001,3.0041067884065833,0.03065308175038775,0.016178721489366377
176.22530364990234,ifo001,3.6220093210562914e-05,0.02398125984744457,0.016185734548675404
176.2525773048401,ifo001,0.18864415528405054,0.026502295689636392,0.01615092604307226
176.3794300556183,ifo001,7.355827975001587,0.024648623364591442,0.016082849222367534
176.39423775672913,ifo001,1.1451264542101198,0.021551238979860263,0.016198054645746654
176.46543312072754,ifo002,1.139955010625398,0.03625023964645768,0.016163200651930935
176.55686831474304,ifo002,1.7181693205155568,0.028025765353025856,0.01639279932186941
176.59618186950684,ifo001,0.21079336308928925,0.023324506915278265,0.016297883625930716
176.6470341682434,ifo002,0.12110864324795481,0.03022299570051106,0.016612694778412977
176.67585635185242,ifo001,0.8795298748840683,0.0227287431078661,0.01635727291127918
176.72648525238037,ifo002,0.6960078607673991,0.03377066186956451,0.01678425256855119
176.73297882080078,ifo002,0.0023818844032343282,0.02279944051994033,0.016923637711666984
176.75497436523438,ifo001,3.461486968579625,0.027480851896949203,0.016397621200244874
176.77923727035522,ifo002,0.7669453379033957,0.02253650971201479,0.0170135010062049
176.92262840270996,ifo001,0.05282525514990703,0.037275886862165056,0.016493182799384914
176.92394757270813,ifo001,6.616091817225535,0.02176181631548666,0.01654351235773489
176.94699788093567,ifo001,4.378091895681554,0.023951881464628143,0.016728168315726606
177.0873019695282,ifo001,2.6823660434326078,0.03285677279669583,0.016969289254610363
177.10357475280762,ifo001,4.063385710385415,0.02368740842925942,0.017221027934639255
177.15404868125916,ifo002,0.518482541367639,0.02784578426373542,0.017077384767856474
177.24312901496887,ifo002,0.2224409072335589,0.02564593876007516,0.017109658875526724
177.27025771141052,ifo001,0.0017896065651756144,0.023650722670163465,0.017512865187075
177.3368377685547,ifo002,0.0872007602580377,0.025553856113875326,0.017103275134449543
177.37879586219788,ifo001,1.6534039851522504,0.024136957598267495,0.017749153211479483
177.4382448196411,ifo002,5.805882690484232,0.03597885518570266,0.017056204288815668
177.44048047065735,ifo002,3.1652857036878252,0.02518465772486873,0.01714348423839786
177.47328543663025,ifo001,3.2660337100486747,0.027164145249466927,0.017970889197349144
177.51396560668945,ifo002,0.04110504225619102,0.02753285655626766,0.017270024118756142
177.64731764793396,ifo001,2.0019474884735113,0.0407273112828836,0.01821703333532314
177.68224930763245,ifo001,1.806080740528263,0.02502170535561664,0.018455230216602732
177.81216073036194,ifo001,0.3158385636765305,0.040381646558241474,0.018680898569582657
177.83956813812256,ifo001,1.5748174359671456,0.026276324424795442,0.01885745714233758
177.88078689575195,ifo002,1.8913193020246313,0.0331360022540898,0.017347699350329898
177.9899387359619,ifo002,0.17119885757418923,0.030228654078985735,0.01743097480608273
178.01369905471802,ifo001,1.7709339165929407,0.026820513823565657,0.0190193380586749
178.0668821334839,ifo002,4.992833359604261,0.029498094111417315,0.017470579447124674
178.08436465263367,ifo001,0.019917510093079616,0.026025258920248283,0.019172385333062734
178.12317037582395,ifo002,0.4123042094341902,0.053011094766815675,0.017604315565005194
178.14516353607178,ifo002,4.178496547796703,0.022944798678158185,0.017698235556240286
178.15492224693298,ifo002,2.14926991795787,0.021958875835642405,0.0178557633510436
178.18143701553345,ifo001,1.136017728080873,0.027703886599648314,0.01926998499086968
178.20539546012878,ifo002,1.7690715920144813,0.02420199094324267,0.018017045341321983
178.24943208694458,ifo002,0.7547354202287543,0.026659628602171994,0.01817168034371863
178.33503770828247,ifo001,1.407927220868142,0.03694657553247009,0.019345967538744773
178.3454396724701,ifo001,0.0020953207952583157,0.027185283976619668,0.019409513098273344
178.3556611537933,ifo001,0.047473352374790286,0.024948496053885633,0.019420267188915416
178.49747395515442,ifo001,0.14509540918449165,0.03208792835120816,0.019382211940185096
178.51087355613708,ifo001,0.22220583611565742,0.02535364994915665,0.019301338967275757
178.66429328918457,ifo002,1.7588279462719139,0.03168153939807902,0.01829321669956378
178.76254653930664,ifo002,4.207178331073995,0.0332585085793422,0.01841057788615087
178.80364751815796,ifo001,1.8776041594278374,0.0301269483634867,0.019183162250114988
178.8511288166046,ifo002,1.2233468736780084,0.03400164914971132,0.018587649131137175
178.8827726840973,ifo001,0.8456796215288103,0.02852591564647497,0.01908721910493699
178.89952635765076,ifo001,0.49684347871959716,0.025861775551084182,0.01897683887836184
178.92515397071838,ifo002,0.246712388041477,0.034286283568012756,0.018741557620582345
178.94208145141602,ifo002,0.22812126888298215,0.030977557843685243,0.018847298368317847
178.95514965057373,ifo002,0.0009446599946671804,0.025575203195890905,0.018906295004496174
178.97691297531128,ifo001,5.557231686601106,0.026840761368719115,0.018841597598877522
179.02442741394043,ifo002,0.09069230305601507,0.025400720380999754,0.018913971032948854
179.07075357437134,ifo002,1.1844939195816424,0.025850704745155217,0.018875656919034266
179.18477320671082,ifo001,0.3017594333886854,0.03243451483492509,0.018848855505680252
179.3603789806366,ifo001,0.9522989609611264,0.032207930055303535,0.018816928573628176
179.43163466453552,ifo002,0.2776606502421998,0.030473107880987817,0.018829348680245536
179.5535545349121,ifo002,0.6537777795813375,0.028373614596941706,0.018746520039215897
179.62178492546082,ifo002,0.011172748138367357,0.026596108467039956,0.018642584332649908
179.67828583717346,ifo002,0.2527890610998203,0.034322866020495155,0.018497272262484543
179.69968938827515,ifo002,1.060712913105771,0.0328808504239424,0.018322450092115517
179.71022772789,ifo002,0.3114744842741905,0.03101163081420758,0.01815056273701213
179.75624060630798,ifo002,0.23765890125386605,0.023204794557615083,0.017954342615569083
179.79054379463196,ifo002,0.25746042595012725,0.021782191490295005,0.017733522689586056
179.9051673412323,ifo001,7.502894036974017,0.05136882004316404,0.018769231067758272
180.15997791290283,ifo002,0.11883424037938911,0.02838966626797869,0.017491535775268543
180.25512647628784,ifo002,0.238449944153759,0.026186691084332747,0.017225309696116825
180.3425807952881,ifo002,6.2241440924146225,0.024588274899946826,0.01694260000017774
180.4049608707428,ifo002,7.363618438191403,0.028946725284910144,0.01686839562455188
180.42182087898252,ifo002,0.028401206398897372,0.033222541986685394,0.016977845504756613
180.44029450416565,ifo002,0.06527336484201023,0.025797401025504145,0.017039528193745882
180.4970278739929,ifo002,3.1532595366164444,0.02136637392745009,0.01705647866101935
180.5155372619629,ifo002,7.539658844122887,0.02151950522043192,0.017122211323202987
180.8639495372772,ifo002,0.11879503786721039,0.027150738647225767,0.01734055488060355
180.944011926651,ifo002,0.4290239690124374,0.025409675877296256,0.01750860280352354
181.0419521331787,ifo002,0.16083792081352152,0.025085821942362273,0.01763587652385042
181.09945559501648,ifo002,3.3018842811347318,0.027327011471151387,0.01771663089143993
181.12742853164676,ifo002,1.2678621085447268,0.03112520334336567,0.017840017792210283
181.1291980743408,ifo002,0.4233276358086948,0.02858831853953732,0.01794690793292073
181.17933344841003,ifo002,0.18825243713588802,0.024995305949770803,0.01801481086111036
181.20734906196597,ifo002,3.517218361964132,0.021572017602717455,0.018038816662041976
181.5368287563324,ifo002,0.017423232952808183,0.027689263143985635,0.01811862648405171
181.62016010284424,ifo002,0.08613838315982647,0.028070367102368307,0.018148680001340105
181.71432662010196,ifo002,2.126745532170338,0.025481719027474335,0.018133369609413735
181.76123237609863,ifo002,1.59571159542073,0.025150250547380112,0.018138653932966892
181.77934980392456,ifo002,0.41560120738487355,0.028528893676494485,0.018146329662295693
181.7940227985382,ifo002,0.45589194960396184,0.026195583699626886,0.018120136420156353
181.83837485313416,ifo002,0.026207088065793218,0.02445553281032208,0.018063685810262995
181.88290143013,ifo002,3.3525374918871824,0.021849881901064537,0.0179649698008073
182.2045922279358,ifo002,2.453086692840047,0.02777466915663056,0.017936673748599696
182.2874486446381,ifo002,1.5731043161273401,0.027536266948832003,0.017940889774180804
182.3804926872253,ifo002,0.5259322974506411,0.026797207110665668,0.017947415277345613
182.4346599578857,ifo002,0.34378474162792344,0.02709456156394562,0.017924080948935155
182.46098160743716,ifo002,0.46257140094588767,0.024320344264244575,0.01786720007352686
182.4629406929016,ifo002,0.28081458541336923,0.02302569867227177,0.01778313482025881
182.5262122154236,ifo002,0.38178679017239026,0.022601496545899664,0.01766795440962453
182.55851793289185,ifo002,0.13489724087965674,0.021543059246392562,0.017527783179873316
182.83583307266235,ifo001,6.6264587061594025,1.0543308712451585,0.018898482752954464
182.85143208503723,ifo001,0.18961226013301347,0.22185312534648047,0.019143931229041906
182.9295687675476,ifo002,3.692689246022956,0.03061965434544539,0.017356027377321337
183.01341128349304,ifo002,0.6168874631263646,0.0274762290139203,0.017280632219057693
183.0951235294342,ifo002,0.06561417483654104,0.02451078573974842,0.01718618034881752
183.1120057106018,ifo001,8.035449655809833,0.05204796936309985,0.01933517942250166
183.1596760749817,ifo002,0.22955954870947057,0.023369581688421483,0.017055435282242733
183.1806375980377,ifo002,2.5316475366394604,0.02253838931337019,0.016897108586090195
183.18611311912537,ifo002,3.3549592059641817,0.023408683464358405,0.016795513385984926
183.21539545059204,ifo001,0.008297958183452041,0.0464615094275265,0.019662458608690023
183.25145769119263,ifo002,0.009588211606221536,0.034973329970100435,0.01676822432858617
183.30144715309143,ifo002,0.014863011711792556,0.022031340724855672,0.016699770859177187
183.42464208602905,ifo001,0.13011563585238392,0.03668345175232385,0.019927525698056513
183.4372000694275,ifo001,0.3130520441875708,0.034300794030239765,0.020134193365594497
183.54046154022217,ifo001,0.8260325272120084,0.029129676657107653,0.02028865482335036
183.6567070484161,ifo001,4.200880034716491,0.029065333864149355,0.020406759872819865
183.72125387191767,ifo002,0.2574247909849466,0.03271307273344373,0.016592898471949964
183.80889654159543,ifo002,0.01930847271044962,0.05498830403797729,0.016458893184266264
183.84036087989807,ifo001,0.052380130133037515,0.031119964110807564,0.020580959150285964
183.89155673980716,ifo002,0.2016639516030052,0.02425311580113602,0.016291466378202526
183.90476632118225,ifo001,0.003948365265276702,0.029193591760992964,0.02069610864558354
183.9375536441803,ifo002,0.014175447534437866,0.024587961024800292,0.016100331756090113
183.9565312862396,ifo002,0.5874835933025516,0.02230834004955217,0.015880608961915656
183.96852016448972,ifo002,0.10466410784247326,0.020956706372515097,0.01565807213993441
183.98025560379028,ifo001,0.19103095266200976,0.030828412099066366,0.020752918438989958
184.00532460212708,ifo002,0.12647037427533428,0.02937480301857273,0.015414256397889294
184.03763484954837,ifo002,0.018666285785229175,0.018745877783641344,0.015152565777295048
184.1746153831482,ifo001,5.015227085604641,0.037489963367719426,0.02075949663197217
184.1984157562256,ifo001,0.03661184915605006,0.03128923064627437,0.020860460352468572
184.33548760414124,ifo001,0.16291374523283783,0.03015076757513159,0.02090421708850562
184.4066207408905,ifo002,0.11737953345732002,0.025548491286660147,0.014870697882875261
184.5005788803101,ifo002,6.2755765359656746,0.04105718409534185,0.014575579766645539
184.5260624885559,ifo001,0.823475460562286,0.03222472157442144,0.02089719162289173
184.59694147109985,ifo002,0.006600029936465914,0.029388135315286446,0.014506687938057471
184.6158525943756,ifo001,0.24676170244961965,0.030178444743295292,0.02086301369518585
184.6512677669525,ifo002,1.633433954313514,0.020707283649021368,0.014404780370046418
184.68194818496704,ifo002,0.9527494691643767,0.019188762849649058,0.014328706277193223
184.6904866695404,ifo002,0.23754765515640566,0.01798503956538647,0.014252866920636148
184.7063026428223,ifo002,0.1718648417711834,0.01727863962519032,0.014153125095197687
184.72340893745425,ifo001,0.053670788361060984,0.03082084719304313,0.020785284046567067
184.7574598789215,ifo002,1.6138814015117913,0.021564094211052123,0.014029176825648151
184.7969074249268,ifo002,0.543076283772401,0.01723020426077136,0.01393453408459759
184.92296147346497,ifo001,4.252279000478363,0.03984835590810344,0.020660480497009148
184.9470014572144,ifo001,0.015259247287943957,0.03299273248963625,0.02063095360356809
185.07966804504397,ifo001,0.5296277749811981,0.035429276061745486,0.02055066740461331
185.15193462371823,ifo002,0.002540490728344159,0.02769341023727415,0.013828985441721052
185.23216581344604,ifo002,0.004237098686420189,0.034245983794179535,0.013694381068708274
185.26449513435364,ifo001,0.0012319453937169834,0.0320441595820054,0.02044013949625985
185.3144552707672,ifo002,0.0019347619691517162,0.021478418236146372,0.013533129125647046
185.33454871177676,ifo001,0.23085858187145336,0.0296177747919558,0.020283644370696036
185.36765885353088,ifo002,1.4358536045430155,0.020677103898961453,0.013347499335555938
185.39119291305545,ifo002,0.4563318439086378,0.017921200240463918,0.013195941713884897
185.3959400653839,ifo002,0.9587838923257769,0.01672919289494621,0.013037704717612364
185.4201972484589,ifo001,0.052953755241321794,0.02994335925024015,0.020092897734266316
185.4607274532318,ifo002,0.9795001743657942,0.021129629643451223,0.012892962880173189
185.50233936309812,ifo002,6.882491763457951,0.015887281539985313,0.012761285014722757
185.59253358840945,ifo001,0.004244307483462824,0.03244459991551506,0.019864337220715702
185.60700345039368,ifo001,0.11354711533926655,0.02845469866711378,0.019599448970328764
185.65584087371823,ifo001,0.8585292587793949,0.025553860889920413,0.019306096955438452
185.7707848548889,ifo001,0.09544539860839191,0.029168124505878874,0.01901790563301073
185.78254771232605,ifo001,0.010804791620622898,0.026720707918143766,0.018704057422861593
185.84675765037537,ifo002,0.8384742237332654,0.02964431121487375,0.012826860553377431
185.9523413181305,ifo002,0.014011241361290186,0.025368014924893215,0.012880306704547755
185.970116853714,ifo001,1.08889522514157,0.0266515577132741,0.018364006841036628
186.02382063865664,ifo002,2.2964173019467085,0.02201143827742374,0.01289857758516879
186.04404878616333,ifo001,1.0680156495824604,0.024825802693266903,0.018047441154342814
186.0758647918701,ifo002,2.7008800159621296,0.018178313410813222,0.012950489581175076
186.09266924858093,ifo002,0.1402061251371242,0.017217884863673517,0.013042162707271533
186.10454845428467,ifo002,0.3496618842711904,0.016431644609749736,0.013100132211225761
186.11643266677856,ifo001,0.6234573013482433,0.024766412284485118,0.01775159985217773
186.1453368663788,ifo002,1.1293691492649822,0.018320664001155947,0.01313192160228377
186.16571927070615,ifo002,0.9198031392542966,0.01665219314322139,0.013161988520106287
186.2055208683014,ifo002,2.9895612452837224,0.016150175039839784,0.013184309602930658
186.30945467948916,ifo001,0.002064353221798646,0.044246046117531246,0.017456587557584467
186.32396841049197,ifo001,0.009178448141233097,0.027366387651535207,0.01713695035284511
186.35170078277588,ifo001,1.0468120314128198,0.02182370709013252,0.016795994227399948
186.4810447692871,ifo001,0.008607239212919582,0.026364838372591883,0.016482677285043573
186.50495529174805,ifo001,0.04551943521200614,0.021731954314933945,0.016149355621295654
186.56037211418152,ifo002,0.043393050660883684,0.029530143644214857,0.013258203054608377
186.66037964820865,ifo002,5.44240285673024e-06,0.021971050409900397,0.013295890161953967
186.6869823932648,ifo001,0.7403796045370079,0.02278106822023966,0.015800463910177386
186.7525758743286,ifo002,4.230146001716417,0.022046237187245528,0.013297644530865635
186.78706645965576,ifo001,1.7433333399384494,0.022178542136687587,0.015470511751002789
186.82099986076355,ifo002,0.1380133242631192,0.018749385259613276,0.013387886035964892
186.84833526611328,ifo002,0.3065744800811969,0.017607442473311325,0.01344353919135217
186.8565058708191,ifo002,0.07544302059421898,0.01673038535698756,0.013471031408368353
186.87451672554016,ifo001,3.076410585109696,0.02179716960677854,0.01520178343872428
186.9133882522583,ifo002,0.8776089721915101,0.018148839523264945,0.013464935253497729
186.94622015953064,ifo002,0.10333483034787554,0.016472298591082367,0.013452230396324592
187.03099608421329,ifo001,0.4328555110561584,0.03213502801057362,0.015036314165790866
187.03690576553345,ifo001,0.22270236471527524,0.022252545909416655,0.01485924501914521
187.05760264396667,ifo001,0.10972221263765497,0.01878923037759104,0.014664036905616644
187.1878626346588,ifo001,1.4733102826244113,0.02306570430456857,0.014448285334632677
187.1985814571381,ifo001,0.09044413102598703,0.01918658202860308,0.014268550945535353
187.25442957878116,ifo002,1.269101020101942,0.02489140076718043,0.013409077014202056
187.2733683586121,ifo002,0.09413659901186441,0.02065719368630747,0.013375434396438813
187.34161019325256,ifo002,4.439333416508699,0.018531574883410788,0.013312495758270877
187.36635088920596,ifo001,0.7513735471448849,0.020883180652218638,0.014067351605765655
187.4474229812622,ifo002,1.77841791648991,0.02060328009028882,0.013357805702240167
187.4741289615631,ifo001,0.203718781473587,0.021115762551584632,0.013873494166647751
187.5118546485901,ifo002,2.5377755345383224,0.01800569645632755,0.013417883617219361
187.5305299758911,ifo002,5.0904735930155915,0.017416702888023473,0.013511377291074106
187.54083776474,ifo002,1.636753616016988,0.016696196220240548,0.013696035721197866
187.55676555633545,ifo001,0.41038742327736316,0.019723413062791597,0.013664998891275251
187.58760738372803,ifo002,0.058635606040768735,0.019200121651366604,0.01387785495664657
187.62852263450625,ifo002,0.010052278460898088,0.017077181739532297,0.014018290191492902
187.72382760047915,ifo001,0.23671136723343528,0.02401558295787946,0.013452256911105579
187.73499965667725,ifo001,0.4620745997126135,0.01848224435397431,0.013229182700073498
187.75317287445068,ifo001,1.100089812655457,0.017791760731681292,0.013006902461595457
187.8878874778748,ifo001,0.11486393288816783,0.02034677816341667,0.012812255353655919
187.9545063972473,ifo001,0.010217014654240622,0.01709640962071913,0.01260246106161844
188.01377487182617,ifo002,2.68994558664325,0.02417318773451895,0.014117034671184863
188.0869944095612,ifo002,3.3287287534100725,0.02436971354125194,0.01424679894375225
188.1318044662476,ifo001,2.584176858062629,0.019801883039537768,0.012374998954789697
188.17789387702945,ifo002,0.49991552639248565,0.02325145652945968,0.014419069249509715
188.20105051994324,ifo001,1.885988510705092,0.017588026309110442,0.012236495411125732
188.2390582561493,ifo002,0.2674149432078483,0.0200904718366205,0.014559973793453846
188.251615524292,ifo002,5.4182480722423945,0.019238853544160578,0.014664561778881072
188.2724792957306,ifo002,1.2654253777612292,0.018308902021390912,0.014864987801060072
188.287291765213,ifo001,1.9614706387164862,0.02367739502251648,0.012144807341755246
188.32771468162537,ifo002,0.06601910531703326,0.02233491131193259,0.015050207371380088
188.34819436073303,ifo002,1.0668297071164057,0.019128452494852302,0.015190972784408447
188.47228264808652,ifo001,2.2247252212789395,0.021255439029481987,0.01209507350354911
188.47940039634705,ifo001,0.6359430172631846,0.018077221426522214,0.012089013892050967
188.50479078292847,ifo001,0.6407381001874701,0.017050745519962662,0.012072371279466407
188.6350429058075,ifo001,1.214170212920999,0.018369125785119064,0.012046226838477466
188.6480314731598,ifo001,0.6619042315535558,0.01612530941327761,0.012029530959657904
188.7155494689941,ifo002,0.305743787525497,0.024340365029633815,0.01531480811516447
188.80870270729065,ifo002,5.786124702652298,0.02615635395193592,0.015402199648916278
188.8364582061768,ifo001,1.4384229590765614,0.017668951682620178,0.012004115093223756
188.8877296447754,ifo002,0.4247380932843549,0.026679444840968923,0.015596978408855915
188.90684294700625,ifo001,0.6538647350424347,0.016682331516820102,0.011995093701062949
188.94166374206543,ifo002,3.4360184124826927,0.021420113903956865,0.01575455277709077
188.99177145957947,ifo001,0.463950570734759,0.018633684252248286,0.01197653419195318
189.02621364593503,ifo002,1.5250317558327893,0.022065700542460594,0.015951383952265266
189.05662608146667,ifo002,0.5117332153186861,0.020623660054738164,0.016137162110536153
189.15227699279785,ifo001,2.085526670003122,0.02115544216060638,0.01194327098468939
189.1639542579651,ifo001,0.8173658909019231,0.01758951400222765,0.01194728712351635
189.17548489570615,ifo001,0.020263830243409827,0.018182649300666428,0.01194577919537209
189.30862307548523,ifo001,0.27002298902298194,0.016150062690601673,0.011914397570147436
189.3186683654785,ifo001,1.535227263623421,0.01625649679706184,0.011863149177765257
189.4509027004242,ifo002,1.53728242129058,0.029581376335818768,0.0162869515159866
189.4801585674286,ifo001,0.279453609949048,0.016329663944341027,0.011834993417133724
189.52497625350952,ifo002,1.2304463336629503,0.033352854743403076,0.016428820658752424
189.54980087280276,ifo001,0.005498670616762834,0.01598124651572751,0.011787257823272413
189.59096145629883,ifo002,3.149980216973259e-06,0.024702533992303724,0.016555103273572385
189.61240410804749,ifo002,7.124557628887414,0.021833938426370277,0.016633257354285752
189.61814093589783,ifo002,2.2789096273748615,0.02084892452762692,0.016851642389326012
189.6436293125153,ifo001,0.0009524176995651585,0.018865018738649885,0.011712199254666378
189.6774475574493,ifo002,0.07957118197646981,0.027684064823821648,0.01707350729612169
189.71340107917783,ifo002,0.2647754199447952,0.021051275082850873,0.017244699028828147
189.82035660743716,ifo001,1.0606413433882447,0.019806560718116747,0.011611552441575964
189.83001613616943,ifo001,0.006027994971000099,0.015616635833503222,0.011525378335017423
189.86607480049133,ifo001,0.24973602704916198,0.015173093140119599,0.011415011651719865
189.97108101844788,ifo001,0.5950799799522096,0.01985778675591264,0.011291532290384793
189.98719024658203,ifo001,0.004342292013012846,0.014430426992393086,0.011180950161903448
190.0586152076721,ifo002,1.7710221287422432,0.02805633804303203,0.017371326685625382
190.14392733573916,ifo002,0.19990807185967005,0.029191261677731083,0.017495693216839116
190.16652274131772,ifo001,0.0076878048993844796,0.021031697408177424,0.011109475773954599
190.22266268730164,ifo002,5.669300175726546,0.030079593195559716,0.01757511350844086
190.24265146255493,ifo001,0.10798524655300479,0.017654899260706,0.01102862685890393
190.2721281051636,ifo002,1.3870581003259483,0.026107414538793977,0.01775835552874894
190.28552532196045,ifo002,1.505590418120193,0.026226331619037375,0.01792411005355663
190.3083727359772,ifo002,0.17566843406741425,0.022365031235022946,0.01807629109911888
190.33348774909973,ifo001,7.805847856630669,0.015397799510014638,0.010941428381494872
190.3903858661652,ifo002,0.18094602194140563,0.025535163983004802,0.018180163835415947
190.41535139083865,ifo002,0.0972795088981007,0.02274330119769719,0.018237743624493614
190.52440786361691,ifo001,0.014752630562303594,0.024461946399453566,0.010976634225891919
190.52834844589236,ifo001,0.9360136830646547,0.015051232976460549,0.010996635137216068
190.5502700805664,ifo001,6.078760450454699,0.015483368020447402,0.011015396155274117
190.6897828578949,ifo001,4.679739864735694,0.026473807420977033,0.011098143889769244
190.7023019790649,ifo001,3.701875832697293,0.01881270781458561,0.011238164325120387
190.7629849910736,ifo002,2.555888017594318,0.030112660936696258,0.01824867283472023
190.85520267486567,ifo002,0.007948467972185286,0.027302592564653658,0.018289413926787273
190.8813934326172,ifo001,2.983856194387425,0.020674114107334468,0.011511525869404382
190.96707725524905,ifo002,6.1664743603855525,0.030000741306603886,0.01828149919873018
190.9900434017181,ifo001,0.1472554396553787,0.018040580673410987,0.011805766029549792
191.02484345436096,ifo002,0.10283199860665505,0.026160720781397456,0.018406725263563215
191.0480363368988,ifo002,2.635588671727774,0.03230196030331013,0.01848191420880582
191.0590262413025,ifo002,0.1261178401163537,0.022871090962629514,0.01858092983721114
191.08293104171756,ifo001,0.1922032410356993,0.01746999800351158,0.012064243300098709
191.1093192100525,ifo002,0.001008709960864339,0.02628905390970129,0.01863128156807583
191.1455173492432,ifo002,0.6476034489395172,0.02316448897851308,0.018631427985107037
191.22444891929624,ifo001,0.09954662078000644,0.020299325061876837,0.01228760923883462
191.25491166114807,ifo001,0.005505191600165008,0.01725892448040768,0.012473876208114723
191.38018941879272,ifo001,0.5910053005259696,0.027278052881104378,0.012621167525940287
191.38687252998352,ifo001,1.0832563947314726,0.016860549941430266,0.01274503182908697
191.456818819046,ifo002,2.2360525596744116,0.03136654692092293,0.01860419676207408
191.55346179008484,ifo002,0.23294438664350298,0.026735270260345712,0.018601101863801216
191.5809977054596,ifo001,1.3440840416613602,0.023343638448975003,0.012859125399085502
191.639315366745,ifo002,1.0013196785558132,0.030962581841696493,0.01855791788613335
191.6705663204193,ifo001,1.0003604883381167,0.023700367871840097,0.01297065249317125
191.70897126197812,ifo002,0.33519526346830025,0.0252242224026344,0.018502169127897143
191.72763204574585,ifo002,1.598214011312391,0.03165965694400212,0.018413282515631166
191.74815607070923,ifo002,0.22746873046655128,0.023142327003986385,0.01833612447171759
191.77057480812076,ifo001,0.10754753869177375,0.019681929049099964,0.013070664764377926
191.8062665462494,ifo002,0.48925998431236767,0.02365049433445106,0.018224106945710992
191.83712482452395,ifo002,0.052298337541404075,0.02272178536842706,0.01808911649087662
191.92485451698303,ifo001,7.546919079668378,0.022789335273130547,0.013135633684067737
191.9354977607727,ifo001,3.3115825327477078,0.02086619202862514,0.01335439776739583
191.96223378181455,ifo001,3.7121314237645464,0.019705295728686564,0.013604931213160063
192.1236274242401,ifo001,0.08421354604762604,0.019458610433117942,0.013891587067370996
192.1328239440918,ifo001,2.8689306954986487,0.018221847594582403,0.014135042618581532
192.19329380989075,ifo002,2.98185547735401,0.03594214105727303,0.017917692528506116
192.27188539505005,ifo002,3.185441365734607,0.03375003152369268,0.017817056596113892
192.3085873126984,ifo001,7.079078069305764,0.02087455449118746,0.014397286739193086
192.3519444465637,ifo002,1.8386410427134132,0.035556702886955435,0.017782348050823023
192.36545753479004,ifo001,0.2287075348469234,0.020994687186342557,0.014759912825316161
192.39453077316284,ifo002,0.3239686908531649,0.02535337425752076,0.017762582422486663
192.4102005958557,ifo002,1.1754325069767713,0.03379583028318138,0.017708816125160166
192.4222791194916,ifo002,0.3793460696148304,0.024598885044995016,0.017651277397810222
192.43952226638797,ifo001,5.885390258362838,0.021748880453757235,0.015078777028072383
192.469345331192,ifo002,0.015880250275509756,0.021399467146662344,0.017564406388712882
192.5937900543213,ifo002,0.17692014610788656,0.02327977371370307,0.017438047416129303
192.72866940498352,ifo001,2.5169498267086636,0.02654361059392648,0.01546671572207315
192.73215699195865,ifo001,0.08778904274223427,0.022416890935488678,0.015852979920766758
192.74968886375427,ifo001,0.10177071806665162,0.02488633091710918,0.016189078504871734
192.8943600654602,ifo001,1.7001569898963598,0.02391141388193059,0.016474879395293032
192.9024593830109,ifo001,0.09031410268321452,0.02146428084467082,0.01674667380662246
192.96199560165405,ifo002,1.9617636394005324,0.0319360043443338,0.017280867153017892
193.0481286048889,ifo002,0.2305497537128674,0.02740957397484336,0.017159508336329017
193.0758454799652,ifo001,1.0863505692782691,0.02340565622972854,0.01696759636736788
193.13579416275024,ifo002,0.11443883877446917,0.025486202466421436,0.017009625539225894
193.171302318573,ifo001,0.9930892205667143,0.023759680441414403,0.01716299849995157
193.1991810798645,ifo002,0.36321269180160604,0.02716203166481404,0.01682949126405576
193.2234184741974,ifo002,0.758914662877341,0.02315998744012002,0.016631327567325292
193.23284912109372,ifo002,0.359851867644534,0.020906185963338396,0.01643245624536086
193.27337265014648,ifo001,0.24638642962380236,0.02840254803852929,0.01733157003040013
193.30064058303836,ifo002,0.04277196167827443,0.021521446729252422,0.01621820400662686
193.34532260894773,ifo002,0.27127790486490116,0.02451615925201382,0.015977945990392043
193.43721675872803,ifo001,1.0526912720131802,0.026775612129621457,0.017454975907242945
193.4567093849182,ifo001,1.1992179741914004,0.023370029226901443,0.01755697025308668
193.47346353530884,ifo001,0.2804591739109255,0.02505653011336892,0.01764286439604449
193.57751774787903,ifo001,0.08873787462456928,0.02328643188535119,0.017687573863917953
193.59535598754883,ifo001,0.03863026680539444,0.02229808229256153,0.017687427782000338
193.65835976600647,ifo002,2.4812549049883925,0.024910213488308096,0.01572385253361661
193.7967839241028,ifo002,0.0781469605389104,0.024361506006469393,0.015545527454492817
193.82133865356445,ifo001,0.947167604270576,0.024908396093522675,0.01764321144977943
193.88582825660703,ifo002,0.36994652865171784,0.02261590678236705,0.015341646994379768
193.9154908657074,ifo001,1.538044267167897,0.024525345847511884,0.01758717371055583
193.95694065093997,ifo002,0.7058815176489708,0.02372168527971248,0.015126405103847584
193.97260975837708,ifo002,1.0215932740088187,0.02106511218991048,0.014914906197327597
193.9800171852112,ifo002,0.4030467206991438,0.02002947725359585,0.014719769993543276
194.0202739238739,ifo001,0.4812872325724646,0.026369854066395894,0.01753952708818924
194.0562379360199,ifo002,0.1283944832480593,0.018215475807693875,0.01451558752703975
194.0982789993286,ifo002,0.2594584591164006,0.019385975925752055,0.01429277743381275
194.19926404953003,ifo001,0.9491090764962636,0.02754742291495995,0.017465487060271647
194.2027757167816,ifo001,0.09762563261137888,0.02546826365941779,0.017382852461971868
194.2238404750824,ifo001,0.13262973084038804,0.027158359628167206,0.017263759331572037
194.36584973335263,ifo001,0.2571708259930408,0.024112075043926845,0.017112201864267405
194.38632726669312,ifo001,0.47568674510191294,0.022106279043780326,0.016935515583557412
194.4805464744568,ifo002,4.054269089904454,0.028110130054649594,0.014059016571212652
194.5993628501892,ifo002,0.27916479920763454,0.023069381614569243,0.013960606181655375
194.6304440498352,ifo001,0.13945846979094206,0.025631377315602832,0.016744435937560923
194.7314476966858,ifo001,1.1592112129403518,0.024873338068856696,0.016527897665315545
194.76674032211304,ifo002,3.288570105313498,0.02836491698478473,0.013842229925674987
194.84421968460083,ifo001,0.4888744979101007,0.029960431314511198,0.01632831437549972
194.87143516540527,ifo002,0.02065041635989102,0.0250517606862219,0.013808095186756592
194.9245159626007,ifo002,2.22175190463241,0.019450154823913053,0.013741145688638316
195.0696723461151,ifo001,1.0835705173546502,0.03611548887170307,0.016118716782135344
195.07211017608645,ifo001,2.800047922430731,0.024800751421662715,0.015923671488203138
195.10624647140503,ifo001,0.6279156967225836,0.02320891883542292,0.0158042251163822
195.24670934677124,ifo001,3.864706699702602,0.026709554431479966,0.015673924211232964
195.33002996444705,ifo002,0.4403623070045881,0.02820126101884403,0.013715992352840833
195.42609167099,ifo002,4.85621051833383e-05,0.022552122637438263,0.013671381589968981
195.4546821117401,ifo001,4.405127504394288,0.028838458408383838,0.01564269846241348
195.5054306983948,ifo002,0.43549526924575127,0.020487699802900355,0.013594228023334256
195.5376572608948,ifo001,0.08393369122619386,0.0230465689890798,0.015706672743115848
195.59630179405207,ifo002,3.443054502813675,0.025432950523307442,0.013501858491148584
195.61056637763977,ifo002,4.829689537975828,0.017709921727816512,0.013494292548532327
195.6209409236908,ifo002,1.9470802344216183,0.016894934495894645,0.01359273437153008
195.6663942337036,ifo001,0.7082308748211857,0.030753483631885903,0.015729776363465463
195.7741503715515,ifo002,3.0995783064745757,0.032916324196122435,0.013704151399114869
195.87035417556763,ifo001,0.3452313197009232,0.026848068446567414,0.015733029953091962
195.89685249328613,ifo001,0.4337505838770218,0.031929166881141766,0.01570666761848619
196.02102994918823,ifo001,2.58520365952852,0.023156640815127232,0.015655576136344558
196.04740953445437,ifo001,3.067161527074576,0.025125636776340422,0.01564998161181387
196.2804238796234,ifo001,0.3221615400263038,0.039127435721267,0.015697227389321885
196.35477018356323,ifo001,0.13512449800796678,0.02594070025194426,0.015711554961021897
196.40270614624023,ifo002,4.4566412901163455,0.03991696924990372,0.013855813723409953
196.4296326637268,ifo002,1.6366952824876768,0.03594881450123604,0.014073349280843483
196.43909883499143,ifo002,0.07594809922529785,0.0203178492781836,0.014284835538367563
196.47620296478271,ifo001,0.30368667763465984,0.03121200653389327,0.01568911090661091
196.52991938591003,ifo002,1.8969703365289379,0.02151506140466241,0.014453420017648742
196.57256174087524,ifo002,0.02390756754775336,0.022403391666265305,0.014625247818709585
196.7002367973328,ifo001,0.5791247842266449,0.02605042358304026,0.015637525841168304
196.70647501945496,ifo001,0.11970442353409123,0.023242776568494446,0.015568039430864931
196.73128747940063,ifo001,0.035250551609793554,0.02552393203010545,0.015466715779982057
196.86279582977292,ifo001,0.2582379810023239,0.021192379500539153,0.015332956711743463
196.8735785484314,ifo001,0.152140621727777,0.020018749330031088,0.01517754317930436
196.9414818286896,ifo002,1.5382374110526673,0.026426800273458693,0.014753105411131711
197.03932857513428,ifo002,0.11792307734207945,0.02317040450235457,0.014878178423610977
197.07475399971008,ifo001,3.149910109686984,0.025545431105815218,0.014998644949738398
197.12778186798096,ifo002,1.0635539109056007,0.021738071704620915,0.014962773680456018
197.17295575141907,ifo001,1.0862942734678998,0.022334578703162435,0.014907671221202777
197.21205019950867,ifo002,2.9328310915286457,0.023544570413417627,0.015034971882724223
197.2285716533661,ifo002,2.5247514209898303,0.0204475506231964,0.015146306995833853
197.23481249809265,ifo002,2.417042247190504,0.020269138268677246,0.015281056557182803
197.27240204811096,ifo001,1.2423075867418287,0.021840268792176442,0.014821377407717237
197.30897426605225,ifo002,0.3825275355290493,0.01917463723032391,0.015433624339810324
197.3449559211731,ifo002,1.473960587320495,0.020579474098704136,0.01555016052956571
197.465428352356,ifo001,0.00022655671293285158,0.025200514135612466,0.014744727454607172
197.49020957946777,ifo001,1.5350714247361217,0.02185087149708953,0.01463470383972806
197.6532497406006,ifo001,0.35464300871240323,0.023447164796190384,0.014547589957994402
197.73058342933652,ifo001,0.0025087005079413543,0.022904481673316622,0.014440703808963526
197.783805847168,ifo002,0.03066027455225962,0.02872492790834885,0.01566145687790471
197.904155254364,ifo002,0.24462619676780237,0.026474772346912534,0.015728394241344423
197.9328851699829,ifo001,1.207093880309308,0.024939361288134985,0.014303250595651412
197.9856646060944,ifo002,1.966676510886159,0.02324228319982974,0.015758962547290253
198.03325128555295,ifo001,0.11865833580511936,0.021169051686905492,0.01418180016419693
198.07694697380063,ifo002,0.15124916943861205,0.026499493006525286,0.015805838879678426
198.09780764579773,ifo002,1.7244189785425987,0.022910989076355862,0.01581444199869118
198.1133086681366,ifo002,1.2867097108518908,0.023540715773039084,0.015834629581712573
198.1412410736084,ifo001,0.36909038018636325,0.022589852422300383,0.0140357284153752
198.1963276863098,ifo002,0.012131054945599427,0.021282239395858788,0.01585223248765111
198.21730756759644,ifo002,0.03274833200860346,0.019318654533052322,0.01582870447534641
198.32407927513125,ifo001,1.540169879755184,0.023514581719222105,0.013876751312929066
198.33215713500977,ifo001,0.01162974502258362,0.019770001732053573,0.013749942885586161
198.3731684684753,ifo001,0.3349092616425157,0.02026272895770804,0.013596071186912988
198.5090661048889,ifo001,0.8013560792773204,0.01867075646116041,0.01342994787340169
198.52243947982788,ifo001,0.4966648866619838,0.018933513462828504,0.0132710837136209
198.5954921245575,ifo002,0.9552091261894099,0.032256935272927306,0.015766966749876866
198.72792983055115,ifo002,1.0323696780512288,0.02493334967835437,0.015700232948975868
198.76553606987,ifo001,2.1735529223193932,0.024332294670167273,0.013107575182947515
198.8169445991516,ifo002,0.004798827247330843,0.023803452393063328,0.015631701034252845
198.85404086112976,ifo001,0.2843185862992203,0.035814456226840805,0.01300222569781036
198.8946545124054,ifo002,0.002953805418041597,0.023515277326848254,0.015527165078866501
198.90967631340027,ifo002,0.004083834755184511,0.02361222673588901,0.015389091158816344
198.92229199409485,ifo002,0.04913637149165698,0.020638263262453695,0.015220126516648934
198.9450261592865,ifo001,0.38828153561151874,0.019519568076021364,0.012880245131304091
198.9752905368805,ifo002,0.015573567600177085,0.0186762066267356,0.015024653434301158
199.0119926929474,ifo002,0.07486658245951114,0.019160121042119692,0.014803890046820038
199.11935448646545,ifo001,0.03857398822710079,0.02035896968338865,0.012747188722910814
199.12569999694824,ifo001,1.6386058093892244,0.018754878044699913,0.012591204663647463
199.14133095741272,ifo001,1.2100897606942203,0.016485349227954117,0.012474878416833682
199.27258038520813,ifo001,0.17785770508197155,0.016842038138407837,0.012377616104914758
199.28416085243225,ifo001,0.37441957079680277,0.018157954018347758,0.012260923974053988
199.34622311592105,ifo002,0.007645797604876153,0.02347806119146846,0.014562881025568958
199.44635915756223,ifo002,0.2471792578960488,0.021906146083414076,0.014301160317310596
199.47716665267944,ifo001,1.9697345785741853,0.023860696629145674,0.012133917510577987
199.53757786750796,ifo002,0.0005869585042351744,0.0210665811042621,0.01403168994473121
199.56518959999084,ifo001,0.2808277724105919,0.01721780581722005,0.012055022433950102
199.5970289707184,ifo002,0.09167758437596896,0.02119692526184768,0.013745127079259414
199.6188287734985,ifo002,0.1130671262363635,0.019469555753336566,0.01344800503291294
199.6277906894684,ifo002,0.07482453945454981,0.017004556519813706,0.013143259853136309
199.6670196056366,ifo001,0.5815716596408448,0.022871067909522334,0.011959815180598861
199.70042657852173,ifo002,0.05559945769266386,0.01725098879024183,0.012830795946465481
199.74696564674375,ifo002,0.009265999146901075,0.01863217569404095,0.01251143737782429
199.8604371547699,ifo001,0.01164748852730354,0.02242067908081205,0.011860618076707208
199.87066650390625,ifo001,0.5731320772199706,0.021928328862638465,0.011737432697597099
199.8980088233948,ifo001,0.03328221654622676,0.01572999314533716,0.011613416027612884
200.0309171676636,ifo001,1.3965637694544872,0.015915547624523674,0.01146864552783242
200.0448498725891,ifo001,0.167307167884132,0.016471482468715073,0.011356939134221202
200.09642815589905,ifo002,2.8125003455703323,0.02277931516933049,0.012184587789782006
200.2055332660675,ifo002,0.1529441958623613,0.0203644344835425,0.01198120177073994
200.2313208580017,ifo001,1.5378321262085561,0.018320321871875156,0.011229312642698953
200.32737135887143,ifo002,7.314837544725366,0.027131444478889516,0.011767476448810571
200.3501148223877,ifo001,1.3595187508956217,0.016308477038198318,0.011165230104111912
200.3927474021912,ifo002,0.18001983729692966,0.034319482732111696,0.011796732293712467
200.40626788139343,ifo002,1.0613704637866965,0.019586405010029527,0.011799748453144769
200.42980289459229,ifo002,0.09919846236948757,0.015881517166388755,0.011805061801971373
200.4496877193451,ifo001,0.002863200621998868,0.02043473593490672,0.011132028036147188
200.48673391342163,ifo002,0.08846196688944642,0.014814944154630456,0.011782978780333127
200.52859807014465,ifo002,1.013286853610206,0.014793163080076471,0.011734810499969842
200.6589949131012,ifo001,0.37755702435649824,0.018170073638941575,0.01108662118377495
200.66458010673523,ifo001,0.007798683236592459,0.018012178976769735,0.011036749875452168
200.68958449363708,ifo001,0.040208317700365516,0.015247725453934189,0.010976122867005823
200.8462021350861,ifo001,0.8949353690657742,0.015776527916111043,0.01090629970616016
200.8759093284607,ifo001,0.6719042027084777,0.015795205454253385,0.010844802152057714
201.0731964111328,ifo002,3.2076507448771068,0.02870611206607971,0.011693002564954312
201.11039876937863,ifo001,1.2305528510176496,0.017325085600006118,0.010786602597704472
201.2438507080078,ifo002,4.110484790633967,0.024053984868510184,0.011723612472278218
201.27629566192627,ifo001,0.896273350254193,0.017490011556130464,0.010741655807121109
201.31145882606504,ifo002,1.432157926482416,0.018880295516540673,0.011836130962568801
201.33040952682492,ifo002,0.0728849857629904,0.018451968553400706,0.011950591058167176
201.35718846321103,ifo002,0.023924259939303152,0.016294192860303137,0.012031404846067061
201.3607866764069,ifo001,0.46665162829359474,0.02021070121876454,0.010702401905154115
201.41371822357175,ifo002,0.35823640135205287,0.015513299070692304,0.012078341604841085
201.5173182487488,ifo002,3.880661415631833,0.01790955906056159,0.012102567503389948
201.645530462265,ifo001,4.02415938353836,0.0202267066468778,0.010660780086565506
201.65019607543945,ifo001,0.14538351727126114,0.01896682529151352,0.010674004472217433
201.6635241508484,ifo001,0.0019251854934327047,0.015020012615232869,0.010675754857145876
201.69099497795105,ifo001,0.06904207970971311,0.016429404986540577,0.010664433866252342
201.8161034584045,ifo001,0.35960190722507035,0.015870644928815555,0.010641887264143144
201.827556848526,ifo001,2.282454688693445,0.014025531569479527,0.010613809418454002
201.90926694869995,ifo002,7.211617194924303,0.024448295657689915,0.012203583226235788
202.00932717323303,ifo002,0.1460341497150926,0.02073397079516177,0.012440961392928353
202.0427048206329,ifo001,0.941402299694253,0.016279227481677854,0.010611803934924616
202.0824041366577,ifo002,0.005826213374294704,0.02110359271387409,0.012641559348980981
202.10847330093384,ifo001,0.16398579006861233,0.015503507062848287,0.01061170100784136
202.14985346794128,ifo002,0.6506696586843611,0.029040674594001115,0.012802385519973735
202.17484188079837,ifo002,0.9936802203708561,0.022340457493945583,0.012940130878371713
202.17737221717837,ifo002,0.4839507875688105,0.021347824656964488,0.013064413603971547
202.1977972984314,ifo001,0.6344080111086781,0.0200468649597308,0.010601349312201393
202.2496123313904,ifo002,1.0231060973187318,0.017531621476648905,0.013162634921113938
202.26841497421265,ifo002,2.710252813260722,0.01599534007119527,0.01325049590699386
202.3998000621796,ifo001,1.9394391076024018,0.01763525686315109,0.010588994562346875
202.39992475509644,ifo001,0.31184571014521933,0.01478846343898099,0.010594900904848513
202.70836281776428,ifo001,0.11926671139033199,0.01897955030531169,0.010592504039591936
202.72255849838257,ifo001,6.783907005791601,0.017548721824236998,0.010579340141823112
202.77975177764893,ifo002,0.047994229012330414,0.02807745411008437,0.013372815179198697
202.8740501403809,ifo002,0.014180178581321243,0.022537615897728777,0.01345680122888254
202.90002131462097,ifo001,5.252913241169357,0.0282841225972387,0.010648108617063962
202.97118997573853,ifo002,2.0397564612421157,0.021041906884619998,0.013502805038879087
203.0021343231201,ifo001,1.6294444499470302,0.016515672143410147,0.010759552496541508
203.03053212165835,ifo002,0.046468252492939885,0.028060753037864226,0.013570404319328714
203.04922223091123,ifo002,1.8935303652220392,0.019468887194165264,0.013601360211772842
203.063547372818,ifo002,1.8189831337164186,0.01935998671124016,0.013651429614523208
203.0775158405304,ifo001,6.975533577768204,0.015933676409001188,0.01087112278645061
203.10601353645325,ifo002,0.0062746803466557635,0.018339046124978185,0.013716208633161269
203.15360260009768,ifo002,1.0868318210431511,0.017033385184996207,0.013742925579167101
203.27279996871948,ifo001,0.2804450106236167,0.026672165550844763,0.011032353064391556
203.28399634361267,ifo001,0.002533776662505492,0.015448376654298237,0.011178331305219315
203.31134557724,ifo001,1.357452341871983,0.016322326682092773,0.011419505098754692
203.44085931777957,ifo001,0.30651836523015,0.018434449666946552,0.011665617238513743
203.4488446712494,ifo001,1.3787730021193512,0.015057879976548083,0.011880433760072829
203.50303387641907,ifo002,0.0380837938854575,0.022326106689578684,0.013765670965601981
203.5931911468506,ifo002,0.00699951386792539,0.023900852305316876,0.013753172457228227
203.6250388622284,ifo001,0.016017558393557167,0.016894276953514042,0.012087955901254537
203.6727521419525,ifo002,0.5525670189642274,0.020484842376730813,0.013706338635268172
203.68771862983704,ifo001,0.798447219708341,0.016540099668346867,0.012257355193165238
203.72209525108337,ifo002,0.08587719501936533,0.021717585712884114,0.013645426420002965
203.74295735359192,ifo002,0.03202297085171648,0.018879961907664597,0.013555956771706719
203.75078678131104,ifo002,0.0822783738726651,0.017474307165282053,0.013438142775358791
203.776376247406,ifo001,0.4163870188154305,0.01902885841397098,0.012408103079801563
203.8043794631958,ifo002,2.0303952051846426,0.0164065714424997,0.01329608456711455
203.8385660648346,ifo002,0.8220609867869199,0.01951979829730118,0.0132028270825288
203.95042657852173,ifo001,0.07687510992649389,0.020496879155536427,0.012531399297386241
203.958432674408,ifo001,1.6185446609906062,0.016996097979883773,0.012619304113980967
203.98477244377136,ifo001,0.03583763856043071,0.01807495977912214,0.012714687461017197
204.12054467201236,ifo001,0.16272929278037235,0.0195963187319217,0.012774161242745278
204.13418102264404,ifo001,1.0339539433722245,0.016245586211384867,0.01280278832767771
204.1864252090454,ifo002,0.4304430537567843,0.02120502774824837,0.01311027237146373
204.31243300437927,ifo002,0.05811112482909468,0.026370526229517202,0.013004938323059559
204.36448764801025,ifo001,2.042053958069513,0.018935400246517242,0.012828003836389249
204.43704867362976,ifo002,0.8008505130141979,0.023358918805414998,0.012874730274470326
204.46252298355105,ifo001,3.684321889669291,0.018699758580977728,0.012878947928580294
204.51483702659607,ifo002,0.9377067698087713,0.026643719919123267,0.012749404575777704
204.53539204597476,ifo002,0.005447189071740273,0.020755474560487416,0.012633736119163262
204.56216764450076,ifo001,0.025156455329850398,0.020318288355397843,0.012995468387765559
204.60148453712463,ifo002,0.051904815393708136,0.017429486879398954,0.01249294632980088
204.75505113601685,ifo001,0.7222797554898568,0.02313043776526775,0.013074245549465232
204.76456475257876,ifo001,0.3050056532167709,0.0191824080249644,0.013136114073951643
204.78066897392276,ifo001,0.05649984095703219,0.019757072265611204,0.013170201768013994
204.8956401348114,ifo001,5.1932464494019746,0.020687973240354738,0.013170560320072569
204.93840885162356,ifo001,0.71274957198244,0.018833647692556608,0.013285081084338703
204.97981071472168,ifo002,0.30419602109680255,0.023512272912534313,0.012331004212775977
205.06072854995728,ifo002,1.4855562816887415,0.02121730860964645,0.012160020323932302
205.0966584682465,ifo001,0.3199194161119843,0.020215777856797422,0.013379589545493968
205.1560928821564,ifo002,1.2511149152119216,0.0182587444482937,0.012027007097718465
205.17061924934387,ifo001,0.16045691099856838,0.019798474384145604,0.013444377919871778
205.2185366153717,ifo002,6.325938338607377,0.016740937469273097,0.011918184028430494
205.23048663139343,ifo002,4.473329115582152,0.015551942036853098,0.011986146658779171
205.25052738189697,ifo002,0.4427047465674449,0.026212409653745272,0.012136985488987872
205.25828337669373,ifo002,0.009437478188821166,0.016177858791339997,0.012261704176378651
205.27859687805176,ifo001,0.02176631935031477,0.01855283115686947,0.013476278254886615
205.3039209842682,ifo002,0.00010135932672956532,0.015722313074460915,0.012349909602940955
205.33330416679385,ifo002,0.5290540308321278,0.016409148703474687,0.01240244630036913
205.45146346092224,ifo001,1.1770655579923057,0.021611860774167303,0.013472720075957855
205.45403504371643,ifo001,1.1751348839015243,0.019353312457662412,0.01347144056402186
205.4703962802887,ifo001,0.37471722244144373,0.017389473787706663,0.013472155768549845
205.59218311309812,ifo001,0.20370862345364582,0.017726248060556192,0.013450117235210125
205.6491894721985,ifo002,3.366978177912974,0.019104839318826804,0.01243604877027722
205.8564591407776,ifo002,3.035670113405799,0.02191537935499225,0.01253079046385262
205.8719751834869,ifo001,1.4654836317785513,0.025167284124458386,0.013401449370076384
205.9157178401947,ifo002,0.2622430559546255,0.02073066041579137,0.0126682947904008
205.9377422332764,ifo002,7.606750165126041,0.027428871661587216,0.012774339958484756
205.9446330070496,ifo002,3.1105024565037973,0.016647846191553562,0.013024257687640425
205.96792936325076,ifo001,5.876947891295359,0.02034843265153212,0.013369181664777423
206.0038318634033,ifo002,1.1243000106921206,0.016625491670912176,0.013298603162096079
206.0421402454376,ifo002,0.17146713336410674,0.019675868251971766,0.013553937057476555
206.1637933254242,ifo001,2.4402015558048893,0.022117175499974124,0.013476511979113695
206.1796102523804,ifo001,0.2387136543966022,0.021229934364008926,0.01360861095967867
206.4093420505524,ifo001,6.103182366527621,0.025951027895585684,0.013706452679284341
206.4199709892273,ifo001,1.62014476235688,0.030561135275741513,0.013917740238008923
206.65110039711,ifo002,6.559559605027626,0.032750725667070574,0.013769547263705308
206.6859986782074,ifo001,6.1482451680462225,0.02564456554763011,0.014123357841512973
206.7438771724701,ifo002,0.0162137226430143,0.025767001090850266,0.014083812246907473
206.7631938457489,ifo001,3.665919582439787,0.03020146321788583,0.014421512307506705
206.80436420440677,ifo002,0.4803060362429111,0.02209090768613424,0.014352491919789715
206.82323241233823,ifo002,3.573036241885353,0.02279855106740943,0.014585825662131216
206.86195850372317,ifo002,7.351710572018335,0.018909772996610792,0.014853582631377253
206.86814427375796,ifo001,5.2251593579610205,0.031217689869969818,0.014748905169710655
206.89561104774475,ifo002,0.037765071168662755,0.020315220362600025,0.015226341018913726
206.92756533622745,ifo002,0.7974108459864593,0.02618073398833715,0.01554995934632727
207.03684973716736,ifo001,0.13645517693218925,0.02616200590270783,0.01513181231258592
207.18738746643064,ifo001,0.16960831304078575,0.02523328208209359,0.015467788487199935
207.2622835636139,ifo002,3.9896484610384593,0.025483740516176398,0.015840280895849945
207.33682584762573,ifo002,3.0619367722112174,0.023349466831324633,0.01616602143880356
207.38104104995728,ifo001,0.16994905752809997,0.025932648691280175,0.015757034936586135
207.4502317905426,ifo002,0.7980438594937372,0.02364546166437822,0.016504319041084865
207.4623739719391,ifo002,0.5868245192373055,0.022121516201372666,0.016806413875345604
207.4761791229248,ifo001,5.770005204524312,0.0241798858291053,0.015999605680141905
207.4965348243713,ifo002,0.8408816733199453,0.024265599645921468,0.01706806293263801
207.51641154289248,ifo002,2.0314130510572186,0.02216517731081065,0.017296024238747824
207.52116346359253,ifo002,1.2370154715555257,0.020654146329105352,0.01751997073347854
207.57132411003116,ifo002,0.012117726478656627,0.022094947208839283,0.017720615641174504
207.6116988658905,ifo002,0.22353459153675576,0.028634794009598813,0.01786778670563014
208.19348120689392,ifo002,5.583599759879407,0.03636387504461178,0.0179686993346052
208.25726413726807,ifo002,0.02063882317019915,0.03330932845774098,0.018166873126275237
208.27735376358032,ifo002,5.905796385682734,0.033053612214276384,0.018310680260327714
208.28461050987244,ifo002,2.787785638141165,0.024666325201533827,0.018551513139600826
208.3334608078003,ifo002,0.42055879406901775,0.033959565434169905,0.018802699018925593
208.3765664100647,ifo002,1.2390331157105043,0.02945303288568352,0.01900611868492994
208.68294024467468,ifo002,2.2646049996070494,0.028597900075132472,0.01918411915168411
208.77218008041385,ifo002,0.0027364205338690287,0.0283413328790469,0.019364227814995055
208.87382626533508,ifo002,3.974480039795379,0.028528911056213194,0.019486929055350644
208.94331240653992,ifo002,1.1943735131722257,0.034389311504308795,0.01966089375200174
208.95305967330933,ifo002,0.7325310054048235,0.033417742953442235,0.01980863293845047
208.9965136051178,ifo002,1.3443804564991304,0.024788385484870758,0.019919044071788596
209.3619484901428,ifo002,3.935291052197312,0.03323573455764685,0.020011144388753004
209.4485442638397,ifo002,0.41611934303157844,0.029932344218381514,0.02015671815922356
209.53902101516724,ifo002,2.4051094606205274,0.030702127011588216,0.020255541074611683
209.60123372077945,ifo002,0.7633610442709585,0.03873001380322181,0.020365489758727637
209.60822057724,ifo002,0.39598558366144604,0.034128023437811066,0.020439827044516315
209.67133688926697,ifo002,1.784061252969036,0.025709023236243148,0.020469875410149954
209.69890356063843,ifo002,0.6068259908973713,0.025225453334873055,0.02049977098966622
210.18010234832764,ifo002,1.7388878048887901,0.03739922350294993,0.020494242185764143
210.26825499534607,ifo002,0.08915445080472326,0.032197232196908294,0.020490625569795737
210.38929677009585,ifo002,0.29626302114960623,0.030832011738381147,0.020437551805208037
210.44399785995483,ifo002,0.2008477235128282,0.03418053551591839,0.02034485486644815
210.4690673351288,ifo002,0.021818824465648003,0.02919160356309454,0.0202121980072063
210.47404861450195,ifo002,0.0025631848730505065,0.0260810237101642,0.020036304453881004
210.53818321228027,ifo002,0.26163592490380844,0.02496377094952984,0.01981982270503633
210.5744540691376,ifo002,0.0009832639916087735,0.029228496865134963,0.019576147558395967
210.89923787117004,ifo002,5.855648183232632,0.03274914979239554,0.019297914602917587
210.97492933273315,ifo002,4.931837187802251,0.028044551374953205,0.019204331004442292
211.0692348480225,ifo002,0.15349968215632578,0.028079634253352193,0.019224819094049477
211.1182534694672,ifo002,0.8536282459508628,0.028586622579237088,0.019199782093119303
211.13341093063357,ifo002,0.06597783499723872,0.034131185660892696,0.01915429146316279
211.14634919166565,ifo002,0.1856761113410209,0.028760147839184548,0.019064409026604834
211.19755005836487,ifo002,0.002043364238574136,0.022957451652481985,0.01893719707315253
211.22132849693295,ifo002,0.14812153641561185,0.023243597217377638,0.018769007484359234
211.33294296264648,ifo001,8.464425879938135,1.2770790999907455,0.01632079404206695
211.35198783874512,ifo001,0.17979959101062057,0.03565996861733057,0.016759440209320773
211.48945951461792,ifo001,1.2627718856832835,0.09910597911744908,0.01714657764306209
211.49976181983948,ifo001,0.5287025951332008,0.36591070331696174,0.017503938086007448
211.58781576156616,ifo002,0.8868973964723051,0.028970429387351653,0.018568453143614952
211.68560767173767,ifo002,1.4310760743723905,0.028617857945007277,0.01836643823773208
211.7100808620453,ifo001,1.0817081403564417,0.029752557641862,0.017816106290677924
211.76985907554624,ifo002,1.5141594381989898,0.027384615194600295,0.018183831029497204
211.7876546382904,ifo001,0.05337486063614313,0.026962942413234322,0.018096063147021075
211.83419728279117,ifo002,1.2653535360886392,0.028646322281327373,0.018021811699105526
211.86577081680295,ifo002,2.870718879217899,0.023163759454437268,0.017869545526402693
211.87212586402893,ifo002,1.7292710108730618,0.021966777625806087,0.017781314808185875
211.93455386161804,ifo002,2.433650066482695,0.028629835228103633,0.017710764311692516
211.97607564926147,ifo002,0.1715906264268584,0.021687939585414567,0.01767834295883579
212.0996377468109,ifo001,8.476817313439323,0.041955009706053745,0.018320331829419813
212.22869157791135,ifo001,3.670410174320338,0.03646952293981357,0.018683259818995508
212.2546555995941,ifo001,1.7548605310615035,0.03416296200317134,0.01906458498821262
212.30158233642575,ifo002,1.0700362337921436,0.03341298081167193,0.017608011477387674
212.40702605247495,ifo002,2.101482533544715,0.02806718161717906,0.01753234072311294
212.4209954738617,ifo001,0.22381980679410293,0.03017853219421928,0.019422259970592777
212.4927749633789,ifo002,1.571022027349714,0.029811458818262943,0.017485476252265215
212.5147178173065,ifo001,0.11225949736410674,0.029619572380167346,0.019722700904016316
212.5470373630524,ifo002,0.1060358927206514,0.02386356594276115,0.017447322801156975
212.5696985721588,ifo002,0.0011832724408109218,0.026930156273910173,0.01737005407549367
212.57944798469543,ifo002,0.07185039561591591,0.023538957949550444,0.017252702405514696
212.60777068138125,ifo001,3.158935556559439e-05,0.03002048910289819,0.019963863135526103
212.64561223983765,ifo002,0.13611237726863848,0.021848968405468624,0.017100621067456058
212.77020049095157,ifo001,0.21061750143419647,0.034678829872640655,0.020143970043133765
212.78433227539065,ifo001,0.16109368982053326,0.03004990728519377,0.020270211096043603
212.81055307388303,ifo001,0.1122074309737285,0.02629861909190316,0.020343205148687538
212.92913627624512,ifo001,0.20048830049953476,0.027928469297811398,0.020363842751066227
212.9434649944305,ifo001,0.6328443719530573,0.026082655232758628,0.020337492029137223
213.01327657699585,ifo002,0.18023021516779886,0.028049030240888194,0.016919009167838287
213.09119772911072,ifo002,0.8506255274479045,0.031522856981537006,0.016712279638953286
213.12669730186465,ifo001,0.035294176211834616,0.02937844855215952,0.020280841309322332
213.1863424777985,ifo002,0.29911452599141286,0.029600059052763163,0.01650900700404373
213.2154097557068,ifo001,0.47907599201466544,0.028262234815913945,0.020176538047305875
213.2462294101715,ifo002,0.008138660066508272,0.022592603698753634,0.016288158627635056
213.2745611667633,ifo002,0.0994053847870881,0.021850206912818325,0.016040229578226043
213.27882146835327,ifo002,0.030657477484923586,0.020333969837980304,0.01577185644803943
213.30014085769653,ifo001,0.6148655364584857,0.02843225054411723,0.02004308857954482
213.3455686569214,ifo002,0.08921113301633381,0.020348596945305476,0.015482626170713406
213.37379574775696,ifo002,1.883052650497698,0.018929616513412503,0.015177753592995561
213.4850401878357,ifo001,0.0006444152451784102,0.03269956987116973,0.019887898926201093
213.48877263069156,ifo001,1.5854554235122975,0.026544914283233356,0.019691039764514
213.50869846343997,ifo001,2.3402011879246203,0.026604149015365702,0.019514421267379296
213.63907480239868,ifo001,0.19397112671828515,0.028901745991017858,0.01938243872353566
213.66717386245728,ifo001,0.2250128413474537,0.024559349545784544,0.019215495037020608
213.7301561832428,ifo002,0.11835721351153854,0.09123966999416536,0.014936807982091597
213.7987844944,ifo002,0.0027322695898558003,0.02478225764803119,0.014678773589653622
213.82858967781067,ifo001,5.615605733638629,0.02624811534452494,0.019017734788359993
213.8862171173096,ifo002,1.43951056448872,0.02689827979278312,0.014400909172634233
213.89753770828247,ifo001,2.372763468156444,0.025174779828583987,0.018978090801210806
213.92457485198972,ifo002,0.00037084934907107063,0.019477759714135675,0.014167491750841829
213.94644594192505,ifo002,0.34468349460433817,0.020796875950630705,0.013913536984569246
213.95510387420651,ifo002,0.03306114030465141,0.018097101591153988,0.013656482881323588
213.97761726379397,ifo001,1.7709410811917847,0.02545333601507284,0.018967321703339462
214.00851583480835,ifo002,0.0012145866414192503,0.016960646506046548,0.013383785200190276
214.0396828651428,ifo002,0.0010815277647807811,0.016294619770032322,0.013096193032388147
214.17402505874637,ifo001,0.2662061121069525,0.03723494593470411,0.018963804028846006
214.1866021156311,ifo001,0.6556743176611552,0.02733371657651062,0.018920345179085335
214.20474863052368,ifo001,1.3011340442499204,0.024723332606906585,0.018852265766861144
214.33206939697263,ifo001,0.8227214790121816,0.03009826688414039,0.01878284055165946
214.35158586502075,ifo001,0.4715534136368926,0.025289560374219852,0.018696721818026705
214.4306833744049,ifo002,0.01965946452085045,0.027932128419104793,0.012795898245526256
214.51294684410092,ifo002,0.8930751681008366,0.020670523001808862,0.012485886181309655
214.54430484771729,ifo001,1.364869080316224,0.025719267296107733,0.018583732143364607
214.59055376052856,ifo002,0.03834414223344243,0.019483987493052496,0.012209795901912674
214.6204056739807,ifo001,0.1413525375595442,0.025045319591137878,0.018476892934084815
214.65634751319885,ifo002,6.970959920389079,0.01786873507266703,0.011924371069971686
214.6755039691925,ifo002,0.418689627787291,0.01697902240811234,0.011899916325900338
214.68605017662048,ifo002,0.33235670220652974,0.01517056833095885,0.011859959334017556
214.70431852340695,ifo001,0.3485256443376268,0.025503234307123646,0.018333865869997853
214.7290482521057,ifo002,0.27369245394718666,0.019612713276185245,0.011802959929906135
214.768212556839,ifo002,1.4105511014358092,0.017967260010910945,0.011728380673297779
214.87960386276245,ifo001,3.990983234636313,0.034193312903193024,0.01816505328229773
214.89085578918457,ifo001,0.004382763957016226,0.028074815789167443,0.018099069056950846
214.91213846206665,ifo001,0.002279305088037193,0.022796024072715106,0.017990556123629126
215.0548479557037,ifo001,6.160187599751435,0.03683352947186437,0.01784233406728201
215.0666835308075,ifo001,0.9190972404925479,0.02987400067222184,0.01786061933490603
215.14024448394773,ifo002,5.303518549567043,0.020643949393431657,0.01167638432399368
215.22776079177856,ifo002,0.27180450406990436,0.01873212723473364,0.01175718517288469
215.2580325603485,ifo001,5.62361452427291,0.0282678082378612,0.01786044308131648
215.3193974494934,ifo002,0.988767723593899,0.018798748917374077,0.011811727199023682
215.3311152458191,ifo001,2.4210216658130284,0.024764827731795072,0.017978086501798662
215.3644433021545,ifo002,0.5443273758871198,0.017732134116574955,0.011861626348703786
215.38130617141724,ifo002,0.009725902219955954,0.017101711645001235,0.011894541430797078
215.3962743282318,ifo002,0.2727918424048841,0.015544858760594067,0.011895642380827715
215.4234745502472,ifo001,0.7688900751486053,0.025520061093896956,0.018110187283760924
215.45552682876587,ifo002,0.030125644228944242,0.01493551551854896,0.011874806673579607
215.4879379272461,ifo002,0.6629171472401005,0.014528199270932993,0.01182566807574153
215.57809495925903,ifo001,4.276534441696305,0.030739922596010265,0.01821103315147568
215.5847947597504,ifo001,0.9222636807333506,0.024762044487509578,0.01837610687341885
215.6131453514099,ifo001,1.9564050039566665,0.025912843616235935,0.0185114153428916
215.749356508255,ifo001,0.8363025182036532,0.02734576921193596,0.018646106134590074
215.75889205932617,ifo001,0.26325438567898735,0.023497192203226935,0.018749912566177637
215.8205797672272,ifo002,0.05930113467668858,0.023948316796009936,0.011771288632732945
215.89391684532168,ifo002,0.37628223312284265,0.018048607725172857,0.011691884227759424
215.93070578575131,ifo001,2.674918865967116,0.027327730367904923,0.018808319421802118
215.97381687164307,ifo002,0.15265076038394257,0.02285498539660204,0.011600547460438699
215.99845552444455,ifo001,2.362189155708168,0.02536216214651137,0.018892888464800674
216.04039645195007,ifo002,2.1998002359275413,0.016153852201326476,0.011490505579468959
216.06086134910583,ifo002,5.496015696750464e-07,0.02367208534973151,0.011435483482326021
216.0636630058289,ifo002,0.023440004972523788,0.017467984513872672,0.011354299225881642
216.08365273475647,ifo001,1.2069948499157204,0.02679030650596799,0.018991876680710385
216.11551594734192,ifo002,2.536085706034015,0.01412144133378735,0.011249667640613609
216.1543698310852,ifo002,1.9375132558624555,0.014269222666854691,0.011210820739478747
216.2628514766693,ifo001,2.0943873731488245,0.03944027837508669,0.019071799359137716
216.26890420913696,ifo001,1.2212622919291216,0.02551249293692496,0.019158839638168095
216.28350067138672,ifo001,1.0438985950685327,0.026280863281920273,0.019227720575971448
216.4077255725861,ifo001,0.05748635591307112,0.02869821021668543,0.019274577397288748
216.4188766479492,ifo001,0.0334203598794066,0.02390958376137546,0.01927145917551632
216.4779582023621,ifo002,0.03358994277765441,0.018461369261763977,0.011207520859404244
216.5750470161438,ifo002,1.4667081991337878,0.018752896048164353,0.011184629868286689
216.596830368042,ifo001,0.7790304663543504,0.026873627445206265,0.01922020740539036
216.65649604797363,ifo002,0.921373919672271,0.016676213923299866,0.011179288487144657
216.6956114768982,ifo001,0.32120405486778075,0.02645673991760285,0.01914817038879052
216.73475432395932,ifo002,0.3943095724680913,0.016187745899909504,0.011174452295343367
216.75526976585388,ifo002,0.6682041956152855,0.014728346680601214,0.011161878003078971
216.7652440071106,ifo002,0.3720211576666204,0.013924211790691353,0.011146581742569894
216.7786774635315,ifo001,1.6517614465091386,0.02712461082261665,0.019041972231414187
216.82349729537964,ifo002,1.3449493011068292,0.014026692887456092,0.011124053171253109
216.85348296165463,ifo002,0.0038148313713815326,0.013633016244163604,0.011110749686432338
216.968857049942,ifo001,0.02765722068530623,0.043374812348921585,0.018949486532314534
216.97530126571652,ifo001,1.0507368306834515,0.025851417695353776,0.018814687022491106
216.98803234100345,ifo001,0.15756471935861482,0.02351426185363306,0.018676896030180162
217.12592458724976,ifo001,1.9192216137873828,0.02992425805658974,0.018505121354039526
217.13262104988095,ifo001,1.4426716319925796,0.024931166974353484,0.018365870192282144
217.306312084198,ifo002,6.049715980439901,0.022166611598647468,0.01108411187226816
217.33072924613955,ifo001,0.7254124249742746,0.02720094317229267,0.018238971223421992
217.40279865264893,ifo002,3.81215946548724,0.018911403402713522,0.011134361105244602
217.40963768959045,ifo001,0.08872493112855759,0.025340633611053945,0.01809857850511524
217.4690330028534,ifo002,4.099813830160985,0.01670574014819979,0.01123859637316176
217.4819552898407,ifo002,0.2308435997147801,0.01541141719475845,0.011458470001248089
217.496488571167,ifo002,0.35283599529169846,0.014893085877454066,0.011646584681799093
217.51874256134036,ifo001,0.6997559147805237,0.02539668287419545,0.01792342241835289
217.56600069999692,ifo002,0.2888092285752728,0.015162189221894329,0.011806153751599964
217.60317635536197,ifo002,0.8487210311236376,0.014687219895102839,0.011936269810292681
217.70465469360352,ifo001,0.028117163857182315,0.027060853765687704,0.01773922807762309
217.71209478378296,ifo001,1.3284181146761456,0.02419606771907056,0.017522079328494627
217.73949885368347,ifo001,0.061902315768384675,0.022362219767418902,0.017325118355222026
217.85126185417172,ifo001,0.07576815287695635,0.023361728470781724,0.017098562189915387
217.8626616001129,ifo001,1.291726531994775,0.02123201953095393,0.016845873498032425
217.92072224617004,ifo002,3.9066108714124823,0.01963135381811682,0.012052054724451864
218.0314528942108,ifo002,6.821596962604934,0.01884573882111794,0.012228507660210382
218.05332016944885,ifo001,6.197423798531749,0.030088212852190113,0.01661882556240978
218.0967378616333,ifo002,0.0258040799865487,0.022608189109886156,0.012515222064547691
218.1265833377838,ifo001,1.77030237938534,0.04133383742488243,0.01658468879010476
218.18247771263125,ifo002,0.04365047633296806,0.019357938847320642,0.012761594310475655
218.1980767250061,ifo002,0.9558937542128055,0.020107814616710934,0.012967814970233882
218.2145516872406,ifo002,0.7260344848093268,0.02252672398320281,0.01315545154709508
218.2318181991577,ifo001,5.936768079105877,0.03502863311845511,0.016566405155985814
218.2690863609314,ifo002,0.11747532398872493,0.018788785459208007,0.013319631409463411
218.2949416637421,ifo002,6.854386990143078,0.017999543055830968,0.013445955183650911
218.40662622451785,ifo001,7.409869765464604,0.025271269978055955,0.01668047669716286
218.58918118476868,ifo001,0.3676905276160649,0.027530148211291305,0.01693331910885313
218.7732207775116,ifo002,4.566446325322746,0.02649121114806867,0.013695738707658982
218.80746173858645,ifo001,6.0901123121548615,0.029892221343621656,0.01714192881017783
218.8651249408722,ifo001,1.673044880004544,0.025781202144220458,0.01744129253189513
218.8999011516571,ifo002,1.8758855880116607,0.02359410370673421,0.01399891782299041
218.92318105697632,ifo002,0.30718146460044243,0.02149873050993317,0.014295635465157145
218.9446420669556,ifo002,0.06362664130612025,0.019214079632370984,0.014552639436861546
219.0064182281494,ifo002,3.2064308252357154,0.020986853636084525,0.014764624059716786
219.0400688648224,ifo002,3.172907195162135,0.01868999478087306,0.015005302471672926
219.15439176559448,ifo001,2.0032887116072042,0.03099421215150598,0.01772320084084892
219.30466270446777,ifo001,1.3401952441659553,0.029251185082363074,0.017995615906427183
219.4414749145508,ifo002,2.5059102238356843,0.026463519775752786,0.015270487165967224
219.4614098072052,ifo001,8.730909348248225,0.0356878056396594,0.018243309371133623
219.5543339252472,ifo001,0.8025031056279719,0.03115442736935409,0.01863006376182203
219.6141886711121,ifo002,1.412718751939582,0.03264396688151326,0.01554302634372237
219.61971879005432,ifo002,0.7285080087104782,0.030045478939474735,0.015797936529086194
219.64895915985107,ifo001,0.5131979014620692,0.027286274558813245,0.01897369578994555
219.67941093444824,ifo002,5.852744051576756,0.02420627114674209,0.016019954073999053
219.80957961082456,ifo001,0.42563261067736313,0.03293170093741761,0.019268217266770957
219.817645072937,ifo001,0.11377416806456261,0.026124096912360523,0.019512351812209533
219.83449006080627,ifo001,0.009698558326348552,0.03874364163393664,0.01969943919756271
219.95713925361636,ifo001,0.5315489866323732,0.025978110761031504,0.019828175515659036
219.9675822257996,ifo001,0.019952259737715167,0.025797504149090444,0.01991505457938826
220.15544152259827,ifo001,1.2727342086679396,0.03353351792399042,0.019947305399630313
220.2302083969116,ifo001,0.4951997746344687,0.036135731316854186,0.019965363525290238
220.29987740516663,ifo002,2.0087728933153155,0.04076950904787117,0.016325680337356104
220.30567288398743,ifo002,0.2316401632283016,0.02680473515868486,0.016623165607090713
220.3410186767578,ifo001,4.402590581075527,0.04109779460294498,0.019946711090823358
220.52766156196597,ifo001,8.72845417641317,0.03060409407477592,0.020011318096889295
220.52838587760925,ifo001,0.5758826268479692,0.0307667448199843,0.020255157842395535
220.56177711486816,ifo001,2.2696472136324735,0.033372886250341426,0.020451674847520043
220.71116471290588,ifo001,0.3288583973211058,0.030618967085231825,0.02064619053544999
220.7308797836304,ifo001,1.415253581371113,0.027019974949873887,0.02078810235128794
220.888200044632,ifo001,1.1372903294020325,0.02691187535942525,0.02090924865854962
220.9746127128601,ifo001,1.011197436386352,0.02729681394270074,0.021003193150053556
221.06734228134155,ifo001,2.5619409577254366,0.03776071967705408,0.02106803538182944
221.27834820747373,ifo001,1.4164557504587403,0.04103824059329167,0.021150114643800334
221.2792017459869,ifo001,0.17053103547933782,0.02725649892729713,0.02121518104027304
221.45262479782104,ifo001,0.35649935308519304,0.03901007764284029,0.021227792921929736
221.7233624458313,ifo001,0.3869277793724828,0.045199648711718984,0.02119652394936294
221.8154301643372,ifo001,0.14767634712493888,0.03809675620686502,0.021125194032646087
221.99452996253967,ifo001,0.7833202686105193,0.03757468673096975,0.021008689646514592
222.1716606616974,ifo001,0.9327704358970818,0.03402220227079446,0.020872228054028028
222.5207712650299,ifo001,0.07299932259236637,0.04073586233273744,0.020723102702799492
222.57811546325684,ifo002,6.619125624014669,0.38196774394015925,0.01687277592090685
222.6053478717804,ifo001,6.7197236115818875,0.03377429425027538,0.02053233687224802
222.76846027374268,ifo001,0.05165136351193116,0.04320333342520631,0.02052710545575203
222.98537468910217,ifo001,0.03396596264188545,0.03376235142996795,0.020471218658007946
223.2419719696045,ifo002,2.397650289529627,0.2568412111391875,0.01721736566954726
223.26590180397037,ifo001,1.6646089090765275,0.038638793994303935,0.020367100818586257
223.3017692565918,ifo002,5.417715892787118,0.1752548783265834,0.017557694963905857
223.3167994022369,ifo002,0.29791627996013825,0.03440559800001575,0.017955121662792495
223.35397005081177,ifo001,0.2052772936884695,0.04539197459728919,0.020273206980373156
223.53171038627625,ifo001,0.01124073061641954,0.04468338064100781,0.020139772103369535
223.80930924415588,ifo001,0.013367575812096754,0.03568950424422869,0.01996296168349843
224.07523822784424,ifo001,0.16850720340621508,0.03803741188609404,0.019746221302134208
224.1159210205078,ifo002,6.439861153978448,0.06040229016963054,0.018300324640960156
224.12967252731323,ifo002,0.5710856023104904,0.03507775597190191,0.01872194841264365
224.18439984321597,ifo001,0.7291513910571354,0.04592356946536676,0.01949893911301824
224.36538696289065,ifo001,0.22262795088880072,0.03640704124092668,0.01924620361405771
224.5483341217041,ifo001,1.3366258391496482,0.031718298000456356,0.01896935853728807
224.83717465400696,ifo001,0.10937296653592529,0.03553759253368713,0.018715772021788826
224.92230868339536,ifo001,8.399969217275112,0.03838107105128666,0.018435095196491582
225.08036494255063,ifo001,1.9866478068199316,0.02923609305873737,0.018424516308032147
225.2331385612488,ifo001,0.0006015831282853921,0.03118004906184684,0.018429047663056197
